player_id,player_name,minutes_played,primary_position,position_group,eligible_for_analysis,goals_per90,xg_per90,shots_per90,passes_per90,completed_passes_per90,pass_completion_pct,carries_per90,carry_distance_per90,completed_dribbles_per90,pressures_per90,tackles_per90,interceptions_per90,clearances_per90,blocks_per90,ball_recoveries_per90,shot_assists_per90,goal_assists_per90,through_balls_per90,crosses_per90
2941,Ismaïla Sarr,971.78,Right Wing,Winger,True,0.185227109016444,0.2886292121364918,1.8522710901644408,19.72668711025129,13.984646730741526,70.89201877934272,25.09827327172817,219.25601764190253,1.2965897631151084,16.94828047500463,0.6482948815575542,0.3704542180328881,0.5556813270493322,0.5556813270493322,2.8710201897548826,0.7409084360657763,0.185227109016444,0.0,1.7596575356562183
2954,Youri Tielemans,798.38,Right Defensive Midfield,Defensive Midfielder,True,0.1127282747563816,0.0359745801122272,1.1272827475638167,57.04050702672913,48.81134296951327,85.57312252964427,50.051353991833466,207.6366162917427,0.7890979232946718,18.600165334802977,2.254565495127633,0.9018261980510534,0.4509130990255267,1.9163806708584885,2.7054785941531603,0.6763696485382901,0.2254565495127633,0.338184824269145,0.7890979232946718
2972,Marcus Thuram,478.47,Center Forward,Forward,True,0.188099567370995,0.3908355815411624,2.633393943193931,19.562355006583484,15.047965389679602,76.92307692307693,21.443350680293435,182.27453159771733,1.1285974042259703,13.731268418082635,0.7523982694839801,0.7523982694839801,0.9404978368549752,1.6928961063389552,2.633393943193931,0.7523982694839801,0.37619913474199,0.0,0.5642987021129852
2988,Memphis Depay,1117.36,Left Center Forward,Forward,True,0.3221880146058567,0.4277009405294623,3.221880146058567,37.85709171618816,26.66105820863464,70.42553191489361,33.74919452996349,166.85930574423304,1.2082050547719627,13.531896613445982,0.2416410109543925,0.3221880146058567,0.0805470036514641,0.8860170401661059,2.8996921314527104,1.4498460657263552,0.1610940073029283,0.483282021908785,1.4498460657263552
2989,Alexander Djiku,403.18,Right Center Back,Centre Back,True,0.2232253584007143,0.021750040924649,0.2232253584007143,27.010268366486432,22.545761198472142,83.47107438016529,19.867056897663574,96.60193891009432,0.4464507168014286,6.473535393620715,1.1161267920035716,2.009028225606429,7.143211468822858,1.3393521504042858,2.009028225606429,0.0,0.0,0.0,0.2232253584007143
2995,Ángel Fabián Di María Hernández,912.92,Right Midfield,Midfielder,True,0.1971695219734478,0.1492113874381107,1.6759409367743068,41.99710818034439,31.349953993778207,74.64788732394366,43.18012531218508,344.07205062873675,2.9575428296017177,11.534417035446696,0.6900933269070675,0.1971695219734478,0.0985847609867239,0.9858476098672392,3.154712351575166,2.26744950269465,0.1971695219734478,0.4929238049336196,4.5348990053893
2999,Presnel Kimpembe,509.5,Left Center Back,Centre Back,True,0.1766437684003925,0.1384003925417075,0.1766437684003925,62.17860647693818,57.93915603532875,93.18181818181816,51.22669283611384,264.41007768119425,0.1766437684003925,7.242394504416094,1.2365063788027475,0.8832188420019628,3.179587831207066,0.8832188420019628,3.002944062806673,0.1766437684003925,0.0,0.0,0.0
3009,Kylian Mbappé Lottin,2103.66,Left Wing,Winger,True,0.598956105074014,0.493309026824677,3.3798237357747927,30.07615299050227,23.57320099255584,78.37837837837837,37.6058868828613,293.3070001821409,3.764866946179516,8.898776418242493,0.3850432104047232,0.299478052537007,0.0,0.598956105074014,3.20869342003936,1.1123470522803116,0.1711303157354325,0.1283477368015744,2.31025926242834
3017,Ibrahim Sangaré,401.82,Center Defensive Midfield,Defensive Midfielder,True,0.0,0.0573982750858593,1.119904434821562,47.48394803643423,39.8685978796476,83.9622641509434,37.62878901000448,155.63905881365272,0.2239808869643124,21.502165148573987,2.239808869643124,0.8959235478572496,2.239808869643124,2.463789756607436,3.135732417500373,0.2239808869643124,0.0,0.4479617739286248,0.2239808869643124
3026,Adrien Rabiot,1232.92,Left Defensive Midfield,Defensive Midfielder,True,0.0729974369788794,0.0867750219235635,1.094961554683191,52.70414949875093,46.426369918567296,88.08864265927978,43.871459624306524,271.1331865693073,0.4379846218732764,12.993543782240534,1.8249359244719847,1.3869513025987086,0.8029718067676734,2.2629205463452613,4.160853907796126,0.8759692437465528,0.0729974369788794,0.0729974369788794,1.0219641177043115
3034,Kamil Glik,782.4399999999999,Right Center Back,Centre Back,True,0.0,0.035721927905015,0.5751239711671183,40.14365318746486,35.54266141812791,88.53868194842407,28.411124175655644,120.93240422124722,0.0,5.1761157405040645,1.035223148100813,0.9201983538673892,5.751239711671182,1.7253719135013548,1.955421501968202,0.1150247942334236,0.0,0.0,0.0
3043,Christian Dannemann Eriksen,1102.86,Center Attacking Midfield,Attacking Midfielder,True,0.1632120124041129,0.2201830354986126,2.448180186061694,54.349600130569605,41.61906316304879,76.57657657657657,42.76154724987759,203.16397578810347,0.5712420434143952,14.52586910396605,0.4896360372123387,0.7344540558185081,0.0816060062020564,1.7953321364452424,5.059572384527501,2.692998204667864,0.0816060062020564,0.1632120124041129,2.2033621674555244
3044,Chancel Mbemba Mangulu,746.2,Right Center Back,Centre Back,True,0.2412221924417046,0.2783890654784239,0.8442776735459662,42.937550254623424,35.33905119270973,82.30337078651685,31.11766282497989,254.4125699639643,0.0,6.030554811042616,0.6030554811042615,0.3618332886625569,4.824443848834092,0.9648887697668186,2.8946663093004554,0.3618332886625569,0.0,0.2412221924417046,0.1206110962208523
3053,Leroy Sané,478.07,Right Wing,Winger,True,0.0,0.0901673722885769,2.0708264480097056,35.39230656598406,29.74459807141213,84.04255319148936,41.22827201037505,283.07556939974535,2.447340347647834,11.860187838601044,0.9412847490953208,0.5647708494571925,0.1882569498190641,0.9412847490953208,2.635597297466898,1.317798648733449,0.1882569498190641,0.7530277992762565,2.447340347647834
3058,Javier Hernández Balcázar,342.12,Center Forward,Forward,True,0.2630655910206945,0.1422406194317783,1.5783935461241667,17.62539459838653,13.153279551034723,74.6268656716418,20.51911609961417,115.25049386111684,1.3153279551034724,7.891967730620834,0.526131182041389,0.526131182041389,0.7891967730620834,0.526131182041389,2.104524728165556,1.3153279551034724,0.2630655910206945,0.0,0.526131182041389
3063,Danilo Luiz da Silva,801.65,Right Back,Full Back,True,0.0,0.0122324397866899,0.3368053389883365,65.45250421006673,56.35876005738165,86.10634648370498,47.6018212436849,201.901858346324,0.4490737853177821,5.950227655460613,1.4594898022827918,0.8981475706355642,2.357637372918356,1.1226844632944553,2.6944427119066923,0.4490737853177821,0.0,0.224536892658891,1.1226844632944553
3064,David Josué Jiménez Silva,329.47,Right Wing,Winger,True,0.0,0.2981001446262177,2.7316599386894103,58.18435669408443,49.71621088414727,85.44600938967136,45.618720976113146,237.5304560310237,1.3658299693447051,20.76061553403952,0.5463319877378819,0.8194979816068231,0.5463319877378819,1.3658299693447051,1.6389959632136462,1.912161957082587,0.0,0.2731659938689409,2.185327950951528
3077,Jan Vertonghen,1496.22,Left Center Back,Centre Back,True,0.0601515819866062,0.0148835561013754,0.3007579099330312,68.15174239082488,60.87340097044552,89.32038834951457,53.29430164013313,198.91415313185544,0.240606327946425,9.744556281830212,1.203031639732125,0.6616674018526687,3.669246501182981,1.503789549665156,3.188033845290131,0.1804547459598187,0.0,0.0,0.3007579099330312
3083,Heung-Min Son,678.38,Left Wing,Winger,True,0.2653380111441965,0.2687102445974233,3.05138712815826,26.666470119991743,19.63501282467054,73.6318407960199,29.18718122586161,238.219171188953,2.122704089153572,13.66490757392612,0.7960140334325895,0.2653380111441965,0.6633450278604912,0.7960140334325895,3.05138712815826,1.592028066865179,0.1326690055720982,0.1326690055720982,1.061352044576786
3086,Ben Davies,556.75,Left Back,Full Back,True,0.0,0.0803992311270767,0.9699146834306244,45.26268522676246,33.46205657835653,73.92857142857143,28.774135608441853,158.3763743574122,0.3233048944768747,11.477323753929053,1.6165244723843737,0.6466097889537494,4.202963628199371,2.2631342613381227,4.364616075437809,0.0,0.0,0.3233048944768747,0.6466097889537494
3089,Kevin De Bruyne,1515.93,Center Attacking Midfield,Attacking Midfielder,True,0.178108487858938,0.1145639448932338,2.077932358354277,53.43254635768142,40.5493657358849,75.88888888888889,45.892620371653045,287.866094047747,1.4248679028715043,17.395262314222954,0.831172943341711,0.4155864716708555,0.4749559676238348,1.1873899190595871,4.987037660050266,2.8497358057430087,0.2374779838119174,0.831172943341711,2.4341493340721536
3090,Nicolás Hernán Otamendi,1323.29,Left Center Back,Centre Back,True,0.0680123026698607,0.1482138166086043,0.6801230266986074,65.35982286573616,59.51076483612813,91.05098855359,51.34928851574485,331.2587972841562,0.0680123026698607,6.59719335897649,1.3602460533972147,1.0881968427177715,3.4006151334930363,1.1562091453876324,3.4006151334930363,0.0680123026698607,0.0680123026698607,0.0680123026698607,0.0680123026698607
3094,Bamidele Alli,369.33,Left Center Midfield,Midfielder,True,0.2436845097879945,0.1250479029323369,1.462107058727967,38.50215254650313,29.242141174559336,75.9493670886076,30.21687921371132,194.9129040879538,0.2436845097879945,34.603200389895214,0.974738039151978,0.7310535293639835,0.974738039151978,4.142636666395907,4.87369019575989,0.7310535293639835,0.0,0.0,0.487369019575989
3099,Hugo Lloris,1603.69,Goalkeeper,Goalkeeper,True,0.0,0.0,0.0,24.01960478646122,15.88212185646852,66.1214953271028,10.943511526541911,59.03307328192135,0.0,0.0,0.0,0.0,0.1122411438619683,0.0,3.0305108842731454,0.0,0.0,0.0,0.0
3101,Vincent Kompany,398.49,Center Back,Centre Back,True,0.0,0.1444773233079876,1.355115561243695,62.56116841075058,58.26996913347889,93.14079422382672,48.784160204773016,296.1881489381996,0.0,5.194609651434163,1.355115561243695,0.2258525935406158,5.194609651434163,1.355115561243695,1.8068207483249263,0.2258525935406158,0.0,0.0,0.0
3141,André-Frank Zambo Anguissa,672.09,Right Defensive Midfield,Defensive Midfielder,True,0.0,0.0332503038878721,0.2678212739365263,44.99397402133643,38.70017408382806,86.01190476190477,34.81676561174842,195.5031081675344,0.803463821809579,17.40838280587421,1.7408382805874212,1.473017006650895,1.606927643619158,1.606927643619158,4.151229746016159,0.0,0.0,0.0,0.1339106369682631
3166,Marco Verratti,402.35,Left Center Midfield,Midfielder,True,0.0,0.076368985410712,0.894743382627066,94.842798558469,88.8032807257363,93.63207547169812,85.89536473219833,371.7695183052638,1.1184292282838324,17.000124269914252,4.0263452218217965,1.5658009195973652,0.894743382627066,1.1184292282838324,4.250031067478563,2.684230147881198,0.447371691313533,0.894743382627066,0.6710575369702995
3167,Antonio Rüdiger,1274.37,Left Center Back,Centre Back,True,0.0,0.0644958738223592,0.8474775771557711,73.1655641611149,67.5157136467431,92.27799227799228,60.735893029496935,277.6427279759605,0.0,6.779820617246169,0.706231314296476,0.5649850514371808,2.613055862896961,1.8362014171708367,4.519880411497447,0.2824925257185904,0.0,0.2118693942889427,0.2824925257185904
3168,João Filipe Iria Santos Moutinho,361.18,Right Center Midfield,Midfielder,True,0.0,0.0252821826236225,0.747549698211418,48.83991361647932,43.35788249626225,88.77551020408163,35.134835815936654,134.0300192913571,0.2491832327371393,21.180574782656844,2.4918323273713936,0.2491832327371393,0.747549698211418,1.993465861897115,2.7410155601085333,1.7442826291599756,0.2491832327371393,0.4983664654742787,0.9967329309485576
3175,Eiji Kawashima,377.36,Goalkeeper,Goalkeeper,True,0.0,0.0,0.0,21.22641509433962,13.59444562221751,64.04494382022472,11.209455162179353,62.5427824269353,0.0,0.0,0.0,0.0,0.0,0.0,3.815984736061056,0.0,0.0,0.0,0.0
3176,Thomas Meunier,1031.94,Right Wing Back,Full Back,True,0.1744287458573172,0.0973409701726844,1.1337868480725624,52.15419501133786,40.55468341182627,77.75919732441471,39.856968428397,238.8487879100162,0.8721437292865863,15.873015873015872,1.831501831501832,2.0059305773591487,1.9187162044304904,1.482644339787197,3.837432408860981,0.7849293563579277,0.3488574917146345,0.2616431187859759,2.3547880690737832
3193,Bernardo Mota Veiga de Carvalho e Silva,1317.37,Right Midfield,Midfielder,True,0.2049538094840478,0.1767444420246399,0.8198152379361912,54.79098506873544,47.48096586380441,86.65835411471322,46.934422371846935,361.70021657075785,1.0247690474202389,17.011166187175967,1.7079484123670647,0.8881331744308737,0.4099076189680956,1.0247690474202389,4.782255554627782,1.6396304758723823,0.0,0.0,1.4346766663883344
3196,Wahbi Khazri,353.84000000000003,Center Forward,Forward,True,0.7630567488130228,0.4486336941385936,4.323988243273796,25.68957721003844,18.313361971512546,71.28712871287128,24.672168211621067,166.81881433261512,0.0,23.40040696359937,1.2717612480217046,0.2543522496043409,0.0,0.5087044992086818,3.560931494460773,1.0174089984173635,0.5087044992086818,0.0,2.034817996834727
3202,Gabriel Fernando de Jesus,522.45,Center Forward,Forward,True,0.0,0.3088020487510766,2.0671834625323,21.01636520241172,15.676141257536605,74.59016393442623,23.42807924203273,145.7359262357736,2.0671834625323,25.32299741602067,1.550387596899225,1.205857019810508,0.6890611541774332,1.550387596899225,3.617571059431525,1.205857019810508,0.0,0.0,1.0335917312661498
3205,Kyle Walker,2091.2,Right Back,Full Back,True,0.0,0.0,0.0,65.58913542463658,58.01453710788065,88.4514435695538,50.74120122417751,262.37915533803886,0.5594873756694722,7.144223412394799,0.4734123947972457,1.5493496557000763,2.2809869931140017,1.3771996939556237,3.4860367253251723,0.1721499617444529,0.0,0.2582249426166794,0.5594873756694722
3233,Raheem Sterling,1275.51,Left Wing,Winger,True,0.2822400451584072,0.2594096769762683,1.834560293529647,27.871204459392715,23.1436837029894,83.0379746835443,34.36272549803608,227.6460027336377,2.610720417715267,11.7129618740739,0.4939200790272126,0.7056001128960181,0.0,0.9172801467648236,2.3990403838464616,0.4233600677376108,0.1411200225792036,0.2116800338688054,0.9172801467648236
3240,Mathew Ryan,669.92,Goalkeeper,Goalkeeper,True,0.0,0.0,0.0,36.81036541676618,27.80929066157153,75.54744525547446,21.62944829233341,124.56182777359588,0.1343443993312634,0.1343443993312634,0.0,0.0,0.1343443993312634,0.0,5.373775973250537,0.0,0.0,0.0,0.0
3244,John Stones,2555.74,Right Center Back,Centre Back,True,0.0704296994216939,0.0887047360960035,0.5634375953735513,68.88024603441664,64.86575316738009,94.1717791411043,57.43541987839139,356.62402118163664,0.1056445491325408,4.824434410386034,0.6690821445060923,0.5634375953735513,3.0284770751328383,1.3029494393013377,2.394609780337593,0.0704296994216939,0.0,0.0352148497108469,0.0352148497108469
3248,Hamari Traoré,510.65,Right Back,Full Back,True,0.1762459610300597,0.1623956912170762,0.5287378830901792,61.15734847743072,50.40634485459708,82.42074927953891,44.94272006266523,178.00930337740022,0.0,8.107314207382748,2.114951532360717,1.409967688240478,1.938705571330657,1.2337217272104182,3.701165181631254,0.8812298051502987,0.1762459610300597,0.5287378830901792,2.114951532360717
3280,Richarlison de Andrade,328.26,Center Forward,Forward,True,0.8225187351489672,0.4435183116432096,2.19338329373058,14.80533723268141,10.692743556936575,72.22222222222221,18.09541217327728,110.76452744538147,0.5483458234326449,16.176201791263022,0.8225187351489672,0.2741729117163224,1.09669164686529,1.6450374702979345,4.935112410893804,1.3708645585816122,0.0,0.2741729117163224,0.8225187351489672
3281,Aaron Mooy,669.92,Left Defensive Midfield,Defensive Midfielder,True,0.0,0.012532563947934,0.5373775973250537,57.09636971578696,45.5427513732983,79.76470588235294,39.09422020539766,227.9080366891856,0.4030331979937903,12.4940291378075,2.4181991879627422,0.8060663959875806,2.2838547886314786,1.7464771913064248,6.851564365894436,1.6121327919751611,0.0,0.0,1.880821590637688
3289,Romelu Lukaku Menama,1391.64,Center Forward,Forward,True,0.517375183237044,0.5639092084159696,2.780891609899112,15.52125549711132,10.929550745882556,70.41666666666667,16.750021557299302,112.14680606401284,1.0994222643787186,6.661205484176941,0.0646718979046305,0.0646718979046305,0.388031387427783,0.4527032853324135,1.9401569371389151,0.646718979046305,0.0646718979046305,0.388031387427783,0.4527032853324135
3293,Jesse Lingard,549.57,Right Center Midfield,Midfielder,True,0.1637643976199574,0.2016805670069326,2.6202303619193184,37.33828265735029,34.062994704951144,91.2280701754386,35.53687428353076,220.43965802623,1.146350783339702,26.366068016813145,0.818821988099787,0.1637643976199574,0.3275287952399148,1.146350783339702,3.76658114525902,0.9825863857197444,0.1637643976199574,0.1637643976199574,0.3275287952399148
3295,Thiago Emiliano da Silva,891.16,Right Center Back,Centre Back,True,0.1009919655280757,0.0992371338816823,0.8079357242246061,63.01898648951928,59.1812917994524,93.9102564102564,50.899950626150186,268.92121589917014,0.0,3.938686655594955,0.908927689752682,1.6158714484492125,3.029758965842273,1.1109116208088334,3.635710759010728,0.403967862112303,0.1009919655280757,0.2019839310561515,0.1009919655280757
3296,Marouane Fellaini-Bakkioui,333.7,Right Center Midfield,Midfielder,True,0.2697033263410249,0.1452082493257417,1.3485166317051245,37.75846568774349,31.015882529217865,82.14285714285714,31.285585855558885,160.87711250555546,0.8091099790230747,32.90380581360503,2.9667365897512736,0.8091099790230747,1.6182199580461494,2.697033263410249,2.9667365897512736,0.5394066526820498,0.0,0.0,0.2697033263410249
3300,Maya Yoshida,793.38,Center Back,Centre Back,True,0.0,0.1141207210164108,0.340316115858731,58.64781063298797,51.04741737880965,87.04061895551257,43.900778945776295,238.44190203421635,0.2268774105724873,5.445057853739696,0.5671935264312183,1.701580579293655,6.352567496029645,2.382212811011117,2.2687741057248734,0.0,0.0,0.0,0.0
3306,Nathan Aké,1059.14,Left Center Back,Centre Back,True,0.0,0.0110768911003266,0.2549238061068413,55.913288139433874,50.72983741526144,90.72948328267478,43.59197084426987,269.7112898486416,0.0849746020356138,8.07258719338331,1.4445682346054345,1.869441244783504,2.2943142549615723,2.2943142549615723,1.954415846819117,0.2549238061068413,0.1699492040712276,0.0849746020356138,0.5098476122136827
3308,Kieran Trippier,1589.87,Left Back,Full Back,True,0.1132168038896262,0.0680575601527169,0.3962588136136917,64.19392780541806,51.51364576977992,80.24691358024691,41.72039223332726,145.61140639669145,0.566084019448131,15.057834917320283,1.6982520583443932,0.7925176272273834,1.2453848427858882,2.0945108719580845,3.113462106964721,2.264336077792524,0.1132168038896262,0.3396504116688786,2.4907696855717765
3311,Daley Blind,757.09,Left Wing Back,Full Back,True,0.1188762234344661,0.0620145214571583,0.5943811171723309,72.87112496532777,63.955408207742806,87.76508972267537,53.49430054550978,222.8478322476016,0.3566286703033985,14.62177548243934,2.4964006921237893,1.4265146812135945,0.9510097874757294,2.020895798385925,2.9719055858616548,0.3566286703033985,0.1188762234344661,0.2377524468689323,1.0698860109101955
3318,Marcus Rashford,511.77,Left Center Forward,Forward,True,0.7034409988862185,0.6208742773316138,3.1654844949879832,34.292748695703146,26.379037458233192,76.92307692307693,36.93065244152647,248.7447604640612,3.517204994431092,16.35500322410458,1.0551614983293276,0.3517204994431092,0.1758602497215546,0.879301248607773,3.517204994431092,0.3517204994431092,0.0,0.0,1.5827422474939916
3321,Patrick van Aanholt,301.42,Left Wing Back,Full Back,True,0.0,0.0905813978501758,1.194346758675602,52.84984407139539,41.50354986397717,78.53107344632768,38.51768296728817,194.5358659633904,0.2985866896689005,13.137814345431622,1.4929334483445025,1.194346758675602,0.2985866896689005,2.090106827682304,5.075973724371309,0.8957600690067015,0.0,0.597173379337801,2.090106827682304
3325,Marko Arnautović,515.92,Center Forward,Forward,True,0.3488913009768956,0.510854262676384,2.093347805861374,21.456815010079083,14.827880291518069,69.10569105691057,20.93347805861374,120.91874372108164,1.3955652039075823,15.176771592494962,0.5233369514653435,0.1744456504884478,0.5233369514653435,0.8722282524422392,4.186695611722748,0.6977826019537913,0.1744456504884478,0.0,0.5233369514653435
3333,David de Gea Quintana,411.59,Goalkeeper,Goalkeeper,True,0.0,0.0,0.0,14.650501712869602,11.370538642824169,77.61194029850746,9.183896596127214,39.44528537998604,0.0,0.0,0.0,0.0,0.0,0.0,2.842634660706042,0.0,0.0,0.0,0.0
3336,Harry Maguire,1656.99,Left Center Back,Centre Back,True,0.1629460648525338,0.1416774502742925,1.4121992287219598,65.66726413557113,58.008799087502034,88.33746898263027,52.08842539785997,345.1185169903349,0.3802074846559122,4.290913041116724,0.7060996143609799,1.1406224539677368,3.313236652001521,1.3578838737711152,3.095975232198142,0.271576774754223,0.1086307099016892,0.0543153549508446,0.3258921297050676
3359,Jean Michaël Seri,367.53,Center Defensive Midfield,Defensive Midfielder,True,0.0,0.008211269365766,0.4897559382907517,51.42437352052894,46.28193616847604,90.0,39.18047506326014,181.946880711094,0.9795118765815034,12.48877642641417,2.4487796914537587,0.7346339074361276,0.7346339074361276,0.9795118765815034,4.8975593829075175,0.9795118765815034,0.0,0.2448779691453758,0.0
3377,Timothy Weah,497.58,Right Wing,Winger,True,0.1808754371156397,0.1187623189436874,1.4470034969251175,27.13131556734596,22.066803328108044,81.33333333333333,24.41818401061136,155.6654792136477,0.9043771855781986,6.149764861931749,0.1808754371156397,0.0,0.0,1.6278789340407571,3.2557578680815142,1.4470034969251175,0.1808754371156397,0.0,1.9896298082720367
3382,Luke Shaw,1243.8,Left Back,Full Back,True,0.0723589001447178,0.0205958122286541,0.4341534008683068,64.25470332850941,53.97973950795948,84.009009009009,47.178002894356005,225.8429285661444,0.361794500723589,8.972503617945007,1.085383502170767,1.0130246020260494,1.7366136034732271,1.0130246020260494,2.677279305354559,1.0130246020260494,0.2894356005788712,0.2170767004341534,2.604920405209841
3404,Youssouf Sabaly,648.92,Right Back,Full Back,True,0.0,0.0075496989998767,0.5547679220859274,47.15527337730384,38.69506256549344,82.05882352941177,34.53430314984898,236.7681144011068,1.2482278246933367,12.898354188497814,0.970843863650373,0.970843863650373,2.3577636688651915,1.3869198052148186,5.96375516242372,1.3869198052148186,0.0,0.1386919805214818,1.5256117857363003
3436,Idrissa Gana Gueye,625.9,Center Attacking Midfield,Attacking Midfielder,True,0.0,0.0556362073334398,0.8627576290142196,41.556159130851576,34.797891036906854,83.73702422145328,30.915481706342867,178.60999159075698,0.2875858763380732,22.575491292538743,2.0131011343665124,1.0065505671832562,0.718964690845183,2.444479948873622,4.026202268733025,0.1437929381690366,0.1437929381690366,0.0,1.2941364435213294
3441,Nikola Vlašić,444.29,Right Wing,Winger,True,0.6077111796349232,0.51964842411488,2.0257039321164108,22.48531364649216,18.433905782259338,81.98198198198197,29.17013662247632,197.0630809957125,2.2282743253280515,17.826194602624412,1.2154223592698463,0.4051407864232821,0.6077111796349232,0.8102815728465642,2.4308447185396926,0.4051407864232821,0.0,0.4051407864232821,0.6077111796349232
3444,Danijel Subašić,663.87,Goalkeeper,Goalkeeper,True,0.0,0.0,0.0,23.046680826065344,15.86153915676262,68.82352941176471,15.454833024537937,76.91592124166256,0.0,0.0,0.0,0.0,0.0,0.0,5.151611008179312,0.0,0.0,0.0,0.0
3445,Radamel Falcao García Zárate,388.79,Center Forward,Forward,True,0.4629748707528486,0.4349162879703696,2.083386918387818,24.537668149900973,18.518994830113943,75.47169811320755,24.537668149900973,136.70635801637226,0.6944623061292728,25.92659276215952,0.6944623061292728,0.0,0.9259497415056972,0.4629748707528486,2.314874353764243,0.2314874353764243,0.0,0.0,0.2314874353764243
3447,Ademola Lookman,566.45,Left Wing,Winger,True,0.476652837849766,0.2096692330126224,1.2710742342660428,24.30929473033807,15.411775090475768,63.39869281045751,22.084914820372493,135.54507443771263,0.3177685585665107,21.290493423956217,1.2710742342660428,0.476652837849766,0.0,1.747727072115809,3.6543384235148726,2.06549563068232,0.1588842792832553,0.1588842792832553,2.2243799099655748
3450,Jordan Ayew,432.97,Left Wing,Winger,True,0.4157331916760977,0.344634629489341,0.8314663833521954,25.567591288080003,19.331593412938545,75.60975609756098,28.06199043813659,252.2789014582952,1.039332979190244,21.41025937131903,1.2471995750282927,0.6235997875141464,0.6235997875141464,1.039332979190244,3.53373212924683,1.039332979190244,0.4157331916760977,0.0,2.0786659583804883
3468,Jordan Pickford,2640.22,Goalkeeper,Goalkeeper,True,0.0,0.0,0.0,32.383664997613835,22.941270045678017,70.84210526315789,19.8392558195908,114.71437187622357,0.0,0.0340880684185408,0.0,0.0,0.0340880684185408,0.0,3.886039799713661,0.0,0.0,0.0340880684185408,0.0
3471,Dejan Lovren,1506.6,Right Center Back,Centre Back,True,0.0,0.0490241213261648,0.6571087216248507,56.15292712066906,49.34289127837515,87.87234042553192,41.3978494623656,225.13628952023623,0.0,4.719235364396655,0.7168458781362008,0.5376344086021506,5.256869772998805,1.7323775388291518,2.2700119474313025,0.05973715651135,0.05973715651135,0.0,0.1194743130227001
3472,Willian Borges da Silva,370.32,Right Wing,Winger,True,0.0,0.0366499953013609,1.2151652624756968,47.87751134154245,36.21192482177576,75.63451776649747,46.90537913156189,427.529278693947,2.916396629941672,20.90084251458198,0.729099157485418,0.729099157485418,0.2430330524951393,2.187297472456254,3.159429682436812,0.9721322099805574,0.2430330524951393,0.0,4.131561892417369
3477,Álvaro Borja Morata Martín,1116.57,Center Forward,Forward,True,0.5642279480910288,0.6169962741073108,3.30476369596174,23.69757381982321,18.055294338912923,76.19047619047619,22.08549396813456,125.46544243785206,0.3224159703377307,20.473414116445905,1.531475859104221,0.241811977753298,0.5642279480910288,1.2090598887664905,3.30476369596174,0.5642279480910288,0.0806039925844326,0.0806039925844326,0.4836239555065961
3481,Serge Aurier,358.75,Right Back,Full Back,True,0.2508710801393728,0.2022985821324041,0.5017421602787456,52.43205574912892,41.14285714285714,78.4688995215311,37.8815331010453,128.71948692907353,0.2508710801393728,8.529616724738677,2.0069686411149825,1.505226480836237,1.505226480836237,2.2578397212543555,4.2648083623693385,0.2508710801393728,0.0,0.0,2.2578397212543555
3494,Davinson Sánchez Mina,1012.66,Right Center Back,Centre Back,True,0.0888748444690221,0.129923962850315,0.7998736002211996,49.05891414690024,39.10493156636976,79.71014492753623,36.083186854423005,179.9984794700642,0.1777496889380443,6.8433630241147085,1.6886220449114215,1.0664981336282662,3.466118934291865,1.0664981336282662,3.643868623229909,0.0888748444690221,0.0,0.0888748444690221,0.0
3500,Granit Xhaka,1685.38,Left Defensive Midfield,Defensive Midfielder,True,0.0534004200833046,0.0363667960311621,0.961207561499484,69.8477494689625,62.90569485813288,90.06116207951071,55.00243268580381,258.1286090333694,0.4272033606664372,12.121895358910155,1.7622138627490538,0.9078071414161792,1.4952117623325305,1.708813442665749,4.111832346414459,0.9078071414161792,0.0534004200833046,0.4272033606664372,0.160201260249914
3501,Philippe Coutinho Correia,454.66,Left Center Midfield,Midfielder,True,0.3959002331412484,0.3518095694584964,4.552852681124357,64.33378788545286,57.2075836889104,88.92307692307693,61.95838648660538,437.787658402764,0.9897505828531212,19.20116130735055,0.9897505828531212,0.7918004662824968,0.0,1.1877006994237451,4.552852681124357,2.1774512822768664,0.3959002331412484,0.3959002331412484,0.3959002331412484
3509,Thibaut Courtois,1417.71,Goalkeeper,Goalkeeper,True,0.0,0.0,0.0,30.725606788412296,24.56778889899909,79.9586776859504,17.330765812472226,87.57139072101643,0.1269653173074888,0.0,0.0,0.0,0.1904479759612332,0.0,5.396025985568276,0.0,0.0,0.0,0.0
3517,Aaron Ramsey,646.85,Center Attacking Midfield,Attacking Midfielder,True,0.1391358120120584,0.1968927515034397,1.1130864960964677,37.1492618072196,28.80111308649609,77.52808988764045,31.722965138749323,173.24961715739934,0.8348148720723505,18.22679137357965,1.5304939321326427,0.973950684084409,0.6956790600602921,1.669629744144701,5.008889232434104,0.6956790600602921,0.0,0.2782716240241168,1.252222308108526
3530,Hiroki Sakai,501.84,Right Back,Full Back,True,0.0,0.0711647786944045,0.5380200860832138,42.8622668579627,31.025824964132,72.38493723849372,26.18364418938308,152.08696907198782,0.5380200860832138,12.912482065997132,2.33142037302726,0.896700143472023,3.586800573888092,0.7173601147776184,2.152080344332856,0.5380200860832138,0.0,0.0,1.6140602582496415
3531,Mohamed Salah,337.7,Right Wing,Winger,True,0.7995262066923304,0.6748168629256737,2.6650873556411017,24.518803671898137,19.188628960615933,78.26086956521739,27.450399763103345,145.87147375684302,1.5990524133846609,17.323067811667162,0.5330174711282203,0.2665087355641101,0.0,1.0660349422564406,5.330174711282203,2.398578620076992,0.0,0.0,1.0660349422564406
3532,Jordan Brian Henderson,938.12,Center Defensive Midfield,Defensive Midfielder,True,0.1918731079179635,0.1239041786765019,0.7674924316718543,56.21882061996333,45.76173623843432,81.39931740614334,41.54052786423912,184.4257736730917,0.2878096618769454,21.106041870976,1.1512386475077816,0.5756193237538908,0.6715558777128725,1.5349848633437086,2.9740331727284355,0.479682769794909,0.0,0.3837462158359271,1.2471752014667632
3533,Xherdan Shaqiri,1049.0,Right Wing,Winger,True,0.6005719733079123,0.2787904421725453,2.573879885605338,42.89799809342231,30.800762631077216,71.8,39.0371782650143,271.11912014131474,0.9437559580552908,11.668255481410869,0.6863679694947569,0.5147759771210677,0.0857959961868446,0.6863679694947569,4.375595805529075,1.887511916110581,0.2573879885605338,0.6005719733079123,2.659675881792183
3551,Karl Brillant Toko Ekambi,469.09,Right Wing,Winger,True,0.1918608369396064,0.1893139952247969,1.5348866955168516,22.25585708499435,17.459336161504186,78.44827586206897,21.104692063356712,162.2522265860847,0.5755825108188194,9.593041846980324,0.1918608369396064,0.7674433477584258,0.0,0.5755825108188194,4.220938412671342,1.3430258585772452,0.0,0.0,1.1511650216376388
3557,Naïm Sliti,336.02,Left Midfield,Midfielder,True,0.0,0.1560205523480745,2.142729599428605,33.48014999107196,21.69513719421463,64.8,35.087197190643415,286.3784780279159,3.2140943991429083,21.69513719421463,1.0713647997143028,0.8035235997857271,0.2678411999285757,0.8035235997857271,3.481935599071484,1.607047199571454,0.0,0.0,2.946253199214333
3567,Georginio Wijnaldum,468.92,Center Attacking Midfield,Attacking Midfielder,True,0.5757911797321504,0.4089518763541755,1.9193039324405008,26.67832466092297,22.64778640279792,84.89208633093526,27.25411584065512,132.50938061751046,0.9596519662202508,14.778640279791862,1.5354431459524014,0.9596519662202508,0.3838607864881003,1.5354431459524014,6.333702977053656,0.3838607864881003,0.0,0.0,0.1919303932440501
3568,Mohamed Naser Elsayed Elneny,510.46,Right Center Midfield,Midfielder,True,0.0,0.0318199324922618,0.7052462484817617,45.8410061513145,41.96215178466481,91.53846153846152,37.90698585589468,197.0805001566729,0.1763115621204404,19.217960271128003,0.8815578106022021,0.7052462484817617,0.7052462484817617,1.4104924969635233,4.055165928770129,0.5289346863613212,0.0,0.3526231242408808,0.0
3570,Pierre-Emile Højbjerg,1254.25,Right Defensive Midfield,Defensive Midfielder,True,0.0,0.0920166274705999,1.2198525014949173,66.08730316922464,57.62009168825992,87.18783930510315,56.902531393262905,270.3132111370049,0.7893163244967111,14.925254135937813,1.9374127964919272,1.578632648993422,1.506876619493721,1.578632648993422,6.027506477974885,0.7175602949970102,0.215268088499103,0.215268088499103,0.7893163244967111
3575,Oleksandr Zinchenko,723.68,Left Center Midfield,Midfielder,True,0.1243643599380942,0.0150041200876077,0.3730930798142826,56.21269069201858,47.134092416537705,83.8495575221239,43.030068538580586,230.7857903332876,0.621821799690471,14.923723192571302,2.3629228388237897,0.8705505195666593,1.8654653990714127,2.7360159186380724,4.850210037585673,0.4974574397523768,0.2487287198761884,0.4974574397523768,1.616736679195225
3587,Arthur Masuaku,613.8299999999999,Left Back,Full Back,True,0.1466203997849567,0.1368309175504619,1.0263427984946971,57.91505791505793,42.51991593763746,73.41772151898735,38.56116514344363,202.09213116984225,0.7331019989247838,10.263427984946974,2.492546796344265,0.586481599139827,2.492546796344265,1.906065197204438,5.86481599139827,1.172963198279654,0.0,0.0,2.932407995699135
3604,Olivier Giroud,1139.39,Center Forward,Forward,True,0.3949481740229421,0.4498957287847004,2.922616487769772,18.24660563985993,12.00642449029744,65.80086580086581,12.164403759906616,49.21615641479036,0.2369689044137652,17.45670929181404,0.7109067132412957,0.2369689044137652,1.1058548872642378,0.7898963480458842,1.2638341568734146,0.7109067132412957,0.0789896348045884,0.0789896348045884,0.0
3612,Ashley Young,475.69,Left Midfield,Midfielder,True,0.0,0.0166873260947255,0.3783976959784734,46.16451890937376,37.08297420589039,80.32786885245902,29.70421913431016,177.18473206808244,0.3783976959784734,11.91952742332191,1.1351930879354202,0.1891988479892367,0.3783976959784734,1.3243919359246568,2.8379827198385503,0.7567953919569468,0.1891988479892367,0.0,2.2703861758708404
3620,Scott McTominay,569.9399999999999,Right Center Back,Centre Back,True,0.1579113590904306,0.0783344074639435,1.105379513633014,28.424044636277504,23.370881145383727,82.22222222222221,24.792083377197603,166.71763215022358,0.4737340772712917,15.63322454995263,1.579113590904306,1.579113590904306,2.210759027266028,2.052847668175598,4.421518054532056,0.3158227181808612,0.0,0.1579113590904306,0.6316454363617224
3621,Eden Hazard,907.98,Left Attacking Midfield,Attacking Midfielder,True,0.2973633780479746,0.3558328405141082,2.378907024383797,46.68605035353202,38.260754642172735,81.95329087048833,54.51661930879535,468.18508055037887,4.262208418687636,12.291019625982951,0.6938478821119407,0.9912112601599156,0.0991211260159915,1.28857463820789,4.262208418687636,1.486816890239873,0.2973633780479746,0.4956056300799577,1.0903323861759069
3625,Sofiane Boufal,622.95,Left Wing,Winger,True,0.0,0.0908242052492174,1.589212617385023,28.60582711293041,23.115819889236697,80.8080808080808,34.81820370816277,271.26021936684174,2.889477486154587,15.747652299542498,1.8781603660004813,0.5778954972309174,0.1444738743077293,2.16710811461594,3.322899109077775,1.300264868769564,0.0,0.2889477486154587,1.7336864916927524
3629,Sadio Mané,702.39,Left Wing,Winger,True,0.3844018280442489,0.2944155900140947,1.2813394268141631,29.98334258745141,22.039038141203605,73.50427350427351,32.802289326442576,258.3889468067039,1.4094733694955794,15.888608892495622,0.3844018280442489,1.1532054841327468,0.3844018280442489,2.3064109682654936,3.9721522231239055,1.0250715414513305,0.3844018280442489,0.2562678853628326,1.4094733694955794
3637,Grzegorz Krychowiak,802.6899999999999,Center Defensive Midfield,Defensive Midfielder,True,0.1121229864580348,0.0794927347294721,0.784860905206244,43.84008770509163,34.87024878844885,79.53964194373401,32.73991204574618,161.19779495793344,0.2242459729160697,13.006266429132044,1.569721810412488,1.793967783328558,1.681844796870523,1.3454758374964184,4.933411404153534,0.4484919458321394,0.0,0.1121229864580348,0.4484919458321394
3639,Georges-Kévin Nkoudou Mbida,430.29,Left Wing,Winger,True,0.0,0.0967303448441748,1.4641288433382138,32.00167329010667,21.961932650073205,68.62745098039215,28.65509307676218,163.98722789391883,1.0458063166701526,11.085546956703618,0.836645053336122,0.0,0.2091612633340305,1.2549675800041833,4.18322526668061,1.4641288433382138,0.6274837900020916,0.0,4.18322526668061
3647,Alex Iwobi,619.13,Left Defensive Midfield,Defensive Midfielder,True,0.0,0.0752637832119264,1.599017976838467,36.48668292604138,29.07305412433576,79.6812749003984,30.962802642417586,174.2170970143855,0.2907305412433576,11.19312583786927,0.5814610824867152,0.2907305412433576,1.0175568943517517,1.1629221649734305,5.959976095488831,0.726826353108394,0.0,0.2907305412433576,0.5814610824867152
3655,Andrew Robertson,556.61,Left Wing Back,Full Back,True,0.0,0.0166730299491565,0.1616931064838935,46.24422845439356,34.117245468101544,73.77622377622379,27.81121431522969,199.55848312704435,0.6467724259355743,11.641903666840337,1.9403172778067228,1.2935448518711483,2.102010384290616,1.455237958355042,2.910475916710084,2.102010384290616,0.0,0.4850793194516807,3.395555236161765
3669,Virgil van Dijk,1089.39,Left Center Back,Centre Back,True,0.0,0.1094356499876077,0.7435353730069121,60.143750172114665,54.19546718805937,90.10989010989012,43.37289675873654,197.45127428024367,0.0826150414452124,5.617822818274447,0.8261504144521246,0.6609203315616996,5.204747611048385,0.9913804973425494,1.4870707460138242,0.4130752072260623,0.0,0.0826150414452124,0.0
3702,Victor Nilsson Lindelöf,794.28,Right Center Back,Centre Back,True,0.0,0.0,0.0,36.712494334491616,31.04698594953921,84.5679012345679,26.854509744674424,249.6422338567894,0.3399305030971446,5.098957546457169,0.2266203353980964,1.133101676990482,5.212267714156217,1.2464118446895305,2.4928236893790605,0.1133101676990482,0.0,0.0,0.0
3709,Daniel Amartey,325.79,Right Center Back,Centre Back,True,0.0,0.0,0.0,39.50397495319071,36.18895607599988,91.6083916083916,31.492679333312868,141.6973370304373,0.2762515730992357,6.353786181282421,1.93376101169465,0.5525031461984714,3.591270450290064,1.93376101169465,3.315018877190828,0.828754719297707,0.0,0.0,0.0
3711,Martin Dúbravka,693.52,Goalkeeper,Goalkeeper,True,0.0,0.0,0.0,36.98523474449187,24.397277656015685,65.96491228070175,20.763640558311224,83.63123984466252,0.0,0.3893182604683354,0.0,0.0,0.0,0.0,3.114546083746684,0.0,0.0,0.0,0.0
3761,Mike Maignan,606.77,Goalkeeper,Goalkeeper,True,0.0,0.0,0.0,24.473853354648387,19.87573545165384,81.21212121212122,15.129291164691727,81.03345774456525,0.0,0.1483263839675659,0.0,0.0,0.1483263839675659,0.0,2.373222143481055,0.0,0.0,0.0,0.0
3767,Ellyes Joris Skhiri,860.49,Right Defensive Midfield,Defensive Midfielder,True,0.0,0.0185327365338353,0.4183662796778579,42.882543666980446,37.54837360108776,87.5609756097561,30.74992155632256,156.98448524045943,0.5229578495973225,21.33668026357076,2.7193808179060768,1.3596904089530384,0.7321409894362514,2.09183139838929,4.811212216295367,0.5229578495973225,0.0,0.1045915699194644,0.1045915699194644
3815,Kasper Schmeichel,1675.18,Goalkeeper,Goalkeeper,True,0.0,0.0,0.0,25.73454792917776,18.05179144927709,70.14613778705638,14.559629412958609,66.95497020957914,0.0,0.0,0.0,0.0,0.0,0.0,4.136868873792666,0.0537255697895151,0.0,0.0,0.0
3831,Dušan Tadić,706.79,Right Attacking Midfield,Attacking Midfielder,True,0.0,0.0239155641704042,0.5093450671345096,38.0735437683046,26.867952291345382,70.5685618729097,36.29083603333381,241.1464895418449,1.018690134269019,21.90183788678391,1.6553714681871563,0.636681333918137,0.5093450671345096,2.037380268538038,3.0560704028070576,2.4193890688889206,0.3820088003508822,0.3820088003508822,3.3107429363743126
3853,Kieffer Roberto Francisco Moore,555.17,Center Forward,Forward,True,0.1621125060792189,0.1868592435650341,1.945350072950628,18.318713186951747,11.834212943782983,64.60176991150442,13.941675522812831,63.04602828367018,0.0,17.67026316263487,0.3242250121584379,0.3242250121584379,2.2695750851090657,1.296900048633752,2.4316875911882847,0.6484500243168759,0.0,0.0,0.486337518237657
3923,Oluwasemilogo Adesewo Ibidapo Ajayi,714.39,Right Center Back,Centre Back,True,0.0,0.0243931369420064,0.1259816066854239,27.463990257422417,22.04678116994919,80.27522935779817,18.51929618275732,134.59814522087936,0.2519632133708478,5.7951539075295,0.8818712467979675,0.5039264267416957,1.6377608869105111,1.1338344601688153,1.385797673539663,0.1259816066854239,0.0,0.2519632133708478,0.1259816066854239
3943,Declan Rice,1712.13,Left Defensive Midfield,Defensive Midfielder,True,0.0,0.022478065532407,0.5256610187310543,61.87030190464509,57.03422053231939,92.18351741716228,50.14806118694258,280.1335065860994,0.5256610187310543,12.142769532687351,1.9449457693049008,2.050077973051112,1.2615864449545302,1.5244169543200576,4.2052881498484345,0.2628305093655271,0.0525661018731054,0.1051322037462108,0.4730949168579488
3957,César Azpilicueta Tanco,552.5,Right Back,Full Back,True,0.1628959276018099,0.1083184012669683,0.8144796380090499,80.95927601809954,73.14027149321267,90.3420523138833,62.06334841628959,261.90755378002274,0.3257918552036199,8.144796380090497,0.8144796380090499,1.1402714932126696,1.3031674208144797,2.769230769230769,2.443438914027149,1.1402714932126696,0.1628959276018099,0.1628959276018099,0.9773755656108596
3959,Andreas Christensen,1504.15,Left Center Back,Centre Back,True,0.1196689159990692,0.0653912197320746,0.5385101219958116,56.304224977562086,52.41498520759234,93.0924548352816,45.653691453644925,207.18158538180967,0.0598344579995346,6.940797127946016,0.8975168699930194,1.615530365987435,3.530233021972544,1.4958614499883656,3.111391815975801,0.0598344579995346,0.0,0.0598344579995346,0.0
3960,José Miguel da Rocha Fonte,383.24,Left Center Back,Centre Back,True,0.0,0.0796134046811397,0.9393591483143722,41.56664231291097,33.8169293393174,81.35593220338984,29.589813171902723,149.885223595131,0.0,7.74971297359357,0.7045193612357791,1.1741989353929652,3.9922763803360817,2.1135580837073373,4.461955954493268,0.234839787078593,0.0,0.0,0.234839787078593
3961,N''Golo Kanté,1577.18,Right Center Midfield,Midfielder,True,0.0,0.0171866022457804,0.3994471144701302,53.069402351031584,47.70539824243269,89.89247311827957,44.852204567646055,261.90421051119785,0.6847664819487946,22.540230030814488,2.5108104338122472,2.2825549398293155,0.6277026084530618,2.1684271928378496,4.793365373641563,0.6847664819487946,0.0,0.0570638734957328,0.0570638734957328
3969,Aleksandar Dragović,342.53,Right Center Back,Centre Back,True,0.0,0.0202837621522202,0.2627507079671854,60.95816424838701,52.81289230140426,86.63793103448276,44.9303710623887,229.85571162109008,0.5255014159343708,7.619770531048376,1.0510028318687417,2.102005663737484,4.204011327474967,2.3647563717046687,3.941260619507781,0.0,0.0,0.2627507079671854,0.2627507079671854
4041,José Salomón Rondón Giménez,374.84,Center Forward,Forward,True,0.9604097748372638,0.7447237568029025,4.561946430477003,19.20819549674528,12.245224629175114,63.74999999999999,13.685839291431009,62.13088762160273,0.0,9.123892860954006,0.4802048874186319,0.2401024437093159,0.9604097748372638,0.0,3.361434211930423,1.6807171059652115,0.2401024437093159,0.0,0.4802048874186319
4063,Ahmed Elsayed Ali Elsayed Hegazy,721.48,Right Center Back,Centre Back,True,0.1247435826356933,0.1423262579697288,0.3742307479070799,43.784997505128345,36.30038254698675,82.90598290598291,33.30653656373011,205.3479722605639,0.1247435826356933,6.9856406275988245,0.9979486610855464,1.3721794089926262,4.366025392249266,2.120640904806786,2.24538448744248,0.2494871652713866,0.1247435826356933,0.1247435826356933,0.0
4267,Mouctar Diakhaby,387.68,Right Center Back,Centre Back,True,0.0,0.0271834316446553,0.464300453982666,42.94779199339661,36.21543541064796,84.32432432432432,33.661782913743295,237.04003004051663,0.232150226991333,4.875154766817994,0.6964506809739991,0.464300453982666,4.875154766817994,2.0893520429219974,3.250103177878663,0.0,0.0,0.0,0.0
4269,Aleksandar Mitrović,804.3,Center Forward,Forward,True,0.3356956359567326,0.5502312381574039,4.028347631480791,20.253636702722865,14.099216710182768,69.61325966850829,17.456173069750093,85.58989145882971,0.3356956359567326,17.34427452443118,0.6713912719134651,0.0,0.8951883625512869,0.8951883625512869,1.9022752704214845,0.3356956359567326,0.0,0.0,0.2237970906378217
4272,João Mário Naval da Costa Eduardo,358.87,Left Midfield,Midfielder,True,0.0,0.0298343216206425,0.2507871931340039,51.411374592470814,44.3893331847187,86.34146341463415,43.88775879845069,274.9946238847175,0.7523615794020119,17.053529133112267,1.2539359656700195,0.5015743862680079,0.0,1.5047231588040235,5.517318248948087,1.7555103519380275,0.0,0.0,2.758659124474044
4276,David Ospina Ramírez,411.57,Goalkeeper,Goalkeeper,True,0.0,0.0,0.0,21.211458561119613,12.02711567898535,56.70103092783505,11.152416356877325,78.43101358077057,0.0,0.0,0.0,0.0,0.0,0.0,5.248195932648152,0.0,0.0,0.0,0.0
4319,Edinson Roberto Cavani Gómez,498.13,Right Center Forward,Forward,True,0.5420271816594062,0.4200755441952903,3.432838817176239,22.04243872081585,17.5255455403208,79.50819672131148,21.13906008471684,110.70703505535812,1.4454058177584164,17.164194085881196,0.7227029088792082,0.5420271816594062,0.3613514544396041,0.7227029088792082,3.071487362736635,1.2647300905386143,0.0,0.0,1.0840543633188124
4320,Neymar da Silva Santos Junior,763.5699999999999,Left Wing,Winger,True,0.4714695443770709,0.7434780568513693,4.596828057676442,51.74378249538353,40.78211558861664,78.81548974943053,60.70170383854788,496.07918192248417,4.596828057676442,11.3152690650497,0.7072043165656063,0.0,0.0,0.9429390887541418,4.478960671582174,3.1824194245452286,0.1178673860942677,0.1178673860942677,3.300286810639496
4352,Issiaga Sylla,388.86,Left Back,Full Back,True,0.0,0.0086794321092424,0.2314457645425088,40.27156303039654,31.476623977781205,78.16091954022988,28.93072056781361,155.18900809818786,0.4628915290850177,8.10060175898781,2.3144576454250885,0.6943372936275266,3.7031322326801415,1.1572288227125442,3.2402407035951244,0.4628915290850177,0.0,0.2314457645425088,1.6201203517975622
4353,Aymeric Laporte,1529.56,Left Center Back,Centre Back,True,0.05884045084861,0.0290161967036271,0.4707236067888805,93.6739977509872,88.08415492036926,94.03266331658293,76.25722429979864,501.0805456709405,0.2353618033944402,4.236512461099925,0.5884045084861006,0.9414472135777612,3.471586600067994,0.8237663118805407,1.5298517220638617,0.2353618033944402,0.0,0.3530427050916603,0.1176809016972201
4354,Philip Foden,1062.7,Left Wing,Winger,True,0.0846899407170415,0.1837153197515761,1.7784887550578714,47.934506445845486,39.46551237414133,82.3321554770318,42.175590477086665,203.82375618195172,1.1856591700385808,15.667639032652676,0.508139644302249,0.338759762868166,0.169379881434083,1.4397289921897054,2.7947680436623696,1.1856591700385808,0.0846899407170415,0.169379881434083,1.6937988143408298
4355,Emerson Palmieri dos Santos,301.4,Left Back,Full Back,True,0.0,0.0320897182813536,0.8958195089581952,45.68679495686795,40.01327140013272,87.58169934640523,35.53417385534174,157.82478332888527,1.4930325149303254,8.958195089581952,1.4930325149303254,0.298606502986065,1.7916390179163904,0.8958195089581952,1.7916390179163904,0.5972130059721301,0.0,0.298606502986065,0.298606502986065
4372,Marcos Aoás Corrêa,874.68,Left Center Back,Centre Back,True,0.0,0.1057190883523117,0.3086843188366031,67.0873919604884,62.5600219508849,93.25153374233128,51.13870215393058,335.8649772371931,0.0,4.630264782549046,1.2347372753464123,0.6173686376732062,2.4694745506928246,1.7492111400740842,2.4694745506928246,0.5144738647276719,0.0,0.1028947729455343,0.1028947729455343
4375,Blaise Matuidi,345.74,Left Wing,Winger,True,0.0,0.0778874504540984,1.301556082605426,31.7579684155724,24.469254352982013,77.04918032786885,26.55174408515069,116.32902570132494,0.0,37.74512639555736,3.384045814774108,1.8221785156475965,0.2603112165210852,0.7809336495632556,5.206224330421704,0.7809336495632556,0.0,0.2603112165210852,0.7809336495632556
4388,Kouakou Herve Koffi,395.39,Goalkeeper,Goalkeeper,True,0.0,0.0,0.0,26.631933028149422,18.437492096411138,69.23076923076923,13.885024912112092,94.87115354940182,0.2276233592149523,0.0,0.0,0.0,0.0,0.0,4.324843825084095,0.0,0.0,0.2276233592149523,0.0
4412,Samuel Moutoussamy,746.2,Left Defensive Midfield,Defensive Midfielder,True,0.2412221924417046,0.2745548493433395,1.085499865987671,30.273385151433928,26.17260787992496,86.45418326693228,24.242830340391315,141.32979201516383,0.2412221924417046,19.53899758777808,1.6885553470919323,0.4824443848834093,1.3267220584293755,1.085499865987671,3.015277405521308,0.4824443848834093,0.0,0.1206110962208523,0.1206110962208523
4416,Max-Alain Gradel,309.05,Right Wing,Winger,True,0.0,0.1213794202394434,1.7472900825109206,33.489726581459315,24.753276168904705,73.91304347826086,32.61608154020385,210.8811658202668,0.5824300275036401,13.978320660087364,0.5824300275036401,0.2912150137518201,1.1648600550072803,0.8736450412554603,5.533085261284582,1.4560750687591004,0.2912150137518201,0.0,4.368225206277302
4417,Ola Toivonen,408.41,Left Center Forward,Forward,True,0.2203667882764868,0.1125582627751524,1.1018339413824343,22.47741240420166,13.222007296589211,58.82352941176471,13.001640508312724,59.21224635852556,0.2203667882764868,29.52914962904924,0.6611003648294607,0.0,0.8814671531059475,1.542567517935408,1.322200729658921,0.8814671531059475,0.2203667882764868,0.0,0.4407335765529737
4445,Jules Koundé,1216.28,Right Back,Full Back,True,0.0739961193146315,0.0757614451770973,0.443976715887789,56.015062321176046,46.91353964547637,83.75165125495376,38.92195875949617,158.84170007108077,0.3699805965731575,8.87953431775578,1.9978952214950505,0.9619495510902096,2.1458874601243134,2.219883579438945,2.44187193738284,0.9619495510902096,0.0,0.147992238629263,1.9978952214950505
4447,Martin Braithwaite Christensen,960.13,Right Wing,Winger,True,0.0937373064064241,0.2007433101975774,1.9684834345349067,24.184225052857425,17.997562830033434,74.4186046511628,24.37169966567028,150.81642831644152,1.0311103704706654,10.68605293033235,0.4686865320321207,0.2812119192192724,0.2812119192192724,1.1248476768770896,3.1870684178184203,0.9373730640642414,0.0,0.0,1.406059596096362
4506,Nampalys Mendy,408.6,Left Defensive Midfield,Defensive Midfielder,True,0.0,0.0417025180616739,1.1013215859030836,48.01762114537445,42.731277533039645,88.9908256880734,37.44493392070485,181.4961525024601,0.4405286343612334,13.876651982378856,1.5418502202643172,0.6607929515418502,0.8810572687224669,1.9823788546255503,5.506607929515418,0.4405286343612334,0.0,0.2202643171806167,0.2202643171806167
4614,Antonee Robinson,670.91,Left Back,Full Back,True,0.0,0.0130433250212398,0.4024384790806516,50.975540683549205,37.56092471419416,73.68421052631578,35.68287847848445,224.7551959404,0.939023117854854,11.268277414258243,1.609753916322607,1.878046235709708,2.5487770341774607,1.7439000760161572,6.573161824983977,1.0731692775484043,0.1341461596935505,0.0,3.2195078326452133
4626,Jan Bednarek,808.73,Left Center Back,Centre Back,True,0.1112855959343662,0.0613912205927812,0.4451423837374649,48.63180542331804,43.178811222534094,88.78718535469108,35.61139069899719,166.6581179650093,0.2225711918687324,6.899706947930706,1.3354271512123947,1.5579983430811273,3.783710261768452,2.4482831105560567,3.3385678780309864,0.0,0.0,0.1112855959343662,0.0
4706,Kalvin Phillips,737.61,Right Defensive Midfield,Defensive Midfielder,True,0.0,0.0143021869687233,0.4880627974132672,43.80363606784073,38.19091389758816,87.1866295264624,32.94423882539554,142.43095386996896,0.2440313987066336,29.405783544149344,1.9522511896530688,1.0981412941798512,1.830235490299752,1.586204091593118,4.392565176719405,0.2440313987066336,0.2440313987066336,0.4880627974132672,0.4880627974132672
4734,Matty Cash,389.75,Right Back,Full Back,True,0.0,0.005427935907633,0.2309172546504169,36.023091725465044,27.94098781270045,77.56410256410257,22.86080821039128,149.17210372156364,0.0,9.467607440667091,1.847338037203336,0.4618345093008338,3.2328415651058373,2.771007055805004,1.847338037203336,0.4618345093008338,0.0,0.0,1.6164207825529189
4763,Henrik Dalsgaard,409.81,Right Back,Full Back,True,0.0,0.0011541576633073,0.2196139674483297,43.26395158732095,29.42827163807618,68.02030456852792,23.05946658207462,104.7010822306232,0.2196139674483297,8.345330763036529,2.415753641931627,1.537297772138308,2.415753641931627,1.537297772138308,2.854981576828286,0.4392279348966594,0.0,0.0,0.8784558697933189
4767,Chris Mepham,584.98,Right Center Back,Centre Back,True,0.0,0.0068447709323395,0.1538514137235461,39.53981332695135,33.84731101918014,85.60311284046692,28.77021436630312,168.70591950595636,0.0,10.000341892030496,2.307771205853192,0.7692570686177305,5.077096652877022,2.615474033300284,2.153919792129645,0.3077028274470922,0.0,0.0,0.0
4774,Connor Roberts,540.3199999999999,Right Wing Back,Full Back,True,0.1665679597275688,0.0337172084320402,0.3331359194551377,39.64317441516139,31.314776428782945,78.99159663865547,27.15057743559372,97.83509842471476,0.3331359194551377,5.82987859046491,0.8328397986378443,0.6662718389102754,1.49911163754812,2.8316553153686708,2.6650873556411017,0.3331359194551377,0.0,0.0,1.49911163754812
4831,Nacer Chadli,437.85,Left Wing Back,Full Back,True,0.2055498458376156,0.1040474108941417,1.027749229188078,53.85405960945529,45.015416238437815,83.58778625954199,41.72661870503597,263.0988247556226,1.2332990750256936,20.966084275436792,1.2332990750256936,0.4110996916752312,2.466598150051387,1.8499486125385405,4.110996916752312,1.4388489208633093,0.2055498458376156,0.0,2.672147995889003
4870,Tomáš Souček,760.78,Left Center Midfield,Midfielder,True,0.1182996398433187,0.1342708884434396,1.5378953179631432,35.963090512368886,28.86511212176977,80.26315789473685,28.03701464286653,183.9157320609713,0.2365992796866374,15.970451378848026,1.3012960382765058,0.9463971187465496,3.0757906359262863,2.6025920765530115,4.613685953889429,1.0646967585898683,0.0,0.3548989195299561,0.4731985593732748
4875,Jan Bořil,376.53,Left Back,Full Back,True,0.0,0.0440814684088917,0.2390247789020795,44.93665843359095,34.89761771970361,77.6595744680851,30.59517169946617,163.1126965901126,0.2390247789020795,11.951238945103976,1.912198231216636,3.107322125727034,3.107322125727034,1.1951238945103977,3.346346904629114,0.478049557804159,0.0,0.2390247789020795,1.434148673412477
4926,Francisco Román Alarcón Suárez,411.59,Left Midfield,Midfielder,True,0.2186642046696955,0.1801549899535945,2.186642046696956,103.8654972181054,90.52698073325396,87.1578947368421,100.36686994339028,732.2508585362846,6.559926140090867,17.27447216890595,0.8746568186787823,0.2186642046696955,0.0,1.0933210233484778,3.061298865375738,2.186642046696956,0.0,0.2186642046696955,5.466605116742389
4934,Ethan Ampadu,385.96,Center Defensive Midfield,Defensive Midfielder,True,0.0,0.0032123988496217,0.2331847859881852,40.80733754793243,31.94631568038138,78.28571428571428,27.982174318582235,192.75378444697355,0.6995543579645559,7.9282827235983,2.098663073893668,1.3991087159291118,3.0314022178464084,2.798217431858224,3.0314022178464084,0.6995543579645559,0.0,0.2331847859881852,0.2331847859881852
5170,Mário Figueira Fernandes,710.77,Right Back,Full Back,True,0.1266232395852385,0.1424691540301363,0.5064929583409542,42.418785261054914,31.275940177553924,73.73134328358208,23.29867608368389,131.4478985073615,0.1266232395852385,14.181802833546715,1.5194788750228625,1.0129859166819084,2.279218312534294,2.4058415521195324,4.685059864653826,0.5064929583409542,0.1266232395852385,0.0,1.0129859166819084
5171,Roman Zobnin,789.64,Left Defensive Midfield,Defensive Midfielder,True,0.0,0.0402088089002583,1.1397598905830506,35.902436553366094,26.10050149435186,72.6984126984127,28.26604528645965,210.97078275274848,0.7978319234081354,21.65543792107796,2.165543792107796,2.279519781166101,0.6838559343498303,2.735423737399321,6.610607365381693,0.5698799452915253,0.113975989058305,0.0,0.6838559343498303
5172,Igor Akinfeev,537.36,Goalkeeper,Goalkeeper,True,0.0,0.0,0.0,19.09334524341224,8.039303260384099,42.10526315789473,7.871817775792765,55.74794912256464,0.0,0.0,0.0,0.0,0.0,0.0,2.512282268870031,0.0,0.0,0.0,0.1674854845913354
5174,Sergei Ignashevich,537.36,Left Center Back,Centre Back,True,0.3349709691826708,0.3237147465944618,0.837427422956677,26.797677534613666,18.423403305046897,68.75,12.896382313532824,77.97456809554778,0.0,4.187137114783385,0.837427422956677,0.1674854845913354,7.536846806610094,1.172398392139348,1.172398392139348,0.0,0.0,0.0,0.0
5175,Ilya Kutepov,537.36,Right Center Back,Centre Back,True,0.0,0.0280413862215274,0.1674854845913354,27.63510495757034,19.76328718177757,71.51515151515152,15.408664582402858,90.80283026158254,0.0,4.019651630192049,0.1674854845913354,1.674854845913354,5.192050022331398,2.0098258150960246,2.0098258150960246,0.0,0.1674854845913354,0.0,0.1674854845913354
5177,Aleksandr Golovin,698.02,Center Attacking Midfield,Attacking Midfielder,True,0.2578722672702788,0.1787969914472364,1.1604252027162545,34.16807541331194,24.497865390676488,71.69811320754717,29.65531073608206,245.55989781161088,1.289361336351394,26.04509899429816,1.5472336036216727,0.7736168018108364,0.1289361336351394,2.0629781381622303,5.544253746310994,0.644680668175697,0.2578722672702788,0.2578722672702788,2.965531073608206
5178,Salman Mohammed Al Faraj,332.02,Left Center Midfield,Midfielder,True,0.2710680079513282,0.2627564827420034,0.8132040238539847,76.17011023432323,64.2431178844648,84.34163701067615,65.3273899162701,389.981476448783,1.6264080477079694,24.66718872357087,1.355340039756641,1.8974760556592976,1.355340039756641,2.168544063610626,5.150292151075237,2.439612071561954,0.0,0.0,2.439612071561954
5179,Daler Kuzyaev,518.3399999999999,Right Center Midfield,Midfielder,True,0.1736312073156615,0.1648863057645561,0.6945248292626462,34.03171663386967,28.64914920708416,84.18367346938776,26.56557471929622,179.96666663045318,1.562680865840954,17.88401435351314,1.7363120731566155,0.6945248292626462,1.562680865840954,1.2154184512096309,3.646255353628893,0.5208936219469846,0.0,0.0,1.3890496585252925
5182,Aleksandr Samedov,366.27,Right Wing,Winger,True,0.0,0.0196991819149807,0.4914407404373823,38.086657383897126,27.766401834712106,72.90322580645162,29.24072405602425,203.52321725001448,0.9828814808747646,23.097714800556968,1.4743222213121467,1.2286018510934555,0.2457203702186911,0.9828814808747646,4.914407404373822,1.4743222213121467,0.0,0.0,4.177246293717749
5183,Yasir Gharsan Al Shahrani,382.97,Left Back,Full Back,True,0.0,0.0395109905475624,1.1750267644985246,56.16627934302949,42.5359688748466,75.73221757322176,37.36585111105309,256.8431935511541,0.4700107057994099,13.395305115283184,2.1150481760973445,2.350053528997049,2.820064234796459,1.1750267644985246,2.820064234796459,0.4700107057994099,0.0,0.0,1.4100321173982295
5186,Denis Cheryshev,347.69,Left Wing,Winger,True,1.294256377807817,0.4909686921683108,3.6239178578618887,24.59087117834853,14.23682015588599,57.89473684210527,19.931548218240387,216.70732224635407,1.294256377807817,25.626276280594784,1.5531076533693808,0.7765538266846904,0.2588512755615634,3.1062153067387617,2.5885127556156347,0.5177025511231269,0.0,0.0,2.070810204492508
5187,Salem Mohammed Al Dawsari,582.91,Left Midfield,Midfielder,True,0.4631932888439039,0.2818118857748194,2.161568681271552,43.385771388379,37.36425863340825,86.12099644128114,46.628124410286325,357.8228021414188,2.7791597330634232,14.358991954161022,2.007170918323584,0.926386577687808,0.1543977629479679,1.3895798665317116,5.558319466126847,1.6983753924276477,0.0,0.0,0.6175910517918718
5191,Mohammed Al Burayk,354.35,Right Back,Full Back,True,0.0,0.1270764975306899,1.2699308593198817,72.6400451530972,60.956681247354304,83.91608391608392,55.87695781007478,272.4600494861319,0.5079723437279525,12.699308593198817,2.03188937491181,2.03188937491181,1.2699308593198817,2.03188937491181,2.793847890503739,0.2539861718639762,0.0,0.0,3.555806406095668
5195,Artem Dzyuba,610.23,Center Forward,Forward,True,0.5899414974681677,0.411391229585566,1.9173098667715447,28.169706504105008,17.993215672779115,63.87434554973822,19.02561329334841,101.91739480479384,0.7374268718352097,17.255788800943908,0.0,0.1474853743670419,1.1798829949363354,2.064795241138587,3.687134359176048,1.0323976205692935,0.4424561231011258,0.0,0.1474853743670419
5198,Diego da Silva Costa,316.43,Center Forward,Forward,True,0.8532692854659799,0.6552244134563726,3.128654046708593,18.203078089940902,15.074424043232307,82.8125,19.056347375406883,63.35694888335031,0.8532692854659799,18.77192428025156,0.5688461903106532,0.0,1.1376923806213064,0.8532692854659799,2.275384761242613,1.1376923806213064,0.0,0.0,0.2844230951553266
5199,Jorge Resurrección Merodio,796.0,Right Center Midfield,Midfielder,True,0.0,0.1599617971356784,1.0175879396984926,88.75628140703517,79.37185929648241,89.4267515923567,68.40452261306532,249.80369657635856,0.3391959798994974,16.50753768844221,1.809045226130653,0.6783919597989949,0.6783919597989949,1.0175879396984926,2.71356783919598,1.469849246231156,0.0,0.5653266331658292,2.261306532663317
5201,Sergio Ramos García,411.59,Left Center Back,Centre Back,True,0.2186642046696955,0.2144946438931946,1.0933210233484778,108.457445516169,102.55351199008722,94.55645161290325,85.27903982118127,433.8229305948728,0.0,6.341261935421171,2.186642046696956,0.2186642046696955,1.0933210233484778,0.4373284093393911,4.154619888724215,0.6559926140090867,0.0,0.0,0.2186642046696955
5202,José Ignacio Fernández Iglesias,447.98,Right Center Back,Centre Back,True,0.2009018259743738,0.007135911313005,0.2009018259743738,49.62275101567034,46.20741997410599,93.1174089068826,37.16683780525916,185.6152304937069,1.2054109558462431,6.629760257154337,1.406312781820617,1.0045091298718694,3.214429215589982,0.8036073038974955,2.0090182597437387,0.8036073038974955,0.0,0.0,0.8036073038974955
5203,Sergio Busquets i Burgos,1197.15,Center Defensive Midfield,Defensive Midfielder,True,0.0,0.1669185449943616,0.902142588648039,69.46497932589901,63.60105249968675,91.55844155844156,47.88873574740007,171.1786899503685,0.5262498433780227,13.306603182558575,1.7291066282420748,1.3532138829720586,0.6766069414860293,1.5787495301340682,3.68374890364616,0.6766069414860293,0.0751785490540032,0.2255356471620097,0.0
5204,Bruno Miguel Borges Fernandes,1081.16,Center Attacking Midfield,Attacking Midfielder,True,0.3329756927744274,0.2659839729521994,2.1643420030337785,55.52369677013577,42.70413259832032,76.91154422788605,44.61874283177328,261.6669780087942,0.4994635391616412,17.81419956343187,1.4983906174849233,0.582707462355248,0.6659513855488549,1.9978541566465648,3.246513004550668,1.6648784638721372,0.2497317695808206,1.0821710015168893,2.7470494653890265
5205,Rui Pedro dos Santos Patrício,762.88,Goalkeeper,Goalkeeper,True,0.0,0.0089223688653523,0.1179739932885906,21.11734479865772,15.690541107382549,74.30167597765363,10.971581375838928,58.0596881710595,0.0,0.1179739932885906,0.0,0.0,0.0,0.0,3.539219798657718,0.0,0.0,0.0,0.0
5206,Rúben Santos Gato Alves Dias,1213.71,Left Center Back,Centre Back,True,0.0,0.0148721424722544,0.2966112168475171,72.5955953234298,67.55320463702202,93.0541368743616,58.506562523172754,302.78880768875183,0.0741528042118792,5.042390686407791,1.03813925896631,0.8156808463306721,4.004251427441481,1.1864448673900685,2.7436537558395333,0.0741528042118792,0.0,0.1483056084237585,0.1483056084237585
5207,Cristiano Ronaldo dos Santos Aveiro,1572.41,Center Forward,Forward,True,0.6868437621231104,0.803840682275615,4.178299552915588,24.840849396785824,20.09018004210097,80.87557603686636,22.83755509059342,146.2464240822744,1.1447396035385171,7.040148561761881,0.1717109405307776,0.0572369801769258,0.4578958414154069,0.8013177224769621,1.8888203458385533,0.9157916828308138,0.1144739603538517,0.0572369801769258,0.400658861238481
5209,Raphaël Adelino José Guerreiro,1066.5,Left Back,Full Back,True,0.1687763713080169,0.0584720929957805,0.8438818565400844,60.59071729957806,51.13924050632911,84.40111420612814,41.68776371308017,237.30327045069663,0.9282700421940928,10.464135021097048,1.181434599156118,0.6751054852320676,0.9282700421940928,2.0253164556962027,3.628691983122363,1.0970464135021096,0.2531645569620253,0.0,3.1223628691983123
5211,Jordi Alba Ramos,1264.86,Left Back,Full Back,True,0.0,0.0154824958019069,0.4269247189412267,97.76576063754092,85.74071438736304,87.70014556040758,72.29258574071439,235.95668069578755,0.5692329585883023,11.811583890707272,1.351928276647218,1.351928276647218,0.9961576775295292,1.778852995588445,4.055784829941654,1.1384659171766045,0.2134623594706133,0.2846164792941511,2.703856553294436
5213,Gerard Piqué Bernabéu,411.59,Right Center Back,Centre Back,True,0.2186642046696955,0.4387305576909059,1.96797784202726,77.40712845307222,70.62853810831167,91.24293785310734,62.53796253553293,412.28861639539485,0.0,4.373284093393911,0.4373284093393911,0.4373284093393911,1.7493136373575646,1.0933210233484778,5.466605116742389,0.4373284093393911,0.0,0.0,0.0
5214,William Silva de Carvalho,757.42,Left Center Midfield,Midfielder,True,0.0,0.008727677101212,0.2376488606057405,60.36281059385809,54.06511578780598,89.56692913385827,48.95566528478256,199.41871090148808,0.3564732909086108,16.041298090887487,1.1882443030287029,0.4752977212114811,1.5447175939373134,0.8317710121200919,4.2776794909033296,0.3564732909086108,0.0,0.2376488606057405,0.1188244303028702
5219,Romain Saïss,979.02,Left Center Back,Centre Back,True,0.1838573267144695,0.1012240724397867,0.2757859900717043,42.0113991542563,35.208678065820926,83.80743982494529,28.95752895752896,186.8307301141249,0.0,5.883434454863027,1.6547159404302263,1.1031439602868174,4.964147821290679,1.4708586137157569,2.6659312373598087,0.1838573267144695,0.0,0.1838573267144695,0.0919286633572347
5220,Morteza Pouraliganji,592.56,Right Center Back,Centre Back,True,0.0,0.0408320003037667,0.3037667071688943,28.857837181044964,20.65613608748481,71.57894736842105,16.707168894289186,103.85737800471928,0.0,5.467800729040098,0.3037667071688943,1.5188335358444716,2.5820170109356018,1.6707168894289186,2.1263669501822604,0.3037667071688943,0.0,0.0,0.3037667071688943
5224,Sardar Azmoun,426.15,Center Forward,Forward,True,0.0,0.3781349328405491,2.111932418162619,19.00739176346357,10.13727560718057,53.333333333333336,12.460401267159453,94.4950823944004,0.0,14.149947201689548,0.4223864836325238,0.4223864836325238,1.2671594508975712,1.2671594508975712,1.4783526927138333,0.6335797254487856,0.0,0.0,0.6335797254487856
5226,Mehdi Taremi,525.24,Center Attacking Midfield,Attacking Midfielder,True,0.3427004797806717,0.3163282505140506,1.5421521590130225,21.59013022618232,14.222069910897874,65.87301587301587,19.01987662782728,148.4723434185572,0.5140507196710075,21.76148046607265,0.8567511994516793,1.7135023989033586,1.028101439342015,3.084304318026045,3.9410555174777246,1.028101439342015,0.1713502398903358,0.1713502398903358,0.1713502398903358
5227,Alireza Safar Beiranvand,406.55,Goalkeeper,Goalkeeper,True,0.0,0.0,0.0,20.36649858565982,10.18324929282991,50.0,7.083999508055589,52.962741326277786,0.0,0.0,0.0,0.0,0.0,0.0,2.213749846267372,0.0,0.0,0.0,0.0
5228,Seyed Majid Hosseini,513.26,Left Center Back,Centre Back,True,0.0,0.0,0.0,25.9517593422437,20.165218407824494,77.7027027027027,16.833573627401318,111.93572836323688,0.0,5.611191209133772,1.2274480769980127,0.7013989011417215,2.1041967034251647,1.5781475275688734,4.383743132135759,0.0,0.0,0.0,0.0
5230,Ehsan Hajsafi,470.23,Left Back,Full Back,True,0.0,0.0221937821342747,0.5741870999298215,33.49424749590626,19.905152797567148,59.42857142857143,20.670735597473573,124.9227166680836,0.3827913999532144,11.675137698573035,2.105352699742679,0.5741870999298215,0.7655827999064287,1.5311655998128575,3.636518299555537,0.3827913999532144,0.0,0.3827913999532144,2.488144099695893
5233,Munir Mohand Mohamedi,383.13,Goalkeeper,Goalkeeper,True,0.0,0.0,0.0,19.732205778717407,11.510453370918489,58.333333333333336,7.7519379844961245,38.48812079287351,0.0,0.0,0.0,0.0,0.0,0.0,2.5839793281653747,0.0,0.0,0.0,0.0
5234,Sofyan Amrabat,1114.62,Center Defensive Midfield,Defensive Midfielder,True,0.0,0.0016707206222748,0.0807450072670506,43.360068902406205,38.11164343004791,87.89571694599627,32.70172794315552,202.387235561382,0.0807450072670506,15.82602142434193,2.341605210744469,0.8074500726705066,1.291920116272811,1.1304301017387093,5.409915486892395,0.2422350218011519,0.0,0.1614900145341013,0.4037250363352533
5235,Ramin Rezaeian,489.48,Right Back,Full Back,True,0.1838685952439323,0.0440940369575876,0.551605785731797,37.87693062025006,23.351311595979407,61.6504854368932,23.53518019122334,155.80672092619244,0.551605785731797,12.319195881343466,2.941897523902917,1.103211571463594,1.2870801667075262,1.103211571463594,5.148320666830105,0.9193429762196615,0.0,0.0,3.1257661191468498
5237,Hakim Ziyech,1137.45,Right Wing,Winger,True,0.2373730713437953,0.1482612035368587,2.1363576420941577,43.43927205591454,31.09587234603719,71.58469945355192,40.7490439140182,230.2505470591374,1.5033627851773703,18.594223921930634,1.5033627851773703,1.8989845707503623,0.2373730713437953,1.819860213635764,3.956217855729922,1.424238428062772,0.1582487142291969,0.2373730713437953,3.3232229988131348
5245,Achraf Hakimi Mouh,1344.27,Right Back,Full Back,True,0.1339016715391997,0.1344418851123658,0.8034100292351983,51.01653685643509,42.17902653484791,82.67716535433071,38.56368140328952,182.0521269100843,0.6695083576959986,13.92577384007677,2.811935102323194,0.937311700774398,1.4729183869311968,1.5398692227007968,4.82046017541119,1.405967551161597,0.1339016715391997,0.1339016715391997,1.6737708942399965
5246,Luis Alberto Suárez Díaz,764.12,Right Center Forward,Forward,True,0.4711301889755536,0.4299719139794796,2.591216039365545,24.498769826728783,16.018426425168823,65.38461538461539,21.436423598387687,99.10802768589495,1.0600429251949954,9.775951421242736,0.1177825472438884,0.4711301889755536,1.0600429251949954,1.0600429251949954,3.7690415118044287,0.7066952834633303,0.2355650944877768,0.1177825472438884,0.7066952834633303
5247,Nahitan Michel Nández Acosta,834.39,Right Back,Full Back,True,0.0,0.0200049430482148,0.2157264588501779,36.99708769280552,26.426491209146803,71.42857142857143,28.583755797648585,181.772228252424,0.8629058354007119,19.846834214216376,2.480854276777047,1.07863229425089,1.6179484413763348,1.7258116708014235,3.5594865710279366,0.6471793765505339,0.0,0.2157264588501779,2.696580735627225
5248,José Martín Cáceres Silva,573.49,Right Back,Full Back,True,0.0,0.2088296170290676,1.098537027672671,53.04364505048039,38.91959755183176,73.37278106508876,34.682383302237184,172.59755077549778,0.6277354443843833,7.689759193708696,1.4124047498648624,1.098537027672671,1.255470888768767,1.098537027672671,4.080280388498491,0.4708015832882875,0.0,0.0,1.255470888768767
5249,Diego Roberto Godín Leal,635.21,Left Center Back,Centre Back,True,0.0,0.0669617538955621,0.566741707466822,45.622707451079165,38.5384361077439,84.472049689441,34.28787330174273,200.5067862633355,0.283370853733411,5.809102501534925,1.4168542686670549,1.700225122400466,4.250562806001165,1.133483414933644,2.975393964200815,0.1416854268667055,0.0,0.0,0.0
5255,Matías Vecino Falero,636.89,Left Center Midfield,Midfielder,True,0.0,0.0553635543343434,0.7065584323823582,52.14401230981802,42.67612931589443,81.84281842818429,39.849895586364994,202.81379925447544,0.2826233729529432,18.51183092841778,1.4131168647647163,1.4131168647647163,0.4239350594294148,2.4022986701000173,5.793779145535336,0.2826233729529432,0.0,0.0,0.5652467459058864
5258,Giorgian Daniel De Arrascaeta Benedetti,458.38,Left Center Midfield,Midfielder,True,0.7853745800427594,0.6233584808455866,1.5707491600855188,35.93088703695624,25.52467385138968,71.03825136612022,27.488110301496576,141.97491655004146,0.0,14.725773375801738,2.159780095117588,0.0,0.1963436450106898,1.5707491600855188,3.1414983201710376,1.7670928050962085,0.1963436450106898,1.1780618700641388,2.552467385138968
5259,José María Giménez de Vargas,1073.59,Right Center Back,Centre Back,True,0.0838308851610018,0.1346047077841634,1.0059706219320224,40.57414841792491,33.86767760504476,83.47107438016529,27.831853873452623,147.79905904154654,0.0838308851610018,6.790301698041152,1.3412941625760302,1.928110358703043,3.856220717406086,2.4310956696690544,1.8442794735420407,0.0838308851610018,0.0838308851610018,0.0,0.2514926554830056
5260,Rodrigo Bentancur Colmán,864.55,Center Defensive Midfield,Defensive Midfielder,True,0.4164015962061188,0.3093014924180209,1.041003990515297,46.53287837603377,39.03764964432364,83.89261744966443,41.744260019663415,292.4875247465606,1.1451043895668267,23.526690185645712,2.082007981030594,2.4984095772367128,0.8328031924122375,1.7697067838760048,5.725521947834134,0.4164015962061188,0.1041003990515297,0.2082007981030594,0.3123011971545891
5261,Mahmoud Ibrahim Hassan,479.24,Left Wing,Winger,True,0.1877973457975127,0.1861025430160253,2.629162841165178,33.42792755195726,27.042817794841834,80.89887640449437,31.92554878557716,243.241788108654,1.1267840747850764,17.08955846757366,1.5023787663801018,0.9389867289875636,0.1877973457975127,2.2535681495701527,3.3803522243552293,0.7511893831900509,0.3755946915950254,0.1877973457975127,1.8779734579751275
5264,Guillermo Varela Olivera,483.49,Right Back,Full Back,True,0.0,0.0,0.0,41.510682744213945,33.50638069039691,80.71748878923766,28.666570146228462,122.24723806635122,0.1861465593910939,10.42420732590126,2.233758712693127,0.1861465593910939,1.6753190345198452,1.4891724751287514,1.8614655939109392,0.9307327969554696,0.0,0.0,1.4891724751287514
5265,Mohamed El Sayed Mohamed El Shenawy Gomaa,490.41,Goalkeeper,Goalkeeper,True,0.0,0.0,0.0,15.415672600477151,11.378234538447424,73.80952380952381,8.258396035969902,34.51595866259529,0.0,0.0,0.0,0.0,0.0,0.0,3.303358414387961,0.0,0.0,0.0,0.0
5266,Lucas Torreira Di Pascua,330.15,Center Defensive Midfield,Defensive Midfielder,True,0.0,0.014036782462517,0.5452067242162654,41.7083144025443,33.257610177192184,79.73856209150327,31.076783280327128,154.74796928948936,0.2726033621081327,22.898682417083148,1.9082235347569287,1.635620172648796,2.180826896865061,2.99863698318946,5.452067242162654,0.817810086324398,0.0,0.0,1.0904134484325307
5267,Néstor Fernando Muslera Micol,475.71,Goalkeeper,Goalkeeper,True,0.0,0.0,0.0,20.05423472283534,13.432553446427445,66.98113207547169,11.729835403922555,76.76550328388119,0.0,0.0,0.0,0.0,0.0,0.0,4.729772340291354,0.0,0.0,0.0,0.0
5454,Francis Odinaka Uzoho,306.65,Goalkeeper,Goalkeeper,True,0.0,0.0,0.0,17.609652698516225,8.217837925974239,46.66666666666666,6.750366867764553,38.68271082057038,0.0,0.0,0.0,0.0,0.0,0.0,3.228436328061308,0.0,0.0,0.0,0.0
5455,William Troost-Ekong,904.49,Center Back,Centre Back,True,0.3980143506285309,0.2654059794580371,0.7960287012570619,30.149587060111223,24.776393326626057,82.17821782178217,19.00518524251236,126.76812793136472,0.3980143506285309,5.373193733485168,0.4975179382856637,0.8955322889141948,4.577165032228106,1.0945394642284605,1.8905681654855224,0.0995035876571327,0.0,0.0,0.0
5456,Mateo Kovačić,1433.75,Left Center Midfield,Midfielder,True,0.0,0.1205543745353094,1.129904097646033,60.70095902353967,55.49084568439407,91.41675284384696,57.18570183086312,386.4703408115791,1.6948561464690497,21.53095030514385,2.6364428945074105,1.067131647776809,0.7532693984306887,1.2554489973844811,4.582388840453357,1.1926765475152572,0.1255448997384481,0.1255448997384481,0.3138622493461203
5457,Ivan Strinić,517.01,Left Back,Full Back,True,0.0,0.0,0.0,51.87520550859752,37.07858648768883,71.47651006711409,35.337807779346626,226.75465627070213,0.8703893541710992,10.09651650838475,0.8703893541710992,0.6963114833368794,2.7852459333475177,1.218545095839539,4.526024641689716,0.5222336125026595,0.0,0.0,1.7407787083421984
5460,Andrej Kramarić,1313.36,Center Forward,Forward,True,0.3426326369007736,0.2876646555019188,2.055795821404642,32.07041481391241,26.99945178778096,84.1880341880342,31.316623012730705,212.0842113842715,1.233477492842785,13.568252421270635,0.1370530547603094,0.1370530547603094,0.4111591642809283,1.233477492842785,2.878114149966499,1.3705305476030945,0.0685265273801547,0.0685265273801547,1.7816897118840227
5461,Šime Vrsaljko,819.38,Right Back,Full Back,True,0.0,0.0070254515035758,0.5491957333593693,54.04086016256194,40.97000170860895,75.8130081300813,36.68627498840586,208.0638328026412,0.4393565866874954,7.908418560374918,1.3180697600624862,1.6475872000781078,2.1967829334374773,1.3180697600624862,3.2951744001562155,0.6590348800312431,0.1098391466718738,0.0,3.954209280187459
5463,Luka Modrić,2034.5,Right Center Midfield,Midfielder,True,0.3096583927254854,0.2647987409859916,1.1943966576554437,70.42516588842467,59.05627918407472,83.85678391959799,57.817645613172765,361.2200437370653,1.3713443106414351,15.969525681985749,1.06168591791595,1.459818137134431,0.1327107397394937,0.7962644384369624,5.529614155812239,1.3713443106414351,0.0884738264929958,0.1769476529859916,1.946424182845908
5465,Ante Rebić,764.4100000000001,Right Wing,Winger,True,0.1177378631886029,0.2370487881765021,2.354757263772059,20.486388194816914,10.478669823785664,51.14942528735632,22.370194005834563,139.855512087229,2.354757263772059,19.7799610156853,1.2951164950746326,0.8241650423202207,0.8241650423202207,1.7660679478290444,3.532135895658089,0.2354757263772059,0.0,0.1177378631886029,2.119281537394853
5468,Domagoj Vida,1066.32,Left Center Back,Centre Back,True,0.1688048615800135,0.0979891163065496,0.337609723160027,41.52599594868333,35.78663065496286,86.1788617886179,27.4307900067522,126.38966897968191,0.0,6.161377447670493,0.5064145847400405,1.350438892640108,3.5449020931802835,1.1816340310600946,2.1100607697501688,0.0,0.0844024307900067,0.0,0.0844024307900067
5469,Marcelo Brozović,1587.32,Center Defensive Midfield,Defensive Midfielder,True,0.1133986845752589,0.1379640704961822,0.7937907920268125,74.21943905450698,65.77123705365018,88.61726508785333,58.5137212408336,297.6915939792033,0.2834967114381473,18.54068492805484,1.587581584053625,1.1906861880402189,1.587581584053625,1.8710782954917724,3.968953960134063,0.850490134314442,0.0566993422876294,0.1133986845752589,0.2834967114381473
5470,Ivan Rakitić,677.29,Left Center Midfield,Midfielder,True,0.3986475512705045,0.3434001394971134,2.259002790532859,56.607952280411645,45.84446839610802,80.98591549295774,43.71834812266533,277.2594574671683,0.7972951025410091,17.806257290082534,1.7274727221721864,0.2657650341803363,0.3986475512705045,1.8603552392623544,4.1193580297952135,1.3288251709016818,0.0,0.0,1.3288251709016818
5472,Mario Mandžukić,623.29,Center Forward,Forward,True,0.4331851946926792,0.3913691513581158,1.7327407787707167,23.53639557830224,15.594667008936453,66.25766871165644,14.150716359960857,74.6892132815446,0.4331851946926792,19.637728826068123,1.443950648975597,0.2887901297951195,1.5883457138731572,1.155160519180478,2.165925973463396,0.8663703893853584,0.1443950648975597,0.0,0.8663703893853584
5474,Ivan Perišić,1758.48,Left Wing,Winger,True,0.3070833902006278,0.16658828405896,2.6102088167053363,34.444520267503755,23.49187935034803,68.20208023774146,26.818616077521494,191.7420788996361,0.7677084755015696,16.32660024566671,1.279514125835949,1.1259724307356354,1.1771529957690732,1.4330558209362632,2.4054865565715846,1.0236113006687595,0.2559028251671899,0.0511805650334379,4.0432646376416
5476,Benjamin Pavard,981.1,Right Back,Full Back,True,0.0917337682193456,0.0219339002752013,0.4586688410967282,55.59066354092345,46.96768932830496,84.48844884488449,39.537254102537965,176.96278925632512,0.1834675364386912,12.475792477831009,2.2933442054836406,1.46774029150953,2.018142900825604,1.9264091326062585,2.2933442054836406,0.3669350728773825,0.0,0.0,1.2842727550708388
5477,Ousmane Dembélé,1026.77,Right Wing,Winger,True,0.0876535153929312,0.150868662138551,1.840723823251556,39.70704247299785,29.10096711045317,73.28918322295806,41.10949871928475,384.6974468716485,2.4542984310020746,16.829474955442794,1.928377338644487,0.5259210923575873,0.0876535153929312,1.4901097616798311,3.5937941311101804,2.366644915609143,0.1753070307858624,0.1753070307858624,4.557982800432424
5479,Aziz Eraltay Behich,669.92,Left Back,Full Back,True,0.0,0.0344875960263912,0.5373775973250537,51.58824934320516,40.0346310007165,77.60416666666666,39.76594220205398,241.21982789236017,1.3434439933126343,10.88189634583234,1.3434439933126343,1.0747551946501075,1.2090995939813711,2.552543587294005,4.567709577262957,0.2686887986625269,0.0,0.0,1.4777883926438975
5480,Corentin Tolisso,305.05,Left Wing,Winger,True,0.0,0.0718344303884609,0.8851008031470251,57.82658580560564,49.86067857728241,86.22448979591837,50.450745779380426,247.7275902071904,0.2950336010490083,20.947385674479595,1.180134404196033,1.7702016062940502,1.4751680052450418,2.0652352073430587,5.900672020980167,0.5900672020980167,0.2950336010490083,0.5900672020980167,0.2950336010490083
5481,Mathew Leckie,624.62,Right Midfield,Midfielder,True,0.1440876052640005,0.1204042940187634,1.440876052640005,26.800294579104097,18.010950658000066,67.20430107526882,26.07985655278409,216.8412501839706,1.1527008421120042,20.31635234222407,0.7204380263200025,0.7204380263200025,1.729051263168006,3.314014921072012,3.458102526336012,0.4322628157920015,0.1440876052640005,0.0,0.7204380263200025
5484,Lucas Hernández Pi,775.8,Left Back,Full Back,True,0.0,0.0339693033294663,0.580046403712297,42.459396751740144,34.106728538283065,80.32786885245902,32.59860788863109,178.57346142011195,0.8120649651972157,18.677494199535964,1.3921113689095128,1.0440835266821349,2.2041763341067284,1.8561484918793505,3.480278422273782,0.2320185614849188,0.2320185614849188,0.0,0.8120649651972157
5485,Raphaël Varane,1625.36,Right Center Back,Centre Back,True,0.0553723482797657,0.0494918172404882,0.4983511345178915,49.66899640694984,44.35325097209234,89.29765886287625,38.4284097061574,263.18440130195376,0.1661170448392971,4.5405325589407886,0.4429787862381257,0.9413299207560172,3.48845794162524,1.2735640104346115,3.156223851946645,0.0553723482797657,0.0,0.0553723482797657,0.0
5487,Antoine Griezmann,1949.41,Center Attacking Midfield,Attacking Midfielder,True,0.2308390743866092,0.2980782781205595,2.169887299234128,44.18259883759702,33.88717611995424,76.69801462904911,34.67202897286872,199.45547771280096,0.7386850380371497,20.9140201394268,1.7082091504609087,0.6925172231598278,0.7848528529144716,1.4312022611969777,3.693425190185749,1.892880409970196,0.2308390743866092,0.2770068892639311,1.98521603972484
5490,Jackson Irvine,433.71,Left Center Forward,Forward,True,0.0,0.0689753488275575,0.622535795808259,29.88171819879643,24.071384104586013,80.55555555555556,18.468561942311684,76.82526082200819,0.0,18.2610500103756,1.867607387424777,1.867607387424777,2.2826312512969498,1.867607387424777,3.112678979041295,0.4150238638721726,0.0,0.0,0.8300477277443452
5492,Samuel Yves Umtiti,571.25,Left Center Back,Centre Back,True,0.1575492341356674,0.0137552053391684,0.3150984682713348,33.715536105032825,28.9890590809628,85.98130841121495,24.89277899343545,161.144351456533,0.3150984682713348,5.356673960612691,0.4726477024070022,1.1028446389496718,3.938730853391685,1.1028446389496718,2.6783369803063457,0.1575492341356674,0.0,0.0,0.0
5503,Lionel Andrés Messi Cuccittini,1599.46,Right Center Forward,Forward,True,0.618958898628287,0.6926078126405162,3.713753391769722,42.48308804221425,34.774236304752854,81.8543046357616,45.35280657221812,330.08430961164663,3.319870456278994,10.85991522138722,0.5626899078438973,0.0,0.0562689907843897,0.8440348617658461,3.601215410200943,2.08195265902242,0.2813449539219486,0.8440348617658461,0.7877658709814562
5506,Javier Alejandro Mascherano,378.67,Center Defensive Midfield,Defensive Midfielder,True,0.0,0.0047107645179179,0.2376739641376396,82.7105395198986,73.91660284680593,89.36781609195403,62.50825256819923,390.5251905656608,0.4753479282752793,20.43996091583701,2.139065677238757,1.4260437848258378,0.9506958565505584,0.9506958565505584,4.040457390339874,0.7130218924129189,0.0,0.2376739641376396,0.0
5507,Nicolás Alejandro Tagliafico,1262.44,Left Back,Full Back,True,0.0,0.0954009829536453,0.7129051677703495,48.5488419251608,41.56237128101137,85.6093979441997,35.930420455625615,162.54589185552578,0.2851620671081398,11.406482684325592,1.7109724026488389,0.9267767181014545,1.639681885871804,1.7109724026488389,2.780330154304363,0.6416146509933145,0.0,0.1425810335540699,0.2138715503311048
5519,Christian Alberto Cueva Bravo,307.31,Center Attacking Midfield,Attacking Midfielder,True,0.0,0.2743960699293872,0.8785916501252807,47.151085223390055,37.779440955387074,80.12422360248446,45.97962968988969,320.8713180731559,1.1714555335003742,19.03615241938108,2.050047183625655,0.5857277667501871,0.8785916501252807,0.5857277667501871,5.271549900751683,1.4643194168754678,0.0,0.0,1.7571833002505617
5521,Luis Jan Piers Advíncula Castrillón,317.76,Right Back,Full Back,True,0.0,0.0076092795600453,0.8496978851963746,44.75075528700906,37.38670694864049,83.54430379746836,37.103474320241695,209.7060061993897,1.982628398791541,14.444864048338369,3.965256797583082,1.1329305135951662,2.2658610271903323,1.1329305135951662,3.3987915407854983,0.5664652567975831,0.0,0.0,1.1329305135951662
5524,Jens Stryger Larsen,580.3199999999999,Left Back,Full Back,True,0.0,0.0162276943238213,0.3101736972704715,45.44044665012407,33.03349875930522,72.6962457337884,31.482630272952857,167.876600079284,0.4652605459057072,11.631513647642684,1.240694789081886,1.5508684863523576,2.016129032258065,1.3957816377171215,4.652605459057073,1.3957816377171215,0.1550868486352357,0.4652605459057072,2.016129032258065
5525,Édison Michael Flores Peralta,438.82,Left Center Forward,Forward,True,0.0,0.0728558064354404,1.4356683833918231,28.098081217811405,20.099357367485528,71.53284671532847,26.252221867736203,127.18257005566898,0.2050954833416891,19.073879950777084,1.8458593500752016,0.6152864500250672,0.4101909666833782,1.2305729000501344,4.101909666833782,1.2305729000501344,0.0,0.4101909666833782,0.4101909666833782
5527,Thomas Delaney,975.63,Left Defensive Midfield,Defensive Midfielder,True,0.0922480858522185,0.0593612919651917,1.0147289443744043,46.40078718366594,36.53024199747856,78.72763419483101,36.16124965406968,136.99470331141825,0.3689923434088743,15.589926509024936,1.8449617170443715,1.5682174594877156,1.8449617170443715,1.5682174594877156,2.859690661418776,0.64573660096553,0.0922480858522185,0.0,1.1069770302266229
5528,Pedro David Gallese Quiróz,570.77,Goalkeeper,Goalkeeper,True,0.0,0.0,0.0,23.17921404418593,12.77221998353102,55.10204081632652,10.564675788846646,72.68867571027845,0.0,0.0,0.0,0.0,0.0,0.0,5.518860486710934,0.0,0.0,0.0,0.0
5534,Simon Thorup Kjær,1018.86,Right Center Back,Centre Back,True,0.088334020375714,0.119991641834992,0.2650020611271421,47.700371002885575,42.04699369883988,88.14814814814815,39.396973087568455,194.63035253143863,0.0,7.066721630057123,1.5016783463871386,0.8833402037571404,5.741711324421412,1.6783463871385664,2.473352570519993,0.2650020611271421,0.0,0.0,0.088334020375714
5535,José Paolo Guerrero Gonzáles,329.93,Center Forward,Forward,True,0.2727851362410208,0.3728571458188101,3.000636498651229,21.0044554905586,12.275331130845936,58.44155844155844,15.548752765738186,79.77229601686429,0.0,10.911405449640831,0.8183554087230624,0.0,1.0911405449640832,1.363925681205104,1.9094959536871456,0.5455702724820416,0.2727851362410208,0.0,0.2727851362410208
5536,Yussuf Yurary Poulsen,661.1800000000001,Right Wing,Winger,True,0.4083608094618711,0.2411762234641096,1.2250824283856134,26.81569315466288,18.24011615596358,68.02030456852792,25.45449045645664,160.82892913329675,1.4973229680268607,23.41268640914728,1.4973229680268607,0.6806013491031185,0.8167216189237423,2.314044586950603,3.130766205874345,1.2250824283856134,0.0,0.0,1.0889621585649898
5537,Fabian Lukas Schär,1149.1,Right Center Back,Centre Back,True,0.1566443303454878,0.2253900717169959,1.0181881472456706,53.18075015229311,43.86041249673658,82.4742268041237,42.76390218431816,225.66763875823577,0.0,7.988860847619877,1.40979897310939,1.566443303454878,3.994430423809938,1.644765468627622,3.367853102427988,0.2349664955182316,0.0,0.3132886606909756,0.5482551562092072
5539,Carlos Henrique Casimiro,758.9399999999999,Left Defensive Midfield,Defensive Midfielder,True,0.2371728990434026,0.1560586757095423,1.6602102933038188,61.19060795319788,51.46651909241837,84.10852713178295,45.89295596489841,185.58738198707093,0.7115186971302081,14.11178749308246,3.083247687564235,1.3044509447387147,2.134556091390624,3.201834137085936,4.743457980868054,0.8301051466519094,0.0,0.4743457980868053,0.2371728990434026
5540,Valon Behrami,321.32,Right Center Midfield,Midfielder,True,0.0,0.0053504266152122,0.2800946097348437,64.70185484874892,60.50043570272625,93.5064935064935,55.73882733723392,299.0774990104854,0.2800946097348437,27.16917714427985,3.641229926552969,1.4004730486742187,0.5601892194696875,2.24075687787875,4.761608365492345,0.0,0.0,0.0,0.0
5542,José Paulo Bezzera Maciel Júnior,351.72,Right Center Midfield,Midfielder,True,0.255885363357216,0.3517132024053224,1.535312180143296,39.91811668372569,34.800409416581374,87.17948717948718,35.82395087001024,225.19992390661903,0.511770726714432,18.67963152507677,1.791197543500512,0.767656090071648,0.0,1.535312180143296,4.094165813715456,0.767656090071648,0.0,0.0,0.767656090071648
5543,Haris Seferović,614.77,Right Center Forward,Forward,True,0.4391886396538543,0.2275713433479187,2.1959431982692714,18.592319078679832,12.736470549961776,68.50393700787401,16.103583453974657,79.96386075526307,0.2927924264359028,13.468451616051532,0.0,0.5855848528718057,1.0247734925256602,0.8783772793077086,0.8783772793077086,1.0247734925256602,0.0,0.4391886396538543,0.5855848528718057
5544,Ricardo Iván Rodríguez Araya,1764.35,Left Back,Full Back,True,0.0,0.0514490519262051,0.6121234448947205,49.888060758919714,39.48196219570947,79.14110429447852,37.03346841613059,220.963729169766,0.5101028707456003,10.508119137359367,1.5813188993113612,0.6121234448947205,2.2954629183552018,1.5813188993113612,2.7035452149516823,1.0712160285657608,0.0,0.10202057414912,2.805565789100802
5545,Breel-Donald Embolo,1174.41,Center Forward,Forward,True,0.3831711242240784,0.3988651626178251,2.222392520499655,20.38470380872097,16.093187217411295,78.94736842105263,24.52295195034102,166.88980551820384,1.1495133726722353,16.782895241014636,0.9196106981377884,0.4598053490688941,0.7663422484481569,0.9196106981377884,2.83546631925818,0.8429764732929725,0.0766342248448156,0.229902674534447,0.3831711242240784
5547,Alisson Ramsés Becker,1288.03,Goalkeeper,Goalkeeper,True,0.0,0.0,0.0,20.542999774849964,17.817907967982112,86.73469387755102,11.1798638230476,37.04467301611924,0.0,0.0,0.0,0.0,0.0,0.0,3.563581593596423,0.0,0.0,0.0,0.0
5548,Steven Zuber,637.88,Left Wing,Winger,True,0.1410923684705587,0.1259297070765661,1.6931084216467047,35.555276854580804,28.077381325641188,78.96825396825396,33.72107606446354,217.2363298758543,1.1287389477644698,15.096883426349784,1.1287389477644698,0.2821847369411174,0.7054618423527936,0.5643694738822349,3.245124474822851,1.2698313162350283,0.5643694738822349,0.2821847369411174,1.9752931585878224
5549,Manuel Obafemi Akanji,1812.46,Left Center Back,Centre Back,True,0.0993125365525308,0.1901453214057137,0.6951877558677156,58.44542776116438,53.03289451905145,90.7391673746814,44.690641448638864,337.5353134604244,0.248281341381327,7.994659192478731,1.2910629751829006,1.1917504386303697,3.227657437957252,1.6386568531167585,3.078688633128455,0.1489688048287962,0.0,0.0496562682762654,0.1489688048287962
5550,Yann Sommer,1712.16,Goalkeeper,Goalkeeper,True,0.0,0.0,0.0,30.750630782169893,24.863330529857027,80.85470085470085,17.661900756938607,73.54852806226397,0.0,0.052565180824222,0.0,0.0,0.0,0.0,3.3116063919259884,0.0,0.0,0.0,0.0
5551,João Miranda de Souza Filho,478.76,Left Center Back,Centre Back,True,0.0,0.0095417200685103,0.187985629542986,48.12432116300443,44.5525942016877,92.578125,38.72503968585512,202.7836658967575,0.3759712590859721,7.519425181719441,1.6918706658868743,0.9399281477149302,3.383741331773749,1.8798562954298603,2.4438131840588184,0.187985629542986,0.0,0.0,0.0
5554,Blerim Džemaili,336.38,Center Attacking Midfield,Attacking Midfielder,True,0.2675545514002021,0.3297342150454842,2.4079909626018194,24.6150187288186,19.26392770081456,78.26086956521739,24.8825732802188,155.35350285804628,0.8026636542006065,27.558118794220825,1.605327308401213,1.0702182056008085,0.2675545514002021,1.3377727570010107,2.675545514002021,0.8026636542006065,0.0,0.0,0.2675545514002021
5556,Miguel Arturo Layún Prado,327.51,Right Wing,Winger,True,0.0,0.1191275845012366,2.47320692497939,33.25089310250068,24.18246771090959,72.72727272727273,31.05248694696345,230.84490276703613,1.6488046166529269,16.213245397087114,0.8244023083264634,1.3740038472107725,0.2748007694421544,0.5496015388843088,3.022808463863699,1.3740038472107725,0.0,0.2748007694421544,2.748007694421545
5557,Timo Werner,402.11,Center Forward,Forward,True,0.0,0.2425934809380517,2.014374176220437,27.977419114172736,19.472283703464225,69.6,24.843948173385392,199.9022357226248,0.6714580587401457,14.772077292283203,0.0,0.0,0.2238193529133819,2.014374176220437,3.804928999527492,1.1190967645669094,0.0,0.0,2.909651587873965
5560,Carlos Alberto Vela Garrido,324.07,Center Attacking Midfield,Attacking Midfielder,True,0.2777177770234826,0.5307201123306693,2.7771777702348257,33.88156879686488,27.77177770234826,81.9672131147541,39.71364211435801,359.4254310129515,3.054895547258308,14.99675995926806,1.3885888851174129,0.2777177770234826,0.0,0.2777177770234826,5.554355540469651,3.332613324281791,0.0,0.2777177770234826,2.499459993211344
5562,Thomas Müller,806.21,Right Wing,Winger,True,0.0,0.1755389342851118,1.5628682353233028,40.4113072276454,29.80612991652299,73.75690607734806,29.136329244241573,118.1223583250812,0.4465337815209436,18.977685714640103,1.339601344562831,0.3349003361407077,0.4465337815209436,2.2326689076047184,1.339601344562831,2.0094020168442466,0.1116334453802359,0.3349003361407077,3.3490033614070778
5563,José Andrés Guardado Hernández,351.42,Left Defensive Midfield,Defensive Midfielder,True,0.0,0.1355869676455523,2.0488304592794946,38.9277787263104,32.52518354106198,83.55263157894737,33.293494963291785,242.57772918045663,0.7683114222298104,19.719993170565136,2.0488304592794946,0.5122076148198736,0.5122076148198736,1.5366228444596208,5.890387570428547,0.7683114222298104,0.0,0.0,0.2561038074099368
5564,Carlos Joel Salcedo Hernández,378.67,Right Center Back,Centre Back,True,0.0,0.051735233791956,1.188369820688198,53.71431589510656,45.39572715028917,84.51327433628319,42.54363958063749,304.8506247970478,0.4753479282752793,10.457654422056144,1.188369820688198,0.7130218924129188,3.089761533789315,3.3274354979269543,3.3274354979269543,0.2376739641376396,0.0,0.0,0.2376739641376396
5567,Edson Omar Álvarez Velázquez,492.61,Right Back,Full Back,True,0.0,0.0223712879965895,0.365400621181056,54.992793487748926,44.76157609467936,81.3953488372093,40.92486957227827,282.4083623492524,1.278902174133696,16.991128884919103,1.644302795314752,1.461602484724224,2.923204969448448,2.923204969448448,3.836706522401088,0.365400621181056,0.0,0.0,0.0
5570,Manuel Neuer,1466.92,Goalkeeper,Goalkeeper,True,0.0,0.0,0.0,29.817576963978947,25.89098246666485,86.83127572016461,19.87838464265264,93.43000157135609,0.0613530390205328,0.0613530390205328,0.0,0.0,0.0613530390205328,0.0613530390205328,3.681182341231969,0.0,0.0,0.0,0.0
5571,Hirving Rodrigo Lozano Bahena,593.66,Right Wing,Winger,True,0.1516019270289391,0.1601285179328234,2.728834686520904,24.86271603274601,16.979415827241183,68.29268292682927,34.262035508540244,321.4390069634158,2.880436613549844,17.434221608328002,1.8192231243472687,1.364417343260452,0.1516019270289391,1.8192231243472687,4.5480578108681735,1.970825051376209,0.1516019270289391,0.4548057810868173,2.880436613549844
5572,Mats Hummels,541.09,Center Back,Centre Back,True,0.0,0.2117694386331294,1.829640170766416,70.02531926296919,65.36805337374558,93.34916864608076,51.728917555305024,325.68283260629573,0.3326618492302574,10.645179175368238,2.328632944611802,1.663309246151287,3.82561126614796,1.164316472305901,3.991942190763089,0.3326618492302574,0.0,0.3326618492302574,0.1663309246151287
5573,Héctor Alfredo Moreno Herrera,573.99,Left Center Back,Centre Back,True,0.0,0.0533685919615324,0.470391470234673,52.84064182302828,45.62797261276329,86.35014836795251,39.04249202947786,276.60959702736443,0.0,4.2335232321120575,0.627188626979564,0.627188626979564,1.56797156744891,1.254377253959128,2.6655516646631474,0.470391470234673,0.0,0.0,0.156797156744891
5574,Toni Kroos,1159.3,Left Defensive Midfield,Defensive Midfielder,True,0.077633054429397,0.0885242032045199,1.785560251876132,97.74001552661088,87.95825066850686,89.99205718824463,79.41861468127318,401.2438990150836,0.5434313810057794,15.448977831450012,2.4066246873113086,1.6302941430173383,0.5434313810057794,1.2421288708703528,3.6487535581816615,2.173725524023117,0.0,0.2328991632881911,1.7079271974467354
5575,Héctor Miguel Herrera López,545.4,Right Defensive Midfield,Defensive Midfielder,True,0.0,0.0278765564356435,0.8250825082508252,47.85478547854785,40.59405940594059,84.82758620689656,44.55445544554456,291.1267587154499,1.815181518151816,22.44224422442244,2.4752475247524752,0.9900990099009902,0.4950495049504951,2.4752475247524752,5.775577557755776,0.4950495049504951,0.0,0.165016501650165,1.4851485148514854
5576,Jesús Daniel Gallardo Vasconcelos,640.76,Left Back,Full Back,True,0.0,0.0144737855047131,0.2809164117610337,44.665709470004366,34.1313440289656,76.41509433962264,30.47943067607216,155.05051963423745,0.983207441163618,18.54048317622823,2.809164117610338,1.6854984705662026,2.3877894999687874,3.090080529371371,4.635120794057057,0.5618328235220675,0.0,0.0,1.82595667644672
5577,Francisco Guillermo Ochoa Magaña,670.16,Goalkeeper,Goalkeeper,True,0.0,0.0,0.0,26.456368628387253,20.010146830607617,75.63451776649747,14.772591619911662,78.4223447100908,0.0,0.0,0.0,0.0,0.0,0.0,4.163184911066014,0.0,0.0,0.0,0.0
5579,Joshua Kimmich,1466.92,Right Back,Full Back,True,0.0,0.0519301543887873,1.1043547023695908,74.11447113680363,63.56174842527199,85.76158940397352,58.89891745971151,356.02883276637334,0.1840591170615984,9.448368009162053,1.4111198974722547,1.0430016633490578,0.7362364682463938,1.2884138194311892,4.172006653396231,2.39276852180078,0.1840591170615984,0.5521773511847954,3.987947536334633
5581,Joel Nathaniel Campbell Samuels,560.3,Center Forward,Forward,True,0.0,0.0405004442976976,0.6425129394966983,38.229519900053546,29.073710512225595,76.05042016806722,39.99643048366947,239.6632713141356,2.7306799928609675,16.062823487417457,1.927538818490095,0.0,0.1606282348741745,1.2850258789933966,5.300731750847761,0.6425129394966983,0.1606282348741745,0.0,0.8031411743708728
5582,Celso Borges Mora,550.79,Right Center Midfield,Midfielder,True,0.0,0.0641644616641551,0.8170082971731514,38.889594945442006,31.37311861144901,80.67226890756302,25.00045389349843,112.43748196419055,0.8170082971731514,12.581927776466532,1.4706149349116724,0.6536066377385211,2.777828210388715,2.1242215726501934,3.268033188692605,0.6536066377385211,0.0,0.0,0.8170082971731514
5589,Sergej Milinković-Savić,664.1,Center Attacking Midfield,Attacking Midfielder,True,0.1355217587712693,0.0972527270441198,1.4907393464839631,41.87622346032224,32.11865682879084,76.69902912621359,37.53952717964162,200.55698593336385,1.084174070170155,23.71630778497214,1.4907393464839631,0.4065652763138081,1.6262611052552325,2.710435175425388,6.098479144707122,0.8131305526276162,0.0,0.1355217587712693,0.5420870350850775
5591,Filip Kostić,407.86,Left Wing Back,Full Back,True,0.0,0.2330895098563232,1.1033197665865735,38.8368557838474,23.83170695826999,61.36363636363637,31.99627323101064,234.4504937461471,0.6619918599519443,26.259010444760456,2.4273034864904623,0.4413279066346294,0.6619918599519443,1.9859755798558327,4.413279066346295,0.2206639533173147,0.0,0.2206639533173147,5.2959348796155545
5592,Bryan Ruiz González,327.92,Right Wing,Winger,True,0.0,0.2440485444620639,0.54891436935838,37.32617711636985,28.81800439131496,77.20588235294117,37.87509148572823,239.98237640328745,2.47011466211271,12.350573310563552,0.82337155403757,1.37228592339595,0.27445718467919,3.0190290314710904,4.39131495486704,0.54891436935838,0.0,0.27445718467919,0.27445718467919
5597,Keylor Navas Gamboa,585.1899999999999,Goalkeeper,Goalkeeper,True,0.0,0.0,0.0,26.60674310907569,15.533416497206035,58.38150289017341,12.918881047181255,84.32774139230771,0.0,0.153796202942634,0.0,0.0,0.153796202942634,0.0,6.613236726533263,0.0,0.0,0.0,0.0
5598,Óscar Esau Duarte Gaitán,490.09,Center Back,Centre Back,True,0.0,0.0201603241241404,0.367279479279316,33.05515313513845,24.056805892795204,72.77777777777777,21.66948927747965,129.39791603913991,0.367279479279316,5.509192189189741,1.1018384378379482,1.469117917117264,4.407353751351793,1.2854781774776065,2.570956354955213,0.5509192189189741,0.0,0.367279479279316,0.367279479279316
5600,Francisco Javier Calvo Quesada,599.07,Left Center Back,Centre Back,True,0.1502328609344483,0.0452421025088887,0.4506985828033451,40.41263959136661,31.39866793529972,77.69516728624535,28.093544994741848,139.09565635700395,1.8027943312133805,9.915368821673592,2.704191496820071,1.502328609344484,2.253492914016726,2.1032600530822774,3.755821523361209,0.0,0.0,0.0,0.0
5603,Nikola Milenković,865.67,Right Center Back,Centre Back,True,0.0,0.0128048412559058,0.3118971432532027,52.29475435212032,47.20043434565135,90.25844930417496,38.46731433456167,180.0779980031011,0.0,7.069668580405928,1.767417145101482,0.9356914297596082,4.262594291127105,1.6634514306837478,3.015005718114293,0.1039657144177342,0.0,0.0,0.0
5604,Young-Gwon Kim,661.92,Left Center Back,Centre Back,True,0.2719361856417694,0.1580126970630892,0.4079042784626541,40.65445975344453,34.12799129804206,83.94648829431438,31.680565627266137,184.24101068545752,0.2719361856417694,4.894851341551849,0.8158085569253083,0.9517766497461928,3.263234227701233,1.495649021029732,1.6316171138506166,0.2719361856417694,0.0,0.0,0.2719361856417694
5607,Andreas Granqvist,476.83,Left Center Back,Centre Back,True,0.3774930268649203,0.3662718201455445,1.132479080594761,32.27565379695069,26.42451188054443,81.87134502923976,23.404567665625063,159.5389517755402,0.3774930268649203,4.718662835811505,0.5662395402973806,0.7549860537298407,6.794874483568567,2.4537046746219824,2.076211647757062,0.3774930268649203,0.0,0.0,0.0
5612,Mikael Lustig,688.49,Right Back,Full Back,True,0.0,0.0097984451262908,0.392162558642827,39.86986012868742,27.059216546355067,67.8688524590164,22.353265842641143,85.2057819324638,0.2614417057618847,9.150459701665966,1.0457668230475388,0.9150459701665964,5.359554968118636,3.268021322023559,3.137300469142616,0.9150459701665964,0.0,0.0,2.22225449897602
5613,Viktor Claesson,559.6,Right Midfield,Midfielder,True,0.1608291636883488,0.2157155456397426,1.2866333095067906,26.85847033595425,18.334524660471764,68.26347305389223,19.460328806290207,115.07652760901018,0.8041458184417442,26.215153681200857,1.769120800571837,1.6082916368834883,1.1258041458184416,3.377412437455325,5.789849892780557,0.9649749821300928,0.1608291636883488,0.1608291636883488,0.8041458184417442
5617,Sebastian Larsson,713.09,Right Midfield,Midfielder,True,0.0,0.015577967339326,0.6310563883941718,38.368228414365646,28.271326200058898,73.68421052631578,23.727720203620866,112.26129925360289,0.1262112776788343,16.155043542890798,1.6407466098248469,1.0096902214306749,1.8931691651825155,2.145591720540184,3.029070664292025,0.8834789437518406,0.0,0.0,2.0193804428613498
5618,Woo-Young Jung,464.06,Left Center Midfield,Midfielder,True,0.0,0.0151252846830151,0.7757617549454812,51.97603758134724,44.60630090936517,85.82089552238806,41.50325388958324,202.0819947965173,0.1939404387363703,18.230401241218807,1.939404387363703,1.5515235098909623,2.7151661423091844,1.745463948627333,4.848510968409257,0.3878808774727406,0.0,0.0,0.1939404387363703
5620,Hee-Chan Hwang,337.35,Left Wing,Winger,True,0.2667852378835038,0.2179451134015117,2.1342819030680302,24.27745664739884,16.540684748777235,68.13186813186813,31.747443308136948,240.9791681918105,2.401067140951534,20.809248554913296,2.401067140951534,1.0671409515340151,0.2667852378835038,1.8674966651845264,4.802134281903068,0.8003557136505113,0.0,0.0,1.6007114273010226
5621,Ludwig Augustinsson,838.62,Left Back,Full Back,True,0.1073191672032625,0.0498914361450955,0.42927666881305,33.05430349860485,20.39064176861988,61.68831168831169,18.995492594977463,104.55244674666976,0.1073191672032625,9.766044215496889,1.1805108392358874,0.7512341704228376,2.897617514488088,1.3951491736424124,2.6829791800815626,0.6439150032195751,0.0,0.0,3.3268941833011376
5622,Robin Olsen,888.48,Goalkeeper,Goalkeeper,True,0.0,0.0,0.0,23.29821717990276,10.94003241491086,46.95652173913044,9.8257698541329,57.28786964021933,0.0,0.0,0.0,0.0,0.0,0.1012965964343598,4.051863857374393,0.0,0.0,0.0,0.0
5623,Jae-Sung Lee,501.21,Right Midfield,Midfielder,True,0.0,0.0379604550188543,1.0773927096426648,37.70874483749327,32.14221583767283,85.23809523809524,31.96265038606572,217.818304853392,0.897827258035554,28.550906805530616,1.9752199676782187,1.0773927096426648,0.7182618064284432,1.9752199676782187,3.950439935356437,0.897827258035554,0.1795654516071108,0.0,0.1795654516071108
5624,Albin Ekdal,842.21,Left Center Midfield,Midfielder,True,0.0,0.0352428435425843,0.534308545374669,32.59282126785481,26.92915068688332,82.62295081967214,25.75367188705905,162.19008157132103,0.9617553816744042,20.51744814238729,1.816649054273875,1.3892022179741397,1.9235107633488084,2.137234181498676,4.060744944847484,0.2137234181498676,0.0,0.2137234181498676,0.0
5625,Emil Peter Forsberg,807.51,Left Midfield,Midfielder,True,0.5572686406360292,0.2700111254783222,3.2321581156889696,27.974885759928668,22.95946799420441,82.07171314741036,28.86651558494632,203.01874930821344,1.1145372812720584,19.0585875097522,0.6687223687632351,1.2259910093992643,1.0030835531448528,1.4488984656536763,4.458149125088234,0.6687223687632351,0.0,0.0,0.2229074562544117
5628,José Luis Rodríguez Francis,337.92,Right Wing,Winger,True,0.0,0.0471408512961647,1.331676136363637,23.70383522727273,18.64346590909092,78.65168539325843,27.166193181818183,188.69788546160933,0.5326704545454546,17.84446022727273,0.7990056818181819,1.864346590909091,0.0,1.331676136363637,3.9950284090909096,0.2663352272727273,0.0,0.0,1.0653409090909092
5630,Dries Mertens,582.4300000000001,Right Attacking Midfield,Attacking Midfielder,True,0.1545250072970142,0.122968251188984,1.5452500729701422,33.84097659804611,23.333276101849144,68.94977168949772,28.587126349947628,108.84179294192508,0.1545250072970142,25.496626204007345,1.2362000583761137,1.0816750510790996,0.1545250072970142,0.9271500437820852,2.626925124049241,1.8543000875641704,0.1545250072970142,0.3090500145940284,2.472400116752228
5632,Thorgan Hazard,592.33,Left Wing Back,Full Back,True,0.3038846588894703,0.1422203026860027,1.0635963061131462,60.16916246011513,50.59679570509682,84.0909090909091,43.91133320952847,208.02199735844863,0.759711647223676,21.72775311059713,2.583019600560498,1.9752502827815568,1.3674809650026167,1.519423294447352,3.3427312477841737,1.519423294447352,0.0,0.1519423294447351,1.519423294447352
5633,Yannick Ferreira Carrasco,733.37,Left Wing Back,Full Back,True,0.0,0.1276248944870938,2.0862593233974667,34.975523951075175,28.716745980882777,82.10526315789474,36.08001418110913,255.3132305163591,1.840817050056588,14.11293071710051,1.9635381867270272,0.4908845466817568,0.7363268200226353,1.7180959133861489,2.945307280090541,0.4908845466817568,0.0,0.3681634100113176,1.7180959133861489
5634,Erick Javier Davis Grajales,555.05,Left Wing Back,Full Back,True,0.0,0.0065345448157823,0.1621475542743897,50.10359427078642,38.75326547157914,77.34627831715211,34.05098639762184,143.19544100059704,0.1621475542743897,9.72885325646338,1.135032879920728,0.8107377713719486,2.107918205567066,0.9728853256463382,2.918655976939015,1.135032879920728,0.1621475542743897,0.0,5.026574182506081
5637,Edgar Yoel Bárcenas Herrera,600.94,Left Wing,Winger,True,0.0,0.1106520599261157,1.7971844110892932,31.30096182647186,24.861051020068555,79.42583732057416,32.349319399607275,215.5407025934562,1.1981229407261955,17.52254800812061,0.5990614703630978,1.1981229407261955,0.1497653675907744,0.2995307351815489,4.792491762904782,1.34788830831697,0.0,0.1497653675907744,2.2464805138616164
5639,Anga Dedryck Boyata,465.9500000000001,Center Back,Centre Back,True,0.0,0.0196011906856958,0.1931537718639339,70.30797295847194,67.60382015237685,96.15384615384616,59.68451550595557,242.32381629026293,0.1931537718639339,5.408305612190149,0.9657688593196694,2.124691490503273,4.056229209142612,1.1589226311836032,2.124691490503273,0.1931537718639339,0.0,0.0,0.0
5641,Michael Amir Murillo Bermudez,517.62,Right Wing Back,Full Back,True,0.1738727251651791,0.1288207094007186,1.0432363509910745,43.64205401645995,33.90518140720992,77.68924302788844,34.948417758201,254.85251655886432,1.5648545264866116,10.258490784745566,1.2171090761562535,0.8693636258258954,1.2171090761562535,1.0432363509910745,2.9558363278080444,0.5216181754955372,0.0,0.0,2.434218152312507
5642,Axel Witsel,1169.4,Left Defensive Midfield,Defensive Midfielder,True,0.0,0.0217524304002052,0.6926629040533606,54.56644433042585,51.87275525910723,95.06346967559944,45.7157516675218,262.4845892542002,0.3848127244740892,18.16316059517701,1.6931759876859926,0.538737814263725,0.9235505387378142,1.7701385325808103,4.386865059004617,0.3848127244740892,0.0,0.0,0.1539250897896356
5647,Ali Maâloul,387.4500000000001,Left Back,Full Back,True,0.0,0.0,0.0,59.465737514518,47.15447154471544,79.296875,36.2369337979094,166.63696272912327,0.2322880371660859,16.260162601626014,1.1614401858304295,0.6968641114982578,1.1614401858304295,2.322880371660859,2.322880371660859,1.858304297328688,0.0,0.0,3.716608594657375
5651,Yassine Meriah,872.16,Right Center Back,Centre Back,True,0.0,0.0350696022977435,0.3095762245459549,54.38222344523941,46.02366538249863,84.62998102466793,39.10979636763896,238.32310551131275,0.2063841496973032,9.906439185470555,1.4446890478811227,1.135112823335168,4.850027517886626,1.5478811227297746,3.611722619702807,0.1031920748486516,0.0,0.1031920748486516,0.1031920748486516
5660,Piotr Zieliński,1146.61,Right Center Midfield,Midfielder,True,0.0784922510705471,0.1047771739475497,1.726829523552036,47.01685839125771,37.12683475636878,78.96494156928213,34.92905172639346,259.77137136676885,1.1773837660582065,14.207097443769024,1.0988915149876592,0.7064302596349239,0.7064302596349239,1.2558760171287535,3.924612553527355,1.5698450214109418,0.1569845021410942,0.2354767532116413,1.3343682681993003
5668,Robert Lewandowski,1087.06,Center Forward,Forward,True,0.4967527091420897,0.5710771146670837,3.1461004912332347,21.36036649310985,15.978878810737218,74.8062015503876,22.022703438632643,146.4055441867079,0.9107133000938312,11.508104428458411,0.8279211819034829,0.3311684727613931,1.3246738910455724,1.0762975364745275,3.39447684580428,0.9107133000938312,0.0827921181903482,0.0827921181903482,0.7451290637131345
5669,Wojciech Szczęsny,1052.54,Goalkeeper,Goalkeeper,True,0.0,0.0,0.0,27.276873087958656,17.10148782944116,62.695924764890286,13.424667946111311,79.3159165343899,0.0855074391472058,0.0,0.0,0.0,0.0,0.2565223174416174,3.4202975658882324,0.0,0.0,0.0,0.0
5673,Bartosz Bereszyński,836.46,Left Back,Full Back,True,0.0,0.0121707045405638,0.3227888960619754,46.911986227673765,38.0890897353131,81.19266055045871,32.17129330751022,174.16841420794054,0.7531740908112761,14.310307725414246,2.6899074671831285,1.398751882935227,3.1202926619324294,2.90510006455778,4.519044544867656,0.2151925973746503,0.0,0.0,1.398751882935227
5675,Kalidou Koulibaly,1089.67,Right Center Back,Centre Back,True,0.1651876256114236,0.0991276465902521,0.412969064028559,43.857314599832975,35.350151880844656,80.60263653483992,31.468242678976203,187.5799096156885,0.1651876256114236,8.424568906182605,1.6518762561142362,1.0737195664742536,4.873034955536997,1.4040948176971009,3.055971073811337,0.3303752512228472,0.0,0.1651876256114236,0.0
5677,Fedor Kudryashov,424.18,Left Back,Full Back,True,0.0,0.0,0.0,28.219152246687727,21.64175585836201,76.69172932330827,11.457400160309303,75.41810483452839,0.0,13.579140930736951,0.8486963081710595,0.8486963081710595,2.333914847470413,1.273044462256589,2.758263001555943,0.2121740770427648,0.0,0.0,0.0
5678,Jefferson Andrés Lerma Solís,626.67,Center Defensive Midfield,Defensive Midfielder,True,0.2872325147206664,0.0578742151371535,1.436162573603332,45.66996984058596,37.6274594284073,82.38993710691824,33.17535545023697,163.0730786152662,0.1436162573603332,13.49992819187132,1.7233950883239983,1.5797788309636651,1.0053138015223324,2.154243860404998,3.59040643400833,0.5744650294413328,0.0,0.0,0.0
5679,Yūya Ōsako,320.35,Center Forward,Forward,True,0.2809427189012017,0.325914793194943,1.9665990323084128,21.91353207429374,14.609021382862494,66.66666666666666,22.475417512096143,112.4172872228432,1.123770875604807,17.41844857187451,0.8428281567036053,0.2809427189012017,0.0,1.123770875604807,1.9665990323084128,1.685656313407211,0.0,0.0,0.8428281567036053
5687,Takashi Inui,305.1,Left Wing,Winger,True,0.5899705014749262,0.1627396033923303,2.654867256637168,37.46312684365782,31.26843657817109,83.46456692913385,38.3480825958702,251.52182545325715,1.1799410029498525,16.8141592920354,1.4749262536873156,1.4749262536873156,0.2949852507374631,2.359882005899705,3.2448377581120944,0.2949852507374631,0.2949852507374631,0.0,1.7699115044247786
5689,Juan Guillermo Cuadrado Bello,347.07,Right Center Forward,Forward,True,0.5186273662373585,0.2869080707926355,1.8151957818307545,44.86126717953151,35.52597458725905,79.1907514450867,49.528913475667736,299.6324679849677,3.3710778805428303,12.187743106577924,0.2593136831186792,0.2593136831186792,1.296568415593396,1.037254732474717,6.223528394848302,1.8151957818307545,0.2593136831186792,0.0,3.3710778805428303
5690,Yuto Nagatomo,587.1899999999999,Left Back,Full Back,True,0.0,0.0117321968528074,0.3065447299851837,45.82843713278497,36.17227813825168,78.92976588628763,32.0339242834517,174.2448462534264,0.9196341899555512,13.334695754355492,1.8392683799111025,1.072906554948143,1.8392683799111025,1.2261789199407347,3.3719920298370205,0.4598170949777755,0.1532723649925918,0.0,2.145813109896286
5691,Johan Andrés Mojica Palacio,967.66,Left Back,Full Back,True,0.0,0.0062995958621829,0.1860157493334435,50.596283818696655,38.319244362689375,75.73529411764706,38.784283736022985,245.98758700751995,1.1160944960006614,11.625984333340224,1.860157493334436,1.0230866213339396,0.930078746667218,1.7671496186677138,5.580472480003308,0.5580472480003307,0.0,0.0,3.0692598640018187
5692,Juan Fernando Quintero Paniagua,375.04,Center Attacking Midfield,Attacking Midfielder,True,0.2399744027303754,0.0576418493040742,2.1597696245733786,56.15401023890784,42.23549488054607,75.21367521367522,47.274957337883954,300.0174024640988,1.4398464163822524,11.758745733788396,0.4799488054607508,0.0,0.2399744027303754,0.2399744027303754,4.319539249146757,1.4398464163822524,0.4799488054607508,0.0,1.9197952218430032
5693,Gaku Shibasaki,346.83,Left Defensive Midfield,Defensive Midfielder,True,0.0,0.0139554389758671,0.259493123432229,63.57581524089612,50.082172822420205,78.77551020408163,46.70876221780124,224.8193289199604,0.518986246864458,17.645532393391576,1.2974656171611454,1.8164518640256035,1.5569587405933742,1.037972493728916,3.373410604618978,1.5569587405933742,0.259493123432229,0.259493123432229,3.1139174811867485
5695,James David Rodríguez Rubio,629.34,Center Attacking Midfield,Attacking Midfielder,True,0.1430069596720373,0.1763324526360949,1.573076556392411,58.77586042520736,45.905234054724,78.1021897810219,45.04719229669177,204.7951718640389,1.2870626370483362,16.016779483268184,1.7160835160644483,0.2860139193440747,0.0,1.1440556773762989,4.576222709505196,2.2881113547525977,1.1440556773762989,0.4290208790161121,3.146153112784822
5696,Santiago Arias Naranjo,598.87,Right Back,Full Back,True,0.0,0.0059127618013926,0.3005660660911383,42.22953228580493,32.31085210479736,76.51245551601423,25.84868168383789,124.42429842418552,0.1502830330455691,13.976322073237933,1.3525472974101225,0.9016981982734148,1.5028303304556916,1.3525472974101225,3.757075826139229,0.4508490991367074,0.0,0.0,1.051981231318984
5713,Mohammed Kanoo,317.79,Left Center Midfield,Midfielder,True,0.0,0.1060930269045596,1.982441234777684,43.896913055791565,35.6839422259983,81.29032258064515,33.418295100538096,169.53276945652857,1.4160294534126312,12.177853299348628,1.982441234777684,0.5664117813650525,2.8320589068252624,1.4160294534126312,5.380911922967998,0.0,0.0,0.0,0.0
5714,Mohammed Khalil Al Owais,392.56,Goalkeeper,Goalkeeper,True,0.0,0.0,0.0,28.19951090279193,15.589973507234564,55.28455284552846,9.39983696759731,37.323008102811,0.0,0.2292643162828612,0.0,0.0,0.0,0.0,4.356022009374363,0.0,0.0,0.0,0.0
5715,Ali Albulayhi,330.96,Left Center Back,Centre Back,True,0.0,0.0,0.0,35.6236403190718,29.097171863669328,81.67938931297711,24.746192893401016,189.55936376452,0.0,5.710659898477158,1.6316171138506166,1.3596809282088471,2.4474256707759245,1.3596809282088471,2.7193618564176942,0.0,0.0,0.0,0.0
5717,Diego Sebastián Laxalt Suárez,321.47,Left Back,Full Back,True,0.0,0.0053113138706566,0.2799639157619684,34.43556163872211,24.35686067129125,70.73170731707317,22.95704109248141,133.7661250196547,0.5599278315239369,18.757582356051884,2.7996391576196844,1.6797834945718106,1.3998195788098422,1.959747410333779,1.959747410333779,0.8398917472859053,0.0,0.0,1.959747410333779
5719,Marco Asensio Willemsen,378.88,Center Forward,Forward,True,0.2375422297297297,0.2266709335673564,3.088048986486487,43.70777027027027,35.15625,80.43478260869566,39.9070945945946,255.942432432962,1.187711148648649,9.02660472972973,0.4750844594594594,0.0,0.0,0.7126266891891893,1.9003378378378373,0.9501689189189187,0.0,0.0,3.563133445945946
5721,Daniel Carvajal Ramos,886.91,Right Back,Full Back,True,0.1014759107462989,0.0444084327327462,0.4059036429851957,65.04605878837762,57.9427450361367,89.0795631825273,47.9981057829994,206.764040335229,0.3044277322388968,10.046115163883597,1.4206627504481857,0.5073795537314948,0.7103313752240927,1.92804230417968,4.566415983583453,0.9132831967166906,0.1014759107462989,0.0,1.522138661194484
5722,Saeid Ezatolahi Afagh,409.56,Center Defensive Midfield,Defensive Midfielder,True,0.0,0.0505418475021974,0.8789920890711984,30.105479050688544,22.19455024904776,73.72262773722628,20.216818048637563,119.17762990336342,0.2197480222677996,17.360093759156165,1.3184881336067975,0.8789920890711984,2.417228244945796,2.417228244945796,3.735716378552593,0.4394960445355992,0.0,0.2197480222677996,0.6592440668033988
5732,Andreas Evald Cornelius,349.25,Center Forward,Forward,True,0.0,0.3094078406585541,2.576950608446672,24.22333571939871,15.204008589835365,62.76595744680851,21.904080171796707,139.8689444021905,1.80386542591267,14.688618468146029,0.0,0.0,0.2576950608446671,0.5153901216893343,3.092340730136006,1.546170365068003,0.2576950608446671,0.0,1.546170365068003
5830,Kenneth Josiah Omeruo,331.59000000000003,Left Center Back,Centre Back,True,0.271419524111101,0.2246460037998733,0.5428390482222021,32.570342893332125,24.97059621822129,76.66666666666667,23.613498597665792,102.58360027266626,0.271419524111101,7.328327150999727,1.3570976205555052,1.899936668777707,4.885551433999819,0.271419524111101,3.257034289333212,0.0,0.271419524111101,0.271419524111101,0.0
5834,Mario Gavranović,300.44,Right Center Forward,Forward,True,0.8986819331646918,0.6426335702636133,1.7973638663293836,14.378910930635069,10.7841831979763,75.0,14.978032219411528,75.63798985210683,0.5991212887764612,20.37012381839968,0.5991212887764612,0.0,0.2995606443882306,0.8986819331646918,1.7973638663293836,0.8986819331646918,0.2995606443882306,0.0,0.2995606443882306
5836,Bryan Oviedo,463.02,Left Wing Back,Full Back,True,0.0,0.0162983097706362,0.5831281586108591,29.739536089153816,23.13075029156408,77.77777777777779,20.020733445639497,121.6830496481203,0.0,10.301930802125176,2.526888687313724,1.7493844758325774,1.943760528702864,2.3325126344434364,2.526888687313724,0.1943760528702864,0.0,0.0,0.971880264351432
5838,Fágner Conserva Lemos,382.31,Right Back,Full Back,True,0.0,0.0,0.0,53.673720279354455,47.31762182522037,88.1578947368421,40.96152337108629,207.33870254601555,0.4708221077136355,18.5974732546886,2.824932646281813,0.7062331615704532,0.9416442154272712,2.5895215924249952,2.354110538568177,0.9416442154272712,0.0,0.0,1.4124663231409065
5839,Yeltsin Ignacio Tejeda Valverde,302.37,Left Defensive Midfield,Defensive Midfielder,True,0.2976485762476436,0.1553954867546383,0.5952971524952873,30.65780335350729,24.407183252306776,79.6116504854369,18.454211727353904,62.01558336079677,0.0,12.501240202401032,1.4882428812382182,1.1905943049905745,2.083540033733505,2.6788371862287925,3.27413433872408,0.0,0.2976485762476436,0.0,0.0
6193,Andrés Mateus Uribe Villa,442.95,Center Defensive Midfield,Defensive Midfielder,True,0.0,0.3346673337622756,1.2190992211310532,39.0111750761937,34.13477819166949,87.5,31.087030138841858,136.6499146624769,1.015916017609211,19.50558753809685,2.4381984422621064,0.8127328140873689,1.015916017609211,2.6413816457839485,3.65729766339316,0.2031832035218422,0.0,0.0,0.2031832035218422
6196,Yerry Fernando Mina González,410.98,Right Center Back,Centre Back,True,0.6569662757311792,0.1687020051097377,0.6569662757311792,45.1116842668743,39.19898778529368,86.89320388349515,33.28629130371307,173.81133007205574,0.2189887585770597,8.321572825928268,1.9708988271935373,0.8759550343082388,4.379775171541194,2.189887585770597,3.284831378655895,0.0,0.0,0.0,0.0
6301,Youssef En-Nesyri,843.64,Center Forward,Forward,True,0.4267222986107818,0.2800157862951022,2.1336114930539094,11.094779763880329,7.147598501730595,64.42307692307693,7.467640225688682,29.25537902797398,0.6400834479161728,18.02901711630553,0.5334028732634774,0.0,1.4935280451377364,1.0668057465269547,2.2402920677066045,0.3200417239580864,0.0,0.0,0.0
6302,Kasper Dolberg,421.83,Center Forward,Forward,True,0.6400682739492213,0.355487310646469,2.3469170044804777,17.49519948794538,14.081502026882868,80.48780487804879,20.055472583742265,88.02175567737896,1.0667804565820354,16.85513121399616,0.8534243652656284,0.0,0.6400682739492213,1.0667804565820354,3.627053552378921,0.6400682739492213,0.0,0.2133560913164071,0.6400682739492213
6307,Duje Ćaleta-Car,309.76,Left Center Back,Centre Back,True,0.0,0.0,0.0,38.06172520661157,35.15625,92.36641221374046,27.020919421487605,132.4739937365636,0.290547520661157,13.65573347107438,1.162190082644628,1.162190082644628,5.229855371900826,0.581095041322314,1.4527376033057853,0.0,0.0,0.290547520661157,0.0
6318,Andrija Živković,480.52,Right Wing Back,Full Back,True,0.0,0.0072426087779905,0.3745941896279031,47.9480562723716,37.45941896279032,78.125,37.27212186797636,255.9310271736552,0.3745941896279031,15.54565886955798,1.1237825688837093,0.936485474069758,0.936485474069758,2.622159327395322,4.307833180720886,1.4983767585116126,0.3745941896279031,0.1872970948139515,3.3713477066511284
6321,Milos Veljkovic,607.49,Right Center Back,Centre Back,True,0.0,0.0,0.0,56.59352417323741,51.55640422064561,91.09947643979058,44.44517605228069,248.31423100181027,0.0,8.296432863092395,1.0370541078865494,0.2963011736818713,2.814861149977777,0.8889035210456139,1.7778070420912278,0.0,0.0,0.0,0.0
6322,Niklas Süle,408.3,Right Center Back,Centre Back,True,0.0,0.0167756120499632,0.2204261572373255,76.0470242468773,70.0955180014695,92.17391304347828,59.95591476855253,356.51087219488505,0.0,8.376193975018369,1.5429831006612784,0.6612784717119765,2.4246877296105804,1.322556943423953,3.747244673034533,0.2204261572373255,0.0,0.2204261572373255,0.440852314474651
6324,Leon Goretzka,386.99,Left Defensive Midfield,Defensive Midfielder,True,0.2325641489444171,0.2430191237499676,2.5582056383885887,35.58231478849583,30.698467660663063,86.27450980392157,26.74487712860797,185.67733371447432,0.4651282978888343,11.860771596165277,1.395384893666503,0.6976924468332515,0.2325641489444171,1.8605131915553368,3.7210263831106745,0.6976924468332515,0.0,0.6976924468332515,0.2325641489444171
6328,Kendall Jamaal Waston Manley,344.54999999999995,Right Center Back,Centre Back,True,0.261210274270788,0.0602114680017414,0.522420548541576,30.822812363952984,26.643447975620376,86.4406779661017,18.284719198955163,87.67418464435065,0.0,5.746626033957336,1.30605137135394,2.350892468437092,4.701784936874184,2.350892468437092,0.7836308228123642,0.0,0.0,0.0,0.0
6331,Leander Dendoncker,410.7,Right Defensive Midfield,Defensive Midfielder,True,0.0,0.0388469671292914,0.4382761139517896,60.92037983929876,56.53761869978086,92.80575539568343,49.74433893352813,247.6787919514712,0.2191380569758948,13.58655953250548,1.314828341855369,1.095690284879474,1.753104455807159,2.410518626734843,3.067932797662527,0.2191380569758948,0.0,0.0,0.4382761139517896
6332,Thomas Vermaelen,445.27,Left Center Back,Centre Back,True,0.0,0.0304007941249129,0.2021245536416107,52.956633054102014,48.91414198126979,92.36641221374046,42.24403171109664,233.79532025606005,0.0,9.701978574797314,2.223370090057718,1.2127473218496645,3.031868304624161,1.6169964291328858,2.223370090057718,0.0,0.0,0.0,0.0
6374,Nélson Cabral Semedo,390.57,Right Back,Full Back,True,0.0,0.0540254245333743,0.4608648897764805,51.84730009985406,43.55173208387741,84.0,41.938704969659724,252.53797858309383,1.613027114217682,12.673784468853214,3.226054228435364,0.0,0.4608648897764805,1.1521622244412013,3.917351563100085,0.4608648897764805,0.0,0.2304324448882402,1.613027114217682
6378,Jan Oblak,409.18,Goalkeeper,Goalkeeper,True,0.0,0.0,0.0,28.37382081235642,17.3762158463268,61.240310077519375,9.457940270785471,39.71404509443984,0.0,0.0,0.0,0.0,0.0,0.0,2.859377291167701,0.0,0.0,0.0,0.0
6383,Thomas Teye Partey,301.21000000000004,Right Defensive Midfield,Defensive Midfielder,True,0.0,0.0704395303940772,0.5975897214567909,54.08186979183957,45.7156136914445,84.5303867403315,40.33730619833339,223.78738613554543,1.1951794429135818,11.951794429135816,3.585538328740745,0.8963845821851862,1.7927691643703725,1.7927691643703725,4.183128050197536,0.5975897214567909,0.0,0.0,0.0
6393,Iñaki Williams Arthuer,389.74,Center Forward,Forward,True,0.0,0.0515839147380304,0.6927695386668035,14.779083491558474,11.084312618668855,75.0,12.469851696002465,86.89647665915595,0.9236927182224046,10.391543080002052,0.9236927182224046,0.2309231795556011,0.9236927182224046,1.154615897778006,3.6947708728896185,0.2309231795556011,0.0,0.0,0.2309231795556011
6399,Gareth Frank Bale,621.41,Right Wing,Winger,True,0.1448319145169855,0.3432128785021161,1.7379829742038269,22.88344249368372,14.772855280732529,64.55696202531645,20.85579569044592,177.7916742110077,1.4483191451698558,7.096763811332294,0.2896638290339711,0.7241595725849279,1.013823401618899,1.013823401618899,1.8828148887208125,0.8689914871019134,0.2896638290339711,0.4344957435509567,2.027646803237798
6655,Fabián Ruiz Peña,642.3,Left Defensive Midfield,Defensive Midfielder,True,0.2802428771602055,0.1767049382998599,2.52218589444185,70.20084072863149,62.21391872956563,88.62275449101796,62.35404016814573,349.7084124401216,1.120971508640822,13.31153666510976,1.120971508640822,0.560485754320411,0.560485754320411,1.5413358243811304,6.025221858944418,1.261092947220925,0.2802428771602055,0.7006071929005138,1.120971508640822
6685,Mikel Oyarzabal Ugarte,418.63,Center Forward,Forward,True,0.6449609440317225,0.425911228148962,3.43979170150252,35.47285192174474,30.528151350834865,86.06060606060606,34.3979170150252,174.27594542137325,1.289921888063445,17.843919451544323,0.6449609440317225,0.0,0.6449609440317225,1.71989585075126,2.794830757470798,1.934882832095168,0.2149869813439075,0.0,1.0749349067195375
6687,Saša Lukić,472.62,Right Defensive Midfield,Defensive Midfielder,True,0.0,0.0243246933477212,0.3808556557064873,59.413482290212,54.27193093817444,91.34615384615384,49.89209089754983,322.0293024295419,0.0,17.9002158182049,2.8564174177986543,0.5712834835597309,1.904278278532436,1.3329947949727057,5.1415513520375775,0.0,0.0,0.0,0.1904278278532436
6704,Theo Bernard François Hernández,1155.27,Left Back,Full Back,True,0.1558077332571606,0.1001757584980134,0.7790386662858033,56.32449557246358,50.40380170869148,89.48824343015215,46.04118517749097,239.29128484475405,0.934846399542964,8.958944662286738,2.4150198654859905,0.8569425329143837,1.402269599314446,1.7917889324573475,3.817289464800437,1.2464618660572853,0.1558077332571606,0.0,2.103404398971669
6748,Ferrán Torres García,773.25,Right Wing,Winger,True,0.5819592628516004,0.3343616225412221,1.9786614936954408,32.473326867119304,24.55868089233753,75.62724014336918,36.197866149369545,186.7879584938865,0.8147429679922407,12.919495635305529,0.8147429679922407,0.6983511154219205,0.0,1.8622696411251207,2.327837051406401,0.5819592628516004,0.11639185257032,0.3491755577109602,3.2589718719689627
6765,Rodrigo Hernández Cascante,1203.0,Right Center Back,Centre Back,True,0.0748129675810473,0.0968989470374064,0.7481296758104738,97.930174563591,92.46882793017456,94.42322383498856,78.25436408977555,413.5677789711443,0.0,10.473815461346634,1.4214463840399,0.6733167082294265,2.244389027431421,1.5710723192019949,4.638403990024938,0.8977556109725685,0.0,0.1496259351620947,0.2244389027431421
6773,Federico Santiago Valverde Dipetta,916.09,Right Defensive Midfield,Defensive Midfielder,True,0.2947308670545471,0.2233649318647731,2.3578469364363768,49.02356755340633,41.36056500998811,84.3687374749499,36.84135838181838,278.2607705650286,0.3929744894060627,10.610311213963694,1.3754107129212196,0.9824362235151568,0.8841926011636413,1.3754107129212196,4.224475761115174,1.277167090569704,0.0,0.7859489788121254,0.5894617341090942
6785,Yassine Bounou,998.72,Goalkeeper,Goalkeeper,True,0.0,0.0,0.0,29.28748798462032,22.078260173021462,75.38461538461539,13.517302146747838,63.16081337582523,0.0,0.1802306952899711,0.0,0.0,0.0,0.0,3.87495994873438,0.0,0.0,0.0,0.0
6798,Stanislav Lobotka,458.05,Center Defensive Midfield,Defensive Midfielder,True,0.0,0.0043047091365571,0.1964850998799257,51.8720663683004,49.12127496998144,94.6969696969697,43.03023687370374,259.16171242433137,0.5894552996397773,11.985591092675472,1.3753956991594805,0.7859403995197031,1.571880799039406,1.1789105992795543,4.715642397118218,0.7859403995197031,0.0,0.1964850998799257,0.0
6840,Marcos Llorente Moreno,393.93,Right Back,Full Back,True,0.0,0.092696710303861,1.142334932602239,84.30431802604524,76.30797349782956,90.5149051490515,70.82476582133881,334.4187757032398,0.4569339730408955,10.052547406899704,0.9138679460817912,0.2284669865204477,0.6854009595613434,1.142334932602239,7.082476582133881,1.142334932602239,0.0,0.0,3.198537811286269
6862,Cédric Bakambu,418.37,Center Forward,Forward,True,0.2151205870401797,0.4787020226832708,2.1512058704017973,7.529220546406291,4.517532327843775,60.0,9.465305829767908,47.31631532779512,0.4302411740803594,11.616511700169706,0.6453617611205392,0.2151205870401797,0.6453617611205392,0.2151205870401797,0.6453617611205392,0.0,0.2151205870401797,0.0,0.6453617611205392
6892,Pau Francisco Torres,491.72,Left Center Back,Centre Back,True,0.0,0.1250788866428048,0.54909297974457,113.84527780037418,105.79191409745384,92.92604501607715,95.359147482307,591.1043195355734,0.18303099324819,4.39274383795656,0.7321239729927601,1.09818595948914,2.0133409257300903,0.91515496624095,4.75880582445294,0.18303099324819,0.18303099324819,0.36606198649638,0.0
6909,Damián Emiliano Martínez,1373.57,Goalkeeper,Goalkeeper,True,0.0,0.0,0.0,26.536689065719266,19.853374782501074,74.81481481481481,16.380672262789666,69.94715432116136,0.0,0.0,0.0,0.0,0.0655226890511586,0.0,3.4727025197114094,0.1310453781023173,0.0,0.1310453781023173,0.0
6954,Giorgio Chiellini,467.76,Left Center Back,Centre Back,True,0.0,0.0135112838635197,0.3848127244740892,60.22319138019497,55.22062596203182,91.69329073482427,40.59774243201642,185.37459853044203,0.0,5.38737814263725,1.154438173422268,0.9620318111852232,5.772190867111339,1.539250897896357,2.308876346844536,0.1924063622370446,0.0,0.1924063622370446,0.0
6983,Remo Freuler,1336.64,Right Defensive Midfield,Defensive Midfielder,True,0.1346660282499401,0.0509125395768494,0.4039980847498204,42.62179794110605,37.50448886760833,87.99368088467614,32.18518075173569,148.45166561526267,0.2693320564998803,18.4492458702418,1.6159923389992816,1.3466602824994014,1.5486593248743117,1.6833253531242518,3.231984677998564,0.3366650706248503,0.2019990423749102,0.06733301412497,0.4713310988747904
6985,Robin Gosens,317.27,Left Wing Back,Full Back,True,0.2836700602010906,0.2244198538784001,1.7020203612065432,53.61364137800612,44.81986951177231,83.5978835978836,37.72811800674505,143.14809812076174,0.0,12.197812588646894,0.8510101806032716,2.8367006020109056,1.1346802408043624,1.4183503010054528,3.4040407224130864,1.1346802408043624,0.2836700602010906,0.8510101806032716,3.4040407224130864
6989,Timothy Castagne,684.64,Right Back,Full Back,True,0.0,0.0,0.0,56.657513437719096,48.50724468333723,85.61484918793504,41.54007945781724,158.19903204404972,0.2629118953026408,8.939004440289787,1.314559476513204,0.2629118953026408,2.366207057723768,2.234751110072447,2.497663005375088,0.0,0.0,0.0,0.7887356859079224
6990,Milan Škriniar,693.52,Left Center Back,Centre Back,True,0.1297727534894451,0.0385340738551159,0.5190910139577807,58.39773907025032,53.077056177183074,90.88888888888889,46.8479640096897,232.39555245392745,0.1297727534894451,4.931364632598916,0.6488637674472257,1.2977275348944517,5.450455646556697,1.687045795362787,3.114546083746684,0.2595455069788903,0.0,0.2595455069788903,0.0
6993,Bryan Cristante,301.16,Right Center Midfield,Midfielder,True,0.0,0.0626318872692256,1.1953778722273876,56.48160446274407,49.309337229379736,87.3015873015873,43.63129233629965,235.741258657863,0.2988444680568469,14.34453446672865,1.1953778722273876,1.1953778722273876,0.5976889361136938,2.390755744454775,2.091911276397928,0.8965334041705406,0.0,0.8965334041705406,1.1953778722273876
6994,Marten de Roon,436.82,Right Defensive Midfield,Defensive Midfielder,True,0.0,0.0050728927933702,0.2060345222288356,56.659493612929815,46.56380202371687,82.18181818181817,38.94052470124994,119.00438026383722,0.0,21.01552126734124,2.472414266746028,0.618103566686507,2.8844833112037,1.854310700059521,2.472414266746028,0.4120690444576713,0.0,0.618103566686507,0.4120690444576713
7005,João Pedro Cavaco Cancelo,692.6700000000001,Right Back,Full Back,True,0.0,0.0176406118497986,0.5197280090086188,68.21430118238122,57.94967300446099,84.95238095238096,56.91021698644375,313.9792036356125,2.078912036034476,7.146260123868507,2.3387760405387845,1.0394560180172376,2.3387760405387845,2.078912036034476,5.846940101346962,0.7795920135129282,0.0,0.2598640045043094,2.5986400450430938
7023,Franck Yannick Kessié,664.83,Right Center Midfield,Midfielder,True,0.406118857452281,0.28957856396372,1.4891024773250303,33.57249221605523,27.7514552592392,82.66129032258065,31.00040611885745,154.01682928063963,0.5414918099363747,12.048192771084338,1.6244754298091242,0.5414918099363747,0.9476106673886556,1.353729524840937,4.873426289427372,0.8122377149045621,0.1353729524840936,0.0,0.9476106673886556
7024,Jorge Luiz Frello Filho,953.29,Center Defensive Midfield,Defensive Midfielder,True,0.0944098857640382,0.1479402909922479,0.1888197715280764,71.75151318066905,67.03101889246715,93.42105263157896,60.139097231692354,262.93191492221143,0.5664593145842294,16.14409046565054,1.7937878295167264,1.8881977152807643,1.038508743404421,1.699377943752688,3.115526230213262,0.7552790861123059,0.0,0.7552790861123059,0.0944098857640382
7036,Gianluigi Donnarumma,1129.63,Goalkeeper,Goalkeeper,True,0.0,0.0,0.0,27.407204128785533,22.786222037304253,83.13953488372093,15.536060479980172,70.21854566373649,0.0,0.0796721050255393,0.0,0.0,0.1593442100510786,0.0,4.222621566353585,0.0,0.0,0.0,0.0
7037,Lorenzo Insigne,508.98,Left Wing,Winger,True,0.3536484734174231,0.1668128666155841,3.35966049746552,60.29706471767064,47.388895437934686,78.59237536656892,53.5777437227396,293.60220550404915,1.2377696569609808,11.49357538606625,0.7072969468348462,0.7072969468348462,0.1768242367087115,0.3536484734174231,5.481551337970058,2.2987150772132496,0.0,2.829187787339385,2.6523635506306733
7039,Hakan Çalhanoğlu,643.27,Right Defensive Midfield,Defensive Midfielder,True,0.1399101465947425,0.0408431058497986,1.5390116125421671,57.9228006902234,48.82864116156513,84.29951690821255,47.14971940242822,224.79399207941543,0.4197304397842274,15.25020597882693,1.11928117275794,0.8394608795684549,0.8394608795684549,1.11928117275794,3.497753664868562,1.3991014659474248,0.1399101465947425,0.1399101465947425,1.5390116125421671
7044,Patrik Schick,532.98,Center Forward,Forward,True,1.0131712259371837,0.5827759669030732,3.8838230327592025,22.96521445457616,16.548463356973997,72.05882352941177,20.09456264775413,116.13715901900896,1.182033096926714,12.49577845322526,1.3508949679162443,0.1688618709895305,1.519756838905775,0.6754474839581223,4.221546774738264,0.3377237419790611,0.0,0.0,0.3377237419790611
7104,Mathías Olivera Miramontes,685.48,Left Center Back,Centre Back,True,0.1312948590768512,0.1118893854233529,0.7877691544611075,47.52873898582016,40.83270117290074,85.91160220994475,34.793137655365584,256.35209891981776,0.0,13.65466534399253,3.282371476921281,1.181653731691661,2.888486899690728,2.757192040613876,5.120499503997199,0.9190640135379587,0.0,0.0,0.7877691544611075
7131,Domenico Berardi,394.19,Right Wing,Winger,True,0.2283162941728608,0.392427223521652,3.4247444125929123,31.5076485958548,23.516578299804664,74.63768115942028,30.82269971333621,222.18209926951408,0.4566325883457216,19.40688500469317,0.4566325883457216,2.054846647555747,1.5982140592100256,1.5982140592100256,2.7397955300743297,2.054846647555747,0.2283162941728608,0.6849488825185824,1.3698977650371649
7156,Federico Chiesa,724.22,Right Wing,Winger,True,0.2485432603352572,0.1193377778368451,2.9825191240230864,26.96694374637541,18.88928778547955,70.04608294930875,33.05625362458921,250.7551050044764,1.9883460826820576,15.161138880450691,1.1184446715086576,0.1242716301676286,0.3728148905028858,1.2427163016762863,4.846593576537516,0.9941730413410288,0.0,0.3728148905028858,2.9825191240230864
7162,Ádám Nagy,447.2,Center Defensive Midfield,Defensive Midfielder,True,0.0,0.0058257525268336,0.201252236135957,36.024150268336314,29.785330948121647,82.68156424581005,22.13774597495528,135.30580744893166,0.4025044722719141,14.087656529516996,1.4087656529516996,3.018783542039356,1.4087656529516996,2.415026833631485,4.025044722719142,0.201252236135957,0.0,0.0,0.0
7173,Leonardo Bonucci,703.0799999999999,Right Center Back,Centre Back,True,0.3840245775729647,0.3224506987967229,0.896057347670251,60.93189964157707,53.63543266769074,88.02521008403362,46.210957501280085,239.839478084235,0.2560163850486431,4.09626216077829,0.5120327700972862,1.6641065028161806,2.944188428059396,0.896057347670251,2.1761392729134665,0.2560163850486431,0.0,1.920122887864824,0.0
7197,Steven Moreira,436.01,Right Back,Full Back,True,0.0,0.0095291663952661,0.2064172840072475,45.41180248159446,38.80644939336253,85.45454545454545,33.64601729318135,151.34622457273426,0.2064172840072475,11.559367904405864,1.857755556065228,0.8256691360289902,1.032086420036238,1.444920988050733,4.334762964152199,0.6192518520217426,0.0,0.0,0.0
7294,Yoane Wissa,590.1800000000001,Left Wing,Winger,True,0.4574875461723542,0.6468424561659153,3.2024128232064792,21.19692297265241,15.249584872411804,71.94244604316546,23.026873157341825,189.187047029986,0.7624792436205903,8.997255074722965,1.2199667897929445,0.304991697448236,0.304991697448236,1.8299501846894168,4.422379612999423,0.7624792436205903,0.0,0.152495848724118,1.0674709410688263
7295,Sikou Niakate,510.65,Left Center Back,Centre Back,True,0.0,0.0,0.0,58.68990502300989,48.64388524429649,82.88288288288288,43.53275237442476,264.6424037751332,0.3524919220601195,4.229903064721434,0.704983844120239,0.5287378830901792,4.934886908841673,0.8812298051502987,2.4674434544208363,0.1762459610300597,0.0,0.1762459610300597,0.1762459610300597
7360,Julian Jeanvier,387.68,Left Center Back,Centre Back,True,0.0,0.0587279223070573,0.928600907965332,42.48349153941395,36.21543541064796,85.24590163934425,30.17952950887329,178.62584307083455,0.0,5.3394552208006605,0.464300453982666,1.1607511349566653,5.571605447791993,0.232150226991333,0.928600907965332,0.464300453982666,0.0,0.0,0.0
7379,Edouard Mendy,807.4000000000001,Goalkeeper,Goalkeeper,True,0.0,0.0,0.0,28.758979440178347,22.62818924944265,78.68217054263566,13.93361406985385,69.64574043142896,0.0,0.2229378251176616,0.0,0.0,0.1114689125588308,0.1114689125588308,4.570225414912063,0.0,0.0,0.0,0.0
7426,Jean-Charles Castelletto,587.89,Right Center Back,Centre Back,True,0.3061797275000425,0.1577233778598037,0.4592695912500638,46.23313885250643,37.96628621000527,82.11920529801324,33.8328598887547,174.32185495981557,0.3061797275000425,5.511235095000766,1.3778087737501914,2.143258092500297,4.745785776250659,1.683988501250234,4.745785776250659,0.4592695912500638,0.1530898637500212,0.3061797275000425,1.5308986375002127
7459,Jawad El Yamiq,338.15,Right Center Back,Centre Back,True,0.0,0.017057165163389,0.2661540736359604,42.584651781753664,38.06003252994234,89.375,32.73695105722312,144.50316987668373,0.0,4.790773325447288,1.0646162945438415,1.330770368179802,5.323081472719208,2.129232589087683,3.460002957267485,0.0,0.0,0.0,0.0
7480,Alessandro Bastoni,475.67,Right Center Back,Centre Back,True,0.189206803035718,0.0851776445855319,0.5676204091071541,79.08844366893014,73.22303277482288,92.58373205741628,61.11379738053692,312.8252286160777,0.0,8.70351293964303,1.135240818214308,0.378413606071436,3.594929257678643,1.702861227321462,3.216515651607206,0.7568272121428721,0.0,0.0,0.5676204091071541
7655,Lasha Dvali,380.24,Left Center Back,Centre Back,True,0.0,0.0,0.0,33.847043972228064,28.87649905322954,85.3146853146853,22.24910582789817,80.20465095747852,0.0,7.100778455712181,1.6568483063328423,0.0,4.970544918998527,2.8403113822848725,1.6568483063328423,0.0,0.0,0.0,0.0
7693,Bruno Petković,527.39,Center Forward,Forward,True,0.1706516998805438,0.2412788347712319,1.1945618991638067,26.280361781603748,16.89451828817384,64.28571428571429,25.085799882439943,133.69729547535815,0.853258499402719,12.457574091279698,1.0239101992832629,0.3413033997610876,0.6826067995221753,1.0239101992832629,3.754337397371964,1.1945618991638067,0.0,0.1706516998805438,0.5119550996416314
7713,Obite Evan Ndicka,736.74,Left Center Back,Centre Back,True,0.0,0.0522619325677986,0.8551184949914489,56.315660884436845,50.20767163449793,89.15401301518439,42.26728560957732,223.4801576604329,0.0,5.863669679941364,0.8551184949914489,0.1221597849987784,3.542633764964574,1.5880772049841192,2.5653554849743463,0.2443195699975568,0.0,0.2443195699975568,0.0
7753,Jamiro Gregory Monteiro Alvarenga,389.62,Left Center Midfield,Midfielder,True,0.2309943021405472,0.1374891303834505,0.6929829064216416,39.73101996817412,32.57019660181715,81.97674418604652,32.8011909039577,148.14395315244093,0.2309943021405472,16.169601149838304,0.9239772085621888,0.6929829064216416,0.2309943021405472,1.6169601149838304,3.695908834248755,2.540937323546019,0.0,0.0,1.1549715107027358
7787,Stefan de Vrij,904.13,Right Center Back,Centre Back,True,0.0995432072821386,0.0502787708072954,0.4977160364106931,59.128665125590345,54.64922079789411,92.42424242424242,46.58622100804088,253.8295316722076,0.0995432072821386,10.053863935496002,2.090407352924911,1.592691316514218,3.981728291285545,1.4931481092320793,3.484012254874852,0.0995432072821386,0.0,0.0,0.0995432072821386
7788,Ciro Immobile,446.4,Center Forward,Forward,True,0.403225806451613,0.2947404334677419,3.629032258064516,26.00806451612904,20.766129032258064,79.84496124031007,24.395161290322584,136.34872583740764,0.2016129032258065,20.766129032258064,0.0,0.2016129032258065,0.403225806451613,1.4112903225806457,3.629032258064516,0.403225806451613,0.2016129032258065,0.403225806451613,0.2016129032258065
7791,Seko Fofana,641.95,Left Center Midfield,Midfielder,True,0.1401978347223303,0.0868176158002959,2.3833631902796166,32.52589765558065,28.31996261391074,87.06896551724138,31.54451281252433,229.3745253482318,1.2617805125009736,8.832463587506814,0.8411870083339823,0.1401978347223303,0.4205935041669911,0.9813848430563128,4.486330711114572,0.7009891736116519,0.0,0.1401978347223303,0.7009891736116519
7796,Silvan Widmer,893.39,Right Wing Back,Full Back,True,0.0,0.0277589339482197,0.4029595137621867,45.13146554136492,35.56117708951298,78.79464285714286,30.020483775282912,132.40349544104416,0.1007398784405466,14.708022252319816,2.4177570825731203,1.309618419727107,2.619236839454214,2.1155374472514805,3.223676110097494,0.2014797568810933,0.1007398784405466,0.1007398784405466,0.7051791490838268
7797,Rodrigo Javier De Paul,1171.72,Right Midfield,Midfielder,True,0.0,0.0517860524613388,0.8449117536612842,65.36544566961389,54.91926398798348,84.01880141010577,53.30625064008466,286.2939134875597,0.3840507971187655,15.82289284129314,1.6130133478988151,0.8449117536612842,0.3072406376950125,1.997064145017581,4.301368927730175,1.22896255078005,0.0768101594237531,0.614481275390025,1.5362031884750622
7801,Antonín Barák,322.15,Right Attacking Midfield,Attacking Midfielder,True,0.0,0.0532945670650318,0.8381188887164366,35.200993326090334,28.21666925345336,80.15873015873017,30.451652956697192,226.6138393660453,1.6762377774328732,10.895545553313674,0.5587459258109577,1.1174918516219154,0.0,0.5587459258109577,5.02871333229862,1.396864814527394,0.0,0.2793729629054788,2.234983703243831
7829,Wout Weghorst,456.92,Right Center Forward,Forward,True,0.984855116869474,0.3845732957191631,2.363652280486737,19.69710233738948,13.394029589424845,68.0,14.772826753042107,60.08175203411136,0.0,24.818348945110746,1.1818261402433687,0.0,0.7878840934955792,1.969710233738948,2.5606233038606323,0.984855116869474,0.1969710233738948,0.0,0.1969710233738948
7839,Guram Kashia,380.24,Center Back,Centre Back,True,0.0,0.0,0.0,27.92972859246792,23.90595413423101,85.59322033898306,18.93540921523248,80.99171626062271,0.0,4.497159688617716,1.1834630759520302,0.7100778455712181,6.62739322533137,4.023774458236903,2.1302335367136545,0.0,0.0,0.0,0.0
7843,Mason Mount,675.51,Center Attacking Midfield,Attacking Midfielder,True,0.0,0.0943020139894302,1.4655593551538837,34.37402851179109,28.37855842252521,82.55813953488372,30.51028112093085,157.7357646176945,0.7993960119021184,21.5836923213572,1.3323266865035308,0.2664653373007061,0.0,1.8652573611049428,2.9311187103077674,1.1990940178531777,0.133232668650353,0.2664653373007061,1.5987920238042368
7975,Lukáš Haraslín,452.49,Left Wing,Winger,True,0.0,0.1005221036928992,2.1878936551084003,20.685540011933963,15.315255585758802,74.03846153846155,22.276735397467345,142.39670440738055,1.7900948087250546,10.541669429158656,1.9889942319167275,1.1933965391500363,1.392295962341709,0.9944971159583637,2.784591924683418,1.392295962341709,0.1988994231916727,0.0,1.591195385533382
7979,Przemysław Frankowski,638.04,Right Wing Back,Full Back,True,0.0,0.0061566316531878,0.1410569870227572,35.2642467556893,26.23659958623284,74.4,28.49351137859696,172.3286890703172,0.4231709610682716,17.350009403799135,2.3979687793868725,0.8463419221365432,1.4105698702275722,2.1158548053413577,3.808538649614445,1.2695128832048148,0.1410569870227572,0.0,2.256911792364116
8069,Matthijs de Ligt,388.28,Center Back,Centre Back,True,0.0,0.2354378825847327,0.9271659627073248,39.86813639641496,36.85484701761616,92.44186046511628,31.75543422272587,176.5658721004448,0.2317914906768311,11.357783043164728,1.8543319254146493,0.6953744720304935,4.172246832182961,1.1589574533841558,2.5497063974451426,0.0,0.0,0.0,0.0
8108,Lawrence Ati-Zigi,301.21000000000004,Goalkeeper,Goalkeeper,True,0.0,0.0,0.0,22.70840941535805,15.238537897148168,67.10526315789474,7.17107665748149,36.54207656204633,0.0,0.0,0.0,0.0,0.0,0.0,2.390358885827164,0.0,0.0,0.0,0.0
8118,Frenkie de Jong,870.41,Left Defensive Midfield,Defensive Midfielder,True,0.1033995473397594,0.0745503959513332,0.2067990946795188,65.45191346606771,58.31734469962432,89.0995260663507,52.32017095391827,351.40360784549154,1.5509932100963917,15.303133006284394,2.0679909467951885,1.1373950207373538,1.1373950207373538,2.0679909467951885,4.549580082949415,0.723796831378316,0.1033995473397594,0.6203972840385565,0.4135981893590377
8125,Denzel Dumfries,1320.78,Right Wing Back,Full Back,True,0.2044246581565438,0.18041165477218,0.8176986326261755,42.24776268568573,31.890246672420844,75.48387096774194,30.731840276200423,129.72420567592175,0.3407077635942397,12.946895016581111,1.5672557125335032,0.6132739744696316,0.8176986326261755,1.7716803706900468,2.2486712397219826,0.6132739744696316,0.1362831054376959,0.0681415527188479,2.589379003316222
8181,Nicolò Barella,831.34,Right Center Midfield,Midfielder,True,0.2165179108427358,0.0519198116414463,0.6495537325282075,54.67077248779079,48.06697620708735,87.92079207920793,51.531262780571126,252.87150058338187,0.6495537325282075,19.16183510958212,1.623884331320519,0.8660716433709432,0.1082589554213679,1.299107465056415,4.330358216854717,1.190848509635047,0.2165179108427358,0.8660716433709432,0.1082589554213679
8217,Kingsley Coman,323.79,Right Wing,Winger,True,0.0,0.2708928568701935,1.6677476141943852,33.910868155285826,26.683961827110164,78.68852459016394,39.47002686926712,292.0938798702366,3.613453164087834,16.399518206244785,1.389789678495321,0.8338738070971926,0.2779579356990642,1.1118317427962567,4.447326971185027,1.389789678495321,0.0,0.0,3.057537292689706
8220,David Olatukunbo Alaba,403.1,Left Back,Full Back,True,0.0,0.0224689382783428,0.4465393202679235,74.57206648474323,61.39915653683949,82.33532934131736,55.59414537335648,377.8185576683692,0.6698089804018853,12.056561647233936,0.8930786405358471,2.009426941205656,2.679235921607541,1.116348300669809,6.028280823616968,1.786157281071694,0.4465393202679235,0.4465393202679235,1.786157281071694
8221,Jonathan Tah,327.12,Left Center Back,Centre Back,True,0.0,0.0059279268158473,0.2751283932501834,76.2105649303008,72.35876742479824,94.94584837545126,66.58107116654438,317.5855670482123,0.0,7.703595011005136,0.8253851797505503,1.1005135730007338,2.201027146001468,1.3756419662509172,1.6507703595011003,0.5502567865003669,0.0,0.0,0.0
8240,Koen Casteels,379.3,Goalkeeper,Goalkeeper,True,0.0,0.0,0.0,34.16820458739784,27.99894542578434,81.94444444444444,19.931452675982072,84.03655822088905,0.0,0.0,0.0,0.0,0.0,0.0,2.610071183759557,0.0,0.0,0.0,0.0
8246,Christian Pulisic,620.97,Left Wing,Winger,True,0.2898690758007633,0.2192233970240107,2.3189526064061066,34.92922363399198,21.595246147156868,61.82572614107884,34.49442002029084,320.6533833980444,1.4493453790038169,11.594763032030531,0.86960722740229,0.1449345379003816,0.1449345379003816,1.4493453790038169,4.637905212812213,1.8841489927049613,0.434803613701145,0.2898690758007633,2.753756220107252
8247,Joachim Andersen,747.54,Right Center Back,Centre Back,True,0.0,0.0545856915482783,0.963159162051529,69.46785456296654,58.632313989886825,84.40207972270363,54.90007223693716,276.889882383466,0.0,10.955935468336143,1.3243438478208525,0.6019744762822057,4.21382133397544,1.4447387430772936,3.250662171923911,0.2407897905128822,0.0,0.2407897905128822,0.4815795810257645
8259,Steven Bergwijn,309.25,Left Center Forward,Forward,True,0.0,0.1063464996281325,0.8730800323362976,35.50525464834276,30.848827809215845,86.88524590163934,32.88601455133387,202.2017925848886,1.16410670978173,8.730800323362974,0.582053354890865,0.2910266774454325,0.2910266774454325,0.582053354890865,2.6192400970088925,0.0,0.0,0.0,0.2910266774454325
8286,Leonardo Spinazzola,386.25,Left Back,Full Back,True,0.0,0.14531801592233,1.6310679611650485,48.932038834951456,42.1747572815534,86.19047619047619,40.07766990291262,341.59492860961944,2.0970873786407767,9.553398058252426,0.4660194174757281,1.3980582524271843,0.9320388349514565,2.563106796116505,3.728155339805826,1.6310679611650485,0.233009708737864,0.0,2.0970873786407767
8307,Martin Hinteregger,403.1,Left Center Back,Centre Back,True,0.0,0.0310940921855618,0.6698089804018853,56.710493674026296,48.002976928801786,84.64566929133859,40.41180848424708,289.9195122278932,0.0,9.377325725626395,2.9025055817415035,2.009426941205656,2.9025055817415035,1.5628876209377325,2.45596626147358,0.0,0.0,0.0,0.6698089804018853
8326,Andries Noppert,516.22,Goalkeeper,Goalkeeper,True,0.0,0.0,0.0,33.29975591801945,27.37205067606834,82.19895287958116,16.214017279454495,63.72483890160608,0.0,0.0,0.0,0.0,0.0,0.0,4.532951067374375,0.0,0.0,0.0,0.0
8400,Serge Gnabry,526.74,Center Forward,Forward,True,0.1708622849982913,0.1760621258115959,2.733796559972662,32.97642100467024,25.287618179747124,76.68393782383419,29.55917530470441,178.3011452428573,1.366898279986331,13.156395944868436,1.8794851349812047,1.366898279986331,0.5125868549948741,1.0251737099897482,5.296730834947033,1.0251737099897482,0.1708622849982913,0.5125868549948741,2.3920719899760794
8454,Mohamed Bayo,397.98,Center Forward,Forward,True,0.6784260515603798,0.4002128021257349,2.03527815468114,14.925373134328357,8.819538670284938,59.09090909090909,12.211668928086835,34.55091678612794,0.2261420171867933,10.854816824966075,0.4522840343735866,0.0,0.4522840343735866,1.1307100859339665,0.6784260515603798,0.2261420171867933,0.0,0.2261420171867933,0.6784260515603798
8506,Konrad Laimer,621.24,Right Wing,Winger,True,0.0,0.0576857103534865,0.5794861889124976,34.769171334749856,27.96020861502801,80.41666666666667,31.58199729573112,228.576222929414,0.8692292833687464,32.16148348464362,2.173073208421866,0.5794861889124976,0.5794861889124976,1.5935870195093684,4.201274869615607,0.7243577361406219,0.0,0.5794861889124976,0.5794861889124976
8509,Willi Orban,575.38,Center Back,Centre Back,True,0.0,0.0888310964927526,0.4692551009767458,34.255622371302444,29.25023462755049,85.38812785388129,22.36782647989155,116.95975714145284,0.1564183669922486,8.603010184573673,1.564183669922486,0.4692551009767458,6.569571413674441,2.346275504883729,2.346275504883729,0.3128367339844972,0.0,0.1564183669922486,0.0
8518,Marcel Sabitzer,788.46,Center Attacking Midfield,Attacking Midfielder,True,0.1141465641884179,0.1639534622935849,2.625370976333612,47.02838444562819,36.18446084772848,76.94174757281553,39.26641808081577,220.6523892254716,0.6848793851305076,11.52880298303021,0.7990259493189256,0.9131725135073434,0.1141465641884179,1.141465641884179,4.680009131725135,1.2556122060725972,0.1141465641884179,0.4565862567536717,2.282931283768358
8519,Dayotchanculle Upamecano,1126.86,Right Center Back,Centre Back,True,0.0,0.0181755326659922,0.2396038549597997,56.54650977051274,51.11548905809062,90.3954802259887,46.00394015228155,276.55680399425705,0.0,8.22639902028646,1.757094936371865,1.6772269847185983,2.715510356211064,1.836962888025132,2.555774452904531,0.3194718066130664,0.0,0.0798679516532666,0.0
8524,Péter Gulácsi,575.38,Goalkeeper,Goalkeeper,True,0.0,0.0,0.0,30.814418297472976,24.24484688379853,78.68020304568529,15.954673433209356,49.41985540906623,0.0,0.0,0.0,0.0,0.3128367339844972,0.1564183669922486,3.5976224408217177,0.0,0.0,0.0,0.0
8526,Weston McKennie,541.0699999999999,Right Center Midfield,Midfielder,True,0.0,0.101979338163269,1.164359509860092,38.75653797105736,29.77433603785093,76.82403433476395,29.60799896501377,223.21159272786937,0.6653482913486242,12.641617535623856,0.3326741456743121,0.3326741456743121,1.3306965826972483,2.1623819468830283,3.992089748091745,0.9980224370229362,0.0,0.4990112185114681,0.6653482913486242
8553,Abdou Diallo,621.38,Left Center Back,Centre Back,True,0.0,0.0288236895619427,0.4345167208471466,47.36232257233899,38.96166596929415,82.26299694189603,33.312948598281245,196.5742475356409,0.0,7.097106440503396,1.158711255592391,0.4345167208471466,2.462261418133831,1.158711255592391,1.30355016254144,0.4345167208471466,0.0,0.0,0.2896778138980977
8673,Sébastien Haller,313.86,Center Forward,Forward,True,0.8602561651691837,0.5401571217740394,3.15427260562034,17.778627413496462,14.050850697763334,79.03225806451613,11.756834257312176,41.46228163004157,0.0,13.76409864270694,0.2867520550563945,0.5735041101127891,0.8602561651691837,0.0,1.7205123303383674,0.2867520550563945,0.0,0.0,0.0
8769,Xaver Schlager,375.29,Center Defensive Midfield,Defensive Midfielder,True,0.0,0.041227144315063,1.199072717098777,37.17125423006208,30.216632470889177,81.29032258064515,33.57403607876575,178.8054406905802,0.719443630259266,23.74163979855578,2.877774521037064,1.199072717098777,0.4796290868395107,0.9592581736790214,6.474992672333396,1.199072717098777,0.0,0.2398145434197553,0.0
8779,Stefan Lainer,395.07,Right Back,Full Back,True,0.2278077302756473,0.0574208718201837,0.683423190826942,52.3957779633989,39.86635279823829,76.08695652173914,37.81608322575746,164.05366683803783,0.683423190826942,18.224618422051787,2.505885033032121,2.733692763307768,4.3283468752373,4.783962335788594,3.189308223859063,0.0,0.0,0.0,2.9615004935834155
8808,Matthias Ginter,356.29,Right Center Back,Centre Back,True,0.0,0.0680413286929186,0.2526032164809565,76.53877459372983,67.19245558393443,87.78877887788778,63.15080412023912,278.1057319087515,0.505206432961913,7.325493277947738,2.2734289483286085,0.2526032164809565,3.283841814252434,0.505206432961913,1.5156192988857389,0.2526032164809565,0.0,0.0,1.7682225153666955
8814,Nico Elvedi,729.8199999999999,Right Center Back,Centre Back,True,0.0,0.0633715684689375,0.4932723137211915,47.3541421172344,43.28464552903456,91.40625,36.99542352908937,239.0734152257981,0.1233180784302978,8.878901646981447,1.4798169411635749,2.2197254117453618,5.672631607793703,0.986544627442383,2.589679647036256,0.0,0.0,0.1233180784302978,0.0
8815,Jannik Vestergaard,884.03,Left Center Back,Centre Back,True,0.0,0.0800024870875422,1.018064997794193,52.73576688573917,47.54363539698879,90.15444015444017,41.333438910444215,199.9913148657459,0.2036129995588385,6.108389986765156,1.2216779973530312,1.1198714975736117,4.988518489191543,1.628903996470708,2.4433559947060624,0.2036129995588385,0.0,0.407225999117677,0.1018064997794192
8817,Jhon Andrés Córdoba Copete,423.02,Right Center Forward,Forward,True,0.4255117961325705,0.2909848248309772,2.340314878729138,13.403621578175974,10.212283107181694,76.19047619047619,11.27606259751312,89.83548196923012,0.4255117961325705,15.74393645690511,0.8510235922651411,0.0,1.489291286463997,2.1275589806628528,2.5530707767954235,0.8510235922651411,0.0,0.2127558980662852,0.8510235922651411
8819,Alexander Isak,328.59,Left Center Forward,Forward,True,0.0,0.1793115803889345,2.1911804984935634,18.898931799506983,13.968775677896469,73.91304347826086,23.00739523418241,158.66110795319548,3.286770747740345,11.777595179402905,0.5477951246233909,0.8216926869350862,0.5477951246233909,1.3694878115584772,2.1911804984935634,0.8216926869350862,0.5477951246233909,0.2738975623116954,0.2738975623116954
8830,Andriy Yarmolenko,564.52,Right Wing,Winger,True,0.318854956423156,0.3749758386593921,2.231984694962092,33.639197902642955,24.07354920994828,71.56398104265402,32.68263303337349,227.7530589896938,0.956564869269468,11.957060865868348,0.637709912846312,0.318854956423156,0.637709912846312,1.1159923474810458,3.18854956423156,0.637709912846312,0.318854956423156,0.7971373910578899,2.231984694962092
8836,Karol Świderski,320.64,Right Center Forward,Forward,True,0.0,0.1750911885291916,1.9648203592814373,15.718562874251498,10.385479041916168,66.07142857142857,15.157185628742516,73.50205639370559,0.8420658682634732,17.964071856287426,1.4034431137724552,0.280688622754491,0.280688622754491,0.280688622754491,1.9648203592814373,0.8420658682634732,0.0,0.280688622754491,1.122754491017964
8854,Wout Faes,379.3,Right Center Back,Centre Back,True,0.0,0.0,0.0,68.09912997627208,59.79435802794622,87.8048780487805,55.28605325599789,263.30213163468414,0.2372791985235961,9.491167940943845,2.372791985235961,0.7118375955707883,2.135512786712365,2.372791985235961,2.372791985235961,0.0,0.0,0.2372791985235961,0.0
8966,Kai Havertz,819.04,Center Forward,Forward,True,0.6593084586833365,0.8210361100068374,3.84596600898613,28.89968743895292,23.844989255714008,82.50950570342205,29.33922641140848,187.37489932130256,0.5494237155694471,14.065247118577847,0.4395389724555577,0.2197694862277788,0.8790779449111155,1.6482711467083415,3.95585075210002,0.7691932017972261,0.1098847431138894,0.3296542293416682,0.4395389724555577
8967,Ondrej Duda,557.46,Left Center Midfield,Midfielder,True,0.1614465611882466,0.032757465773329,0.6457862447529867,42.621892153697125,33.58088472715531,78.78787878787878,32.773651921214075,163.99182000603173,1.1301259283177267,23.894091055860507,1.7759121730707137,0.96867936712948,1.614465611882467,2.260251856635453,3.228931223764934,1.1301259283177267,0.0,0.0,0.48433968356474
9195,Robert Andrich,325.96000000000004,Right Defensive Midfield,Defensive Midfielder,True,0.0,0.0761285685973739,1.9327524849674804,64.60915449748435,57.70646705117191,89.31623931623932,51.355994600564486,182.1690299821931,0.0,17.94698736041232,3.037182476377469,0.5522149957049944,2.761074978524972,1.1044299914099889,3.865504969934961,0.8283224935574917,0.0,0.2761074978524972,0.8283224935574917
9411,Daichi Kamada,337.22,Left Wing,Winger,True,0.0,0.1124377483541901,1.6013285095783167,27.756360832690824,22.15171104916672,79.8076923076923,25.621256153253068,154.50832955658495,1.3344404246485972,19.74971828479924,1.868216594508036,0.2668880849297194,0.5337761698594389,1.6013285095783167,1.868216594508036,0.2668880849297194,0.0,0.0,0.0
9466,Che Adams,428.49,Right Center Forward,Forward,True,0.0,0.1290858502415458,1.8903591682419656,17.643352236925015,14.492753623188404,82.14285714285714,18.693551774837218,123.92761289458264,0.630119722747322,18.27347195967233,0.4200798151648813,0.8401596303297627,0.2100399075824406,0.8401596303297627,4.410838059231254,0.630119722747322,0.0,0.2100399075824406,0.630119722747322
9481,Grant Campbell Hanley,463.74,Center Back,Centre Back,True,0.0,0.0817415267175572,0.5822227972570837,43.66670979428128,38.0385560874628,87.1111111111111,32.41040238064432,132.9938385090968,0.3881485315047224,9.31556475611334,1.5525941260188898,2.1348169232759737,6.598525035580281,1.940742657523612,3.881485315047224,0.1940742657523612,0.0,0.0,0.0
9722,Peter Pekarík,630.27,Right Back,Full Back,True,0.0,0.0815228716264458,0.571183778380694,40.55404826502927,35.27059831500785,86.97183098591549,25.560474082536057,140.17834862213883,0.0,9.995716121662143,0.856775667571041,1.4279594459517349,1.5707553905469087,1.4279594459517349,2.284735113522776,0.7139797229758674,0.0,0.0,0.856775667571041
9731,Patrick Pentz,385.36,Goalkeeper,Goalkeeper,True,0.0,0.0,0.0,33.864438447166286,27.79219431181233,82.06896551724138,23.58833298733652,75.87874423156205,0.0,0.2335478513597674,0.0,0.0,0.0,0.0,3.269669919036745,0.0,0.0,0.0,0.0
9914,Daniel Ward,490.57,Goalkeeper,Goalkeeper,True,0.0,0.0,0.0,30.08744929367878,18.712925780214853,62.19512195121951,11.007603400126383,61.40931655077553,0.0,0.0,0.0,0.0,0.0,0.0,3.485741076706688,0.0,0.0,0.0,0.0
9927,Rúben Diogo Da Silva Neves,440.44,Center Defensive Midfield,Defensive Midfielder,True,0.0,0.0251864274589047,0.81736445372809,78.87566978476069,70.7020252474798,89.63730569948186,63.958768504223045,289.46532001516607,0.2043411134320225,12.669149032785397,0.6130233402960675,0.408682226864045,1.4303877940241576,1.63472890745618,4.495504495504496,0.81736445372809,0.0,0.2043411134320225,0.81736445372809
9929,Diogo José Teixeira da Silva,439.6,Left Wing,Winger,True,0.2047315741583257,0.4679109196542311,2.047315741583257,29.27661510464058,22.929936305732483,78.32167832167832,29.27661510464058,199.7304102753038,1.2283894449499544,16.992720655141035,1.4331210191082802,0.6141947224749772,0.2047315741583257,1.0236578707916286,2.2520473157415832,1.2283894449499544,0.2047315741583257,0.2047315741583257,1.0236578707916286
9974,John McGinn,512.66,Right Center Midfield,Midfielder,True,0.0,0.1057926329926266,1.2288846408925995,22.29547848476573,16.85327507509851,75.59055118110236,21.24214879257208,133.9185902929148,1.5799945382904852,20.01326415167948,1.2288846408925995,1.7555494869894277,0.5266648460968284,0.8777747434947138,3.3355440252799125,0.3511098973978855,0.0,0.0,0.7022197947957711
10039,Ghislain Konan,683.4300000000001,Left Back,Full Back,True,0.0,0.0068865641982353,0.1316886879417058,51.88534304903208,42.79882358105439,82.48730964467005,39.50660638251173,230.58525255925,0.658443439708529,8.691453404152583,2.50208507089241,1.0535095035336464,1.975330319125587,1.5802642553004695,5.399236205609938,0.658443439708529,0.0,0.0,1.5802642553004695
10287,İlkay Gündoğan,876.15,Center Attacking Midfield,Attacking Midfielder,True,0.2054442732408834,0.2091791495634309,1.540832049306626,58.03800719054957,52.59373394966616,90.61946902654869,49.717514124293785,240.96385364821225,0.3081664098613251,13.045711350796095,1.3353877760657422,0.4108885464817668,0.2054442732408834,0.8217770929635337,4.9306625577812015,0.4108885464817668,0.1027221366204417,0.4108885464817668,0.1027221366204417
10337,Yordan Hernando Osorio Paredes,376.83,Left Center Back,Centre Back,True,0.0,0.1667423358012897,0.7165034631000717,50.871745880105095,45.13971817530452,88.73239436619718,35.58633866730356,197.6285216701829,0.0,5.970862192500598,1.6718414139001672,0.7165034631000717,4.29902077860043,0.9553379508000956,4.060186290900406,0.2388344877000238,0.0,0.0,0.2388344877000238
10349,Mehmet Zeki Çelik,405.58,Right Back,Full Back,True,0.0,0.0601594279796834,0.443808866314907,47.93135756200997,39.05518023571182,81.48148148148148,33.06376054046058,147.04537403961749,0.443808866314907,17.974259085753737,1.553331032102175,2.219044331574535,1.1095221657872676,2.440948764731989,4.216184229991617,1.1095221657872676,0.0,0.443808866314907,1.7752354652596285
10481,Aurélien Djani Tchouaméni,1156.61,Right Defensive Midfield,Defensive Midfielder,True,0.077813610465066,0.1235524851678612,1.478458598836254,66.21938250577116,61.083684215076815,92.24441833137486,55.870172313917394,305.8254751164732,0.155627220930132,9.648887697668185,1.245017767441056,1.634085819766386,1.245017767441056,0.8559497151157259,3.657239691858102,0.8559497151157259,0.0,0.311254441860264,0.233440831395198
10530,Jules Olivier Ntcham,349.81,Left Defensive Midfield,Defensive Midfielder,True,0.0,0.0398095725679654,1.5436951487950603,48.88367971184357,39.10694376947486,80.0,39.10694376947486,266.1384684748235,0.7718475743975302,12.092278665561304,1.0291300991967067,0.5145650495983534,1.5436951487950603,1.2864126239958835,4.373802921586004,0.7718475743975302,0.2572825247991767,0.2572825247991767,0.5145650495983534
10534,Callum McGregor,476.35,Left Defensive Midfield,Defensive Midfielder,True,0.1889367062034218,0.0429494686050173,0.9446835310171092,38.54308806549805,36.08691088485357,93.62745098039215,33.441796998005664,157.01220838359825,0.1889367062034218,17.76005038312165,0.5668101186102655,1.133620237220531,1.322556943423953,1.7004303558307967,4.345544242678702,0.5668101186102655,0.1889367062034218,0.0,0.1889367062034218
10540,Kieran Tierney,323.33,Left Center Back,Centre Back,True,0.0,0.0036481865895524,0.2783533850864442,50.3819627006464,39.24782729718863,77.90055248618785,36.74264683141064,193.2258093581264,0.0,11.412488788544213,0.8350601552593326,1.1134135403457768,2.5051804657779977,1.391766925432221,3.0618872359508864,0.2783533850864442,0.0,0.0,1.9484736956051096
10573,Jonathan Buatu Mananga,386.25,Left Center Back,Centre Back,True,0.0,0.1323502811650485,0.6990291262135923,33.32038834951456,27.728155339805827,83.21678321678321,22.601941747572816,126.39335630895552,0.0,9.0873786407767,1.3980582524271843,0.6990291262135923,5.12621359223301,2.0970873786407767,2.796116504854369,0.0,0.0,0.0,0.0
10577,Jacinto Muondo Dala,397.89,Left Wing,Winger,True,0.904772675865189,0.3441961235014703,2.035738520696675,18.77403302420267,13.11920380004524,69.87951807228916,25.33363492422529,232.08138227290985,1.5833521827640806,11.53585161728116,1.130965844831486,0.4523863379325945,0.4523863379325945,0.904772675865189,4.07147704139335,2.035738520696675,0.2261931689662972,0.2261931689662972,1.809545351730378
10595,Raphael Dias Belloli,599.91,Right Wing,Winger,True,0.1500225033755063,0.2639921197679652,2.400360054008101,38.70580587088063,28.054208131219685,72.48062015503875,36.75551332699905,252.6615010299088,1.9502925438815824,13.652047807171076,2.1003150472570886,0.6000900135020253,0.450067510126519,0.6000900135020253,4.050607591138671,1.800270040506076,0.0,0.0,3.150472570885633
10598,Jovane Eduardo Borges Cabral,328.36,Left Wing,Winger,True,0.0,0.198462568644171,2.466804726519673,30.97210378852479,24.668047265196737,79.64601769911505,33.43890851504446,220.0032276204097,1.3704470702887075,18.36399074186868,1.9186258984041904,0.548178828115483,0.0,1.3704470702887075,5.755877695212571,0.548178828115483,0.0,0.2740894140577415,1.096357656230966
10826,Mert Müldür,477.26,Right Back,Full Back,True,0.1885764572769559,0.1730809857100951,1.3200352009386918,43.37258517369988,34.50949168168294,79.56521739130434,36.3952562544525,221.29001071481844,1.1314587436617358,9.4288228638478,2.828646859154339,1.88576457276956,2.451493944600428,2.451493944600428,3.582952688262163,0.3771529145539119,0.0,0.0,0.9428822863847798
10844,Alfredo Kulembe Ribeiro,384.34,Right Defensive Midfield,Defensive Midfielder,True,0.0,0.0930277958578341,0.936670656189832,45.89686215330177,34.18847895092886,74.48979591836735,29.97346099807462,190.631646244904,0.2341676640474579,24.11926939688817,2.34167664047458,0.936670656189832,1.6391736483322057,2.34167664047458,4.683353280949159,2.34167664047458,0.7025029921423739,0.0,0.936670656189832
10916,Nicolae Claudiu Stanciu,362.16,Left Center Midfield,Midfielder,True,0.2485089463220676,0.0334875419980119,1.242544731610338,28.57852882703777,21.123260437375745,73.91304347826086,20.37773359840954,98.14392130894512,0.4970178926441352,16.65009940357853,0.4970178926441352,0.9940357852882704,0.9940357852882704,0.4970178926441352,2.485089463220676,1.242544731610338,0.0,0.0,1.242544731610338
10919,Juraj Kucka,653.22,Right Center Midfield,Midfielder,True,0.0,0.0948537894047947,1.7911270322402866,31.964728575365115,24.52466244144393,76.72413793103449,24.52466244144393,115.53879019804916,0.275558004960044,20.529071369523283,1.1022320198401765,1.3777900248002204,1.9289060347203089,2.0666850372003305,3.9955910719206393,0.5511160099200881,0.137779002480022,0.0,0.275558004960044
10931,Joe Allen,456.12,Left Defensive Midfield,Defensive Midfielder,True,0.0,0.0280764202841357,0.7892659826361484,32.75453827940016,28.216258879242304,86.14457831325302,22.29676400947119,126.89350198134308,0.1973164956590371,15.390686661404892,1.5785319652722969,1.5785319652722969,2.367797947908445,0.7892659826361484,4.73559589581689,0.3946329913180742,0.0,0.0,0.0
10955,Harry Kane,2293.77,Center Forward,Forward,True,0.667024156737598,0.562248827698505,2.432676336337122,20.128434847434573,13.536666710263018,67.2514619883041,19.73606769641245,115.87116428157152,0.4708405812265397,13.1442995592409,0.2746570057154815,0.1961835755110582,0.4708405812265397,1.0201545926575026,2.707333342052604,0.549314011430963,0.1177101453066349,0.1961835755110582,0.667024156737598
10956,Eric Dier,326.02,Center Defensive Midfield,Defensive Midfielder,True,0.2760566836390405,0.4161099705232807,1.6563401018342434,65.14937733881357,58.5240169314766,89.83050847457628,54.93528004416908,275.52615605790754,0.2760566836390405,17.667627752898596,1.3802834181952028,0.2760566836390405,0.8281700509171217,0.5521133672780811,3.312680203668487,0.0,0.0,0.0,0.0
11098,Marcus Berg,623.03,Right Center Forward,Forward,True,0.0,0.4681190693225046,2.4557404940372054,18.49028136686837,12.278702470186028,66.40625,12.567613116543344,52.44412314838392,0.0,26.57977946487328,1.3000979086079325,0.7222766158932956,0.4333659695359774,1.5890085549652506,1.3000979086079325,0.4333659695359774,0.0,0.0,0.1444553231786591
11116,Jack Hendry,355.64,Right Center Back,Centre Back,True,0.0,0.0375252993195366,0.7591946912608256,38.212799460128224,31.12698234169385,81.45695364238411,27.837138679563605,114.92685885188725,0.2530648970869418,8.857271398042965,0.5061297941738837,0.7591946912608256,3.795973456304128,1.2653244854347092,1.2653244854347092,0.0,0.0,0.0,0.0
11135,Ibrahima Konaté,332.67,Left Center Back,Centre Back,True,0.0,0.047618094508071,0.5410767427180089,61.682748669853005,56.54251961403192,91.66666666666666,52.754982415005856,330.8331037375692,0.0,4.328613941744071,3.516998827667057,2.43484534223104,4.058075570385066,1.6232302281540265,4.058075570385066,0.5410767427180089,0.0,0.2705383713590044,0.0
11187,Stephen Antunes Eustáquio,616.3299999999999,Left Defensive Midfield,Defensive Midfielder,True,0.0,0.1973969437801178,1.02217967647202,54.17552285301706,45.26795710090374,83.55795148247978,38.550776369801895,127.33292838943215,0.5841026722697257,16.938977495822044,1.8983336848766088,1.1682053445394514,2.482436357146334,1.7523080168091771,4.234744373955511,0.7301283403371572,0.0,0.0,0.5841026722697257
11250,Joe Rodon,677.95,Left Center Back,Centre Back,True,0.0,0.0026883728151043,0.132753152887381,37.03812965557932,33.05553506895789,89.24731182795699,27.745408953462643,136.82663584597378,0.0,8.628954937679769,0.6637657644369054,1.593037834648573,5.310126115495243,1.858544140423335,1.1947783759864297,0.132753152887381,0.0,0.132753152887381,0.132753152887381
11252,Daniel James,485.93,Left Wing,Winger,True,0.0,0.0400703194081452,0.7408474471631716,19.632457349824048,14.07610149610026,71.69811320754717,18.89160990266088,159.78967076354795,1.2964830325355503,14.07610149610026,1.1112711707447576,0.3704237235815858,0.1852118617907929,1.1112711707447576,3.519025374025065,2.037330479698722,0.0,0.0,2.778177926861894
11268,Attila Fiola,460.29,Left Wing Back,Full Back,True,0.1955289056898911,0.1014976002085641,0.3910578113797823,31.089096004692696,22.48582415433748,72.32704402515722,22.48582415433748,114.83979822787052,0.5865867170696734,17.597601512090204,2.346346868278693,0.1955289056898911,3.1284624910382584,4.301635925177606,2.346346868278693,0.1955289056898911,0.0,0.1955289056898911,0.5865867170696734
11277,Victor James Osimhen,678.28,Center Forward,Forward,True,0.132688565194315,0.4130010596700478,3.1845255646635606,11.543905171905408,7.165182520493011,62.06896551724138,13.268856519431504,87.96577297375914,0.7961313911658902,12.207347997876983,0.3980656955829451,0.132688565194315,0.9288199563602052,0.2653771303886301,3.0518369994692462,0.5307542607772602,0.132688565194315,0.3980656955829451,0.6634428259715752
11396,Florian Grillitsch,430.08,Left Defensive Midfield,Defensive Midfielder,True,0.0,0.0449830341796875,1.2555803571428572,69.47544642857143,59.84933035714286,86.14457831325302,54.617745535714285,357.69706142560904,0.4185267857142857,18.833705357142858,1.0463169642857144,1.8833705357142856,1.0463169642857144,2.301897321428571,6.277901785714286,0.2092633928571428,0.2092633928571428,0.2092633928571428,0.8370535714285714
11456,Lautaro Javier Martínez,528.1,Left Center Forward,Forward,True,1.0225336110585117,0.9873391110585116,4.43097898125355,17.383071387994697,13.1225146752509,75.49019607843137,19.768983147131223,84.61336066722185,0.6816890740390077,10.225336110585117,0.6816890740390077,0.5112668055292559,0.5112668055292559,1.7042226850975193,2.556334027646279,0.0,0.0,0.0,0.0
11492,Temitayo Olufisayo Olaoluwa Aina,697.85,Right Wing Back,Full Back,True,0.0,0.1416887037902127,0.5158701726732106,37.27161997563946,26.05144371999713,69.8961937716263,24.24589811564089,166.71467947447005,0.3869026295049079,11.091208712474028,2.3214157770294475,0.9027728021781184,2.192448233861145,1.6765780611879342,3.7400587518807766,1.1607078885147235,0.0,0.2579350863366053,2.5793508633660527
11514,Giovanni Di Lorenzo,995.78,Right Back,Full Back,True,0.0,0.0636852926349193,0.6326698668380566,60.28440016871197,52.69236176665528,87.40629685157421,44.55803490730885,200.73885171870023,0.0,14.461025527727008,2.892205105545401,1.6268653718692885,2.62106087690052,2.4402980578039326,2.801823695997108,0.3615256381931752,0.0,0.451907047741469,0.8134326859346442
11541,Tomáš Vaclík,472.9,Goalkeeper,Goalkeeper,True,0.0,0.0,0.0,28.92789173186721,16.938041869316983,58.55263157894737,14.844576020300275,82.94866673626812,0.0,0.1903150771833368,0.0,0.0,0.0,0.0,3.806301543666737,0.0,0.0,0.0,0.0
11603,Mario Pašalić,476.12,Right Wing,Winger,True,0.3780559522809376,0.2884241976812568,1.701251785264219,30.244476182475005,25.896832731244224,85.625,26.46391665966563,152.59966176063472,0.3780559522809376,15.50029404351844,2.2683357136856257,0.945139880702344,0.945139880702344,1.890279761404688,3.9695874989498448,0.5670839284214064,0.0,0.3780559522809376,0.3780559522809376
11748,Unai Simón Mendibil,1676.73,Goalkeeper,Goalkeeper,True,0.0,0.0,0.0,33.76214417348052,29.19969225814532,86.48648648648648,23.026963196221217,76.95849757262198,0.0,0.0,0.0,0.0,0.0536759048862965,0.0,3.8646651518133512,0.0,0.0,0.0,0.0
11821,Stefan Posch,385.36,Right Back,Full Back,True,0.0,0.079175229447789,1.6348349595183724,49.04504878555117,37.3676562175628,76.19047619047619,38.0682997716421,222.7472338442805,0.2335478513597674,15.647706041104422,3.0361220676769776,1.401287108158605,1.86838281087814,4.6709570271953496,3.269669919036745,1.401287108158605,0.0,0.2335478513597674,1.86838281087814
11990,Youssouf Fofana,320.11,Left Defensive Midfield,Defensive Midfielder,True,0.2811533535347224,0.2733123292305769,1.686920121208335,39.923776201930586,33.73840242416669,84.50704225352112,32.33263565649308,224.61761984693092,0.2811533535347224,21.367654868638905,2.2492268282777794,1.1246134141388897,0.0,2.2492268282777794,3.9361469494861137,0.2811533535347224,0.0,0.0,0.2811533535347224
12034,David Raum,420.0700000000001,Left Back,Full Back,True,0.0,0.0052371899207274,0.214250005951389,63.20375175565976,49.06325136286809,77.62711864406779,41.56450115456947,236.57503468918912,0.8570000238055561,13.28350036898612,2.7852500773680573,1.2855000357083342,1.0712500297569452,3.4280000952222243,4.285000119027781,2.1425000595138903,0.428500011902778,0.428500011902778,4.713500130930559
12041,João Félix Sequeira,497.15,Left Wing,Winger,True,0.1810318817258372,0.3197506933118776,3.4396057527909085,39.46495021623252,31.86161118374736,80.73394495412845,39.10288645278086,229.2996886632329,1.4482550538066985,11.22397666700191,0.7241275269033491,0.1810318817258372,0.3620637634516745,0.9051594086291864,2.3534144624358846,0.9051594086291864,0.3620637634516745,0.7241275269033491,1.6292869355325357
12149,Nayef Aguerd,762.17,Right Center Back,Centre Back,True,0.0,0.0372468897358856,0.2361677840901636,49.9494863350696,45.10804676122125,90.30732860520094,37.31450988624585,170.5038847960226,0.0,4.014852329532782,1.4170067045409815,0.7085033522704908,3.306348977262291,0.7085033522704908,2.2435939488565544,0.2361677840901636,0.0,0.0,0.0
12169,João Maria Lobo Alves Palhinha Gonçalves,496.62,Left Defensive Midfield,Defensive Midfielder,True,0.0,0.0694998117071402,1.9934758970641533,48.74954693729613,43.67524465386009,89.59107806691449,40.05074302283436,153.8849350176874,0.7249003262051468,21.565784704603114,4.711852120333455,1.268575570859007,1.812250815512867,2.7183762232693005,4.711852120333455,0.5436752446538601,0.0,0.0,0.0
12293,Kaan Ayhan,560.68,Right Center Back,Centre Back,True,0.0,0.0645758538025255,0.9631162160234004,50.242562602554045,44.94542341442535,89.45686900958466,38.685168010273244,152.37022880993555,0.3210387386744667,9.310123421559537,1.1236355853606337,1.284154954697867,2.8893486480702006,1.6051936933723336,2.247271170721268,0.8025968466861668,0.1605193693372333,0.1605193693372333,0.4815581080117001
12352,Matthew Charles Turner,626.5,Goalkeeper,Goalkeeper,True,0.0,0.0,0.0,30.74221867517957,21.40462889066241,69.62616822429906,17.094972067039105,86.75616469903811,0.0,0.0,0.0,0.0,0.0,0.0,3.304070231444533,0.1436552274541101,0.0,0.0,0.0
12365,Alphonso Davies,841.76,Left Back,Full Back,True,0.2138376734461129,0.3096443899211176,1.2830260406766774,35.39013495533169,26.729709180764115,75.52870090634441,31.64797567002471,289.5350435888635,2.2452955711841853,11.11955901919787,0.9622695305075082,1.2830260406766774,0.9622695305075082,2.1383767344611293,6.308211366660331,0.7484318570613953,0.0,0.3207565101691693,1.4968637141227903
12407,Maximilian Mittelstädt,317.35,Left Back,Full Back,True,0.0,0.0412256297148259,1.4179927524814873,62.675279659681735,52.74933039231133,84.16289592760181,54.16732314479281,240.88367405356067,0.2835985504962974,9.358752166377815,1.1343942019851898,0.5671971009925949,1.4179927524814873,2.26878840397038,6.522766661414841,0.8507956514888924,0.2835985504962974,0.0,5.671971009925949
12524,Walker Zimmerman,310.07,Right Center Back,Centre Back,True,0.0,0.0164693991679298,0.2902570387331892,67.6298900248331,61.53449221143613,90.98712446351932,53.987809204373214,218.8376650515688,0.0,4.934369658464218,0.2902570387331892,1.4512851936659463,6.675911890863354,1.4512851936659463,1.741542232399136,0.0,0.0,0.2902570387331892,0.0
12557,Falaye Sacko,416.48,Left Back,Full Back,True,0.0,0.0,0.0,52.94371878601613,43.43545908567038,82.0408163265306,38.033038801383015,225.40256253386832,0.6482904341144833,14.478486361890129,1.080484056857472,0.8643872454859776,1.9448713023434496,1.5126776796004608,4.538033038801383,0.8643872454859776,0.0,0.0,0.6482904341144833
12625,Borna Sosa,455.39,Left Back,Full Back,True,0.0,0.0095604202112475,0.3952655965216627,54.94191791651113,44.0721140121654,80.2158273381295,42.09578602955709,218.50848325296425,0.5928983947824942,9.288741518259076,1.7786951843474823,0.7905311930433255,3.162124772173302,1.7786951843474823,2.766859175651639,0.3952655965216627,0.0,0.0,3.755023166955796
12751,Tyler Adams,577.4,Center Defensive Midfield,Defensive Midfielder,True,0.0,0.0030876361101489,0.1558711465188777,55.3342570142016,48.943540006927606,88.45070422535211,39.27952892275719,212.60615469520337,0.4676134395566332,17.92518184967094,2.338067197783166,1.091098025632144,1.5587114651887772,2.9615517838586767,6.5465881537928645,0.3117422930377554,0.0,0.0,0.0
12770,Jonathan Osorio,471.64,Right Defensive Midfield,Defensive Midfielder,True,0.0,0.1362192801713171,0.5724705283690951,41.02705453311848,34.9207022305148,85.11627906976744,31.48587906030023,145.71148643332828,0.38164701891273,19.082350945636502,1.7174115851072853,0.190823509456365,0.9541175472818252,2.4807056229327453,3.0531761513018405,0.190823509456365,0.0,0.38164701891273,0.38164701891273
13197,Tomáš Kalas,472.9,Left Center Back,Centre Back,True,0.0,0.0176878642419116,0.1903150771833368,36.35017974201734,31.211672658067243,85.86387434554975,27.97631634595052,122.04277507018288,0.1903150771833368,6.66102770141679,0.5709452315500105,1.5225206174666948,8.183548318883485,2.6644110805667163,2.6644110805667163,0.0,0.1903150771833368,0.0,0.1903150771833368
13454,Nouhou Tolo,591.46,Left Back,Full Back,True,0.0,0.020883455381598,0.4564974808101984,32.10698948365063,25.563858925371115,79.62085308056872,21.3032157711426,149.96516021181628,0.6086633077469312,10.042944577824366,1.673824096304061,1.8259899232407937,3.6519798464815874,2.1303215771142594,3.347648192608122,0.0,0.0,0.0,1.2173266154938625
13581,Emilio Nsue López,355.62,Center Forward,Forward,True,1.265395647038974,0.7471025696811203,2.2777121646701537,14.931668635059896,11.894719082166356,79.66101694915254,12.653956470389742,45.048385761580704,0.5061582588155896,8.604690399865024,0.2530791294077948,0.0,1.0123165176311792,0.7592373882233845,1.0123165176311792,0.2530791294077948,0.0,0.0,0.0
13620,Éder Gabriel Militão,767.3299999999999,Right Center Back,Centre Back,True,0.0,0.1298732476379132,0.8210287620710777,57.35472352182244,51.72481201047789,90.1840490797546,44.33555315183819,250.4980907793684,0.1172898231530111,9.5004756753939,1.9939269936011887,1.5247677009891445,2.5803761093662443,1.6420575241421551,3.635984517743344,0.1172898231530111,0.0,0.2345796463060222,0.3518694694590333
13621,Danilo Luís Hélio Pereira,446.11,Center Defensive Midfield,Defensive Midfielder,True,0.0,0.0885074678890856,0.4034879289861245,60.11970141893255,56.084822129071306,93.28859060402684,49.83075922978638,263.2511539812614,0.6052318934791867,8.06975857972249,1.81569568043756,1.613951715944498,1.81569568043756,0.806975857972249,5.245343076819618,0.2017439644930622,0.0,0.0,0.0
15503,Jerdy Schouten,523.99,Right Defensive Midfield,Defensive Midfielder,True,0.0,0.0123736972079619,0.171759003034409,56.33695299528617,52.214736922460354,92.6829268292683,43.11150976163668,179.53266510036664,0.6870360121376362,11.336094200270995,1.2023130212408637,1.0305540182064543,0.8587950151720453,0.8587950151720453,4.809252084963454,0.5152770091032272,0.0,0.0,0.3435180060688181
15582,Donyell Malen,356.96000000000004,Right Wing,Winger,True,0.5042581801882564,0.413594457418198,2.2691618108471534,28.238458090542355,22.69161810847153,80.35714285714286,33.28103989242492,291.12559833810644,2.5212909009412816,8.068130883012103,0.0,0.7563872702823844,0.7563872702823844,0.7563872702823844,1.7649036306588972,1.7649036306588972,0.5042581801882564,0.0,1.2606454504706408
15890,Noussair Mazraoui,452.0,Left Back,Full Back,True,0.0,0.0301345624115044,0.7964601769911505,30.86283185840708,25.884955752212388,83.87096774193549,21.10619469026549,97.05827642312988,0.0,9.756637168141593,3.38495575221239,0.1991150442477876,3.584070796460177,2.190265486725664,3.185840707964602,0.3982300884955752,0.0,0.0,1.1946902654867255
15896,Timi Elšnik,364.68,Left Defensive Midfield,Defensive Midfielder,True,0.0,0.0531517692497532,0.7403751233958539,28.874629812438304,21.71767028627838,75.21367521367522,25.172754195459035,192.05920347113525,0.987166831194472,18.509378084896348,3.208292201382034,1.7275419545903257,0.987166831194472,1.974333662388944,5.182625863770977,0.4935834155972359,0.2467917077986179,0.0,0.987166831194472
16016,Michel Aebischer,515.1899999999999,Left Wing Back,Full Back,True,0.174692831770803,0.0157996906772258,0.349385663541606,44.02259360624236,39.13119431665988,88.88888888888889,35.986723344785425,144.6615452818633,0.174692831770803,16.595819018226287,1.0481569906248185,0.5240784953124091,1.2228498223956212,1.7469283177080304,3.668549467186864,0.6987713270832121,0.349385663541606,0.349385663541606,0.349385663541606
16026,Djibril Sow,323.47,Center Attacking Midfield,Attacking Midfielder,True,0.0,0.0519249762265434,0.8346987355859895,30.883853216681608,26.43212662688967,85.58558558558559,24.48449624385569,181.94854336838145,0.0,16.972207623581784,1.3911645593099826,0.8346987355859895,0.556465823723993,1.947630383033976,3.617027854205954,0.556465823723993,0.2782329118619965,0.2782329118619965,0.556465823723993
16028,José Diogo Dalot Teixeira,538.66,Right Back,Full Back,True,0.0,0.0181227664760702,0.6683251030334535,53.29892696691791,45.61318828203319,85.57993730407524,41.26907511231575,177.96318268463898,0.8354063787918169,8.186982512159805,2.172056584858724,0.8354063787918169,1.5037314818252705,2.5062191363754502,3.174544239408904,0.8354063787918169,0.1670812757583633,0.0,1.6708127575836338
16047,Jaka Bijol,409.18,Left Center Back,Centre Back,True,0.0,0.0079190619042963,0.2199520993205923,30.13343760692116,24.19473092526517,80.2919708029197,20.89544943545628,110.6981860157418,0.2199520993205923,10.11779656874725,2.859377291167701,1.099760496602962,7.038467178258956,3.299281489808886,1.5396646952441468,0.2199520993205923,0.0,0.0,0.2199520993205923
16120,Richie Laryea,573.93,Left Back,Full Back,True,0.0,0.0311278529088913,0.9408812921436414,21.953896816684964,16.779049709894934,76.42857142857142,21.953896816684964,144.5716526735037,0.6272541947624275,14.897287125607654,2.1953896816684964,0.4704406460718207,0.9408812921436414,1.8817625842872827,5.331660655480634,1.0976948408342482,0.0,0.0,1.254508389524855
16249,Yangel Clemente Herrera Ravelo,369.1,Left Center Midfield,Midfielder,True,0.0,0.2659176133378487,1.9506908696830123,44.378217285288535,35.60010837171498,80.21978021978022,35.356272013004606,242.30585922476328,1.219181793551883,15.361690598753723,2.194527228393389,0.7315090761311297,0.7315090761311297,1.4630181522622594,3.413709021945272,0.4876727174207531,0.2438363587103765,0.0,0.4876727174207531
16298,Denis Vavro,408.75,Right Center Back,Centre Back,True,0.0,0.0120128224733944,0.6605504587155964,57.90825688073394,46.45871559633027,80.22813688212928,41.39449541284404,220.4225371510496,0.0,3.963302752293578,0.8807339449541284,0.4403669724770642,3.302752293577982,1.7614678899082568,2.642201834862385,0.0,0.0,0.0,0.2201834862385321
16308,Leandro Daniel Paredes,424.94,Center Defensive Midfield,Defensive Midfielder,True,0.4235892125947192,0.5125386903374595,1.4825622440815174,80.27015578669929,74.97529062926532,93.4036939313984,63.11479267661317,282.705672994134,0.0,13.766649409328377,3.812302913352473,1.0589730314867982,1.9061514566762363,1.4825622440815174,3.1769190944603944,0.6353838188920788,0.0,0.2117946062973596,0.0
16335,Samuel Chimerenka Chukwueze,301.07,Right Wing,Winger,True,0.0,0.0350663615770418,1.1957352110804795,22.71896901052911,14.049888730195637,61.8421052631579,25.11043943269007,156.4347802819162,1.7936028166207194,12.555219716345036,0.5978676055402398,0.2989338027701199,0.2989338027701199,0.8968014083103597,4.185073238781679,1.1957352110804795,0.0,0.8968014083103597,2.0925366193908395
16344,Răzvan Gabriel Marin,367.9,Right Center Midfield,Midfielder,True,0.4892633867898885,0.2177869772764337,1.467790160369666,26.909486273443875,21.772220712150045,80.9090909090909,23.97390595270454,115.52477270098792,0.4892633867898885,10.519162815982604,1.2231584669747215,0.0,1.467790160369666,1.467790160369666,2.935580320739332,0.4892633867898885,0.0,0.733895080184833,0.733895080184833
16459,Cyle Larin,544.1800000000001,Center Forward,Forward,True,0.0,0.1458308434157815,1.6538645301187107,17.36557756624646,12.073211069866586,69.52380952380952,16.86941820721085,100.63418421288031,0.4961593590356131,13.065529787937813,0.165386453011871,0.0,1.1577051710830977,1.1577051710830977,3.14234260722555,1.1577051710830977,0.0,0.0,0.4961593590356131
16469,Tomáš Holeš,589.49,Right Center Back,Centre Back,True,0.1526743456207908,0.0974208376393153,1.068720419345536,33.893704727815575,26.870684829259183,79.27927927927928,25.80196440991365,133.52487638318993,0.3053486912415817,13.282668069008803,3.3588356036573983,2.137440838691072,3.664184294898981,1.984766493070281,3.3588356036573983,0.3053486912415817,0.1526743456207908,0.3053486912415817,0.7633717281039543
16472,Lukáš Masopust,321.84000000000003,Right Wing,Winger,True,0.0,0.0075973638143176,0.2796420581655481,30.760626398210288,24.328859060402685,79.0909090909091,30.760626398210288,158.82296696335342,1.1185682326621924,22.09172259507829,1.6778523489932884,1.3982102908277405,0.8389261744966442,1.9574944071588365,3.6353467561521247,0.8389261744966442,0.0,0.5592841163310962,1.9574944071588365
16502,László Kleinheisler,308.7,Right Center Midfield,Midfielder,True,0.0,0.0075871125364431,0.2915451895043732,22.157434402332363,17.20116618075802,77.63157894736842,25.65597667638484,182.6825836905911,1.749271137026239,18.07580174927114,2.0408163265306123,2.623906705539359,1.749271137026239,1.1661807580174928,4.956268221574344,0.5830903790087464,0.0,0.0,0.8746355685131195
16514,Serhii Sydorchuk,396.13,Center Defensive Midfield,Defensive Midfielder,True,0.0,0.0264954124656047,0.4543962840481659,43.84924141064802,37.94208971802186,86.52849740932642,35.897306439805114,193.5385192080224,0.908792568096332,17.039860651806226,1.817585136192664,2.0447832782167468,0.6815944260722491,1.135990710120415,2.953575846313079,0.2271981420240829,0.0,0.0,0.2271981420240829
16528,Petar Stojanović,322.37,Right Midfield,Midfielder,True,0.0,0.006478621676955,0.2791823060458479,30.710053665043272,22.05540217762199,71.81818181818181,29.87250674690573,280.0673994029241,1.1167292241833915,13.121568384154854,1.3959115302292395,0.5583646120916959,0.8375469181375438,2.791823060458479,6.142010733008654,0.8375469181375438,0.0,0.0,0.8375469181375438
16531,Dominik Livaković,1421.81,Goalkeeper,Goalkeeper,True,0.0,0.0,0.0,28.42151904966205,22.4080573353683,78.84187082405344,14.622206905282702,57.39716071266078,0.0,0.1898987909776974,0.0,0.0,0.0632995969925658,0.0,3.48147783459112,0.0,0.0,0.0,0.0
16532,Daniel Olmo Carvajal,1231.01,Left Wing,Winger,True,0.3655534885987929,0.4145592771854006,3.874866979147204,42.47731537517973,33.33847816020991,78.48537005163512,44.23197212045394,250.924703942058,1.900878140713723,14.32969675307268,1.0966604657963783,0.8773283726371028,0.5848855817580686,1.6084353498346886,4.459752560905273,1.389103256675413,0.4386641863185514,0.5848855817580686,2.0470995361532403
16554,Joakim Mæhle,1161.63,Left Wing Back,Full Back,True,0.154954675757341,0.0841944521577438,1.0072053924227165,49.58549624234912,41.45037576508872,83.59375,41.91523979236074,254.6556742596069,1.1621600681800577,10.459440613620515,2.324320136360115,1.239637406058728,1.3171147439373985,1.7819787712094213,4.416208259084218,0.619818703029364,0.0774773378786705,0.0774773378786705,2.091888122724104
16557,Ruslan Malinovskiy,342.63,Left Wing,Winger,True,0.0,0.3486044360388757,3.1520882584712373,39.66377725242974,32.30890464933018,81.45695364238411,36.24901497241923,255.5942284824009,1.050696086157079,24.69135802469136,2.364066193853428,1.3133701076963489,0.2626740215392698,2.101392172314158,4.202784344628316,2.6267402153926978,0.2626740215392698,1.3133701076963489,0.2626740215392698
16559,Leandro Trossard,361.16,Right Wing,Winger,True,0.0,0.0615462196533392,1.2459851589323292,46.350647912282646,37.37955476796988,80.64516129032258,44.60626868977739,305.1306009683908,0.2491970317864658,14.951821907187952,1.744379222505261,0.7475910953593975,0.4983940635729317,2.242773286078193,4.983940635729317,1.2459851589323292,0.0,0.2491970317864658,2.242773286078193
16570,Vladimír Coufal,760.78,Right Back,Full Back,True,0.0,0.0130831004758274,0.3548989195299561,56.66552748494966,40.69507610610164,71.81628392484343,37.61928547017534,228.78644064554496,0.9463971187465496,12.421462183548464,2.011093877336418,3.0757906359262863,3.1940902757696046,2.484292436709693,4.968584873419386,1.4195956781198245,0.3548989195299561,0.1182996398433187,3.785588474986199
16879,Dávid Hancko,392.15,Left Back,Full Back,True,0.0,0.1000447222491393,1.6065281142419992,45.44179523141655,33.048578350121126,72.72727272727273,29.835522121637133,141.69121452410212,0.2295040163202856,13.08172893025628,2.2950401632028563,0.6885120489608568,1.836032130562285,2.2950401632028563,3.2130562284839983,0.2295040163202856,0.0,0.0,2.0655361468825704
17033,Mohammed Kudus,440.83,Center Attacking Midfield,Attacking Midfielder,True,0.8166413356622735,0.2181185035954903,3.4707256765646624,27.561645078601728,21.43683506113468,77.77777777777779,34.50309643173105,257.1471603900669,3.879046344395799,13.67874237234308,1.8374430052401152,0.2041603339155683,0.0,1.2249620034934103,8.370573690538304,0.2041603339155683,0.0,0.2041603339155683,0.8166413356622735
17042,Andreas Skov Olsen,306.70000000000005,Right Attacking Midfield,Attacking Midfielder,True,0.0,0.1031594164656015,1.4672318226279748,35.507010107597,26.41017280730356,74.3801652892562,34.33322464949462,193.90891402434875,0.8803390935767851,11.444408216498204,0.8803390935767851,0.293446364525595,0.0,2.34757091620476,1.4672318226279748,0.8803390935767851,0.0,0.293446364525595,1.7606781871535702
17592,William Saliba,646.89,Left Center Back,Centre Back,True,0.0,0.0158780252747762,0.2782544172888744,55.92913787506377,53.703102536752766,96.01990049751244,41.59903538468673,213.07075863661444,0.4173816259333117,7.512869266799611,0.9738904605110608,0.8347632518666235,3.339053007466494,0.9738904605110608,2.782544172888745,0.2782544172888744,0.0,0.0,0.1391272086444372
17618,Carlos Akapo Martínez,371.0,Right Back,Full Back,True,0.0,0.0,0.0,26.92722371967655,20.13477088948787,74.77477477477478,17.223719676549866,149.63978218890526,0.7277628032345014,14.31266846361186,2.425876010781672,0.9703504043126684,3.1536388140161726,1.940700808625337,1.940700808625337,0.2425876010781671,0.2425876010781671,0.0,0.4851752021563342
17620,Marc Cucurella Saseta,573.21,Left Back,Full Back,True,0.0,0.0024518139425341,0.1570105197048202,57.77987125137384,52.75553462081959,91.30434782608695,43.334903438530375,187.52240459464844,0.0,14.13094677343382,2.198147275867483,1.7271157167530224,1.2560841576385615,3.2972209138012243,2.5121683152771235,0.785052598524101,0.1570105197048202,0.0,1.2560841576385615
18163,Moses Daddy-Ajala Simon,490.46,Right Wing,Winger,True,0.0,0.0843047226175427,0.9175060147616524,22.38714676018432,14.496595033234108,64.75409836065575,28.07568405170656,263.11473376188513,1.101007217713983,13.579089018472455,1.8350120295233048,0.7340048118093219,0.3670024059046609,1.284508420666313,3.3030216531419487,0.7340048118093219,0.1835012029523304,0.3670024059046609,2.569016841332626
18242,Tim Ream,659.43,Left Center Back,Centre Back,True,0.0,0.0352433328783949,0.1364815067558346,54.86556571584551,47.49556435103044,86.56716417910447,41.62685956052955,291.5586835247784,0.1364815067558346,6.0051862972567225,0.5459260270233384,1.5012965743141806,3.685000682407534,0.955370547290842,3.002593148628361,0.0,0.0,0.0,0.0
18360,Rafael Alexandre Conceição Leão,412.48,Left Wing,Winger,True,0.4363847944142746,0.0939363677996509,1.7455391776570983,34.474398758727695,25.96489526764934,75.31645569620254,39.27463149728472,400.33050925393474,2.4001163692785106,5.891194724592707,0.4363847944142746,0.2181923972071373,0.4363847944142746,1.0909619860356865,2.8365011636927853,1.3091543832428238,0.0,0.2181923972071373,5.018425135764158
18395,Vinícius José Paixão de Oliveira Júnior,565.06,Left Wing,Winger,True,0.4778253636781935,0.2458334002406824,2.0705765759388384,25.165469153718192,18.95373942590168,75.31645569620254,37.270378366899095,348.8646953817447,2.548401939617032,11.467808728276644,1.1149258485824516,0.1592751212260645,0.0,1.5927512122606449,4.3004282731037415,1.7520263334867097,0.318550242452129,0.1592751212260645,2.866952182069161
18617,Mykola Matviyenko,781.1,Left Center Back,Centre Back,True,0.0,0.0,0.0,69.82460632441429,64.75483292792217,92.73927392739274,57.61106132377416,387.5572604960725,0.2304442452950966,7.719882217385738,1.2674433491230317,1.728331839713225,4.724107028549481,2.419664575598515,2.3044424529509664,0.4608884905901933,0.0,0.1152221226475483,0.345666367942645
19316,Roland Sallai,530.85,Right Center Forward,Forward,True,0.0,0.1881315607798812,2.7126306866346424,21.70104549307714,16.275784119807856,75.0,22.8878214184798,218.55588201793336,1.186775925402656,14.241311104831874,0.8476970895733258,0.1695394179146651,0.1695394179146651,0.6781576716586606,4.91664311952529,1.017236507487991,0.3390788358293303,0.5086182537439955,1.8649335970613168
19597,Marcos Javier Acuña,595.89,Left Back,Full Back,True,0.0,0.0207248737350853,0.6041383476816191,49.69037909681317,37.7586467301012,75.98784194528876,38.815888838544026,205.4438086283136,0.6041383476816191,12.384836127473193,2.4165533907264765,0.4531037607612143,1.2082766953632382,2.5675879776468813,4.531037607612143,0.9062075215224288,0.0,0.1510345869204047,3.322760912248905
19677,Karim Benzema,351.7,Center Forward,Forward,True,1.0235996588001135,0.6457150161785613,2.814899061700313,35.314188228603925,30.96388967870344,87.68115942028986,31.731589422803527,162.56265058356598,1.5353994882001705,8.444697185100939,0.2558999147000284,0.5117998294000569,0.2558999147000284,1.0235996588001135,4.350298549900483,0.7676997441000852,0.0,0.0,0.7676997441000852
20004,Paul Pogba,962.19,Right Defensive Midfield,Defensive Midfielder,True,0.2806098587597044,0.1467118859320924,1.49658591338509,55.280142175661766,45.73940697783182,82.74111675126903,52.099897109718455,290.6708028708389,1.5901225329716584,19.923299971939013,1.8707323917313623,1.1224394350388176,1.2159760546253855,0.9353661958656811,4.770367598914975,1.49658591338509,0.0935366195865681,0.9353661958656811,0.3741464783462725
20005,Toby Alderweireld,1230.96,Right Center Back,Centre Back,True,0.0,0.0309979195262234,0.511795671670891,74.50282706180542,66.53343731721583,89.30323846908735,62.365958276467154,334.9173326376633,0.0,5.483525053616689,0.6580230064340027,0.511795671670891,3.655683369077793,1.8278416845388965,2.7052056931175668,0.0,0.1462273347631117,0.4386820042893351,0.1462273347631117
20016,Kléper Laveran Lima Ferreira,1573.35,Right Center Back,Centre Back,True,0.1144055677376299,0.0477329788921727,0.4576222709505196,65.32557917818669,57.66040613976547,88.2661996497373,52.22614167222805,261.8758654285052,0.2288111354752598,6.635522928782534,1.4872723805891883,1.4300695967203738,3.8897893030794166,1.4872723805891883,3.946992086948232,0.0572027838688149,0.0,0.4576222709505196,0.1716083516064448
20201,Maarten Stekelenburg,379.98,Goalkeeper,Goalkeeper,True,0.0,0.0,0.0,33.39649455234486,22.26432970156324,66.66666666666666,21.55376598768356,73.84354633670185,0.0,0.0,0.0,0.0,0.0,0.0,4.500236854571293,0.0,0.0,0.0,0.0
20572,Cristian Gabriel Romero,1114.76,Right Center Back,Centre Back,True,0.0,0.00684563254871,0.0807348666977645,58.61351322257706,53.12354228712907,90.633608815427,46.987692418098966,250.76733527407072,0.161469733395529,8.638630736660806,1.8569019340485844,1.3724927338619972,3.3908644013061107,1.6146973339552908,2.4220460009329363,0.0807348666977645,0.0,0.0,0.161469733395529
20611,Boulaye Dia,330.05,Center Forward,Forward,True,0.2726859566732313,0.1805836436600514,2.1814876533858505,14.452355703681262,10.63475231025602,73.58490566037736,15.543099530374183,103.37638131916864,1.0907438266929252,8.453264656870171,0.0,0.2726859566732313,0.818057870019694,0.818057870019694,2.454173610059082,0.2726859566732313,0.0,0.2726859566732313,0.2726859566732313
20687,Nicolás Iván González,303.84000000000003,Left Midfield,Midfielder,True,0.0,0.1960803566350711,1.481042654028436,26.06635071090048,19.253554502369667,73.86363636363636,25.17772511848341,158.43614205598544,0.2962085308056871,8.590047393364927,1.777251184834123,1.1848341232227486,1.1848341232227486,2.0734597156398102,3.258293838862559,1.1848341232227486,0.0,0.0,0.8886255924170615
20750,Cody Mathès Gakpo,1023.31,Left Wing,Winger,True,0.5276993286491873,0.1272905533513793,1.5830979859475622,25.94521699191838,17.23817806920679,66.44067796610169,24.889818334620006,188.08000701674084,1.2312984335147703,11.081685901632936,1.495148097839364,1.1433485454065728,1.1433485454065728,1.5830979859475622,3.254145860003322,1.846947650272156,0.0879498881081979,0.1758997762163958,3.0782460837869268
20758,Krépin Diatta,602.04,Right Back,Full Back,True,0.0,0.0324737139226629,0.7474586406218856,37.52242375921866,30.19732908112418,80.47808764940238,27.805461431134145,201.93073483995732,0.4484751843731314,14.05222244369145,2.2423759218656567,0.7474586406218856,1.3454255531193942,1.195933824995017,3.2888180187362965,1.0464420968706398,0.1494917281243771,0.4484751843731314,1.9433924656169024
20827,Vitalii Mykolenko,422.1,Left Back,Full Back,True,0.0,0.0,0.0,48.82729211087421,40.72494669509594,83.4061135371179,35.39445628997868,144.25932343977718,0.0,10.23454157782516,2.345415778251599,2.55863539445629,1.9189765458422168,2.132196162046908,2.985074626865672,0.6396588486140725,0.0,0.0,1.7057569296375266
21026,Pape Gueye,420.04,Center Defensive Midfield,Defensive Midfielder,True,0.2142653080658984,0.057422964360537,1.285591848395391,44.13865346157508,35.996571755070946,81.55339805825243,35.13951052280735,209.6580521619544,0.2142653080658984,10.070469479097229,1.9283877725930865,0.4285306161317969,1.9283877725930865,0.8570612322635939,5.999428625845158,0.6427959241976955,0.0,0.4285306161317969,0.6427959241976955
21294,Mykola Shaparenko,549.87,Right Center Midfield,Midfielder,True,0.1636750504664739,0.0617640883845272,0.6547002018658956,57.94096786513176,52.0486660483387,89.83050847457628,51.3939658464728,330.07222838079764,0.4910251513994216,29.78885918489825,1.9641006055976864,0.9820503027988432,0.3273501009329478,2.4551257569971083,4.255551312128321,0.8183752523323695,0.1636750504664739,0.4910251513994216,0.6547002018658956
21532,Daniel Bachmann,403.1,Goalkeeper,Goalkeeper,True,0.0,0.0,0.0,34.16025800049616,26.79235921607541,78.43137254901961,21.43388737286033,76.96966854114066,0.2232696601339617,0.2232696601339617,0.0,0.0,0.2232696601339617,0.0,4.018853882411312,0.0,0.0,0.0,0.0
21582,Tijjani Reijnders,517.4,Left Defensive Midfield,Defensive Midfielder,True,0.0,0.110129241012756,1.739466563587167,46.9655972168535,43.31271743332045,92.22222222222224,43.66061074603788,337.598896853916,0.3478933127174333,8.697332817935834,1.2176265945110167,0.52183996907615,1.0436799381523,1.739466563587167,3.826826439891767,0.3478933127174333,0.0,0.52183996907615,0.3478933127174333
21809,Jurriën David Norman Timber,568.8,Right Center Back,Centre Back,True,0.0,0.0039653743670886,0.1582278481012658,67.24683544303798,61.55063291139241,91.52941176470588,56.80379746835444,272.6767856866465,0.949367088607595,15.981012658227847,3.3227848101265822,1.2658227848101269,3.639240506329114,1.5822784810126584,4.113924050632911,0.0,0.0,0.1582278481012658,0.0
21881,Sergino Dest,307.57,Right Back,Full Back,True,0.0,0.0737005890496472,1.7556978899112397,58.81587931202653,50.91523880742596,86.56716417910447,53.841401957278016,383.99838418761226,1.1704652599408265,12.582501544363886,1.463081574926033,0.8778489449556198,2.340930519881653,2.340930519881653,4.974477354748513,0.5852326299704133,0.2926163149852066,0.0,2.340930519881653
22074,Joseff Morrell,351.3,Right Center Midfield,Midfielder,True,0.0,0.0065124830059777,0.2561912894961571,33.81725021349274,29.46199829205807,87.12121212121212,25.875320239111872,158.7836460972064,0.0,25.875320239111872,2.561912894961571,1.7933390264731,2.3057216054654144,2.3057216054654144,4.0990606319385146,0.7685738684884713,0.2561912894961571,0.0,0.0
22084,Bukayo Saka,1218.49,Right Wing,Winger,True,0.3693095552692267,0.1967279653833843,1.2556524879153708,34.56737437319962,27.772078556245845,80.34188034188034,36.41392214954575,256.16056388027164,1.181790576861525,12.999696345476778,1.329514398969216,0.443171466323072,0.7386191105384534,1.4772382210769068,4.136267019015339,0.9602048436999892,0.0,0.0,2.511304975830741
22097,Randal Kolo Muani,424.53,Center Forward,Forward,True,0.635997456010176,0.5302737818528727,1.6959932160271356,16.32393470426118,11.65995336018656,71.42857142857143,17.807928768284924,118.77202342575086,0.8479966080135678,24.803900784396863,2.331990672037312,0.4239983040067839,0.8479966080135678,0.8479966080135678,2.11999152003392,0.2119991520033919,0.0,0.0,0.8479966080135678
22128,Robin Aime Robert Le Normand,461.71,Right Center Back,Centre Back,True,0.0,0.0576823325247449,0.5847826557796019,68.41957072621341,63.351454376123534,92.5925925925926,57.30870026640098,338.97878036936646,0.0,4.288406142383747,0.7797102077061359,0.1949275519265339,2.1442030711918734,1.1695653115592035,2.3391306231184075,0.1949275519265339,0.0,0.1949275519265339,0.0
22243,Heorhii Bushchan,497.69,Goalkeeper,Goalkeeper,True,0.0,0.0,0.0,26.22114167453636,18.62605236191204,71.03448275862068,12.29681126805843,50.38041679629526,0.0,0.1808354598243886,0.0,0.0,0.1808354598243886,0.0,3.074202817014608,0.0,0.0,0.0,0.0
22293,Harry Souttar,386.92,Right Center Back,Centre Back,True,0.0,0.015839257986147,0.2326062235087356,37.91481443192392,31.40184017367931,82.82208588957054,25.354078362452185,110.82065460234936,0.0,6.512974258244599,1.6282435645611495,0.6978186705262069,5.117336917192184,2.791274682104828,2.3260622350873565,0.2326062235087356,0.0,0.0,0.0
22600,Lucas Tolentino Coelho de Lima,619.82,Right Defensive Midfield,Defensive Midfielder,True,0.2904068923235777,0.4236285560969313,2.178051692426833,50.38559581814074,41.237778709948046,81.84438040345822,39.35013390984479,143.2192605656212,0.4356103384853667,19.16685489335613,3.339679261721145,0.7260172308089445,1.161627569294311,1.597237907779678,3.775289600206511,1.161627569294311,0.1452034461617888,1.0164241231325222,0.5808137846471555
23331,Boubakar Kouyate,510.65,Right Center Back,Centre Back,True,0.0,0.0457132832664251,0.3524919220601195,54.98873984137864,50.23009889356703,91.34615384615384,44.06149025751493,237.96465710995625,0.0,5.463624791931852,0.8812298051502987,0.3524919220601195,7.578576324292569,1.409967688240478,1.938705571330657,0.0,0.0,0.0,0.0
23363,Liam Millar,336.5,Left Wing,Winger,True,0.0,0.2573821313224368,1.6047548291233282,24.338781575037142,18.18722139673105,74.72527472527473,25.14115898959881,237.1313672869429,1.0698365527488856,18.454680534918275,0.8023774145616641,0.0,0.8023774145616641,2.139673105497771,2.674591381872214,0.2674591381872214,0.0,0.0,0.8023774145616641
23444,Kristoffer Olsson,342.33,Right Defensive Midfield,Defensive Midfielder,True,0.0,0.0096720349662606,0.2629042152309175,40.22434493033038,35.49206905617387,88.23529411764706,33.914643764788366,209.79861644931532,0.7887126456927526,16.300061344316887,1.0516168609236702,2.891946367540093,1.3145210761545876,1.5774252913855051,3.943563228463763,0.0,0.0,0.0,0.5258084304618351
23527,Junya Ito,349.84000000000003,Right Wing Back,Full Back,True,0.0,0.0284521221129659,0.5145209238509032,25.21152526869426,16.20740910130345,64.28571428571429,20.066316030185224,166.90073575169905,0.7717813857763548,11.833981248570774,1.286302309627258,1.286302309627258,1.5435627715527096,2.3153441573290645,3.858906928881774,0.7717813857763548,0.2572604619254516,0.0,1.800823233478161
23558,Merih Demiral,470.22,Right Center Back,Centre Back,True,0.3827995406405513,0.1649060112287865,1.1483986219216538,45.17034579558505,39.61975245629706,87.71186440677965,34.06915911700906,168.08700372161871,0.0,12.058185530177363,1.3397983922419294,3.2537960954446854,7.464591042490749,2.8709965548041345,2.679596784483859,0.3827995406405513,0.0,0.1913997703202756,0.3827995406405513
23559,José Ndong Machín Dicombo,365.83,Center Attacking Midfield,Attacking Midfielder,True,0.0,0.0130317800617773,0.4920318180575677,30.99800453762677,24.84760681190717,80.15873015873017,27.5537818112238,140.20277254205166,0.0,12.792827269496762,0.4920318180575677,0.0,0.0,1.7221113632014873,3.4442227264029746,0.7380477270863517,0.7380477270863517,0.4920318180575677,0.4920318180575677
23615,Gideon Mensah,380.2,Left Back,Full Back,True,0.0,0.0,0.0,44.73961073119411,34.560757496054705,77.24867724867724,31.00999473961073,128.93345579467925,0.0,13.01946344029458,2.367175170962651,1.6570226196738558,4.024197790636507,1.6570226196738558,3.787480273540242,0.9468700683850604,0.0,0.0,1.6570226196738558
23640,Jonathan David,742.66,Right Center Forward,Forward,True,0.4847440282228746,0.4503397905367194,2.181348127002936,23.510085368809413,18.905017100692103,80.41237113402062,22.782969326475104,136.9825582995461,0.4847440282228746,17.81434303719064,0.8483020493900304,0.0,0.2423720141114373,0.9694880564457492,4.241510246950153,0.7271160423343119,0.0,0.2423720141114373,0.2423720141114373
23649,Roman Yaremchuk,568.33,Center Forward,Forward,True,0.4750761001530801,0.2749501671476079,2.692097900867453,22.645294107296817,19.003044006123204,83.91608391608392,20.26991360653141,126.9886023956001,0.4750761001530801,17.894533105766016,0.6334348002041067,0.3167174001020533,0.4750761001530801,0.4750761001530801,1.42522830045924,0.4750761001530801,0.1583587000510266,0.1583587000510266,0.3167174001020533
23650,Jeremy Doku,519.2,Left Wing,Winger,True,0.0,0.0778356100539291,1.3867488443759628,33.281972265023114,26.174884437596297,78.64583333333334,48.18952234206471,486.6781859579915,4.85362095531587,13.000770416024652,1.0400616332819723,0.1733436055469953,0.0,0.6933744221879814,6.067026194144837,1.906779661016949,0.0,0.3466872110939907,2.9468412942989213
23721,Wataru Endo,329.52,Right Defensive Midfield,Defensive Midfielder,True,0.0,0.049545040149308,1.638747268754552,51.07428987618354,41.78805535324109,81.81818181818183,40.968681718863806,171.31647664967983,0.2731245447924253,19.118718135469774,1.3656227239621268,1.0924981791697013,3.0043699927166787,2.7312454479242536,6.828113619810634,1.0924981791697013,0.0,0.2731245447924253,0.0
23758,Maxime Crépeau,513.85,Goalkeeper,Goalkeeper,True,0.0,0.0,0.0,25.746813272355748,18.215432519217668,70.74829931972789,11.209496934903182,51.12407971199265,0.0,0.1751483896078622,0.0,0.0,0.0,0.0,3.8532645713729687,0.0,0.0,0.0,0.0
23760,Derek Cornelius,522.28,Left Center Back,Centre Back,True,0.0,0.0073091376656199,0.1723213601899364,31.53480891475837,25.67588266830053,81.4207650273224,22.229455464501804,105.19263505425047,0.0,6.375890327027649,1.3785708815194917,1.3785708815194917,4.824998085318221,1.8955349620893007,2.067856322279237,0.3446427203798729,0.0,0.0,0.0
23763,In-Beom Hwang,360.11,Left Defensive Midfield,Defensive Midfielder,True,0.0,0.0494219680930826,1.499541806670184,61.73113770792258,49.7348032545611,80.5668016194332,51.48426869567632,261.58613282894294,0.2499236344450306,12.746105356696566,0.9996945377801228,0.749770903335092,1.7494654411152148,1.2496181722251534,6.747938130015828,0.749770903335092,0.0,0.2499236344450306,1.2496181722251534
23774,Selim Amallah,616.13,Left Center Midfield,Midfielder,True,0.0,0.0273233365361206,0.4382192069855387,19.573791245354062,15.483745313489036,79.1044776119403,19.865937383344423,108.8749443904472,0.8764384139710775,21.32666807329622,2.1910960349276936,1.8989498969373348,0.5842922759807184,2.3371691039228737,3.0675344488987712,0.4382192069855387,0.0,0.2921461379903592,0.1460730689951796
23785,Théo Bongonda Mbul'Ofeko Batombo,448.75,Center Attacking Midfield,Attacking Midfielder,True,0.0,0.1210987921337047,2.0055710306406684,21.66016713091922,16.445682451253482,75.92592592592592,23.064066852367688,192.81541278557933,1.0027855153203342,10.83008356545961,1.2033426183844012,0.0,0.4011142061281337,0.6016713091922006,4.211699164345404,1.6044568245125348,0.0,0.6016713091922006,1.6044568245125348
23828,Kamal Miller,340.8,Left Center Back,Centre Back,True,0.0,0.0,0.0,60.73943661971831,54.66549295774648,90.0,47.27112676056338,190.12396902145628,0.528169014084507,5.545774647887324,1.8485915492957743,2.376760563380281,4.225352112676056,0.2640845070422535,3.697183098591549,0.0,0.0,0.0,0.0
23892,Aboubakary Koita,377.07,Center Attacking Midfield,Attacking Midfielder,True,0.2386824727504177,0.1233633759248945,2.8641896730050123,15.991725674277983,11.934123637520884,74.6268656716418,21.24274007478717,175.18475379344116,2.3868247275041767,16.46909061977882,1.432094836502506,0.4773649455008354,0.2386824727504177,1.1934123637520884,5.7283793460100245,0.9547298910016708,0.0,0.0,0.9547298910016708
23910,Youssef Msakni,397.57,Left Wing,Winger,True,0.0,0.2948242913700732,3.395628442789949,31.0134064441482,22.18477249289433,71.53284671532847,28.29690368991624,216.11445139778888,1.5846266066353096,11.3187614759665,0.9055009180773198,0.6791256885579898,0.6791256885579898,2.0373770656739696,3.848378901828609,1.5846266066353096,0.0,0.2263752295193299,1.5846266066353096
24024,Tajon Buchanan,382.83,Right Midfield,Midfielder,True,0.0,0.2364828680354204,1.6456390565002743,26.095133610218635,18.10202962150301,69.36936936936937,33.61805501136275,318.17003049707967,3.056186819214795,13.870386333359455,0.7052738813572605,0.940365175143014,0.2350912937857535,1.6456390565002743,4.70182587571507,0.940365175143014,0.2350912937857535,0.0,2.821095525429042
24105,Dylan Batubinsika,345.61,Left Center Back,Centre Back,True,0.0,0.0,0.0,44.26955238563699,41.144642805474376,92.94117647058825,33.85318711842829,255.71786787167696,0.2604091316802175,4.426955238563698,0.0,1.0416365267208705,2.3436821851219585,2.0832730534417405,3.124909580162611,0.0,0.0,0.0,0.0
24443,Mikkel Damsgaard,527.67,Left Wing,Winger,True,0.3411222923418046,0.1237320530445164,1.7056114617090228,35.81784069588948,27.289783387344364,76.19047619047619,38.37625788845301,187.46339804813817,0.8528057308545114,16.032747740064814,1.7056114617090228,2.046733754050828,0.3411222923418046,1.5350503155381203,5.287395531297971,1.3644891693672183,0.1705611461709023,0.0,1.5350503155381203
24467,Frank Onyeka,632.85,Right Defensive Midfield,Defensive Midfielder,True,0.0,0.0510181262858497,0.8532827684285376,27.87390376866556,23.038634747570512,82.6530612244898,21.9009243896658,142.72587426834596,0.2844275894761792,20.052145058070632,3.128703484237971,1.7065655368570751,1.7065655368570751,1.422137947380896,4.835269021095046,0.2844275894761792,0.0,0.1422137947380896,0.5688551789523584
24547,Alexander Hartmann Bah,344.98,Right Wing Back,Full Back,True,0.0,0.0776048938779059,1.0435387558699054,56.09020812800742,43.56774305756856,77.67441860465117,39.91535741202388,149.217474966049,1.0435387558699054,14.609542582178676,2.608846889674764,0.782654066902429,2.86973157864224,1.0435387558699054,3.913270334512145,0.5217693779349527,0.0,0.0,2.347962200707287
24778,Eduardo Camavinga,346.85,Left Back,Full Back,True,0.0,0.0669448908461871,0.518956321176301,49.30085051174859,44.111287299985584,89.47368421052632,43.332852818221134,206.42535650670416,0.518956321176301,19.460862044111284,4.151650569410408,0.7784344817644515,2.854259766469656,4.930085051174859,5.708519532939311,1.2973908029407524,0.0,0.2594781605881505,0.518956321176301
24861,Andrei Florin Ratiu,371.47,Right Back,Full Back,True,0.0,0.0326144990712574,0.7268420060839369,30.04280291813605,24.712628206853854,82.25806451612904,18.17105015209842,174.53785545071733,0.2422806686946456,11.871752766037636,1.938245349557165,1.211403343473228,1.6959646808625195,2.6650873556411017,2.422806686946456,0.4845613373892912,0.0,0.0,0.4845613373892912
24977,Christoph Baumgartner,557.56,Center Attacking Midfield,Attacking Midfielder,True,0.3228352105602984,0.2929897327821221,1.7755936580816414,32.28352105602985,23.72838797618194,73.5,33.57486189827104,241.30480236960864,1.7755936580816414,26.95674008178492,1.9370112633617909,0.4842528158404477,0.6456704211205969,1.2913408422411938,4.035440132003731,0.9685056316808954,0.1614176052801492,0.8070880264007462,1.2913408422411938
25036,Otar Kakabadze,380.24,Right Wing Back,Full Back,True,0.0,0.0030721974805386,0.236692615190406,40.71112981274984,29.58657689880076,72.67441860465115,29.113191668419944,144.5737425541352,0.236692615190406,9.46770460761624,2.1302335367136545,0.9467704607616242,0.9467704607616242,2.1302335367136545,4.497159688617716,0.4733852303808121,0.0,0.0,1.6568483063328423
25104,Rodrygo Silva de Goes,535.08,Center Forward,Forward,True,0.0,0.361405168984077,2.8593855124467367,37.84480825297151,29.60305001121328,78.22222222222223,37.84480825297151,292.92960247310697,1.1773940345368916,16.483516483516482,1.3455931823278762,1.1773940345368916,0.1681991477909845,2.018389773491814,3.027584660237721,1.5137923301188605,0.1681991477909845,0.336398295581969,1.681991477909845
25142,Bruno Guimarães Rodriguez Moura,422.65,Right Defensive Midfield,Defensive Midfielder,True,0.0,0.2098748993966639,2.3423636578729448,59.62380220040223,53.87436413107772,90.35714285714286,49.61552111676328,317.2292720895493,0.6388264521471667,16.396545605110614,2.555305808588667,0.4258843014314444,0.4258843014314444,1.2776529042943334,7.878859576481722,0.6388264521471667,0.0,0.6388264521471667,0.2129421507157222
25719,Shūichi Gonda,416.02,Goalkeeper,Goalkeeper,True,0.0,0.0,0.0,24.445940099033702,14.927166963126773,61.06194690265486,10.384116148262104,33.791306090491624,0.0,0.2163357530887938,0.0,0.0,0.0,0.0,3.0287005432431138,0.0,0.0,0.0,0.0
26152,Jacob Shaffelburg,396.42,Left Wing,Winger,True,0.2270319358256394,0.0756496348569698,1.1351596791281973,21.568033903435747,9.762373240502498,45.26315789473684,20.20584228848191,177.4082514148144,1.1351596791281973,18.616618737702435,1.5892235507794763,0.0,0.4540638716512788,2.043287422430755,2.497351294082034,1.5892235507794763,0.2270319358256394,0.0,4.540638716512789
26368,César Jasib Montes Castro,529.94,Right Center Back,Centre Back,True,0.0,0.041054930143035,0.6793221874174434,58.76136921160886,48.74136694720156,82.94797687861272,42.11797561988149,285.87772225631966,0.3396610937087217,4.925085858776464,1.188813827980526,0.8491527342718044,5.434577499339548,0.8491527342718044,3.2267803902328565,0.3396610937087217,0.1698305468543608,0.1698305468543608,0.1698305468543608
26406,Jorge Eduardo Sánchez Ramos,474.0,Right Back,Full Back,True,0.0,0.0284912184303797,0.7594936708860759,47.46835443037975,37.40506329113924,78.8,31.51898734177216,197.36680336099548,0.9493670886075948,11.58227848101266,1.5189873417721518,2.468354430379747,1.8987341772151896,2.6582278481012658,4.177215189873418,0.569620253164557,0.0,0.1898734177215189,1.7088607594936709
26875,Marcus Andreas Danielsson,411.65,Left Center Back,Centre Back,True,0.0,0.039936247783311,0.2186323332928458,33.23211466051257,28.64083566136281,86.18421052631578,24.705453662091585,127.27941933485675,0.2186323332928458,6.777602332078223,0.2186323332928458,2.404955666221305,9.401190331592373,1.0931616664642294,1.749058666342767,0.0,0.0,0.0,0.2186323332928458
27133,Odilon Kossonou,336.65,Right Center Back,Centre Back,True,0.0,0.0134910294073963,0.5346799346502302,38.764295262141694,34.486855784939856,88.96551724137932,31.546116144363587,279.09172655281645,0.0,5.079459379177187,1.0693598693004605,0.5346799346502302,2.673399673251151,0.8020199019753453,2.9407396405762665,0.0,0.0,0.0,0.0
27158,Luis Fernando Díaz Marulanda,517.88,Left Center Forward,Forward,True,0.3475708658376458,0.2488676802348034,1.564068896269406,22.939677145284623,19.11639762107052,83.33333333333334,30.06487989495636,275.06180998336976,2.4329960608635206,11.643624005561136,0.6951417316752916,0.0,0.0,1.0427125975129374,3.997064957132927,1.564068896269406,0.0,0.0,1.2164980304317603
27163,Juan Pablo Vargas Campos,383.38,Center Back,Centre Back,True,0.0,0.0432589819500234,0.2347540299441807,29.57900777296677,23.24064896447389,78.57142857142857,17.606552245813553,87.5828218918745,0.4695080598883615,8.685899107934686,1.878032239553446,1.1737701497209034,5.399342688716157,3.5213104491627103,3.051802389274349,0.0,0.0,0.0,0.0
27225,Camilo Andrés Vargas Gil,601.09,Goalkeeper,Goalkeeper,True,0.0,0.0,0.0,32.04179074680996,21.560831156731936,67.28971962616822,14.37388743782129,56.56775255792005,0.0,0.1497279941439717,0.0,0.0,0.0,0.1497279941439717,3.743199853599294,0.0,0.0,0.0,0.0
27277,Jhon Adolfo Arias Andrade,493.91,Left Center Midfield,Midfielder,True,0.0,0.0380352185013464,1.2755360288311637,41.5460306533579,38.266080864934914,92.10526315789474,39.72383632645624,217.43723819371417,0.5466582980704987,18.404162701706788,1.8221943269016625,0.5466582980704987,0.3644388653803325,2.551072057662328,7.6532161729869825,0.1822194326901662,0.1822194326901662,0.1822194326901662,0.1822194326901662
27423,Daniel Muñoz Mejía,454.07,Right Back,Full Back,True,0.3964146497236109,0.1200629598299821,0.7928292994472218,40.0378796220847,35.47911115026317,88.61386138613861,26.95619618120554,146.02852461467202,0.1982073248618054,11.892439491708329,3.567731847512498,0.3964146497236109,2.3784878983416653,1.783865923756249,3.171317197788887,0.5946219745854163,0.0,0.0,0.3964146497236109
27719,Strahinja Pavlović,538.38,Left Center Back,Centre Back,True,0.1671681711802073,0.029733514710799,0.3343363423604146,55.1654964894684,42.79505182213307,77.57575757575758,44.968238047475765,269.05106301655616,1.0030090270812435,13.373453694416582,2.6746907388833168,1.170177198261451,4.346372450685389,1.83884988298228,4.346372450685389,0.1671681711802073,0.0,0.0,0.5015045135406219
27768,Lisandro Martínez,821.91,Left Center Back,Centre Back,True,0.1095010402598824,0.0995370993174435,0.6570062415592948,52.77950140526335,47.523451472789,90.04149377593362,42.04839945979487,225.48770853800505,0.1095010402598824,6.022557214293537,1.5330145636383548,1.0950104025988248,2.628024966237179,0.9855093623389422,2.080519764937767,0.3285031207796474,0.0,0.2190020805197649,0.1095010402598824
27886,Alexis Mac Allister,1051.4,Left Center Midfield,Midfielder,True,0.1712003043560966,0.1635301444074567,1.1984021304926764,41.85847441506562,37.66406695834126,89.97955010224949,36.208864371314434,189.6032138149137,0.6848012174243865,13.268023587597488,1.9688035000951112,0.6848012174243865,0.8560015217804832,2.8248050218755942,4.280007608902415,0.8560015217804832,0.2568004565341449,0.0,0.3424006087121932
28032,Ivan Schranz,335.01,Right Wing,Winger,True,0.8059460911614579,0.2355687004567028,1.3432434852690964,24.178382734843733,18.53676009671353,76.66666666666667,19.880003581982628,95.38518927349314,0.0,14.238380943852423,0.5372973941076387,0.5372973941076387,1.074594788215277,1.074594788215277,2.417838273484373,0.8059460911614579,0.0,0.0,1.074594788215277
28242,Florin Constantin Niţă,376.7,Goalkeeper,Goalkeeper,True,0.0,0.0,0.0,35.598619591186626,20.069020440668968,56.375838926174495,15.529599150517654,130.1659383856197,0.0,0.0,0.0,0.0,0.0,0.0,5.017255110167242,0.0,0.0,0.0,0.0
28263,Gonzalo Ariel Montiel,428.25,Right Back,Full Back,True,0.6304728546409808,0.498305645464098,0.840630472854641,49.597197898423815,42.2416812609457,85.16949152542372,35.09632224168126,165.02055035553732,0.0,8.61646234676007,0.840630472854641,0.6304728546409808,1.4711033274956218,2.1015761821366024,1.681260945709282,1.0507880910683012,0.0,0.0,0.840630472854641
28415,Charles Pickel,494.29,Right Defensive Midfield,Defensive Midfielder,True,0.0,0.0185441381172995,0.546238038398511,31.86388557324648,28.22229865058973,88.57142857142857,22.57783892047179,84.26842928088541,0.0,17.115458536486678,1.274555422929859,0.0,1.274555422929859,1.6387141151955331,3.0953488842582293,0.0,0.0,0.0,0.182079346132837
28559,Enner Remberto Valencia Lastra,536.1800000000001,Center Forward,Forward,True,0.5035622365623484,0.4723059306389645,2.1821030251035096,12.756909992912828,9.399828415830504,73.68421052631578,17.960386437390426,137.2812705071552,0.5035622365623484,11.581931440934012,0.5035622365623484,0.3357081577082322,0.5035622365623484,1.6785407885411614,3.860643813644671,0.8392703942705807,0.0,0.0,1.174978551978813
28567,Carlos Eccehomo Cuesta Figueroa,503.81,Left Center Back,Centre Back,True,0.0,0.057171273555507,0.535916317659435,44.302415593179965,41.98011154998908,94.75806451612904,33.40545046743812,146.0751945517522,0.0,8.396022309997818,1.7863877255314502,0.535916317659435,1.6077489529783051,0.35727754510629,1.7863877255314502,0.0,0.0,0.0,0.0
28729,Diego Nicolás De La Cruz Arcosa,411.69,Center Attacking Midfield,Attacking Midfielder,True,0.0,0.0481728538220505,1.3116665452160603,40.880273992567226,29.51249726736137,72.19251336898395,33.66610799387889,164.51105727302462,0.4372221817386869,18.36333163302485,1.530277636085404,0.8744443634773738,0.4372221817386869,1.0930554543467172,2.8419441813014643,2.623333090432121,0.4372221817386869,0.4372221817386869,2.1861109086934345
28825,Luis Gerardo Chávez Magallón,565.59,Left Center Midfield,Midfielder,True,0.1591258685620325,0.0834542193550098,2.705139765554553,44.39611732880709,32.62080305521668,73.47670250896059,34.84856521508513,216.0104781681437,0.4773776056860977,12.730069484962604,1.1138810799342278,0.9547552113721954,1.4321328170582932,1.5912586856203257,5.410279531109107,1.2730069484962605,0.0,0.1591258685620325,2.546013896992521
28914,Lovro Majer,317.68,Right Wing,Winger,True,0.5666079073281289,0.4963875275749181,1.9831276756484515,56.37748677914883,48.72828003021908,86.4321608040201,53.54444724250818,377.3829134650002,0.5666079073281289,18.698060941828253,1.9831276756484515,0.8499118609921934,0.5666079073281289,1.6998237219843868,5.949383026945354,1.133215814656258,0.0,0.0,2.54973558297658
29163,Josip Juranović,906.11,Right Back,Full Back,True,0.0,0.0055005870258577,0.1986513778680292,55.72171149198221,45.19318846497666,81.10516934046346,42.01476641908819,196.13140716215227,0.3973027557360585,7.946055114721171,1.589211022944234,0.8939312004061317,2.185165156548322,1.6885367118782488,4.171678935228615,0.794605511472117,0.0993256889340146,0.1986513778680292,2.681793601218395
29201,Nahuel Molina Lucero,935.64,Right Back,Full Back,True,0.0961908426317814,0.0608344283378222,0.2885725278953444,53.09734513274336,42.99730665640631,80.97826086956522,33.76298576375529,153.78254223623227,0.0961908426317814,10.484801846864178,1.923816852635629,1.250480954213159,0.9619084263178144,2.0200076952674104,2.693343593689881,0.3847633705271258,0.0961908426317814,0.0961908426317814,0.8657175836860331
29367,Percy Tau,599.41,Left Wing,Winger,True,0.1501476451844313,0.3501093358802823,1.8017717422131765,34.08351545686592,27.47701906875094,80.61674008810573,30.32982432725513,161.79689791562112,0.7507382259221569,20.269932099898234,1.651624097028745,0.1501476451844313,0.3002952903688627,1.2011811614754508,2.7026576133197646,1.2011811614754508,0.0,0.0,1.2011811614754508
29560,Julián Álvarez,869.79,Left Center Forward,Forward,True,0.7243127651502087,0.4381160723002104,2.172938295450626,19.349498154727005,15.210568068154382,78.6096256684492,17.693926120097956,108.51302972286226,0.3104197564929465,23.281481736971,1.034732521643155,0.4138930086572621,0.3104197564929465,1.965991791121995,2.2764115476149414,0.3104197564929465,0.0,0.0,0.7243127651502087
30111,Felix Eduardo Torres Caicedo,707.17,Right Center Back,Centre Back,True,0.0,0.0784428450443316,0.7636070534666346,43.14379852086486,34.61685309048744,80.23598820058997,29.39887155846544,165.50335340031123,0.1272678422444391,5.72705290099976,1.2726784224443912,0.8908748957110738,4.454374478555368,1.2726784224443912,2.0362854759110256,0.0,0.0,0.1272678422444391,0.2545356844888782
30193,Gedeon Kalulu Kyatengwa,613.8299999999999,Right Back,Full Back,True,0.1466203997849567,0.1239410771712037,0.2932407995699135,41.933434338497634,31.523385953765704,75.17482517482517,24.63222716387273,133.58727625495004,0.0,13.342456380431065,2.345926396559308,0.8797223987097406,3.3722691950540056,0.7331019989247838,3.079028395484092,1.172963198279654,0.0,0.0,2.0526855969893947
30310,Fehmi Mert Günok,386.54,Goalkeeper,Goalkeeper,True,0.0,0.0,0.0,29.80286645625291,19.325296217726496,64.84375,12.107414497852744,55.57113930843912,0.0,0.0,0.0,0.0,0.0,0.0,3.259688518652662,0.0,0.0,0.0,0.0
30328,Ondrej Celustka,441.25,Right Center Back,Centre Back,True,0.0,0.0,0.0,35.89801699716714,30.390934844192632,84.6590909090909,26.515580736543907,140.98245999155026,0.0,11.01416430594901,0.8158640226628895,1.2237960339943343,7.342776203966006,1.019830028328612,3.059490084985836,0.0,0.0,0.0,0.0
30401,Ruben Vargas,788.12,Left Attacking Midfield,Attacking Midfielder,True,0.2283916154900268,0.2990327755925493,1.256153885195148,33.573567477033954,24.55209866517789,73.12925170068027,30.947063898898644,221.71439413495503,0.3425874232350404,14.274475968126682,1.256153885195148,1.3703496929401615,1.256153885195148,2.0555245394102424,3.4258742323504032,1.4845455006851749,0.2283916154900268,0.1141958077450134,2.1697203471552555
30423,Ibán Salvador Edu,347.65,Right Wing,Winger,True,0.2588810585358838,0.0248935285775924,0.5177621170717676,26.405867970660147,18.38055515604775,69.6078431372549,23.04041420969365,122.7910796114795,0.5177621170717676,20.451603624334822,2.8476916438947217,0.2588810585358838,0.7766431756076515,2.3299295268229545,4.659859053645909,0.7766431756076515,0.0,0.0,0.7766431756076515
30438,Ferdi Erenay Kadıoğlu,481.62,Left Back,Full Back,True,0.0,0.0103110422324654,0.3737386321166064,52.88401644449981,44.848635853992775,84.80565371024736,42.606204061293134,334.83687391462394,0.9343465802915162,11.959636227731409,3.7373863211660647,0.7474772642332129,1.4949545284664258,0.9343465802915162,4.671732901457581,2.2424317926996387,0.0,0.3737386321166064,0.5606079481749097
30486,Pedro González López,1215.68,Left Center Midfield,Midfielder,True,0.0,0.0630233401964332,0.4441958410107923,72.55198736509607,66.85147407212425,92.14285714285714,65.96308239010266,334.3509522952905,0.592261121347723,16.21314819689392,1.1104896025269808,1.1104896025269808,0.1480652803369307,1.6287180837062385,4.738088970781784,1.7767833640431692,0.0740326401684653,0.8143590418531192,0.2961305606738615
30519,Mohamed Salisu,593.89,Left Center Back,Centre Back,True,0.1515432150734984,0.0649232228190405,0.3030864301469969,40.0074087794036,30.30864301469969,75.75757575757575,29.5509269393322,191.699918114427,0.3030864301469969,6.364815033086936,1.2123457205879875,1.0608025055144892,7.425617538601424,2.5762346562494742,2.727777871322972,0.0,0.0,0.6061728602939939,0.0
30606,Edmond Fayçal Tapsoba,395.39,Left Center Back,Centre Back,True,0.0,0.0593604706998153,0.9104934368598092,44.84180176534561,36.41973747439237,81.21827411167513,33.460633804598,332.4335250515127,0.4552467184299046,5.235337261943903,0.6828700776448571,0.6828700776448571,2.7314803105794283,0.9104934368598092,5.690583980373808,0.2276233592149523,0.0,0.2276233592149523,0.2276233592149523
30681,Ali Abdi,406.96,Left Back,Full Back,True,0.0,0.0063986339935128,0.2211519559661883,46.44191075289955,29.63436209946924,63.8095238095238,24.547867112246905,132.51699707213496,0.4423039119323767,13.047965402005111,3.317279339492825,1.769215647729507,5.749950855120897,1.3269117357971298,4.201887163357578,0.8846078238647535,0.2211519559661883,0.0,2.65382347159426
30714,Jude Bellingham,1200.05,Center Attacking Midfield,Attacking Midfielder,True,0.2999875005208116,0.1716610988042165,0.899962501562435,50.24790633723595,43.19820007499688,85.97014925373134,47.77300945793925,273.14512106672146,1.499937502604058,18.674221907420524,2.6248906295571017,0.824965626432232,0.4499812507812175,1.949918753385276,5.324778134244407,0.5999750010416233,0.1499937502604058,0.0749968751302029,1.0499562518228407
30913,Marius Mihai Marin,307.28,Center Defensive Midfield,Defensive Midfielder,True,0.0,0.0,0.0,29.87503254360844,24.31007550117157,81.37254901960785,19.916688362405623,112.99178223567134,0.2928924759177298,19.623795886487898,2.9289247591772978,0.5857849518354596,2.0502473314241083,2.3431398073418386,3.5147097110127574,0.2928924759177298,0.0,0.0,0.2928924759177298
31016,Manuel Luís da Silva Cafumana,421.02,Left Defensive Midfield,Defensive Midfielder,True,0.0,0.0079622881573321,0.4275331338178709,38.90551517742625,33.561351004702864,86.26373626373626,32.70628473706712,183.630642171304,0.2137665669089354,20.521590423257805,1.4963659683625483,2.35143223599829,1.2825994014536128,2.1376656690893547,4.70286447199658,0.4275331338178709,0.0,0.4275331338178709,0.0
31029,Salis Abdul Samed,462.01,Left Defensive Midfield,Defensive Midfielder,True,0.0,0.0051966195969784,0.1948009783338023,42.85621523343651,37.59658881842385,87.72727272727273,35.843380013419626,191.45977560583503,0.9740048916690116,15.194476310036578,0.9740048916690116,2.142810761671825,2.922014675007034,2.142810761671825,5.649228371680266,0.1948009783338023,0.1948009783338023,0.1948009783338023,0.1948009783338023
31295,Yahia Attiyat allah,475.06,Left Back,Full Back,True,0.0,0.0628190082305392,0.3788995074306403,37.889950743064034,27.65966404243674,73.0,26.712415273860145,142.68352671278024,0.3788995074306403,8.714688670904728,0.9472487685766008,0.5683492611459605,2.8417463057298025,1.7050477834378814,4.925693596598324,0.7577990148612807,0.1894497537153201,0.0,1.7050477834378814
31866,Andraž Šporar,349.92,Right Center Forward,Forward,True,0.0,0.3213127080761317,2.05761316872428,17.48971193415638,11.831275720164609,67.64705882352942,13.888888888888888,70.04859504340668,0.0,13.631687242798352,0.257201646090535,0.0,1.02880658436214,0.7716049382716049,2.05761316872428,1.286008230452675,0.0,0.0,1.5432098765432098
31887,Endre Botka,385.23,Right Center Back,Centre Back,True,0.0,0.0,0.0,28.268826415388208,19.85826649014874,70.24793388429752,19.157386496378784,82.65342703721252,0.7008799937699556,11.447706564909277,3.738026633439763,1.6353866521298963,4.438906627209719,1.168133322949926,1.4017599875399112,0.0,0.0,0.0,0.0
31900,Oleksandr Karavaev,497.69,Right Back,Full Back,True,0.0,0.0505715345496192,0.9041772991219432,52.44228334907272,43.76218127750206,83.44827586206897,35.805421045228954,217.66632645302,0.1808354598243886,8.318431151921878,1.085012758946332,2.7125318973658303,1.2658482187707207,2.531696437541441,2.7125318973658303,0.7233418392975547,0.1808354598243886,0.0,1.085012758946332
31908,Andrei Burcă Andonie,376.7,Left Center Back,Centre Back,True,0.0,0.0266372333421821,0.2389169100079639,35.35970268117866,26.99761083089992,76.35135135135135,25.08627555083621,122.23852898804886,0.0,9.79559331032652,1.4335014600477836,0.0,4.300504380143351,3.105919830103531,2.389169100079639,0.0,0.0,0.0,0.2389169100079639
31949,Zaidu Sanusi,442.08,Left Wing Back,Full Back,True,0.0,0.1140633631921824,1.221498371335505,37.45928338762215,25.44788273615635,67.93478260869566,20.96905537459284,117.5361441461891,0.0,13.436482084690557,1.221498371335505,1.221498371335505,2.6465798045602607,2.035830618892508,3.0537459283387625,0.8143322475570033,0.0,0.2035830618892508,2.850162866449512
31968,Adam Gnezda Čerin,409.18,Right Defensive Midfield,Defensive Midfielder,True,0.0,0.06289587555599,0.8798083972823695,36.29209638789774,28.59377291167701,78.78787878787878,27.054108216432866,133.2638298404251,0.2199520993205923,27.054108216432866,2.639425191847109,1.3197125959235545,1.759616794564739,2.639425191847109,3.739185688450071,0.4399041986411847,0.0,0.0,0.8798083972823695
32012,Rafael Enrique Romo Pérez,415.35,Goalkeeper,Goalkeeper,True,0.0,0.0,0.0,27.51895991332611,20.58504875406284,74.80314960629921,12.134344528710724,57.88186474356024,0.0,0.2166847237269772,0.0,0.0,0.0,0.0,2.600216684723727,0.0,0.0,0.0,0.0
32450,Montassar Omar Talbi,586.81,Left Center Back,Centre Back,True,0.0,0.0056705673216202,0.3067432388677766,42.63731020262095,37.11593190300098,87.05035971223022,31.747925222814885,235.18351639486767,0.1533716194338883,7.515209352260528,0.92022971660333,0.7668580971694416,7.515209352260528,3.0674323886777666,3.3741756275455432,0.0,0.0,0.3067432388677766,0.1533716194338883
32478,Darwin Gabriel Núñez Ribeiro,734.67,Center Forward,Forward,True,0.2450079627587897,0.254508230429989,2.940095553105476,15.312997672424354,10.90285434276614,71.2,17.763077300012252,170.39802748385245,1.7150557393115278,15.68050961656254,0.8575278696557639,0.1225039813793948,0.8575278696557639,1.347543795173343,3.55261546000245,0.6125199068969742,0.1225039813793948,0.0,0.9800318510351588
32677,Alexander Domínguez Carabalí,418.79,Goalkeeper,Goalkeeper,True,0.0,0.0,0.0,22.35010387067504,13.109195539530551,58.65384615384615,10.745242245516849,47.97459053719511,0.0,0.0,0.0,0.0,0.0,0.0,2.578858138924044,0.2149048449103369,0.0,0.0,0.0
32915,Ismail Jakobs,707.35,Left Back,Full Back,True,0.0,0.0179180283028203,0.3817063688414505,42.49664239768149,27.228387644023464,64.07185628742515,22.266204849084613,118.51756741327652,0.254470912560967,14.759312928536083,2.035767300487736,1.017883650243868,3.689828232134021,1.654060931646285,2.6719445818901533,1.017883650243868,0.1272354562804835,0.0,2.6719445818901533
32975,Diogo Meireles Costa,1025.3,Goalkeeper,Goalkeeper,True,0.0,0.0,0.0,27.4748853993953,21.944796644884423,79.87220447284345,14.659124158782795,46.46472934128855,0.0,0.0877791865795377,0.0,0.0,0.0,0.0,2.9844923437042814,0.0877791865795377,0.0,0.0,0.0
33018,Joško Gvardiol,1398.41,Left Center Back,Centre Back,True,0.0643588075028067,0.052188186876524,0.4505116525196473,56.63575060246994,50.65038150470892,89.43181818181817,46.78885305454051,291.22351970898274,0.7723056900336811,12.228173425533283,1.866405417581396,1.866405417581396,3.475375605151565,2.4456346851066564,3.925887257671212,0.1287176150056135,0.0,0.3861528450168405,0.5792292675252608
33234,Georges Mikautadze,358.01,Right Center Forward,Forward,True,0.7541688779643028,0.5090813038183292,1.5083377559286055,18.100053071143265,13.82642942934555,76.38888888888889,22.12228708695288,186.24051098569987,1.7597273819167063,15.083377559286054,0.7541688779643028,0.0,0.0,1.0055585039524035,4.273623641797715,1.0055585039524035,0.2513896259881009,0.2513896259881009,0.7541688779643028
33495,Kye Rowles,386.92,Left Center Back,Centre Back,True,0.0,0.0,0.0,45.35821358420345,39.54305799648506,87.17948717948718,29.540990385609422,111.25785168097616,0.0,8.141217822805748,1.395637341052414,1.1630311175436785,2.558668458596092,2.558668458596092,0.9304248940349428,0.0,0.0,0.0,0.0
34476,Matías Nicolás Viña Susperreguy,393.14,Left Back,Full Back,True,0.2289260823116447,0.0227005049091926,0.4578521646232894,49.90588594393855,35.25461667599328,70.64220183486239,34.109986264435065,241.72850038220983,0.6867782469349342,10.072747621712368,2.7471129877397367,0.4578521646232894,1.1446304115582235,1.6024825761815131,3.89174339929796,0.9157043292465789,0.0,0.2289260823116447,0.9157043292465789
34526,Marc Guehi,591.54,Left Center Back,Centre Back,True,0.0,0.0211301305913378,0.3042904959935085,68.76965209453292,64.2052946546303,93.36283185840708,55.07657977482504,234.73871679240025,0.0,7.15082665584745,0.608580991987017,0.3042904959935085,1.8257429759610508,2.7386144639415764,3.0429049599350853,0.0,0.1521452479967542,0.1521452479967542,0.0
34639,Vitor Machado Ferreira,491.91,Right Defensive Midfield,Defensive Midfielder,True,0.0,0.1271414914923461,1.8296029761541743,79.58772946270659,72.2693175580899,90.80459770114942,73.00115874855156,391.61980895588215,0.5488808928462524,10.794657559309629,1.280722083307922,0.1829602976154174,0.1829602976154174,1.4636823809233397,6.952491309385863,0.9148014880770872,0.0,0.5488808928462524,0.9148014880770872
34794,Neco Williams,361.65,Left Wing Back,Full Back,True,0.0,0.0188065883865615,0.7465781833264207,42.55495644960597,32.84944006636251,77.19298245614034,32.35172127747823,222.2066084123015,0.4977187888842804,12.94068851099129,1.2442969722107011,1.4931563666528411,2.2397345499792616,3.4840315221899627,5.474906677727085,0.2488593944421402,0.0,0.0,2.2397345499792616
34845,Federico Bikoro Akieme Nchama,390.1,Right Defensive Midfield,Defensive Midfielder,True,0.0,0.0074511101512432,0.2307100743399128,31.60728018456805,26.53165854908997,83.94160583941606,27.454498846449628,113.91112536609565,0.4614201486798256,13.381184311714945,1.6149705203793896,0.2307100743399128,1.845680594719303,1.6149705203793896,5.306331709817995,0.2307100743399128,0.0,0.2307100743399128,0.0
35413,Lionel Mpasi-Nzau,613.8299999999999,Goalkeeper,Goalkeeper,True,0.1466203997849567,0.1148770832315136,0.1466203997849567,23.45926396559308,17.3012071746249,73.75,12.462733981721325,77.46553780915384,0.1466203997849567,0.1466203997849567,0.0,0.0,0.0,0.0,4.105371193978789,0.0,0.0,0.0,0.0
35471,Issa Kabore,395.39,Right Back,Full Back,True,0.0,0.0454399208376539,0.2276233592149523,38.46834770732694,30.729153494018565,79.88165680473372,31.867270290093327,231.8094617787636,1.1381167960747616,12.064038038392471,2.5038569513644755,0.6828700776448571,0.2276233592149523,1.1381167960747616,3.186727029009333,1.3657401552897142,0.0,0.2276233592149523,3.414350388224285
35492,Maximiliano Javier Araújo Vilches,500.3,Left Wing,Winger,True,0.3597841295222866,0.1611272630021986,1.9788127123725765,18.34899060563661,12.772336598041177,69.6078431372549,19.96801918848691,141.34927967025237,0.3597841295222866,14.931041375174896,0.7195682590445732,0.1798920647611433,0.8994603238057166,1.2592444533280032,3.957625424745153,0.8994603238057166,0.1798920647611433,0.1798920647611433,2.15870477713372
35592,Anis Ben Slimane,377.82,Center Attacking Midfield,Attacking Midfielder,True,0.0,0.0295956330633635,0.952834683182468,31.91996188661268,23.582658408766083,73.88059701492537,26.91757979990472,127.60837035034471,0.7146260123868509,18.10385898046689,0.952834683182468,0.7146260123868509,0.7146260123868509,0.952834683182468,4.049547403525488,0.952834683182468,0.0,0.4764173415912339,0.7146260123868509
35684,Meschak Elia,457.31,Right Wing,Winger,True,0.1968030438870787,0.409160044980429,1.3776213072095516,21.648334827578665,13.382606984321358,61.81818181818181,24.993986573659008,261.82402168320203,1.3776213072095516,13.776213072095514,0.984015219435394,0.5904091316612364,0.0,1.5744243510966305,5.116879141064048,1.1808182633224729,0.1968030438870787,0.0,4.5264700094028125
35690,Sebastián Enzo Cáceres Ramos,350.38,Left Center Back,Centre Back,True,0.0,0.0400335119013642,0.5137279525087048,29.28249329299617,23.37462183914607,79.82456140350878,17.98047833780467,93.26717522794917,0.0,13.356926765226326,2.05491181003482,0.2568639762543524,3.0823677150522286,2.311775786289172,2.5686397625435244,0.2568639762543524,0.0,0.0,0.2568639762543524
36271,Roberto Lopes,423.9500000000001,Left Center Back,Centre Back,True,0.0,0.0210136954829578,0.2122891850454062,43.519282934308286,35.24000471753744,80.97560975609757,28.87132916617525,119.2050180447908,0.0,8.066989031725438,1.4860242953178435,0.6368675551362188,5.944097181271375,2.7597594055902817,1.9106026654086563,0.0,0.0,0.0,0.0
36288,Facundo Pellistri Rebollo,650.03,Right Wing,Winger,True,0.1384551482239281,0.153291734550713,0.5538205928957125,17.583803824438874,13.568604525944956,77.16535433070865,20.07599649246957,152.13110044562515,0.4153654446717844,18.55298986200637,2.076827223358922,0.4153654446717844,0.5538205928957125,1.6614617786871375,4.845930187837485,0.969186037567497,0.1384551482239281,0.0,2.076827223358922
36520,Miguel Ángel Navarro Zárate,322.43,Left Back,Full Back,True,0.0,0.0222763858822069,0.2791303538752597,42.706944142914736,32.37912104953013,75.81699346405229,25.67999255652389,73.67562971177956,0.0,10.60695344725987,0.8373910616257793,1.6747821232515585,3.349564246503117,1.9539124771268184,3.349564246503117,0.2791303538752597,0.0,0.0,1.116521415501039
36539,Wilfried Stephane Singo,390.61,Right Back,Full Back,True,0.0,0.0533405383118711,1.1520442384987584,51.15076418934487,41.0127748905558,80.18018018018019,35.48296254576176,208.9193600225322,0.0,8.29471851719106,2.073679629297765,1.6128619338982615,4.14735925859553,0.6912265430992549,4.838585801694785,0.9216353907990066,0.0,0.2304088476997516,1.6128619338982615
36629,Yahia Fofana,736.74,Goalkeeper,Goalkeeper,True,0.0,0.0,0.0,20.278524309797216,14.292694844857072,70.48192771084338,8.551184949914488,43.77878403345321,0.0,0.0,0.0,0.0,0.0,0.0,3.298314194967017,0.0,0.0,0.0,0.0
36659,Manuel Ugarte Ribeiro,546.3,Right Defensive Midfield,Defensive Midfielder,True,0.1647446457990115,0.1586178228995057,0.8237232289950577,39.04448105436574,34.431630971993414,88.18565400843882,32.61943986820428,188.7865282728975,0.3294892915980231,18.28665568369028,3.9538714991762767,0.6589785831960462,2.306425041186161,2.14168039538715,6.42504118616145,0.3294892915980231,0.0,0.1647446457990115,0.3294892915980231
36710,Sergio Rochet Álvarez,934.72,Goalkeeper,Goalkeeper,True,0.0,0.0,0.0,20.41252995549469,14.250256761383088,69.81132075471697,10.206264977747349,56.62386867787765,0.0,0.2888565559739815,0.0,0.0,0.0,0.0962855186579938,3.3699931530297844,0.0,0.0,0.0,0.0
36917,José Andrés Martínez Torres,376.7,Right Defensive Midfield,Defensive Midfielder,True,0.0,0.0465881891691,0.9556676400318556,42.76612689142554,35.35970268117866,82.68156424581005,35.598619591186626,170.54639635256618,0.9556676400318556,15.290682240509687,4.061587470135386,0.4778338200159278,2.628086010087603,2.867002920095567,9.078842580302627,0.4778338200159278,0.0,0.2389169100079639,0.2389169100079639
36951,Babacar Niasse,398.37,Goalkeeper,Goalkeeper,True,0.0,0.0,0.0,24.85126892085248,11.296031327660216,45.45454545454545,7.907221929362151,58.4862947373414,0.0,0.4518412531064085,0.0,0.0,0.0,0.0,2.936968145191656,0.0,0.0,0.0,0.0
37148,Josip Šutalo,388.4,Right Center Back,Centre Back,True,0.0,0.064363175592173,0.2317198764160659,61.40576725025747,58.161688980432544,94.71698113207547,52.13697219361483,227.2999556468833,0.6951596292481977,7.878475798146241,0.6951596292481977,2.780638516992791,3.244078269824923,2.548918640576725,2.317198764160659,0.0,0.0,0.0,0.0
37274,Bart Verbruggen,573.1700000000001,Goalkeeper,Goalkeeper,True,0.0,0.0,0.0,32.97451018022576,27.949822914667543,84.76190476190476,20.09874906223284,72.30740632345943,0.0,0.0,0.0,0.0,0.0,0.0,3.768515449168658,0.0,0.0,0.0,0.0
37641,Seung-Gyu Kim,389.65,Goalkeeper,Goalkeeper,True,0.0,0.0,0.0,29.564994225587068,21.711792634415502,73.4375,15.47542666495573,88.60612432840773,0.0,0.0,0.0,0.0,0.2309765173873989,0.0,3.4646477608109847,0.0,0.0,0.0,0.0
37726,Moisés Isaac Caicedo Corozo,701.75,Left Defensive Midfield,Defensive Midfielder,True,0.1282508015675098,0.0964163709041681,0.7695048094050587,42.83576772354827,34.75596722479516,81.1377245508982,32.06270039187745,160.40203253670418,0.6412540078375489,13.594584966156038,2.693266832917706,1.0260064125400783,1.1542572141075882,2.8215176344852155,5.899536872105451,0.8977556109725685,0.0,0.3847524047025293,1.0260064125400783
37737,Angelo Smit Preciado Quiñónez,684.79,Right Back,Full Back,True,0.0,0.0380981444282188,1.182844375648009,35.35390411659049,24.83973188860819,70.26022304832715,21.685480220213496,107.19711917421829,0.2628543056995575,11.434162297930754,2.6285430569955754,1.4456986813475663,3.1542516683946906,1.5771258341973453,5.519940419690709,0.9199900699484512,0.1314271528497787,0.0,1.708552987047124
37945,Alan Steven Franco Palma,411.06,Right Defensive Midfield,Defensive Midfielder,True,0.0,0.0267729211064078,0.6568384177492337,25.178806013720624,21.67566778572471,86.08695652173914,17.29674500072982,72.86262920045066,0.0,11.385199240986717,0.4378922784994891,0.4378922784994891,3.503138227995913,2.1894613924974458,3.284192088746168,0.2189461392497445,0.0,0.0,0.0
38004,Piero Martín Hincapié Reyna,707.17,Left Back,Full Back,True,0.0,0.0009357814047541,0.1272678422444391,46.83456594595359,37.54401346210954,80.16304347826086,32.453299772331974,190.24909445543443,0.2545356844888782,11.32683795975508,2.6726246871332213,1.145410580199952,2.6726246871332213,2.0362854759110256,2.6726246871332213,0.2545356844888782,0.0,0.0,1.145410580199952
38229,Khvicha Kvaratskhelia,352.57,Left Center Forward,Forward,True,0.2552684573276229,0.140930197614658,1.5316107439657374,22.71889270215844,18.124060470261224,79.7752808988764,28.845335678021385,350.3087113088401,3.5737584025867206,11.742349037070651,1.0210738293104915,0.0,0.2552684573276229,1.2763422866381144,3.5737584025867206,2.0421476586209835,0.0,0.2552684573276229,1.7868792012933603
38718,Enzo Fernandez,969.85,Center Defensive Midfield,Defensive Midfielder,True,0.0927978553384544,0.1336665135639531,1.391967830076816,63.752126617518165,56.14270247976491,88.06404657933042,52.709181832242095,244.2265425487573,0.3711914213538176,15.40444398618343,2.412744238799814,0.7423828427076352,1.6703613960921793,1.206372119399907,5.011084188276538,1.0207764087229985,0.0927978553384544,0.8351806980460896,0.4639892766922719
38759,Benjamin Šeško,368.55,Left Center Forward,Forward,True,0.0,0.2061826586080585,1.953601953601953,17.582417582417584,11.233211233211232,63.888888888888886,15.628815628815628,121.83829609916717,0.4884004884004884,15.140415140415138,1.221001221001221,0.0,1.221001221001221,1.221001221001221,4.151404151404152,0.4884004884004884,0.0,0.2442002442002442,0.0
38792,Yunus Dimoara Musah,485.29,Right Center Midfield,Midfielder,True,0.0,0.0366245659502565,0.7418244760864638,41.35671454182035,35.23666261410703,85.20179372197309,35.42211873312865,285.24185318082084,0.5563683570648479,16.691050711945437,1.6691050711945437,0.9272805951080798,0.3709122380432319,2.2254734282593915,4.080034618475551,0.5563683570648479,0.0,0.0,1.2981928331513115
39136,Illia Zabarnyi,781.1,Right Center Back,Centre Back,True,0.0,0.032132162719242,0.2304442452950966,59.22417104083984,53.23262066316733,89.88326848249028,49.66073486109333,329.5731459258116,0.2304442452950966,8.987325566508769,0.9217769811803866,1.6131097170656763,4.032774292664191,2.419664575598515,2.650108820893611,0.2304442452950966,0.0,0.345666367942645,0.0
39167,Xavi Simons,484.91,Center Attacking Midfield,Attacking Midfielder,True,0.1856014518158008,0.1012149205832009,2.041615969973809,36.19228310408117,29.881833742343936,82.56410256410255,38.41950052587077,274.6443165592299,0.3712029036316017,11.878492916211256,1.8560145181580088,1.299210162710606,0.0,1.484811614526407,4.454434843579221,1.6704130663422077,0.5568043554474026,0.5568043554474026,0.3712029036316017
39460,Nicolas Seiwald,385.36,Right Defensive Midfield,Defensive Midfielder,True,0.0,0.0079253148484533,0.2335478513597674,54.41664936682583,47.64376167739257,87.55364806866953,43.67344820427652,167.5181865532405,0.0,22.88768943325721,3.0361220676769776,2.101930662237907,1.401287108158605,2.3354785135976748,6.3057919867137215,1.1677392567988374,0.0,0.2335478513597674,0.7006435540793025
39559,Aguibou Camara,483.86,Center Attacking Midfield,Attacking Midfielder,True,0.1860042160955648,0.0917228890691522,0.9300210804778242,32.550737816723846,25.296573388996816,77.71428571428571,27.900632414334726,141.89631278798663,0.7440168643822593,21.39048485098996,1.8600421609556483,0.9300210804778242,0.5580126482866945,2.7900632414334723,3.348075889720167,1.116025296573389,0.0,0.1860042160955648,1.3020295126689538
39565,Jamal Musiala,715.12,Left Wing,Winger,True,0.3775590110750643,0.2584366952399597,2.64291307752545,37.12663608904799,31.463250922922025,84.7457627118644,48.95681843606668,372.7355448111945,4.02729611813402,15.22821344669426,1.006824029533505,1.006824029533505,0.0,2.01364805906701,5.663385166125965,1.5102360443002574,0.0,0.5034120147667525,1.258530036916881
39615,Radu Drăgușin,376.7,Right Center Back,Centre Back,True,0.0,0.0344301331298115,0.7167507300238918,26.519777010883995,21.98035572073268,82.88288288288288,19.352269710645075,122.14313354275647,0.2389169100079639,5.734005840191134,0.4778338200159278,2.150252190071676,6.211839660207062,1.9113352800637111,2.150252190071676,0.0,0.0,0.2389169100079639,0.0
40211,Jeremy Leonel Sarmiento Morante,409.56,Left Wing,Winger,True,0.2197480222677996,0.091246766774099,1.5382361558745972,18.678581892762967,14.063873425139176,75.29411764705883,24.17228244945796,248.95361673233344,1.9777322004101965,13.184881336067976,3.735716378552593,0.6592440668033988,0.8789920890711984,0.8789920890711984,5.933196601230589,0.4394960445355992,0.0,0.0,0.4394960445355992
40485,Ryan Isaac Mendes da Graça,390.35,Right Wing,Winger,True,0.4611246317407454,0.3292165973613424,1.3833738952222363,33.66209811707442,23.978480850518764,71.23287671232876,35.27603432816703,178.9322625228044,1.613936211092609,12.6809273728705,1.613936211092609,0.4611246317407454,2.0750608428333543,0.6916869476111182,5.764057896759319,0.6916869476111182,0.2305623158703727,0.2305623158703727,2.3056231587037272
40538,Jin-Su Kim,340.68,Left Back,Full Back,True,0.0,0.0753629973582247,0.7925325818950334,37.24903134906658,26.94610778443113,72.3404255319149,23.511799929552662,91.7470060322577,0.2641775272983445,5.811905600563579,2.3775977456851005,1.849242691088412,2.113420218386756,1.5850651637900668,3.1701303275801336,1.056710109193378,0.2641775272983445,0.0,3.698485382176823
40672,Moon-Hwan Kim,389.65,Right Back,Full Back,True,0.0,0.0,0.0,55.89631720775054,47.35018606441679,84.71074380165288,38.11112536892082,171.48200839733693,0.4619530347747979,9.239060695495958,1.847812139099192,2.0787886564865907,3.4646477608109847,2.0787886564865907,4.38855383036058,0.4619530347747979,0.0,0.0,2.7717182086487875
41092,Nuno Mendes,477.63,Left Back,Full Back,True,0.1884303749764462,0.1824362110420199,0.7537214999057849,75.18371961560204,66.70435274166196,88.7218045112782,65.19690974185039,312.98272453174576,1.6958733747880157,9.609949123798756,1.6958733747880157,1.6958733747880157,1.884303749764462,2.4495948746938008,3.3917467495760314,0.7537214999057849,0.0,0.0,2.4495948746938008
41202,Giorgi Kochorashvili,380.24,Left Center Midfield,Midfielder,True,0.0,0.1930722288212707,1.1834630759520302,41.657900273511466,37.870818430464965,90.9090909090909,40.23774458236903,209.8697839289484,1.1834630759520302,16.568483063328422,1.8935409215232484,1.4201556911424362,1.1834630759520302,3.0770039974752788,4.970544918998527,0.236692615190406,0.236692615190406,0.0,0.4733852303808121
41593,Willian Joel Pacho Tenorio,418.79,Left Center Back,Centre Back,True,0.0,0.0,0.0,36.96363332457796,28.367439528164475,76.74418604651163,25.143866854509422,142.4381068064652,0.0,5.8024308125790975,1.2894290694620216,0.8596193796413477,5.8024308125790975,2.149048449103369,1.5043339143723586,0.2149048449103369,0.0,0.0,0.2149048449103369
42527,Sphephelo S''Miso Sithole,734.74,Left Defensive Midfield,Defensive Midfielder,True,0.0,0.0381406059150175,0.6124615510248523,40.6674469880502,34.787816098211614,85.54216867469879,34.91030840841658,175.3489777365283,0.6124615510248523,15.311538775621308,1.347415412254675,0.6124615510248523,0.8574461714347932,1.837384653074557,4.409723167378937,0.3674769306149114,0.0,0.1224923102049704,0.1224923102049704
42822,András Schäfer,525.58,Left Center Midfield,Midfielder,True,0.1712393926709539,0.043255656741124,0.6849575706838159,34.07663914151984,29.795654324746,87.43718592964824,27.39830282735264,157.39107101702177,1.198675748696678,19.178811979146847,1.8836333193804933,0.8561969633547699,1.198675748696678,3.2535484607481258,3.2535484607481258,0.5137181780128619,0.0,0.0,0.1712393926709539
43779,Calvin Bassey Ughelumba,632.0,Left Center Back,Centre Back,True,0.0,0.0870326886075949,0.2848101265822785,38.02215189873417,29.90506329113924,78.65168539325843,27.48417721518988,152.7718299344727,0.569620253164557,11.962025316455694,2.278481012658228,0.7120253164556962,3.4177215189873418,2.848101265822785,2.5632911392405062,0.0,0.1424050632911392,0.1424050632911392,0.7120253164556962
44166,Jakub Piotr Kiwior,661.51,Left Center Back,Centre Back,True,0.0,0.0277018677571011,0.408157095130837,47.754380130307936,40.40755241795287,84.61538461538461,34.01309126090308,186.5223506263093,0.5442094601744494,8.299194267660353,1.632628380523348,1.0884189203488988,2.8570996659158587,1.3605236504361236,2.040785475654185,0.408157095130837,0.0,0.0,0.2721047300872247
44703,Alistair Johnston,860.0699999999999,Right Back,Full Back,True,0.0,0.07153768868813,0.3139279360982245,49.60061390351949,40.07813317520667,80.80168776371308,30.764937737626006,159.5238900684513,0.2092852907321497,16.428895322473753,2.6160661341518714,1.1510690990268235,2.092852907321497,2.7207087795179463,3.243922006348321,0.5232132268303743,0.0,0.0,1.0464264536607486
44955,Aïssa Bilal Laïdouni,502.48,Left Defensive Midfield,Defensive Midfielder,True,0.0,0.0191186825545295,0.5373348192962905,40.47922305365388,34.38942843496259,84.95575221238938,33.135647189937906,178.16412183814333,0.3582232128641935,15.403598153160324,2.686674096481452,1.074669638592581,2.507562490049355,2.686674096481452,6.089794618691292,0.5373348192962905,0.1791116064320967,0.0,0.3582232128641935
45190,Dan Ndoye,409.38,Right Wing Back,Full Back,True,0.2198446431188626,0.272686073061703,3.0778250036640773,24.40275538619376,19.12648395134105,78.37837837837837,29.898871464165325,294.5898443113859,2.8579803605452145,16.928037520152426,0.8793785724754507,0.6595339293565881,0.2198446431188626,1.0992232155943134,3.0778250036640773,0.6595339293565881,0.0,0.2198446431188626,1.978601788069764
45557,Logan Costa,526.62,Right Center Back,Centre Back,True,0.0,0.0,0.0,50.75766207132277,41.69989745926854,82.15488215488216,34.863848695454024,225.1319775029265,0.1709012190953628,5.297937791956249,1.367209752762903,1.367209752762903,4.1016292582887095,2.221715848239717,2.563518286430443,0.3418024381907257,0.0,0.3418024381907257,0.5127036572860887
46258,Azzedine Ounahi,935.21,Right Center Midfield,Midfielder,True,0.0962350701981373,0.0713458520225403,1.251055912575785,46.57777397589846,40.13002427262326,86.15702479338843,45.03801285272826,293.34996090888825,2.020936474160884,12.318088985361577,1.251055912575785,1.0585857721795104,0.1924701403962746,1.1548208423776478,5.00422365030314,1.1548208423776478,0.0,0.1924701403962746,0.7698805615850985
46376,Attila Szalai,390.31,Left Center Back,Centre Back,True,0.0,0.0221397740257743,0.2305859445056493,44.04191540057902,34.357305731341754,78.01047120418848,26.517383618149672,135.11839365332906,0.2305859445056493,12.682226947810715,1.844687556045195,1.1529297225282469,3.68937511209039,1.844687556045195,1.6141016115395457,0.0,0.0,0.6917578335169481,0.0
48347,Amadou Onana,489.02,Right Defensive Midfield,Defensive Midfielder,True,0.0,0.0845565017790683,0.9202077624637028,55.02842419532944,50.05930227802544,90.96989966555184,46.56251278066337,260.409270021838,0.9202077624637028,14.907365751911987,3.12870639237659,0.3680831049854812,0.9202077624637028,1.656373972434665,2.208498629912888,0.1840415524927406,0.0,0.3680831049854812,0.0
48383,Abdülkerim Bardakcı,383.95,Left Center Back,Centre Back,True,0.0,0.0518060004167209,0.4688110431045709,50.63159265529366,43.59942700872509,86.11111111111111,40.78656075009767,214.0757539530315,0.0,5.860138038807137,1.406433129313713,0.7032165646568563,3.516082823284282,2.109649693970569,4.453704909493424,0.4688110431045709,0.0,0.0,0.4688110431045709
48720,João Victor Gomes da Silva,330.95000000000005,Left Defensive Midfield,Defensive Midfielder,True,0.0,0.0085211619277836,0.2719444024777156,50.309714458377385,44.87082640882308,89.1891891891892,43.78304879891222,230.2344183064049,1.0877776099108625,24.20305182051669,4.35111043964345,1.0877776099108625,0.2719444024777156,2.719444024777156,5.982776854509744,0.2719444024777156,0.0,0.0,0.2719444024777156
49395,Richard Rios Montoya,460.95,Right Center Midfield,Midfielder,True,0.195248942401562,0.0454923296973641,1.561991539212496,36.12105434428897,29.09209241783274,80.54054054054053,35.92580540188741,218.6619895102209,2.147738366417182,19.5248942401562,1.95248942401562,1.757240481614058,1.95248942401562,2.147738366417182,4.88122356003905,0.97624471200781,0.0,0.195248942401562,1.561991539212496
49587,Nahuel Adolfo Ferraresi Hernández,322.43,Right Center Back,Centre Back,True,0.0,0.0,0.0,47.1730298049189,41.03216201966318,86.98224852071006,31.82086034177961,157.6725257047087,0.2791303538752597,8.932171324008312,1.6747821232515585,1.3956517693762986,5.303476723629935,1.3956517693762986,1.6747821232515585,0.5582607077505195,0.0,0.0,0.0
50436,Fabian Rieder,304.17,Right Attacking Midfield,Attacking Midfielder,True,0.0,0.0023930428050103,0.2958871683597988,34.32291152973666,22.191537626984907,64.65517241379311,31.36403984613867,151.61000805297817,0.8876615050793963,33.73113719301706,2.3670973468783902,0.8876615050793963,0.0,1.479435841798994,4.438307525396982,1.1835486734391951,0.0,0.2958871683597988,2.0712101785185912
50498,Pape Matar Sarr,341.82000000000005,Right Center Midfield,Midfielder,True,0.2632964718272775,0.2338376100579251,1.579778830963665,41.33754607688256,34.49183780937335,83.43949044585987,31.59557661927329,194.9912333772276,0.2632964718272775,18.6940494997367,2.896261190100052,1.3164823591363874,1.05318588730911,2.10637177461822,4.21274354923644,0.2632964718272775,0.0,0.2632964718272775,0.0
50502,Nicola Zalewski,330.49,Left Wing Back,Full Back,True,0.0,0.0320829657478289,0.5446458289206935,32.95107264970196,24.23673938697086,73.55371900826447,33.768041393083,295.7244732246499,1.6339374867620804,11.165239492874216,1.9062604012224271,0.5446458289206935,0.5446458289206935,1.6339374867620804,5.174135374746588,0.2723229144603467,0.0,0.0,2.450906230143121
52324,Saúl Basilio Coco-Bassey Oubiña,390.1,Left Center Back,Centre Back,True,0.0,0.0077141021020251,0.6921302230197385,35.9907715970264,29.992309664188667,83.33333333333334,24.916688028710585,136.26583518567574,0.0,5.998461932837734,0.9228402973596512,0.2307100743399128,4.614201486798256,1.6149705203793896,2.307100743399128,0.0,0.0,0.0,0.0
64612,Deon Hotto Kavendji,381.17,Left Midfield,Midfielder,True,0.2361151192381352,0.0879537085788493,0.9444604769525408,37.77841907810163,23.375396804575384,61.875,28.806044547052498,177.04508675539608,0.9444604769525408,6.375108219429651,0.7083453577144057,1.6528058346669463,1.180575596190676,1.180575596190676,6.138993100191516,1.6528058346669463,0.0,0.2361151192381352,2.361151192381352
65555,Riaan Hanamub,381.17,Left Back,Full Back,True,0.0,0.0049174733714615,0.4722302384762704,44.62575753600756,29.98662014324317,67.1957671957672,27.62546895086182,153.40271656595743,0.4722302384762704,16.055828108193193,2.125036073143217,1.6528058346669463,2.5972663116194874,2.8333814308576226,4.958417504000839,0.9444604769525408,0.0,0.4722302384762704,3.3056116693338926
65719,Khuliso Johnson Mudau,699.47,Right Back,Full Back,True,0.0,0.0467190763006276,0.2573376985431826,38.34331708293422,30.75185497591033,80.20134228187919,28.69315338756487,155.3383720612745,0.7720130956295481,9.65016369536935,1.9300327390738703,1.9300327390738703,2.3160392868886444,2.187370437617053,4.632078573777289,0.2573376985431826,0.0,0.0,0.6433442463579567
65723,Peter Shalulile,376.32,Center Forward,Forward,True,0.0,0.328438592315051,2.391581632653061,18.65433673469388,13.153698979591836,70.51282051282051,20.32844387755102,121.19849906004325,0.7174744897959184,12.914540816326532,0.4783163265306122,0.4783163265306122,0.9566326530612244,1.913265306122449,4.065688775510204,0.2391581632653061,0.0,0.0,1.1957908163265307
65726,Themba Zwane,514.45,Center Attacking Midfield,Attacking Midfielder,True,0.3498882301487024,0.0985466778112547,0.5248323452230537,42.86130819321605,36.73826416561376,85.71428571428571,44.61074934395957,247.17580720160143,2.274273495966566,16.619690932063367,0.8747205753717562,0.5248323452230537,0.3498882301487024,1.7494411507435124,4.373602876858781,1.574497035669161,0.1749441150743512,0.1749441150743512,0.1749441150743512
65727,Thapelo James Morena,390.36,Right Wing,Winger,True,0.0,0.0959358064094681,1.152782047340916,21.44174608054104,15.21672302490009,70.96774193548387,22.594528127881954,115.43842520325224,0.6916692284045496,12.911158930218258,0.4611128189363664,0.6916692284045496,0.4611128189363664,1.6138948662772823,4.1500153704272975,0.2305564094681832,0.2305564094681832,0.2305564094681832,0.9222256378727328
65732,Mothobi Mvala,643.35,Left Center Back,Centre Back,True,0.2797854977850314,0.2192119375145721,0.2797854977850314,42.24761016553975,36.37211471205409,86.09271523178808,30.49661925856843,129.3365411194269,0.0,6.994637444625787,1.8186057356027048,1.3989274889251573,4.056889717882956,2.2382839822802514,2.098391233387736,0.0,0.0,0.0,0.0
65733,Aubrey Maphosa Modiba,775.72,Left Back,Full Back,True,0.1160212447790439,0.1896382724307739,0.6961274686742639,47.45268911462899,38.75109575620069,81.66259168704157,37.47486206363121,179.0423106162632,0.4640849791161759,11.254060743567267,2.436446140359924,0.5801062238952199,2.088382406022792,2.436446140359924,6.497189707626463,0.6961274686742639,0.0,0.1160212447790439,0.9281699582323518
65853,Evidence Makgopa,594.28,Center Forward,Forward,True,0.151443763882345,0.3109287450191829,1.9687689304704847,17.26458908258733,12.872719929999327,74.56140350877193,16.053038971528572,89.20727160318704,0.30288752776469,16.053038971528572,0.7572188194117251,0.151443763882345,0.90866258329407,1.0601063471764152,3.0288752776469003,0.454331291647035,0.151443763882345,0.0,0.60577505552938
66716,Teboho Mokoena,772.9200000000001,Right Defensive Midfield,Defensive Midfielder,True,0.3493246390312063,0.4088476347810898,2.56171401956218,48.43968327899394,38.19282720074522,78.84615384615384,40.4052165812762,194.8566966503107,0.5822077317186771,17.00046576618537,0.815090824406148,1.0479739170936189,1.28085700978109,1.1644154634373542,3.7261294829995335,1.1644154634373542,0.1164415463437354,0.5822077317186771,1.0479739170936189
66721,Ronwen Williams,775.72,Goalkeeper,Goalkeeper,True,0.0,0.0,0.0,37.7069045531893,27.03295003351725,71.6923076923077,20.187696591553653,88.7034309799413,0.0,0.1160212447790439,0.1160212447790439,0.0,0.0,0.0,3.8287010777084514,0.0,0.0,0.1160212447790439,0.0
66886,Mostafa Mohamed Ahmed Abdallah,435.68,Center Forward,Forward,True,0.8262945280940139,0.679695556853654,3.0986044803525523,16.732464193903784,12.807565185457216,76.5432098765432,16.11274329783327,106.77041929181787,1.0328681601175174,11.7746970253397,0.4131472640470069,0.0,0.8262945280940139,2.272309952258538,4.544619904517076,0.6197208960705105,0.0,0.2065736320235034,0.0
66887,Hamdi Fathi,342.46000000000004,Right Center Midfield,Midfielder,True,0.0,0.068722095719208,1.8396309057992173,44.67675056940956,40.99748875781113,91.76470588235294,33.63896513461426,153.79833245831438,0.2628044151141739,21.02435320913391,1.5768264906850435,1.5768264906850435,0.5256088302283478,0.5256088302283478,2.6280441511417387,0.7884132453425218,0.0,0.0,0.2628044151141739
66892,Mohamed Hany Gamal Eldemerdash,302.16,Right Back,Full Back,True,0.2978554408260525,0.2392182873312152,0.595710881652105,52.42255758538524,41.10405083399524,78.4090909090909,37.82764098490866,193.11423490825652,0.595710881652105,7.14853057982526,1.4892772041302624,0.8935663224781575,2.978554408260525,1.4892772041302624,4.169976171564734,2.680698967434472,0.0,0.0,4.76568705321684
68574,Nicholas Williams Arthuer,662.26,Left Wing,Winger,True,0.2717965753631504,0.1289077259007036,1.6307794521789027,38.18741883852263,31.2566061667623,81.85053380782918,43.759248633467216,304.32196723428024,2.989762328994655,17.66677739860478,0.6794914384078761,0.2717965753631504,0.0,1.7666777398604778,4.484643493491983,1.4948811644973274,0.1358982876815752,0.2717965753631504,3.6692537674025294
69563,Mohamed Abdelmonem,435.68,Left Center Back,Centre Back,True,0.2065736320235034,0.1957296989763128,1.239441792141021,58.87348512669849,55.15515975027543,93.6842105263158,45.65277267719427,251.9959208014189,0.4131472640470069,5.990635328681601,2.272309952258538,1.0328681601175174,3.511751744399559,0.8262945280940139,3.0986044803525523,0.2065736320235034,0.0,0.0,0.0
70093,Gomolemo Grant Kekana,548.5,Right Center Back,Centre Back,True,0.0,0.0,0.0,36.75478577939836,32.16043755697356,87.5,27.89425706472197,139.1050011335452,0.0,4.922515952597995,0.3281677301731996,0.4922515952597995,4.758432087511395,1.4767547857793983,2.2971741112123976,0.0,0.0,0.0,0.0
70835,Mohamed Hamdy Sharaf,345.68,Left Back,Full Back,True,0.0,0.0,0.0,49.46771580652627,39.57417264522101,80.0,33.585975468641514,122.7309306442499,0.2603563989817172,7.289979171488081,1.8224947928720203,1.5621383938903033,2.8639203887988893,1.0414255959268688,2.8639203887988893,1.301781994908586,0.0,0.0,4.165702383707475
74588,Christopher Wooh,473.08,Right Center Back,Centre Back,True,0.1902426650883571,0.0543403161621712,0.5707279952650715,38.80950367802486,33.863194385727574,87.25490196078431,30.629069079225506,191.1961929480645,0.1902426650883571,10.653589244948002,1.3316986556185002,0.9512133254417856,4.375581297032214,1.902426650883572,2.473154646148643,0.0,0.0,0.0,0.0
99174,Kobbie Mainoo,380.3,Right Defensive Midfield,Defensive Midfielder,True,0.0,0.0592534578490665,1.1832763607678147,48.041020247173286,43.54457007625559,90.64039408866996,42.8346042597949,239.2109091835354,0.2366552721535629,11.12279779121746,1.6565869050749409,0.946621088614252,0.7099658164606889,0.7099658164606889,3.3131738101498818,0.7099658164606889,0.0,0.4733105443071259,0.7099658164606889
102371,Giorgi Mamardashvili,380.24,Goalkeeper,Goalkeeper,True,0.0,0.0,0.0,29.113191668419944,15.858405217757204,54.47154471544715,10.17778245318746,60.22782858047943,0.0,0.0,0.0,0.0,0.0,0.0,3.7870818430464968,0.0,0.0,0.0,0.0
102722,Siyanda Xulu,302.24,Right Center Back,Centre Back,True,0.2977766013763896,0.2565439935150873,0.5955532027527792,50.91979883536263,47.04870301746956,92.39766081871343,38.11540497617787,154.96572045563238,0.0,2.977766013763896,0.5955532027527792,0.5955532027527792,4.168872419269454,1.7866596082583377,1.488883006881948,0.0,0.0,0.0,0.8933298041291688
102800,Issoufou Dayo,395.39,Right Center Back,Centre Back,True,0.0,0.06403113085814,0.4552467184299046,36.19211411517743,29.818660057158755,82.38993710691824,25.03856951364476,170.35599252940008,0.0,2.95910366979438,0.2276233592149523,0.9104934368598092,4.324843825084095,0.2276233592149523,2.95910366979438,0.2276233592149523,0.0,0.0,0.2276233592149523
102992,Djigui Diarra,510.65,Goalkeeper,Goalkeeper,True,0.0,0.0,0.0,21.502007245667286,14.804660726525016,68.85245901639344,10.398511700773524,44.774477831243686,0.0,0.0,0.0,0.0,0.0,0.0,1.5862136492705377,0.0,0.0,0.0,0.0
103208,Kialonda Gaspar,484.37,Right Center Back,Centre Back,True,0.0,0.0168190036748766,0.3716167392695667,37.34748229659145,31.95903957718273,85.57213930348259,26.570596857774014,161.67941446106394,0.3716167392695667,5.760059458678284,0.5574251089043499,1.3006585874434833,8.36137663356525,2.6013171748869666,2.0438920659826167,0.1858083696347833,0.0,0.0,0.1858083696347833
104179,Orlando Mosquera,379.07,Goalkeeper,Goalkeeper,True,0.0,0.0,0.0,28.015933732556,19.231276545229115,68.64406779661016,18.04416070910386,80.56803111665457,0.0,0.2374231672250508,0.0,0.0,0.0,0.0,3.323924341150711,0.2374231672250508,0.0,0.0,0.0
105182,Lassine Sinayoko,400.08,Left Center Forward,Forward,True,0.674865026994601,0.3431922422015596,2.024595080983803,24.29514097180564,17.096580683863227,70.37037037037037,23.170365926814632,133.44347645199355,0.674865026994601,23.62027594481104,1.1247750449910017,0.2249550089982003,0.674865026994601,2.024595080983803,2.474505098980204,0.674865026994601,0.0,0.2249550089982003,1.1247750449910017
105764,Basilio Ndong Owono Nchamaaa,390.1,Left Back,Full Back,True,0.0,0.0055494890540886,0.2307100743399128,31.14586003588823,23.993847731350936,77.03703703703704,20.763906690592155,112.87225267179448,0.4614201486798256,15.918995129453986,2.307100743399128,0.2307100743399128,1.845680594719303,2.307100743399128,4.614201486798256,0.2307100743399128,0.2307100743399128,0.0,0.9228402973596512
105765,Jesús Lázaro Owono Ngua Akeng,390.1,Goalkeeper,Goalkeeper,True,0.0,0.0,0.0,36.22148167136631,17.9953857985132,49.681528662420384,15.457574980774162,97.590609164191,0.0,0.0,0.0,0.0,0.2307100743399128,0.0,4.383491412458343,0.0,0.2307100743399128,0.0,0.0
105932,Josimar José Évora Dias,526.62,Goalkeeper,Goalkeeper,True,0.0,0.0,0.0,33.49663894269113,23.24256579696935,69.38775510204081,17.26102312863165,88.68421313871782,0.1709012190953628,0.0,0.0,0.0,0.0,0.0,4.956135353765523,0.0,0.0,0.0,0.0
105942,Pablo Ganet Cómitre,328.56,Left Defensive Midfield,Defensive Midfielder,True,0.2739225712198685,0.0321173256026296,1.095690284879474,39.444850255661066,32.59678597516435,82.63888888888889,30.67932797662528,166.12752274920544,0.0,15.065741417092768,0.8217677136596054,0.0,2.191380569758948,1.6435354273192109,2.4653031409788166,0.2739225712198685,0.2739225712198685,0.0,0.8217677136596054
105944,Wajdi Kechrida,426.82,Right Back,Full Back,True,0.0,0.0070248957874513,0.2108617215688112,43.01579120003749,31.20753479218406,72.54901960784314,25.303406588257342,185.4582758206184,0.2108617215688112,9.067054027458882,1.6868937725504896,0.8434468862752448,2.952064101963357,2.108617215688112,2.319478937256924,0.6325851647064336,0.0,0.2108617215688112,2.108617215688112
105946,Henoc Inonga Baka,400.59,Left Center Back,Centre Back,True,0.2246686137946528,0.1869970141541226,0.4493372275893057,44.70905414513592,38.86767018647495,86.93467336683418,33.47562345540327,238.947885046434,0.0,6.515389800044933,0.8986744551786114,1.57268029656257,4.044035048303751,2.022017524151876,4.044035048303751,0.4493372275893057,0.0,0.0,0.2246686137946528
113450,Jon Mikel Aramburu Mejías,308.0,Right Back,Full Back,True,0.0,0.0075398233441558,0.2922077922077922,34.77272727272727,27.467532467532468,78.99159663865547,23.66883116883117,155.19582640555294,0.0,17.824675324675326,7.305194805194805,1.168831168831169,2.0454545454545454,2.922077922077922,3.5064935064935066,0.0,0.5844155844155845,0.0,0.8766233766233766
116587,Arda Güler,353.22,Right Wing,Winger,True,0.2547987090198743,0.0851360703669101,2.2931883811788683,49.43094954985561,41.78698827925938,84.5360824742268,47.39255987769662,305.23610538537844,1.78359096313912,15.287922541192456,2.2931883811788683,0.7643961270596229,0.2547987090198743,0.5095974180397486,4.5863767623577365,1.78359096313912,0.5095974180397486,0.0,2.2931883811788683
125324,Lloyd Junior Kazapua,381.17,Goalkeeper,Goalkeeper,True,0.0,0.0,0.0,28.097699189338087,16.528058346669464,58.82352941176471,13.22244667733557,44.224146184742686,0.0,0.2361151192381352,0.0,0.0,0.0,0.0,5.666762861715245,0.0,0.0,0.0,0.0
128881,Cristóvão Paciência Mabululo,410.1,Center Forward,Forward,True,0.6583760058522311,0.4242256133504023,3.0724213606437454,12.509144111192391,8.997805413313825,71.9298245614035,11.85076810534016,71.03096711045983,0.6583760058522311,15.362106803218726,0.6583760058522311,0.0,0.2194586686174103,0.0,2.414045354791514,0.2194586686174103,0.0,0.0,0.4389173372348207
132711,Sekou Oumar Sylla,309.87,Left Wing,Winger,True,0.0,0.1066724523380772,1.1617775196049958,15.103107754864944,11.03688643624746,73.07692307692307,14.231774615161196,77.76434084863294,0.2904443799012489,10.45599767644496,1.7426662794074936,0.0,0.5808887598024979,1.7426662794074936,3.1948881789137378,0.5808887598024979,0.0,0.0,1.4522218995062444
132800,Kevin Lenini Gonçalves Pereira de Pina,434.23,Center Defensive Midfield,Defensive Midfielder,True,0.2072634318218455,0.0307973664578679,1.0363171591092275,38.34373488704143,34.61299311424821,90.27027027027027,34.19846625060452,186.9983046817631,0.6217902954655367,13.05759620477627,2.0726343182184555,0.6217902954655367,2.279897750040301,2.901688045505838,4.559795500080602,0.2072634318218455,0.0,0.0,0.414526863643691
133038,João Paulo Moreira Fernandes,457.42,Left Back,Full Back,True,0.0,0.0347671074286213,0.7870228673866468,40.925189104105634,35.02251759870578,85.57692307692307,31.48091469546588,162.6759721971476,0.9837785842333086,11.411831577106378,1.967557168466617,1.5740457347732937,2.557824319006602,2.557824319006602,4.722137204319881,0.9837785842333086,0.0,0.1967557168466617,0.5902671505399851
133229,Ismael Koné,521.76,Right Defensive Midfield,Defensive Midfielder,True,0.3449862005519779,0.3499867774264029,1.2074517019319229,50.367985280588776,43.46826126954922,86.3013698630137,44.33072677092917,371.5336505577804,0.6899724011039559,10.177092916283348,1.72493100275989,1.0349586016559338,0.3449862005519779,1.5524379024839006,5.347286108555657,0.1724931002759889,0.0,0.0,0.0
133305,Samet Akaydin,351.82,Right Center Back,Centre Back,True,0.2558126314592689,0.0820965485191291,0.5116252629185378,52.95321471206867,47.581149451424025,89.85507246376811,38.62770735034961,215.78388321531065,0.0,8.186004206696605,2.3023136831334208,1.279063157296345,3.069751577511228,3.069751577511228,1.534875788755614,0.0,0.0,0.0,0.0
134209,Barış Alper Yılmaz,481.62,Right Wing,Winger,True,0.0,0.0652940938706864,0.7474772642332129,19.62127818612184,15.136414600722562,77.14285714285715,24.10614177152112,176.19390466903673,1.3080852124081226,12.893982808022924,1.121215896349819,0.1868693160583032,0.9343465802915162,0.7474772642332129,2.989909056932852,0.7474772642332129,0.0,0.0,2.0555624766413354
135004,Lubeni Haukongo,381.17,Left Center Back,Centre Back,True,0.0,0.0,0.0,27.62546895086182,21.25036073143217,76.92307692307693,20.542015373717764,173.2199231718383,0.0,5.90287798095338,0.9444604769525408,0.2361151192381352,2.8333814308576226,1.6528058346669463,2.8333814308576226,0.0,0.0,0.0,0.0
135849,Adilson Cipriano da Cruz,386.82,Goalkeeper,Goalkeeper,True,0.0,0.0,0.0,25.82596556537925,15.82131223825035,61.26126126126125,10.237319683573755,65.74116674910255,0.0,0.0,0.0,0.0,0.0,0.0,4.420660772452304,0.0,0.0,0.0,0.0
136406,Aprocious Petrus,381.17,Center Defensive Midfield,Defensive Midfielder,True,0.0,0.0268278550777868,0.4722302384762704,28.56992942781436,21.25036073143217,74.3801652892562,19.59755489676522,87.92324169560591,0.0,17.000288585145736,1.180575596190676,1.4166907154288113,1.180575596190676,1.4166907154288113,5.194532623238975,0.9444604769525408,0.0,0.0,0.9444604769525408
137487,Žan Karničnik,409.18,Right Back,Full Back,True,0.2199520993205923,0.0783129105943594,0.6598562979617771,41.79089887091256,32.772862798768266,78.42105263157895,30.793293904882937,170.15856632123692,0.8798083972823695,14.956742753800285,2.4194730925265167,1.5396646952441468,2.4194730925265167,3.299281489808886,3.959137787770664,0.0,0.0,0.6598562979617771,1.099760496602962
145058,Eddie Marcos Melo Afonso,387.27,Right Back,Full Back,True,0.0,0.0,0.0,41.36648849639786,31.14106437369277,75.28089887640449,26.02835231234023,87.82722071855278,0.0,12.084592145015106,2.0915640250987684,1.859168022310016,1.6267720195212645,3.2535440390425285,3.718336044620032,0.232396002788752,0.0,0.0,0.464792005577504
149714,Abdessamad Ezzalzouli,313.18,Left Midfield,Midfielder,True,0.0,0.1175009236541286,1.4368733635608917,15.805606999169807,11.494986908487132,72.72727272727273,19.8288524171403,209.70068871121904,2.011622708985248,19.8288524171403,1.72424803627307,0.8621240181365349,0.2873746727121783,2.011622708985248,2.873746727121783,1.4368733635608917,0.0,0.0,1.1494986908487133
151813,Kenan Yildiz,351.94,Left Wing,Winger,True,0.0,0.1510026024890605,2.8129794851395125,28.129794851395125,23.78246291981588,84.54545454545455,32.221401375234414,214.3266376305683,1.7900778541796898,11.25191794055805,1.022901630959823,0.5114508154799113,0.0,1.534352446439734,3.324430300619424,0.2557254077399556,0.0,0.0,0.2557254077399556
162132,Kamory Doumbia,415.4,Center Attacking Midfield,Attacking Midfielder,True,0.0,0.1163261450409243,1.949927780452576,32.93211362542128,27.298988926336065,82.89473684210526,29.24891670678864,167.97005459207134,0.4333172845450169,23.83245064997593,3.033220991815118,0.8666345690900338,0.0,2.3832450649975927,4.983148772267694,0.8666345690900338,0.4333172845450169,0.4333172845450169,0.6499759268175254
176683,Ibrahim Diakité,347.59,Right Back,Full Back,True,0.0,0.0205753360568485,0.2589257458499957,40.13349060674933,30.2943122644495,75.48387096774194,33.14249546879945,226.3264174226337,1.553554475099974,9.58025259644984,0.7767772375499871,0.5178514916999915,1.2946287292499783,1.2946287292499783,3.62496044189994,0.5178514916999915,0.2589257458499957,0.0,2.3303317126499614
182573,Ibrahim Kone,483.86,Goalkeeper,Goalkeeper,True,0.0,0.0,0.0,31.99272516843716,20.83247220270326,65.11627906976744,20.088455338321,91.6167294682035,0.0,0.0,0.0,0.0,0.0,0.0,4.278096970197991,0.0,0.0,0.0,0.0
189348,Frank Magri,344.23,Center Forward,Forward,True,0.2614530982192138,0.1454836171745634,1.5687185893152835,14.11846730383755,10.196670830549342,72.22222222222221,13.857014205618336,88.46947115443336,0.5229061964384277,19.086076170002613,0.2614530982192138,0.2614530982192138,0.0,2.091624785753711,1.830171687534497,0.2614530982192138,0.0,0.0,1.0458123928768557
205932,Vanja Drkušić,409.18,Right Center Back,Centre Back,True,0.0,0.0,0.0,22.655066230021017,17.59616794564739,77.66990291262135,15.836551151082654,98.03726018561387,0.0,11.877413363311993,2.859377291167701,0.6598562979617771,3.519233589129478,1.5396646952441468,1.979568893885332,0.2199520993205923,0.0,0.0,0.2199520993205923
223971,José Ángel Córdoba Chambers,379.07,Center Back,Centre Back,True,0.0,0.005195514548764,0.2374231672250508,49.85886511726067,43.68586276940935,87.61904761904762,35.37605191653257,234.8837689003604,0.0,4.985886511726067,1.4245390033503047,0.7122695016751524,2.8490780067006094,0.7122695016751524,3.561347508375761,0.0,0.0,0.0,0.0
260212,Edgardo Isaac Fariña Wynter,379.07,Right Center Back,Centre Back,True,0.0,0.0230079326773418,0.7122695016751524,44.635555438309545,35.85089825098267,80.31914893617021,34.42635924763236,215.1166190710448,0.4748463344501016,9.496926689002033,1.4245390033503047,1.187115836125254,2.8490780067006094,1.8993853378004064,4.036193842825863,0.0,0.0,0.0,0.0
264381,Kennedy Amutenya,345.52,Right Center Back,Centre Back,True,0.0,0.0975865571891641,1.562861773558694,30.47580458439453,21.619587867561936,70.94017094017094,20.05672609400324,112.78275987056642,0.2604769622597824,10.679555452651076,1.0419078490391296,1.562861773558694,3.125723547117388,2.083815698078259,2.3442926603380414,0.0,0.0,0.0,0.2604769622597824
264954,Lamine Ba,365.64,Left Center Back,Centre Back,True,0.0,0.0,0.0,23.1375123071874,19.199212340006564,82.97872340425532,16.491631112569742,74.93419376545201,0.0,5.169018706924844,1.2307187397440105,1.969149983590417,8.615031178208074,1.969149983590417,2.9537249753856254,0.0,0.0,0.0,0.2461437479488021
264956,Ibrahima Keita,376.92,Right Back,Full Back,True,0.0,0.0,0.0,33.6676217765043,21.48997134670488,63.82978723404256,20.534861509073544,117.68346569264716,0.9551098376313276,21.48997134670488,3.58166189111748,2.38777459407832,2.865329512893983,2.865329512893983,3.104106972301816,0.2387774594078319,0.0,0.0,1.6714422158548234
316046,Lamine Yamal Nasraoui Ebana,517.1999999999999,Right Wing,Winger,True,0.1740139211136891,0.2762006798143851,3.132250580046404,35.49883990719258,28.01624129930395,78.92156862745098,41.415313225058014,340.316894521911,2.0881670533642693,19.489559164733183,1.7401392111368912,0.5220417633410673,0.3480278422273782,1.218097447795824,4.00232018561485,2.436194895591648,0.6960556844547564,0.1740139211136891,1.3921113689095128
341163,Omaré Gassama,332.13,Left Defensive Midfield,Defensive Midfielder,True,0.0,0.0072498244422364,0.5419564628308192,22.491193207479,17.613585042001624,78.3132530120482,23.57510613314064,138.48390959198187,1.625869388492458,17.342606810586215,2.167825851323277,2.167825851323277,0.5419564628308192,3.251738776984916,5.148586396892783,0.5419564628308192,0.2709782314154096,0.0,0.2709782314154096
358410,Stanley Bobo Nwabali,692.96,Goalkeeper,Goalkeeper,True,0.0,0.0,0.0,24.157238513045485,16.23470330177788,67.20430107526882,10.909720618794736,68.15214155820085,0.0,0.0,0.0,0.0,0.0,0.0,4.415839298083583,0.0,0.0,0.0,0.0
383250,Moise Bombito,641.17,Right Center Back,Centre Back,True,0.2807367780775769,0.2381769648923062,0.7018419451939424,39.0224121527832,34.24988692546439,87.76978417266187,29.33699330910679,182.4987011817303,0.5614735561551539,5.895472339629116,1.122947112310308,1.122947112310308,5.614735561551539,0.8422103342327307,3.9303148930860776,0.1403683890387884,0.0,0.0,0.0
384888,Ray Kendry Páez Andrade,308.23,Right Wing,Winger,True,0.2919897479155176,0.4846548607533334,3.2118872270706937,30.074944035298312,21.02326184991727,69.90291262135922,26.279077312396588,132.03902396562734,1.7519384874931057,25.40310806865003,3.2118872270706937,0.5839794958310353,0.5839794958310353,2.0439282354086235,7.007753949972423,0.5839794958310353,0.0,0.0,0.5839794958310353
482851,Esteban Orozco Fernández,390.1,Right Center Back,Centre Back,True,0.0,0.0,0.0,26.53165854908997,23.993847731350936,90.43478260869566,17.533965649833373,79.6100497367423,0.0,4.614201486798256,1.6149705203793896,0.4614201486798256,5.998461932837734,0.9228402973596512,1.384260446039477,0.0,0.0,0.0,0.0
