player_id,minutes_played,passes,completed_passes,shot_assists,goal_assists,through_balls,crosses,shots,goals,xg,carries,carry_distance,dribbles,completed_dribbles,pressures,tackles,interceptions,clearances,blocks,ball_recoveries,player_name,passes_per90,completed_passes_per90,shot_assists_per90,goal_assists_per90,through_balls_per90,crosses_per90,shots_per90,goals_per90,xg_per90,carries_per90,carry_distance_per90,dribbles_per90,completed_dribbles_per90,pressures_per90,tackles_per90,interceptions_per90,clearances_per90,blocks_per90,ball_recoveries_per90,pass_completion_pct,dribble_success_pct,primary_position,position_group,eligible_for_analysis,goals_per90_pct,xg_per90_pct,shots_per90_pct,passes_per90_pct,completed_passes_per90_pct,pass_completion_pct_pct,carries_per90_pct,carry_distance_per90_pct,completed_dribbles_per90_pct,pressures_per90_pct,tackles_per90_pct,interceptions_per90_pct,clearances_per90_pct,blocks_per90_pct,ball_recoveries_per90_pct,shot_assists_per90_pct,goal_assists_per90_pct,through_balls_per90_pct,crosses_per90_pct,attacking_score,passing_score,progression_score,defensive_score,creativity_score,overall_score,cluster
2941,971.78,213.0,151.0,8.0,2.0,0.0,19.0,20.0,2.0,3.116489953,271.0,2367.429031378312,31.0,14.0,183.0,7.0,4.0,6.0,6.0,31.0,Ismaïla Sarr,19.72668711025129,13.984646730741526,0.7409084360657763,0.185227109016444,0.0,1.7596575356562183,1.8522710901644408,0.185227109016444,0.2886292121364918,25.09827327172817,219.25601764190253,2.8710201897548826,1.2965897631151084,16.94828047500463,0.6482948815575542,0.3704542180328881,0.5556813270493322,0.5556813270493322,2.8710201897548826,70.89201877934272,45.16129032258064,Right Wing,Winger,True,49.46236559139785,73.11827956989248,53.76344086021505,8.60215053763441,8.60215053763441,22.58064516129032,23.655913978494624,48.38709677419355,50.53763440860215,62.36559139784946,21.50537634408602,33.33333333333333,66.66666666666666,5.376344086021505,23.655913978494624,24.731182795698924,67.74193548387096,20.43010752688172,43.01075268817204,58.78,13.26,40.86,35.48,38.98,37.47,0
2954,798.38,506.0,433.0,6.0,2.0,3.0,7.0,10.0,1.0,0.3191265029999999,444.0,1841.921352388906,8.0,7.0,165.0,20.0,8.0,4.0,17.0,24.0,Youri Tielemans,57.04050702672913,48.81134296951327,0.6763696485382901,0.2254565495127633,0.338184824269145,0.7890979232946718,1.1272827475638167,0.1127282747563816,0.0359745801122272,50.051353991833466,207.6366162917427,0.9018261980510534,0.7890979232946718,18.600165334802977,2.254565495127633,0.9018261980510534,0.4509130990255267,1.9163806708584885,2.7054785941531603,85.57312252964427,87.5,Right Defensive Midfield,Defensive Midfielder,True,75.24752475247524,36.63366336633664,67.32673267326733,73.26732673267327,69.3069306930693,46.53465346534654,81.1881188118812,56.43564356435643,82.17821782178217,72.27722772277228,69.3069306930693,41.58415841584159,6.930693069306932,63.366336633663366,3.96039603960396,60.3960396039604,91.0891089108911,76.23762376237624,77.22772277227723,59.74,63.04,73.27,42.9,76.24,63.04,1
2972,478.47,104.0,80.0,4.0,2.0,0.0,3.0,14.0,1.0,2.07781223,114.0,969.0321681506643,12.0,6.0,73.0,4.0,4.0,5.0,9.0,14.0,Marcus Thuram,19.562355006583484,15.047965389679602,0.7523982694839801,0.37619913474199,0.0,0.5642987021129852,2.633393943193931,0.188099567370995,0.3908355815411624,21.443350680293435,182.27453159771733,2.2571948084519406,1.1285974042259703,13.731268418082635,0.7523982694839801,0.7523982694839801,0.9404978368549752,1.6928961063389552,2.633393943193931,76.92307692307693,50.0,Center Forward,Forward,True,30.120481927710845,51.80722891566265,63.85542168674698,46.98795180722892,53.01204819277109,70.48192771084338,60.24096385542169,83.13253012048193,68.67469879518072,42.16867469879519,60.24096385542169,92.7710843373494,73.49397590361446,84.33734939759037,44.57831325301205,50.60240963855421,96.3855421686747,29.518072289156628,45.78313253012048,48.59,56.83,70.68,66.27,55.57,59.59,0
2988,1117.36,470.0,331.0,18.0,2.0,6.0,18.0,40.0,4.0,5.309954699,419.0,2071.5768207375136,37.0,15.0,168.0,3.0,4.0,1.0,11.0,36.0,Memphis Depay,37.85709171618816,26.66105820863464,1.4498460657263552,0.1610940073029283,0.483282021908785,1.4498460657263552,3.221880146058567,0.3221880146058567,0.4277009405294623,33.74919452996349,166.85930574423304,2.980239135104174,1.2082050547719627,13.531896613445982,0.2416410109543925,0.3221880146058567,0.0805470036514641,0.8860170401661059,2.8996921314527104,70.42553191489361,40.54054054054054,Left Center Forward,Forward,True,43.373493975903614,62.65060240963856,85.54216867469879,95.18072289156626,89.1566265060241,36.14457831325301,91.56626506024097,77.10843373493977,78.3132530120482,38.55421686746988,14.457831325301203,68.67469879518072,9.63855421686747,36.14457831325301,50.60240963855421,89.1566265060241,73.49397590361446,96.3855421686747,85.54216867469879,63.86,73.49,82.33,36.35,86.14,68.43,0
2989,403.18,121.0,101.0,0.0,0.0,0.0,1.0,1.0,1.0,0.09743535,89.0,432.75521921968704,2.0,2.0,29.0,5.0,9.0,32.0,6.0,9.0,Alexander Djiku,27.010268366486432,22.545761198472142,0.0,0.0,0.0,0.2232253584007143,0.2232253584007143,0.2232253584007143,0.021750040924649,19.867056897663574,96.60193891009432,0.4464507168014286,0.4464507168014286,6.473535393620715,1.1161267920035716,2.009028225606429,7.143211468822858,1.3393521504042858,2.009028225606429,83.47107438016529,100.0,Right Center Back,Centre Back,True,90.53254437869822,34.9112426035503,25.44378698224852,4.142011834319527,7.100591715976331,31.06508875739645,9.467455621301776,6.508875739644971,89.3491124260355,47.33727810650888,41.42011834319527,91.71597633136096,94.0828402366864,34.319526627218934,21.89349112426036,19.230769230769237,44.67455621301775,30.17751479289941,73.37278106508876,50.3,14.1,35.11,55.13,41.86,39.3,1
2995,912.92,426.0,318.0,23.0,2.0,5.0,46.0,17.0,2.0,1.513533998,438.0,3490.1139606665147,55.0,30.0,117.0,7.0,2.0,1.0,10.0,32.0,Ángel Fabián Di María Hernández,41.99710818034439,31.349953993778207,2.26744950269465,0.1971695219734478,0.4929238049336196,4.5348990053893,1.6759409367743068,0.1971695219734478,0.1492113874381107,43.18012531218508,344.07205062873675,5.422161854269816,2.9575428296017177,11.534417035446696,0.6900933269070675,0.1971695219734478,0.0985847609867239,0.9858476098672392,3.154712351575166,74.64788732394366,54.54545454545454,Right Midfield,Midfielder,True,73.23943661971832,67.6056338028169,80.28169014084507,54.929577464788736,40.845070422535215,18.30985915492958,71.83098591549296,88.73239436619718,95.77464788732394,7.042253521126761,5.633802816901409,8.450704225352112,7.042253521126761,11.267605633802818,19.718309859154928,95.77464788732394,85.91549295774648,84.50704225352112,98.59154929577466,73.71,38.03,85.45,9.86,91.2,59.65,0
2999,509.5,352.0,328.0,1.0,0.0,0.0,0.0,1.0,1.0,0.7835,290.0,1496.8548286507607,2.0,1.0,41.0,7.0,5.0,18.0,5.0,17.0,Presnel Kimpembe,62.17860647693818,57.93915603532875,0.1766437684003925,0.0,0.0,0.0,0.1766437684003925,0.1766437684003925,0.1384003925417075,51.22669283611384,264.41007768119425,0.353287536800785,0.1766437684003925,7.242394504416094,1.2365063788027475,0.8832188420019628,3.179587831207066,0.8832188420019628,3.002944062806673,93.18181818181816,50.0,Left Center Back,Centre Back,True,85.79881656804734,84.61538461538461,19.526627218934912,82.84023668639054,82.84023668639054,91.71597633136096,83.4319526627219,77.51479289940828,57.98816568047337,59.171597633136095,50.88757396449704,38.46153846153847,27.2189349112426,10.650887573964498,63.905325443786985,53.84615384615385,44.67455621301775,30.17751479289941,26.035502958579883,63.31,85.8,72.98,41.72,38.68,60.5,1
3009,2103.66,703.0,551.0,26.0,4.0,3.0,54.0,79.0,14.0,11.530605193,879.0,6855.75782225736,155.0,88.0,208.0,9.0,7.0,0.0,14.0,75.0,Kylian Mbappé Lottin,30.07615299050227,23.57320099255584,1.1123470522803116,0.1711303157354325,0.1283477368015744,2.31025926242834,3.3798237357747927,0.598956105074014,0.493309026824677,37.6058868828613,293.3070001821409,6.631299734748011,3.764866946179516,8.898776418242493,0.3850432104047232,0.299478052537007,0.0,0.598956105074014,3.20869342003936,78.37837837837837,56.774193548387096,Left Wing,Winger,True,93.5483870967742,94.6236559139785,93.5483870967742,48.38709677419355,52.68817204301075,61.29032258064516,74.19354838709677,83.87096774193549,96.7741935483871,5.376344086021505,6.451612903225806,26.881720430107524,9.13978494623656,8.60215053763441,33.33333333333333,46.236559139784944,62.36559139784946,44.08602150537634,67.74193548387096,93.91,54.12,84.95,14.96,55.11,60.61,0
3017,401.82,212.0,178.0,1.0,0.0,2.0,1.0,5.0,0.0,0.2562641655,168.0,694.8765179166882,1.0,1.0,96.0,10.0,4.0,10.0,11.0,14.0,Ibrahim Sangaré,47.48394803643423,39.8685978796476,0.2239808869643124,0.0,0.4479617739286248,0.2239808869643124,1.119904434821562,0.0,0.0573982750858593,37.62878901000448,155.63905881365272,0.2239808869643124,0.2239808869643124,21.502165148573987,2.239808869643124,0.8959235478572496,2.239808869643124,2.463789756607436,3.135732417500373,83.9622641509434,100.0,Center Defensive Midfield,Defensive Midfielder,True,33.16831683168317,54.45544554455446,66.33663366336634,48.51485148514851,49.50495049504951,36.63366336633664,48.51485148514851,23.76237623762376,21.782178217821784,89.10891089108911,67.32673267326733,39.6039603960396,86.13861386138613,82.17821782178217,13.861386138613865,17.82178217821782,35.64356435643564,84.15841584158416,35.64356435643564,51.32,44.88,31.35,63.04,43.32,46.78,1
3026,1232.92,722.0,636.0,12.0,1.0,1.0,14.0,15.0,1.0,1.188740667,601.0,3714.28364872256,9.0,6.0,178.0,25.0,19.0,11.0,31.0,57.0,Adrien Rabiot,52.70414949875093,46.426369918567296,0.8759692437465528,0.0729974369788794,0.0729974369788794,1.0219641177043115,1.094961554683191,0.0729974369788794,0.0867750219235635,43.871459624306524,271.1331865693073,0.6569769328099146,0.4379846218732764,12.993543782240534,1.8249359244719847,1.3869513025987086,0.8029718067676734,2.2629205463452613,4.160853907796126,88.08864265927978,66.66666666666666,Left Defensive Midfield,Defensive Midfielder,True,67.32673267326733,67.32673267326733,63.366336633663366,62.37623762376238,66.33663366336634,65.34653465346535,68.31683168316832,80.19801980198021,52.47524752475248,23.76237623762376,50.495049504950494,72.27722772277228,20.792079207920796,74.25742574257426,42.57425742574257,81.1881188118812,74.25742574257426,39.6039603960396,88.11881188118812,66.01,64.69,67.0,47.36,70.79,63.17,1
3034,782.4399999999999,349.0,309.0,1.0,0.0,0.0,0.0,5.0,0.0,0.310558503,247.0,1051.3594484319185,0.0,0.0,45.0,9.0,8.0,50.0,15.0,17.0,Kamil Glik,40.14365318746486,35.54266141812791,0.1150247942334236,0.0,0.0,0.0,0.5751239711671183,0.0,0.035721927905015,28.411124175655644,120.93240422124722,0.0,0.0,5.1761157405040645,1.035223148100813,0.9201983538673892,5.751239711671182,1.7253719135013548,1.955421501968202,88.53868194842407,0.0,Right Center Back,Centre Back,True,34.023668639053255,45.5621301775148,69.23076923076923,31.360946745562128,36.09467455621302,59.76331360946746,29.585798816568047,14.201183431952662,22.7810650887574,21.89349112426036,36.68639053254438,41.42011834319527,86.3905325443787,59.76331360946746,20.118343195266277,47.33727810650888,44.67455621301775,30.17751479289941,26.035502958579883,49.61,42.41,22.19,44.38,37.06,39.13,1
3043,1102.86,666.0,510.0,33.0,1.0,2.0,27.0,30.0,2.0,2.698122917,524.0,2489.57135930742,16.0,7.0,178.0,6.0,9.0,1.0,22.0,62.0,Christian Dannemann Eriksen,54.349600130569605,41.61906316304879,2.692998204667864,0.0816060062020564,0.1632120124041129,2.2033621674555244,2.448180186061694,0.1632120124041129,0.2201830354986126,42.76154724987759,203.16397578810347,1.3056960992329034,0.5712420434143952,14.52586910396605,0.4896360372123387,0.7344540558185081,0.0816060062020564,1.7953321364452424,5.059572384527501,76.57657657657657,43.75,Center Attacking Midfield,Attacking Midfielder,True,50.0,73.68421052631578,89.47368421052632,89.47368421052632,86.8421052631579,39.47368421052632,76.31578947368422,52.63157894736842,31.57894736842105,31.57894736842105,5.263157894736842,52.63157894736842,28.947368421052637,65.78947368421053,78.94736842105263,94.73684210526316,39.47368421052632,26.31578947368421,76.31578947368422,71.05,71.93,53.51,43.86,59.21,59.91,0
3044,746.2,356.0,293.0,3.0,0.0,2.0,1.0,7.0,2.0,2.308154674,258.0,2109.3628856345576,0.0,0.0,50.0,5.0,3.0,40.0,8.0,24.0,Chancel Mbemba Mangulu,42.937550254623424,35.33905119270973,0.3618332886625569,0.0,0.2412221924417046,0.1206110962208523,0.8442776735459662,0.2412221924417046,0.2783890654784239,31.11766282497989,254.4125699639643,0.0,0.0,6.030554811042616,0.6030554811042615,0.3618332886625569,4.824443848834092,0.9648887697668186,2.8946663093004554,82.30337078651685,0.0,Right Center Back,Centre Back,True,91.71597633136096,97.63313609467455,85.79881656804734,37.8698224852071,34.9112426035503,24.2603550295858,36.68639053254438,73.96449704142012,22.7810650887574,43.19526627218935,14.792899408284024,8.875739644970414,69.23076923076923,15.384615384615383,60.35502958579882,85.20710059171599,44.67455621301775,85.20710059171599,59.76331360946746,91.72,32.35,44.48,35.31,68.71,54.51,1
3053,478.07,188.0,158.0,7.0,1.0,4.0,13.0,11.0,0.0,0.4789590629999997,219.0,1503.6659718104029,24.0,13.0,63.0,5.0,3.0,1.0,5.0,14.0,Leroy Sané,35.39230656598406,29.74459807141213,1.317798648733449,0.1882569498190641,0.7530277992762565,2.447340347647834,2.0708264480097056,0.0,0.0901673722885769,41.22827201037505,283.07556939974535,4.51816679565754,2.447340347647834,11.860187838601044,0.9412847490953208,0.5647708494571925,0.1882569498190641,0.9412847490953208,2.635597297466898,84.04255319148936,54.16666666666666,Right Wing,Winger,True,17.741935483870968,18.27956989247312,63.44086021505376,73.11827956989248,80.64516129032258,92.47311827956987,84.94623655913979,80.64516129032258,84.94623655913979,24.731182795698924,39.784946236559136,47.31182795698925,29.03225806451613,25.806451612903224,16.129032258064516,59.13978494623656,68.81720430107528,95.6989247311828,68.81720430107528,33.15,82.08,83.51,30.47,73.12,60.47,0
3058,342.12,67.0,50.0,5.0,1.0,0.0,2.0,6.0,1.0,0.540704008,78.0,438.10554399739215,10.0,5.0,30.0,2.0,2.0,3.0,2.0,8.0,Javier Hernández Balcázar,17.62539459838653,13.153279551034723,1.3153279551034724,0.2630655910206945,0.0,0.526131182041389,1.5783935461241667,0.2630655910206945,0.1422406194317783,20.51911609961417,115.25049386111684,2.630655910206945,1.3153279551034724,7.891967730620834,0.526131182041389,0.526131182041389,0.7891967730620834,0.526131182041389,2.104524728165556,74.6268656716418,50.0,Center Forward,Forward,True,38.55421686746988,10.843373493975903,14.457831325301203,30.120481927710845,37.34939759036144,54.21686746987952,55.42168674698795,48.19277108433735,81.92771084337349,3.614457831325301,38.55421686746988,85.54216867469879,57.831325301204814,14.457831325301203,25.301204819277107,85.54216867469879,90.36144578313254,29.518072289156628,44.57831325301205,21.29,40.56,61.85,37.55,62.5,44.75,0
3063,801.65,583.0,502.0,4.0,0.0,2.0,10.0,3.0,0.0,0.1089570595,424.0,1798.3847193703398,4.0,4.0,53.0,13.0,8.0,21.0,10.0,24.0,Danilo Luiz da Silva,65.45250421006673,56.35876005738165,0.4490737853177821,0.0,0.224536892658891,1.1226844632944553,0.3368053389883365,0.0,0.0122324397866899,47.6018212436849,201.901858346324,0.4490737853177821,0.4490737853177821,5.950227655460613,1.4594898022827918,0.8981475706355642,2.357637372918356,1.1226844632944553,2.6944427119066923,86.10634648370498,100.0,Right Back,Full Back,True,37.24832214765101,30.2013422818792,33.557046979865774,93.28859060402684,92.61744966442951,87.91946308724832,91.2751677852349,61.07382550335571,46.97986577181208,2.013422818791946,29.53020134228188,40.26845637583892,66.44295302013423,10.06711409395973,18.12080536912752,26.174496644295303,33.89261744966443,76.51006711409396,27.516778523489933,33.67,91.28,66.44,27.74,41.02,52.03,1
3064,329.47,213.0,182.0,7.0,0.0,1.0,8.0,10.0,0.0,1.091278385,167.0,869.5462149837931,7.0,5.0,76.0,2.0,3.0,2.0,5.0,6.0,David Josué Jiménez Silva,58.18435669408443,49.71621088414727,1.912161957082587,0.0,0.2731659938689409,2.185327950951528,2.7316599386894103,0.0,0.2981001446262177,45.618720976113146,237.5304560310237,1.912161957082587,1.3658299693447051,20.76061553403952,0.5463319877378819,0.8194979816068231,0.5463319877378819,1.3658299693447051,1.6389959632136462,85.44600938967136,71.42857142857143,Right Wing,Winger,True,17.741935483870968,76.34408602150538,83.87096774193549,98.9247311827957,98.9247311827957,96.7741935483871,91.39784946236558,60.215053763440864,53.76344086021505,86.02150537634408,16.129032258064516,72.04301075268818,64.51612903225806,48.38709677419355,2.1505376344086025,87.09677419354838,24.193548387096776,69.89247311827957,60.215053763440864,59.32,98.21,68.46,48.21,60.35,66.91,0
3077,1496.22,1133.0,1012.0,3.0,0.0,0.0,5.0,5.0,1.0,0.247434159,886.0,3306.881491099386,4.0,4.0,162.0,20.0,11.0,61.0,25.0,53.0,Jan Vertonghen,68.15174239082488,60.87340097044552,0.1804547459598187,0.0,0.0,0.3007579099330312,0.3007579099330312,0.0601515819866062,0.0148835561013754,53.29430164013313,198.91415313185544,0.240606327946425,0.240606327946425,9.744556281830212,1.203031639732125,0.6616674018526687,3.669246501182981,1.503789549665156,3.188033845290131,89.32038834951457,100.0,Left Center Back,Centre Back,True,69.23076923076923,26.627218934911244,39.05325443786983,88.75739644970415,87.57396449704143,64.49704142011834,87.57396449704143,51.4792899408284,71.00591715976331,83.4319526627219,47.33727810650888,24.2603550295858,44.37869822485207,44.97041420118343,72.18934911242604,54.4378698224852,44.67455621301775,30.17751479289941,84.61538461538461,44.97,80.28,70.02,52.76,53.48,60.3,1
3083,678.38,201.0,148.0,12.0,1.0,1.0,8.0,23.0,2.0,2.025418397,220.0,1795.5902372351327,26.0,16.0,103.0,6.0,2.0,5.0,6.0,23.0,Heung-Min Son,26.666470119991743,19.63501282467054,1.592028066865179,0.1326690055720982,0.1326690055720982,1.061352044576786,3.05138712815826,0.2653380111441965,0.2687102445974233,29.18718122586161,238.219171188953,3.449394144874554,2.122704089153572,13.66490757392612,0.7960140334325895,0.2653380111441965,0.6633450278604912,0.7960140334325895,3.05138712815826,73.6318407960199,61.53846153846154,Left Wing,Winger,True,62.36559139784946,67.74193548387096,87.09677419354838,35.483870967741936,37.634408602150536,38.70967741935484,43.01075268817204,61.29032258064516,79.56989247311827,38.70967741935484,30.107526881720432,18.27956989247312,76.34408602150538,17.20430107526882,26.881720430107524,77.41935483870968,53.76344086021505,45.16129032258064,18.27956989247312,72.4,37.28,61.29,34.59,48.66,50.84,0
3086,556.75,280.0,207.0,0.0,0.0,2.0,4.0,6.0,0.0,0.4973585769999999,178.0,979.7338491498804,4.0,2.0,71.0,10.0,4.0,26.0,14.0,27.0,Ben Davies,45.26268522676246,33.46205657835653,0.0,0.0,0.3233048944768747,0.6466097889537494,0.9699146834306244,0.0,0.0803992311270767,28.774135608441853,158.3763743574122,0.6466097889537494,0.3233048944768747,11.477323753929053,1.6165244723843737,0.6466097889537494,4.202963628199371,2.2631342613381227,4.364616075437809,73.92857142857143,50.0,Left Back,Full Back,True,37.24832214765101,75.83892617449665,81.87919463087249,42.95302013422819,36.24161073825504,22.818791946308725,29.53020134228188,37.58389261744966,35.57046979865772,46.30872483221477,37.58389261744966,19.463087248322147,97.98657718120806,70.46979865771812,72.48322147651007,2.348993288590604,33.89261744966443,87.91946308724832,11.409395973154362,64.99,34.0,34.23,57.38,33.89,44.9,1
3089,1515.93,900.0,683.0,48.0,4.0,14.0,41.0,35.0,3.0,1.9296768998,773.0,4848.720532775568,37.0,24.0,293.0,14.0,7.0,8.0,20.0,84.0,Kevin De Bruyne,53.43254635768142,40.5493657358849,2.8497358057430087,0.2374779838119174,0.831172943341711,2.4341493340721536,2.077932358354277,0.178108487858938,0.1145639448932338,45.892620371653045,287.866094047747,2.196671350260236,1.4248679028715043,17.395262314222954,0.831172943341711,0.4155864716708555,0.4749559676238348,1.1873899190595871,4.987037660050266,75.88888888888889,64.86486486486487,Center Attacking Midfield,Attacking Midfielder,True,52.63157894736842,42.10526315789473,73.68421052631578,86.8421052631579,84.21052631578947,34.21052631578947,86.8421052631579,89.47368421052632,76.31578947368422,50.0,18.421052631578945,28.947368421052637,65.78947368421053,31.57894736842105,71.05263157894737,97.36842105263158,71.05263157894737,97.36842105263158,84.21052631578947,56.14,68.42,84.21,44.3,87.5,68.11,0
3090,1323.29,961.0,875.0,1.0,1.0,1.0,1.0,10.0,1.0,2.179220682,755.0,4870.571709535011,1.0,1.0,97.0,20.0,16.0,50.0,17.0,50.0,Nicolás Hernán Otamendi,65.35982286573616,59.51076483612813,0.0680123026698607,0.0680123026698607,0.0680123026698607,0.0680123026698607,0.6801230266986074,0.0680123026698607,0.1482138166086043,51.34928851574485,331.2587972841562,0.0680123026698607,0.0680123026698607,6.59719335897649,1.3602460533972147,1.0881968427177715,3.4006151334930363,1.1562091453876324,3.4006151334930363,91.05098855359,100.0,Left Center Back,Centre Back,True,70.41420118343196,86.98224852071006,75.14792899408283,85.20710059171599,86.3905325443787,76.33136094674556,84.02366863905326,91.71597633136096,46.15384615384615,49.11242603550296,58.57988165680473,49.70414201183432,34.319526627218934,23.66863905325444,79.88165680473372,40.82840236686391,89.94082840236686,63.31360946745562,52.66272189349112,77.51,82.64,73.96,49.21,61.69,69.0,1
3094,369.33,158.0,120.0,3.0,0.0,0.0,2.0,6.0,1.0,0.5131549109999999,124.0,799.857587408933,6.0,1.0,142.0,4.0,3.0,4.0,17.0,20.0,Bamidele Alli,38.50215254650313,29.242141174559336,0.7310535293639835,0.0,0.0,0.487369019575989,1.462107058727967,0.2436845097879945,0.1250479029323369,30.21687921371132,194.9129040879538,1.462107058727967,0.2436845097879945,34.603200389895214,0.974738039151978,0.7310535293639835,0.974738039151978,4.142636666395907,4.87369019575989,75.9493670886076,16.666666666666664,Left Center Midfield,Midfielder,True,81.69014084507043,61.97183098591549,66.19718309859155,40.845070422535215,33.80281690140845,21.12676056338028,33.80281690140845,38.0281690140845,11.267605633802818,100.0,18.30985915492958,35.2112676056338,60.56338028169014,100.0,78.87323943661971,38.0281690140845,32.3943661971831,27.464788732394368,38.0281690140845,69.95,31.92,27.7,65.49,33.98,45.81,1
3099,1603.69,428.0,283.0,0.0,0.0,0.0,0.0,0.0,0.0,0.0,195.0,1051.8972143498272,1.0,0.0,0.0,0.0,0.0,2.0,0.0,54.0,Hugo Lloris,24.01960478646122,15.88212185646852,0.0,0.0,0.0,0.0,0.0,0.0,0.0,10.943511526541911,59.03307328192135,0.0561205719309841,0.0,0.0,0.0,0.0,0.1122411438619683,0.0,3.0305108842731454,66.1214953271028,0.0,Goalkeeper,Goalkeeper,True,50.0,49.28571428571429,49.28571428571429,30.0,35.714285714285715,37.142857142857146,30.0,40.0,45.0,30.714285714285715,50.0,50.71428571428571,85.71428571428571,45.71428571428572,21.428571428571427,46.42857142857143,50.0,47.85714285714286,50.0,49.52,34.29,38.33,47.38,48.57,43.62,2
3101,398.49,277.0,258.0,1.0,0.0,0.0,0.0,6.0,0.0,0.6396974285,216.0,1311.4223941153682,0.0,0.0,23.0,6.0,1.0,23.0,6.0,8.0,Vincent Kompany,62.56116841075058,58.26996913347889,0.2258525935406158,0.0,0.0,0.0,1.355115561243695,0.0,0.1444773233079876,48.784160204773016,296.1881489381996,0.0,0.0,5.194609651434163,1.355115561243695,0.2258525935406158,5.194609651434163,1.355115561243695,1.8068207483249263,93.14079422382672,0.0,Center Back,Centre Back,True,34.023668639053255,86.3905325443787,97.63313609467455,83.4319526627219,84.61538461538461,91.1242603550296,81.06508875739645,86.98224852071006,22.7810650887574,22.485207100591715,57.396449704142015,4.142011834319527,77.51479289940828,34.9112426035503,16.56804733727811,63.31360946745562,44.67455621301775,30.17751479289941,26.035502958579883,72.68,86.39,63.61,35.5,41.05,59.85,1
3141,672.09,336.0,289.0,0.0,0.0,0.0,1.0,2.0,0.0,0.248302186,260.0,1459.9520440924246,7.0,6.0,130.0,13.0,11.0,12.0,12.0,31.0,André-Frank Zambo Anguissa,44.99397402133643,38.70017408382806,0.0,0.0,0.0,0.1339106369682631,0.2678212739365263,0.0,0.0332503038878721,34.81676561174842,195.5031081675344,0.9373744587778422,0.803463821809579,17.40838280587421,1.7408382805874212,1.473017006650895,1.606927643619158,1.606927643619158,4.151229746016159,86.01190476190477,85.71428571428571,Right Defensive Midfield,Defensive Midfielder,True,33.16831683168317,35.64356435643564,16.831683168316832,42.57425742574257,46.53465346534654,47.52475247524752,39.6039603960396,54.45544554455446,85.14851485148515,60.3960396039604,45.54455445544555,76.23762376237624,64.35643564356435,43.56435643564357,41.58415841584159,3.4653465346534658,35.64356435643564,19.306930693069308,25.742574257425744,28.55,45.54,59.74,55.28,21.04,42.03,1
3166,402.35,424.0,397.0,12.0,2.0,4.0,3.0,4.0,0.0,0.341411792,384.0,1662.01628544581,9.0,5.0,76.0,18.0,7.0,4.0,5.0,19.0,Marco Verratti,94.842798558469,88.8032807257363,2.684230147881198,0.447371691313533,0.894743382627066,0.6710575369702995,0.894743382627066,0.0,0.076368985410712,85.89536473219833,371.7695183052638,2.0131726109108983,1.1184292282838324,17.000124269914252,4.0263452218217965,1.5658009195973652,0.894743382627066,1.1184292282838324,4.250031067478563,93.63207547169812,55.55555555555556,Left Center Midfield,Midfielder,True,26.05633802816901,45.07042253521127,40.845070422535215,98.59154929577466,98.59154929577466,100.0,98.59154929577466,94.3661971830986,67.6056338028169,46.478873239436616,100.0,85.91549295774648,57.74647887323944,16.901408450704224,52.11267605633802,100.0,100.0,97.1830985915493,46.478873239436616,37.32,99.06,86.85,59.86,85.92,73.8,1
3167,1274.37,1036.0,956.0,4.0,0.0,3.0,4.0,12.0,0.0,0.9132400746999998,860.0,3931.328480563609,1.0,0.0,96.0,10.0,8.0,37.0,26.0,64.0,Antonio Rüdiger,73.1655641611149,67.5157136467431,0.2824925257185904,0.0,0.2118693942889427,0.2824925257185904,0.8474775771557711,0.0,0.0644958738223592,60.735893029496935,277.6427279759605,0.0706231314296476,0.0,6.779820617246169,0.706231314296476,0.5649850514371808,2.613055862896961,1.8362014171708367,4.519880411497447,92.27799227799228,0.0,Left Center Back,Centre Back,True,34.023668639053255,64.49704142011834,86.3905325443787,94.0828402366864,94.0828402366864,82.24852071005917,94.67455621301777,82.84023668639054,22.7810650887574,52.071005917159766,22.485207100591715,18.93491124260355,14.792899408284024,63.31360946745562,96.44970414201184,77.51479289940828,44.67455621301775,80.4733727810651,83.4319526627219,61.64,90.14,66.77,44.67,71.52,66.95,1
3168,361.18,196.0,174.0,7.0,1.0,2.0,4.0,3.0,0.0,0.101460208,141.0,537.8773596405817,2.0,1.0,85.0,10.0,1.0,3.0,8.0,11.0,João Filipe Iria Santos Moutinho,48.83991361647932,43.35788249626225,1.7442826291599756,0.2491832327371393,0.4983664654742787,0.9967329309485576,0.747549698211418,0.0,0.0252821826236225,35.134835815936654,134.0300192913571,0.4983664654742787,0.2491832327371393,21.180574782656844,2.4918323273713936,0.2491832327371393,0.747549698211418,1.993465861897115,2.7410155601085333,88.77551020408163,50.0,Right Center Midfield,Midfielder,True,26.05633802816901,15.492957746478872,32.3943661971831,70.4225352112676,71.83098591549296,78.87323943661971,53.52112676056338,12.676056338028168,12.676056338028168,80.28169014084507,90.14084507042254,11.267605633802818,52.11267605633802,56.33802816901409,7.042253521126761,87.32394366197182,94.3661971830986,87.32394366197182,64.7887323943662,24.65,73.71,26.29,49.53,83.45,51.53,1
3175,377.36,89.0,57.0,0.0,0.0,0.0,0.0,0.0,0.0,0.0,47.0,262.2349375180923,0.0,0.0,0.0,0.0,0.0,0.0,0.0,16.0,Eiji Kawashima,21.22641509433962,13.59444562221751,0.0,0.0,0.0,0.0,0.0,0.0,0.0,11.209455162179353,62.5427824269353,0.0,0.0,0.0,0.0,0.0,0.0,0.0,3.815984736061056,64.04494382022472,0.0,Goalkeeper,Goalkeeper,True,50.0,49.28571428571429,49.28571428571429,18.571428571428573,18.571428571428573,31.428571428571427,37.142857142857146,44.285714285714285,45.0,30.714285714285715,50.0,50.71428571428571,38.57142857142858,45.71428571428572,57.14285714285714,46.42857142857143,50.0,47.85714285714286,50.0,49.52,22.86,42.14,45.48,48.57,41.71,2
3176,1031.94,598.0,465.0,9.0,4.0,3.0,27.0,13.0,2.0,1.1161115639999997,457.0,2738.6402021762456,16.0,10.0,182.0,21.0,23.0,22.0,17.0,44.0,Thomas Meunier,52.15419501133786,40.55468341182627,0.7849293563579277,0.3488574917146345,0.2616431187859759,2.3547880690737832,1.1337868480725624,0.1744287458573172,0.0973409701726844,39.856968428397,238.8487879100162,1.3954299668585382,0.8721437292865863,15.873015873015872,1.831501831501832,2.0059305773591487,1.9187162044304904,1.482644339787197,3.837432408860981,77.75919732441471,62.5,Right Wing Back,Full Back,True,87.24832214765101,79.86577181208054,88.59060402684564,67.11409395973155,61.74496644295302,42.28187919463088,75.83892617449665,81.87919463087249,77.85234899328859,85.23489932885906,43.62416107382551,91.2751677852349,47.651006711409394,27.516778523489933,59.73154362416108,57.71812080536913,95.9731543624161,85.23489932885906,69.79865771812081,85.23,57.05,78.52,59.17,77.18,71.43,1
3193,1317.37,802.0,695.0,24.0,0.0,0.0,21.0,12.0,3.0,2.587086951,687.0,5294.366825597991,26.0,15.0,249.0,25.0,13.0,6.0,15.0,70.0,Bernardo Mota Veiga de Carvalho e Silva,54.79098506873544,47.48096586380441,1.6396304758723823,0.0,0.0,1.4346766663883344,0.8198152379361912,0.2049538094840478,0.1767444420246399,46.934422371846935,361.70021657075785,1.7762663488617474,1.0247690474202389,17.011166187175967,1.7079484123670647,0.8881331744308737,0.4099076189680956,1.0247690474202389,4.782255554627782,86.65835411471322,57.692307692307686,Right Midfield,Midfielder,True,74.64788732394366,74.64788732394366,38.0281690140845,78.87323943661971,78.87323943661971,67.6056338028169,81.69014084507043,92.95774647887325,63.38028169014085,47.88732394366197,54.929577464788736,50.70422535211267,32.3943661971831,14.084507042253522,71.83098591549296,83.09859154929578,32.3943661971831,27.464788732394368,77.46478873239437,62.44,75.12,79.34,45.31,55.11,63.46,1
3196,353.84000000000003,101.0,72.0,4.0,2.0,0.0,8.0,17.0,3.0,1.7638282926,97.0,655.8574362605838,4.0,0.0,92.0,5.0,1.0,0.0,2.0,14.0,Wahbi Khazri,25.68957721003844,18.313361971512546,1.0174089984173635,0.5087044992086818,0.0,2.034817996834727,4.323988243273796,0.7630567488130228,0.4486336941385936,24.672168211621067,166.81881433261512,1.0174089984173635,0.0,23.40040696359937,1.2717612480217046,0.2543522496043409,0.0,0.5087044992086818,3.560931494460773,71.28712871287128,0.0,Center Forward,Forward,True,86.74698795180723,68.67469879518072,97.59036144578312,77.10843373493977,73.49397590361446,39.75903614457831,78.3132530120482,75.90361445783132,6.626506024096386,91.56626506024097,85.54216867469879,56.62650602409639,4.216867469879518,12.048192771084338,66.26506024096386,71.08433734939759,98.79518072289156,29.518072289156628,95.18072289156626,84.34,63.45,53.61,52.71,73.64,65.55,0
3202,522.45,122.0,91.0,7.0,0.0,0.0,6.0,12.0,0.0,1.792595893,136.0,845.9970517986659,18.0,12.0,147.0,9.0,7.0,4.0,9.0,21.0,Gabriel Fernando de Jesus,21.01636520241172,15.676141257536605,1.205857019810508,0.0,0.0,1.0335917312661498,2.0671834625323,0.0,0.3088020487510766,23.42807924203273,145.7359262357736,3.1007751937984493,2.0671834625323,25.32299741602067,1.550387596899225,1.205857019810508,0.6890611541774332,1.550387596899225,3.617571059431525,74.59016393442623,66.66666666666666,Center Forward,Forward,True,12.048192771084338,37.34939759036144,36.14457831325301,54.21686746987952,59.036144578313255,53.01204819277109,73.49397590361446,69.87951807228916,91.56626506024097,96.3855421686747,93.97590361445783,97.59036144578312,54.21686746987952,78.3132530120482,69.87951807228916,80.72289156626506,27.710843373493976,29.518072289156628,74.69879518072288,28.51,55.42,78.31,81.73,53.16,59.43,0
3205,2091.2,1524.0,1348.0,4.0,0.0,6.0,13.0,0.0,0.0,0.0,1179.0,6096.525440476743,17.0,13.0,166.0,11.0,36.0,53.0,32.0,81.0,Kyle Walker,65.58913542463658,58.01453710788065,0.1721499617444529,0.0,0.2582249426166794,0.5594873756694722,0.0,0.0,0.0,50.74120122417751,262.37915533803886,0.7316373374139251,0.5594873756694722,7.144223412394799,0.4734123947972457,1.5493496557000763,2.2809869931140017,1.3771996939556237,3.4860367253251723,88.4514435695538,76.47058823529412,Right Back,Full Back,True,37.24832214765101,5.369127516778524,5.369127516778524,93.95973154362416,94.63087248322148,93.95973154362416,92.61744966442951,90.6040268456376,57.71812080536913,2.684563758389262,1.342281879194631,75.83892617449665,62.41610738255034,22.14765100671141,48.32214765100672,4.697986577181208,33.89261744966443,83.22147651006712,8.053691275167784,16.0,94.18,80.31,35.46,32.47,51.68,1
3233,1275.51,395.0,328.0,6.0,2.0,3.0,13.0,26.0,4.0,3.676440412,487.0,3226.2750327420245,62.0,37.0,166.0,7.0,10.0,0.0,13.0,34.0,Raheem Sterling,27.871204459392715,23.1436837029894,0.4233600677376108,0.1411200225792036,0.2116800338688054,0.9172801467648236,1.834560293529647,0.2822400451584072,0.2594096769762683,34.36272549803608,227.6460027336377,4.374720699955312,2.610720417715267,11.7129618740739,0.4939200790272126,0.7056001128960181,0.0,0.9172801467648236,2.3990403838464616,83.0379746835443,59.67741935483871,Left Wing,Winger,True,65.59139784946237,65.59139784946237,51.61290322580645,40.86021505376344,49.46236559139785,90.32258064516128,64.51612903225806,51.61290322580645,90.32258064516128,23.655913978494624,11.827956989247312,61.29032258064516,9.13978494623656,24.731182795698924,9.67741935483871,9.67741935483871,56.98924731182796,58.06451612903226,15.053763440860216,60.93,60.22,68.82,23.39,34.95,49.66,0
3240,669.92,274.0,207.0,0.0,0.0,0.0,0.0,0.0,0.0,0.0,161.0,927.182885134304,1.0,1.0,1.0,0.0,0.0,1.0,0.0,40.0,Mathew Ryan,36.81036541676618,27.80929066157153,0.0,0.0,0.0,0.0,0.0,0.0,0.0,21.62944829233341,124.56182777359588,0.1343443993312634,0.1343443993312634,0.1343443993312634,0.0,0.0,0.1343443993312634,0.0,5.373775973250537,75.54744525547446,100.0,Goalkeeper,Goalkeeper,True,50.0,49.28571428571429,49.28571428571429,97.14285714285714,95.71428571428572,74.28571428571429,97.14285714285714,98.57142857142858,94.28571428571428,71.42857142857143,50.0,50.71428571428571,87.14285714285714,45.71428571428572,94.28571428571428,46.42857142857143,50.0,47.85714285714286,50.0,49.52,89.05,96.67,66.55,48.57,70.07,2
3244,2555.74,1956.0,1842.0,2.0,0.0,1.0,1.0,16.0,2.0,2.518958247,1631.0,10127.091954386176,3.0,3.0,137.0,19.0,16.0,86.0,37.0,68.0,John Stones,68.88024603441664,64.86575316738009,0.0704296994216939,0.0,0.0352148497108469,0.0352148497108469,0.5634375953735513,0.0704296994216939,0.0887047360960035,57.43541987839139,356.62402118163664,0.1056445491325408,0.1056445491325408,4.824434410386034,0.6690821445060923,0.5634375953735513,3.0284770751328383,1.3029494393013377,2.394609780337593,94.1717791411043,100.0,Right Center Back,Centre Back,True,71.00591715976331,72.7810650887574,66.86390532544378,90.53254437869822,91.71597633136096,95.85798816568048,91.71597633136096,96.44970414201184,49.70414201183432,14.792899408284024,18.34319526627219,18.34319526627219,23.07692307692308,33.13609467455622,41.42011834319527,41.42011834319527,44.67455621301775,60.35502958579882,52.071005917159766,70.22,92.7,79.29,24.85,49.63,63.34,1
3248,510.65,347.0,286.0,5.0,1.0,3.0,12.0,3.0,1.0,0.921415108,255.0,1010.0050085518824,2.0,0.0,46.0,12.0,8.0,11.0,7.0,21.0,Hamari Traoré,61.15734847743072,50.40634485459708,0.8812298051502987,0.1762459610300597,0.5287378830901792,2.114951532360717,0.5287378830901792,0.1762459610300597,0.1623956912170762,44.94272006266523,178.00930337740022,0.3524919220601195,0.0,8.107314207382748,2.114951532360717,1.409967688240478,1.938705571330657,1.2337217272104182,3.701165181631254,82.42074927953891,0.0,Right Back,Full Back,True,88.59060402684564,91.94630872483222,55.033557046979865,89.26174496644296,86.57718120805369,69.12751677852349,89.26174496644296,51.67785234899329,6.375838926174497,8.053691275167784,58.38926174496645,69.12751677852349,48.99328859060403,17.449664429530202,53.69127516778524,63.08724832214765,83.22147651006712,97.31543624161074,63.758389261744966,78.52,81.66,49.11,42.62,76.85,65.75,1
3280,328.26,54.0,39.0,5.0,0.0,1.0,3.0,8.0,3.0,1.6176591219999998,66.0,403.99515310245465,7.0,2.0,59.0,3.0,1.0,4.0,6.0,18.0,Richarlison de Andrade,14.80533723268141,10.692743556936575,1.3708645585816122,0.0,0.2741729117163224,0.8225187351489672,2.19338329373058,0.8225187351489672,0.4435183116432096,18.09541217327728,110.76452744538147,1.919210382014257,0.5483458234326449,16.176201791263022,0.8225187351489672,0.2741729117163224,1.09669164686529,1.6450374702979345,4.935112410893804,72.22222222222221,28.57142857142857,Center Forward,Forward,True,87.95180722891565,67.46987951807229,49.39759036144578,13.253012048192772,14.457831325301203,46.3855421686747,42.16867469879519,44.57831325301205,38.55421686746988,60.24096385542169,65.06024096385542,61.44578313253012,83.13253012048193,80.72289156626506,96.3855421686747,87.95180722891565,27.710843373493976,85.54216867469879,66.26506024096386,68.27,24.7,41.77,74.5,66.87,55.22,0
3281,669.92,425.0,339.0,12.0,0.0,0.0,14.0,4.0,0.0,0.093286836,291.0,1696.446132653547,6.0,3.0,93.0,18.0,6.0,17.0,13.0,51.0,Aaron Mooy,57.09636971578696,45.5427513732983,1.6121327919751611,0.0,0.0,1.880821590637688,0.5373775973250537,0.0,0.012532563947934,39.09422020539766,227.9080366891856,0.8060663959875806,0.4030331979937903,12.4940291378075,2.4181991879627422,0.8060663959875806,2.2838547886314786,1.7464771913064248,6.851564365894436,79.76470588235294,50.0,Left Defensive Midfield,Defensive Midfielder,True,33.16831683168317,17.82178217821782,30.69306930693069,74.25742574257426,61.38613861386138,15.84158415841584,51.48514851485149,65.34653465346535,47.52475247524752,19.8019801980198,75.24752475247524,34.65346534653465,88.11881188118812,54.45544554455446,97.02970297029702,98.01980198019804,35.64356435643564,19.306930693069308,99.009900990099,27.23,50.5,54.79,61.55,63.0,51.41,1
3289,1391.64,240.0,169.0,10.0,1.0,6.0,7.0,43.0,8.0,8.71954012,259.0,1734.0886798991428,29.0,17.0,103.0,1.0,1.0,6.0,7.0,30.0,Romelu Lukaku Menama,15.52125549711132,10.929550745882556,0.646718979046305,0.0646718979046305,0.388031387427783,0.4527032853324135,2.780891609899112,0.517375183237044,0.5639092084159696,16.750021557299302,112.14680606401284,1.8754850392342848,1.0994222643787186,6.661205484176941,0.0646718979046305,0.0646718979046305,0.388031387427783,0.4527032853324135,1.9401569371389151,70.41666666666667,58.620689655172406,Center Forward,Forward,True,65.06024096385542,83.13253012048193,68.67469879518072,18.072289156626507,18.072289156626507,34.93975903614458,33.734939759036145,45.78313253012048,66.26506024096386,1.2048192771084338,8.433734939759036,34.93975903614458,30.120481927710845,8.433734939759036,20.48192771084337,42.16867469879519,55.42168674698795,90.36144578313254,36.14457831325301,72.29,23.69,48.59,17.27,56.02,43.57,0
3293,549.57,228.0,208.0,6.0,1.0,1.0,2.0,16.0,1.0,1.231528769,217.0,1346.0780317941692,11.0,7.0,161.0,5.0,1.0,2.0,7.0,23.0,Jesse Lingard,37.33828265735029,34.062994704951144,0.9825863857197444,0.1637643976199574,0.1637643976199574,0.3275287952399148,2.6202303619193184,0.1637643976199574,0.2016805670069326,35.53687428353076,220.43965802623,1.8014083738195314,1.146350783339702,26.366068016813145,0.818821988099787,0.1637643976199574,0.3275287952399148,1.146350783339702,3.76658114525902,91.2280701754386,63.63636363636363,Right Center Midfield,Midfielder,True,66.19718309859155,80.28169014084507,95.77464788732394,33.80281690140845,49.29577464788733,90.14084507042254,57.74647887323944,57.74647887323944,70.4225352112676,92.95774647887325,11.267605633802818,5.633802816901409,25.352112676056336,18.30985915492958,35.2112676056338,59.15492957746479,78.87323943661971,61.97183098591549,29.577464788732392,80.75,57.75,61.97,31.46,57.39,57.86,0
3295,891.16,624.0,586.0,4.0,1.0,2.0,1.0,8.0,1.0,0.982624047,504.0,2662.798119563383,1.0,0.0,39.0,9.0,16.0,30.0,11.0,36.0,Thiago Emiliano da Silva,63.01898648951928,59.1812917994524,0.403967862112303,0.1009919655280757,0.2019839310561515,0.1009919655280757,0.8079357242246061,0.1009919655280757,0.0992371338816823,50.899950626150186,268.92121589917014,0.1009919655280757,0.0,3.938686655594955,0.908927689752682,1.6158714484492125,3.029758965842273,1.1109116208088334,3.635710759010728,93.9102564102564,0.0,Right Center Back,Centre Back,True,75.14792899408283,76.92307692307693,84.02366863905326,84.02366863905326,85.79881656804734,94.67455621301777,82.24852071005917,78.69822485207101,22.7810650887574,1.7751479289940828,31.952662721893493,83.4319526627219,23.66863905325444,21.89349112426036,82.84023668639054,86.98224852071006,91.71597633136096,79.88165680473372,55.62130177514793,78.7,88.17,61.24,40.93,78.55,69.52,1
3296,333.7,140.0,115.0,2.0,0.0,0.0,1.0,5.0,1.0,0.53839992,116.0,596.496582701154,3.0,3.0,122.0,11.0,3.0,6.0,10.0,11.0,Marouane Fellaini-Bakkioui,37.75846568774349,31.015882529217865,0.5394066526820498,0.0,0.0,0.2697033263410249,1.3485166317051245,0.2697033263410249,0.1452082493257417,31.285585855558885,160.87711250555546,0.8091099790230747,0.8091099790230747,32.90380581360503,2.9667365897512736,0.8091099790230747,1.6182199580461494,2.697033263410249,2.9667365897512736,82.14285714285714,100.0,Right Center Midfield,Midfielder,True,87.32394366197182,66.19718309859155,61.97183098591549,36.61971830985916,39.436619718309856,46.478873239436616,36.61971830985916,23.943661971830984,53.52112676056338,98.59154929577466,97.1830985915493,42.25352112676056,83.09859154929578,88.73239436619718,12.676056338028168,26.76056338028169,32.3943661971831,27.464788732394368,23.943661971830984,71.83,40.85,38.03,70.42,27.64,49.75,1
3300,793.38,517.0,450.0,0.0,0.0,0.0,0.0,3.0,0.0,1.006012196,387.0,2101.9448470656284,3.0,2.0,48.0,5.0,15.0,56.0,21.0,20.0,Maya Yoshida,58.64781063298797,51.04741737880965,0.0,0.0,0.0,0.0,0.340316115858731,0.0,0.1141207210164108,43.900778945776295,238.44190203421635,0.340316115858731,0.2268774105724873,5.445057853739696,0.5671935264312183,1.701580579293655,6.352567496029645,2.382212811011117,2.2687741057248734,87.04061895551257,66.66666666666666,Center Back,Centre Back,True,34.023668639053255,80.4733727810651,45.5621301775148,75.14792899408283,71.59763313609467,50.29585798816568,71.59763313609467,67.45562130177515,65.08875739644971,27.2189349112426,12.42603550295858,87.57396449704143,89.94082840236686,84.61538461538461,33.72781065088758,19.230769230769237,44.67455621301775,30.17751479289941,26.035502958579883,53.35,65.68,68.05,55.92,30.03,54.61,1
3306,1059.14,658.0,597.0,3.0,2.0,1.0,6.0,3.0,0.0,0.130355316,513.0,3174.022394781004,1.0,1.0,95.0,17.0,22.0,27.0,27.0,23.0,Nathan Aké,55.913288139433874,50.72983741526144,0.2549238061068413,0.1699492040712276,0.0849746020356138,0.5098476122136827,0.2549238061068413,0.0,0.0110768911003266,43.59197084426987,269.7112898486416,0.0849746020356138,0.0849746020356138,8.07258719338331,1.4445682346054345,1.869441244783504,2.2943142549615723,2.2943142549615723,1.954415846819117,90.72948328267478,100.0,Left Center Back,Centre Back,True,34.023668639053255,22.485207100591715,31.952662721893493,66.86390532544378,71.00591715976331,73.96449704142012,71.00591715976331,79.88165680473372,48.5207100591716,67.45562130177515,67.45562130177515,89.3491124260355,8.875739644970414,81.06508875739645,19.526627218934912,72.18934911242604,98.22485207100593,65.08875739644971,91.71597633136096,29.49,70.61,66.47,55.62,81.8,60.8,1
3308,1589.87,1134.0,910.0,40.0,2.0,6.0,44.0,7.0,2.0,1.202251924,737.0,2572.2578520878646,13.0,10.0,266.0,30.0,14.0,22.0,37.0,55.0,Kieran Trippier,64.19392780541806,51.51364576977992,2.264336077792524,0.1132168038896262,0.3396504116688786,2.4907696855717765,0.3962588136136917,0.1132168038896262,0.0680575601527169,41.72039223332726,145.61140639669145,0.7359092252825704,0.566084019448131,15.057834917320283,1.6982520583443932,0.7925176272273834,1.2453848427858882,2.0945108719580845,3.113462106964721,80.24691358024691,76.92307692307693,Left Back,Full Back,True,78.52348993288591,69.79865771812081,40.939597315436245,91.2751677852349,89.26174496644296,58.38926174496645,81.87919463087249,25.503355704697988,59.06040268456376,83.22147651006712,40.939597315436245,30.2013422818792,22.818791946308725,61.07382550335571,32.21476510067114,98.65771812080536,71.81208053691275,88.59060402684564,73.15436241610739,63.09,79.64,55.48,45.08,83.05,65.27,1
3311,757.09,613.0,538.0,3.0,1.0,2.0,9.0,5.0,1.0,0.521673045,450.0,1874.6207257370736,5.0,3.0,123.0,21.0,12.0,8.0,17.0,25.0,Daley Blind,72.87112496532777,63.955408207742806,0.3566286703033985,0.1188762234344661,0.2377524468689323,1.0698860109101955,0.5943811171723309,0.1188762234344661,0.0620145214571583,53.49430054550978,222.8478322476016,0.5943811171723309,0.3566286703033985,14.62177548243934,2.4964006921237893,1.4265146812135945,0.9510097874757294,2.020895798385925,2.9719055858616548,87.76508972267537,60.0,Left Wing Back,Full Back,True,79.86577181208054,67.11409395973155,62.41610738255034,95.9731543624161,97.31543624161074,92.61744966442951,93.28859060402684,72.48322147651007,38.25503355704698,79.86577181208054,80.53691275167785,69.79865771812081,13.422818791946307,55.70469798657718,28.187919463087248,19.463087248322147,72.48322147651007,81.20805369127517,24.832214765100677,69.8,95.3,68.01,54.59,49.5,67.44,1
3318,511.77,195.0,150.0,2.0,0.0,0.0,9.0,18.0,4.0,3.530498099,210.0,1414.445622918806,33.0,20.0,93.0,6.0,2.0,1.0,5.0,20.0,Marcus Rashford,34.292748695703146,26.379037458233192,0.3517204994431092,0.0,0.0,1.5827422474939916,3.1654844949879832,0.7034409988862185,0.6208742773316138,36.93065244152647,248.7447604640612,5.803388240811302,3.517204994431092,16.35500322410458,1.0551614983293276,0.3517204994431092,0.1758602497215546,0.879301248607773,3.517204994431092,76.92307692307693,60.60606060606061,Left Center Forward,Forward,True,83.13253012048193,87.95180722891565,83.13253012048193,89.1566265060241,87.95180722891565,70.48192771084338,93.97590361445783,92.7710843373494,98.79518072289156,61.44578313253012,80.72289156626506,74.69879518072288,14.457831325301203,34.93975903614458,63.85542168674698,21.686746987951807,27.710843373493976,29.518072289156628,89.1566265060241,84.74,82.53,95.18,55.02,42.02,71.9,0
3321,301.42,177.0,139.0,3.0,0.0,2.0,7.0,4.0,0.0,0.303367166,129.0,651.5222302076127,1.0,1.0,44.0,5.0,4.0,1.0,7.0,17.0,Patrick van Aanholt,52.84984407139539,41.50354986397717,0.8957600690067015,0.0,0.597173379337801,2.090106827682304,1.194346758675602,0.0,0.0905813978501758,38.51768296728817,194.5358659633904,0.2985866896689005,0.2985866896689005,13.137814345431622,1.4929334483445025,1.194346758675602,0.2985866896689005,2.090106827682304,5.075973724371309,78.53107344632768,100.0,Left Wing Back,Full Back,True,37.24832214765101,77.85234899328859,91.94630872483222,70.46979865771812,67.11409395973155,47.651006711409394,69.79865771812081,57.71812080536913,34.22818791946309,67.11409395973155,31.543624161073826,59.73154362416108,2.013422818791946,60.40268456375839,88.59060402684564,64.42953020134227,33.89261744966443,98.65771812080536,60.40268456375839,69.02,61.74,53.91,51.57,64.35,60.12,1
3325,515.92,123.0,85.0,4.0,1.0,0.0,3.0,12.0,2.0,2.92844368,120.0,693.159980673116,10.0,8.0,87.0,3.0,1.0,3.0,5.0,24.0,Marko Arnautović,21.456815010079083,14.827880291518069,0.6977826019537913,0.1744456504884478,0.0,0.5233369514653435,2.093347805861374,0.3488913009768956,0.510854262676384,20.93347805861374,120.91874372108164,1.7444565048844785,1.3955652039075823,15.176771592494962,0.5233369514653435,0.1744456504884478,0.5233369514653435,0.8722282524422392,4.186695611722748,69.10569105691057,80.0,Center Forward,Forward,True,48.19277108433735,77.10843373493977,38.55421686746988,56.62650602409639,51.80722891566265,28.915662650602407,56.62650602409639,53.01204819277109,84.33734939759037,53.01204819277109,37.34939759036144,44.57831325301205,44.57831325301205,32.53012048192771,86.74698795180723,45.78313253012048,77.10843373493977,29.518072289156628,43.373493975903614,54.62,45.78,64.66,49.8,48.95,52.76,0
3333,411.59,67.0,52.0,0.0,0.0,0.0,0.0,0.0,0.0,0.0,42.0,180.39205566164952,0.0,0.0,0.0,0.0,0.0,0.0,0.0,13.0,David de Gea Quintana,14.650501712869602,11.370538642824169,0.0,0.0,0.0,0.0,0.0,0.0,0.0,9.183896596127214,39.44528537998604,0.0,0.0,0.0,0.0,0.0,0.0,0.0,2.842634660706042,77.61194029850746,0.0,Goalkeeper,Goalkeeper,True,50.0,49.28571428571429,49.28571428571429,1.4285714285714286,8.571428571428571,77.14285714285715,12.857142857142856,11.428571428571429,45.0,30.714285714285715,50.0,50.71428571428571,38.57142857142858,45.71428571428572,14.285714285714285,46.42857142857143,50.0,47.85714285714286,50.0,49.52,29.05,23.1,38.33,48.57,37.71,2
3336,1656.99,1209.0,1068.0,5.0,2.0,1.0,6.0,26.0,3.0,2.608423537,959.0,6353.977016309056,9.0,7.0,79.0,13.0,21.0,61.0,25.0,57.0,Harry Maguire,65.66726413557113,58.008799087502034,0.271576774754223,0.1086307099016892,0.0543153549508446,0.3258921297050676,1.4121992287219598,0.1629460648525338,0.1416774502742925,52.08842539785997,345.1185169903349,0.4888381945576014,0.3802074846559122,4.290913041116724,0.7060996143609799,1.1406224539677368,3.313236652001521,1.3578838737711152,3.095975232198142,88.33746898263027,77.77777777777779,Left Center Back,Centre Back,True,83.4319526627219,85.20710059171599,98.22485207100593,85.79881656804734,83.4319526627219,59.171597633136095,85.20710059171599,95.26627218934912,86.3905325443787,7.6923076923076925,21.89349112426036,57.396449704142015,31.952662721893493,35.50295857988166,68.63905325443787,75.14792899408283,92.3076923076923,61.53846153846154,85.79881656804734,88.95,76.13,88.95,37.18,78.7,73.98,1
3359,367.53,210.0,189.0,4.0,0.0,1.0,0.0,2.0,0.0,0.033532087,160.0,743.0104118638709,5.0,4.0,51.0,10.0,3.0,3.0,4.0,20.0,Jean Michaël Seri,51.42437352052894,46.28193616847604,0.9795118765815034,0.0,0.2448779691453758,0.0,0.4897559382907517,0.0,0.008211269365766,39.18047506326014,181.946880711094,1.2243898457268794,0.9795118765815034,12.48877642641417,2.4487796914537587,0.7346339074361276,0.7346339074361276,0.9795118765815034,4.8975593829075175,90.0,80.0,Center Defensive Midfield,Defensive Midfielder,True,33.16831683168317,13.861386138613865,27.72277227722773,60.3960396039604,65.34653465346535,81.1881188118812,53.46534653465347,40.5940594059406,90.0990099009901,18.81188118811881,77.22772277227723,30.69306930693069,19.8019801980198,10.891089108910892,65.34653465346535,86.13861386138613,35.64356435643564,68.31683168316832,10.891089108910892,24.92,68.98,61.39,37.13,50.25,48.53,1
3377,497.58,150.0,122.0,8.0,1.0,0.0,11.0,8.0,1.0,0.656597274,135.0,860.6225460791868,5.0,5.0,34.0,1.0,0.0,0.0,9.0,18.0,Timothy Weah,27.13131556734596,22.066803328108044,1.4470034969251175,0.1808754371156397,0.0,1.9896298082720367,1.4470034969251175,0.1808754371156397,0.1187623189436874,24.41818401061136,155.6654792136477,0.9043771855781986,0.9043771855781986,6.149764861931749,0.1808754371156397,0.0,0.0,1.6278789340407571,3.2557578680815142,81.33333333333333,100.0,Right Wing,Winger,True,47.31182795698925,29.03225806451613,30.107526881720432,38.70967741935484,43.01075268817204,84.94623655913979,20.43010752688172,18.27956989247312,25.806451612903224,2.1505376344086025,2.1505376344086025,3.763440860215054,9.13978494623656,66.66666666666666,37.634408602150536,68.81720430107528,65.59139784946237,20.43010752688172,49.46236559139785,35.48,55.56,21.51,20.25,51.08,36.77,0
3382,1243.8,888.0,746.0,14.0,4.0,3.0,36.0,6.0,1.0,0.284634125,652.0,3121.149272784115,7.0,5.0,124.0,15.0,14.0,24.0,14.0,37.0,Luke Shaw,64.25470332850941,53.97973950795948,1.0130246020260494,0.2894356005788712,0.2170767004341534,2.604920405209841,0.4341534008683068,0.0723589001447178,0.0205958122286541,47.178002894356005,225.8429285661444,0.5065123010130247,0.361794500723589,8.972503617945007,1.085383502170767,1.0130246020260494,1.7366136034732271,1.0130246020260494,2.677279305354559,84.009009009009,71.42857142857143,Left Back,Full Back,True,74.49664429530202,40.26845637583892,44.966442953020135,91.94630872483222,91.94630872483222,77.85234899328859,90.6040268456376,74.49664429530202,38.92617449664429,17.449664429530202,14.76510067114094,48.32214765100672,42.28187919463088,4.697986577181208,16.10738255033557,73.8255033557047,94.63087248322148,74.49664429530202,75.83892617449665,53.24,87.25,68.01,23.94,79.7,62.43,1
3404,648.92,340.0,279.0,10.0,0.0,1.0,11.0,4.0,0.0,0.0544350075,249.0,1707.1507199685132,11.0,9.0,93.0,7.0,7.0,17.0,10.0,43.0,Youssouf Sabaly,47.15527337730384,38.69506256549344,1.3869198052148186,0.0,0.1386919805214818,1.5256117857363003,0.5547679220859274,0.0,0.0075496989998767,34.53430314984898,236.7681144011068,1.5256117857363003,1.2482278246933367,12.898354188497814,0.970843863650373,0.970843863650373,2.3577636688651915,1.3869198052148186,5.96375516242372,82.05882352941177,81.81818181818183,Right Back,Full Back,True,37.24832214765101,24.16107382550336,59.06040268456376,49.66442953020135,53.02013422818792,66.44295302013423,50.33557046979866,80.53691275167785,90.6040268456376,62.41610738255034,11.409395973154362,46.97986577181208,67.11409395973155,22.818791946308725,95.9731543624161,89.26174496644296,33.89261744966443,65.1006711409396,40.26845637583892,40.16,56.38,73.83,51.12,57.13,55.72,1
3436,625.9,289.0,242.0,1.0,1.0,0.0,9.0,6.0,0.0,0.386918913,215.0,1242.1332637406088,3.0,2.0,157.0,14.0,7.0,5.0,17.0,28.0,Idrissa Gana Gueye,41.556159130851576,34.797891036906854,0.1437929381690366,0.1437929381690366,0.0,1.2941364435213294,0.8627576290142196,0.0,0.0556362073334398,30.915481706342867,178.60999159075698,0.4313788145071098,0.2875858763380732,22.575491292538743,2.0131011343665124,1.0065505671832562,0.718964690845183,2.444479948873622,4.026202268733025,83.73702422145328,66.66666666666666,Center Attacking Midfield,Attacking Midfielder,True,18.421052631578945,21.052631578947366,18.421052631578945,65.78947368421053,71.05263157894737,86.8421052631579,39.47368421052632,36.84210526315789,10.526315789473683,81.57894736842105,89.47368421052632,84.21052631578947,86.8421052631579,92.10526315789474,36.84210526315789,2.631578947368421,50.0,9.210526315789473,47.368421052631575,19.3,74.56,28.95,78.51,27.3,45.72,1
3441,444.29,111.0,91.0,2.0,0.0,2.0,3.0,10.0,3.0,2.565273315,144.0,972.812847284279,13.0,11.0,88.0,6.0,2.0,3.0,4.0,12.0,Nikola Vlašić,22.48531364649216,18.433905782259338,0.4051407864232821,0.0,0.4051407864232821,0.6077111796349232,2.0257039321164108,0.6077111796349232,0.51964842411488,29.17013662247632,197.0630809957125,2.633415111751334,2.2282743253280515,17.826194602624412,1.2154223592698463,0.4051407864232821,0.6077111796349232,0.8102815728465642,2.4308447185396926,81.98198198198197,84.61538461538461,Right Wing,Winger,True,95.6989247311828,96.7741935483871,59.13978494623656,18.27956989247312,30.107526881720432,88.17204301075269,41.935483870967744,37.634408602150536,80.64516129032258,69.89247311827957,53.76344086021505,34.40860215053764,73.11827956989248,18.27956989247312,12.903225806451612,8.60215053763441,24.193548387096776,83.87096774193549,10.75268817204301,83.87,45.52,53.41,43.73,31.85,51.68,0
3444,663.87,170.0,117.0,0.0,0.0,0.0,0.0,0.0,0.0,0.0,114.0,567.3574737189169,0.0,0.0,0.0,0.0,0.0,0.0,0.0,38.0,Danijel Subašić,23.046680826065344,15.86153915676262,0.0,0.0,0.0,0.0,0.0,0.0,0.0,15.454833024537937,76.91592124166256,0.0,0.0,0.0,0.0,0.0,0.0,0.0,5.151611008179312,68.82352941176471,0.0,Goalkeeper,Goalkeeper,True,50.0,49.28571428571429,49.28571428571429,24.285714285714285,34.285714285714285,47.14285714285714,65.71428571428571,65.71428571428571,45.0,30.714285714285715,50.0,50.71428571428571,38.57142857142858,45.71428571428572,91.42857142857144,46.42857142857143,50.0,47.85714285714286,50.0,49.52,35.24,58.81,51.19,48.57,48.67,2
3445,388.79,106.0,80.0,1.0,0.0,0.0,1.0,9.0,2.0,1.87879004,106.0,590.556277035393,6.0,3.0,112.0,3.0,0.0,4.0,2.0,10.0,Radamel Falcao García Zárate,24.537668149900973,18.518994830113943,0.2314874353764243,0.0,0.0,0.2314874353764243,2.083386918387818,0.4629748707528486,0.4349162879703696,24.537668149900973,136.70635801637226,1.3889246122585457,0.6944623061292728,25.92659276215952,0.6944623061292728,0.0,0.9259497415056972,0.4629748707528486,2.314874353764243,75.47169811320755,50.0,Center Forward,Forward,True,57.831325301204814,65.06024096385542,37.34939759036144,74.69879518072288,74.69879518072288,60.24096385542169,77.10843373493977,65.06024096385542,49.39759036144578,97.59036144578312,55.42168674698795,16.867469879518072,71.08433734939759,9.63855421686747,33.734939759036145,9.63855421686747,27.710843373493976,29.518072289156628,16.867469879518072,53.41,69.88,63.86,47.39,20.93,51.09,0
3447,566.45,153.0,97.0,13.0,1.0,1.0,14.0,8.0,3.0,1.319634856,139.0,853.1056379471369,14.0,2.0,134.0,8.0,3.0,0.0,11.0,23.0,Ademola Lookman,24.30929473033807,15.411775090475768,2.06549563068232,0.1588842792832553,0.1588842792832553,2.2243799099655748,1.2710742342660428,0.476652837849766,0.2096692330126224,22.084914820372493,135.54507443771263,2.2243799099655748,0.3177685585665107,21.290493423956217,1.2710742342660428,0.476652837849766,0.0,1.747727072115809,3.6543384235148726,63.39869281045751,14.285714285714285,Left Wing,Winger,True,86.02150537634408,54.83870967741935,21.50537634408602,25.806451612903224,20.43010752688172,7.526881720430108,10.75268817204301,8.60215053763441,6.451612903225806,90.32258064516128,56.98924731182796,39.784946236559136,9.13978494623656,70.96774193548387,48.38709677419355,93.5483870967742,60.215053763440864,48.38709677419355,61.29032258064516,54.12,17.92,8.6,52.6,65.86,39.82,0
3450,432.97,123.0,93.0,5.0,2.0,0.0,10.0,4.0,2.0,1.657960617,135.0,1213.6577329377562,17.0,5.0,103.0,6.0,3.0,3.0,5.0,17.0,Jordan Ayew,25.567591288080003,19.331593412938545,1.039332979190244,0.4157331916760977,0.0,2.0786659583804883,0.8314663833521954,0.4157331916760977,0.344634629489341,28.06199043813659,252.2789014582952,3.53373212924683,1.039332979190244,21.41025937131903,1.2471995750282927,0.6235997875141464,0.6235997875141464,1.039332979190244,3.53373212924683,75.60975609756098,29.411764705882355,Left Wing,Winger,True,80.64516129032258,82.79569892473118,9.67741935483871,32.25806451612903,36.55913978494624,49.46236559139785,36.55913978494624,70.96774193548387,31.18279569892473,91.39784946236558,55.91397849462365,54.83870967741935,74.19354838709677,32.25806451612903,45.16129032258064,45.16129032258064,92.47311827956987,20.43010752688172,55.91397849462365,57.71,39.43,46.24,58.96,53.49,51.16,0
3468,2640.22,950.0,673.0,0.0,0.0,1.0,0.0,0.0,0.0,0.0,582.0,3365.235321278255,0.0,0.0,1.0,0.0,0.0,1.0,0.0,114.0,Jordan Pickford,32.383664997613835,22.941270045678017,0.0,0.0,0.0340880684185408,0.0,0.0,0.0,0.0,19.8392558195908,114.71437187622357,0.0,0.0,0.0340880684185408,0.0,0.0,0.0340880684185408,0.0,3.886039799713661,70.84210526315789,0.0,Goalkeeper,Goalkeeper,True,50.0,49.28571428571429,49.28571428571429,81.42857142857143,80.0,60.0,84.28571428571429,97.14285714285714,45.0,61.42857142857143,50.0,50.71428571428571,77.14285714285715,45.71428571428572,64.28571428571429,46.42857142857143,50.0,95.71428571428572,50.0,49.52,73.81,75.48,58.21,60.54,63.51,2
3471,1506.6,940.0,826.0,1.0,1.0,0.0,2.0,11.0,0.0,0.820663791,693.0,3768.781486568754,0.0,0.0,79.0,12.0,9.0,88.0,29.0,38.0,Dejan Lovren,56.15292712066906,49.34289127837515,0.05973715651135,0.05973715651135,0.0,0.1194743130227001,0.6571087216248507,0.0,0.0490241213261648,41.3978494623656,225.13628952023623,0.0,0.0,4.719235364396655,0.7168458781362008,0.5376344086021506,5.256869772998805,1.7323775388291518,2.2700119474313025,87.87234042553192,0.0,Right Center Back,Centre Back,True,34.023668639053255,53.25443786982249,72.7810650887574,68.04733727810651,68.63905325443787,56.80473372781065,64.49704142011834,59.76331360946746,22.7810650887574,13.6094674556213,23.07692307692308,17.159763313609467,79.88165680473372,60.35502958579882,34.319526627218934,39.64497041420118,89.3491124260355,30.17751479289941,59.171597633136095,53.35,64.5,49.01,38.07,54.59,51.9,1
3472,370.32,197.0,149.0,4.0,1.0,0.0,17.0,5.0,0.0,0.1508025139999999,193.0,1759.140472066027,15.0,12.0,86.0,3.0,3.0,1.0,9.0,13.0,Willian Borges da Silva,47.87751134154245,36.21192482177576,0.9721322099805574,0.2430330524951393,0.0,4.131561892417369,1.2151652624756968,0.0,0.0366499953013609,46.90537913156189,427.529278693947,3.6454957874270906,2.916396629941672,20.90084251458198,0.729099157485418,0.729099157485418,0.2430330524951393,2.187297472456254,3.159429682436812,75.63451776649747,80.0,Right Wing,Winger,True,17.741935483870968,5.376344086021505,17.20430107526882,92.47311827956987,91.39784946236558,51.61290322580645,92.47311827956987,97.8494623655914,93.5483870967742,88.17204301075269,29.03225806451613,64.51612903225806,33.33333333333333,90.32258064516128,29.03225806451613,40.86021505376344,78.49462365591397,20.43010752688172,92.47311827956987,13.44,78.49,94.62,55.73,58.06,60.07,0
3477,1116.57,294.0,224.0,7.0,1.0,1.0,6.0,41.0,7.0,7.654661442,274.0,1556.5661006981386,14.0,4.0,254.0,19.0,3.0,7.0,15.0,41.0,Álvaro Borja Morata Martín,23.69757381982321,18.055294338912923,0.5642279480910288,0.0806039925844326,0.0806039925844326,0.4836239555065961,3.30476369596174,0.5642279480910288,0.6169962741073108,22.08549396813456,125.46544243785206,1.1284558961820577,0.3224159703377307,20.473414116445905,1.531475859104221,0.241811977753298,0.5642279480910288,1.2090598887664905,3.30476369596174,76.19047619047619,28.57142857142857,Center Forward,Forward,True,68.67469879518072,86.74698795180723,86.74698795180723,69.87951807228916,71.08433734939759,64.45783132530121,63.85542168674698,57.831325301204814,22.89156626506024,87.95180722891565,92.7710843373494,55.42168674698795,46.98795180722892,62.65060240963856,60.24096385542169,33.734939759036145,60.24096385542169,62.65060240963856,38.55421686746988,80.72,68.47,48.19,67.67,48.8,62.77,0
3481,358.75,209.0,164.0,1.0,0.0,0.0,9.0,2.0,1.0,0.8063846259999999,151.0,513.0901770645014,6.0,1.0,34.0,8.0,6.0,6.0,9.0,17.0,Serge Aurier,52.43205574912892,41.14285714285714,0.2508710801393728,0.0,0.0,2.2578397212543555,0.5017421602787456,0.2508710801393728,0.2022985821324041,37.8815331010453,128.71948692907353,1.505226480836237,0.2508710801393728,8.529616724738677,2.0069686411149825,1.505226480836237,1.505226480836237,2.2578397212543555,4.2648083623693385,78.4688995215311,16.666666666666664,Right Back,Full Back,True,96.64429530201345,95.3020134228188,51.006711409395976,69.12751677852349,65.77181208053692,46.97986577181208,67.11409395973155,14.093959731543624,27.516778523489933,12.08053691275168,53.69127516778524,73.8255033557047,36.91275167785235,69.79865771812081,69.79865771812081,14.093959731543624,33.89261744966443,29.86577181208054,67.11409395973155,80.98,60.63,36.24,52.68,36.24,53.36,1
3494,1012.66,552.0,440.0,1.0,0.0,1.0,0.0,9.0,1.0,1.461875558,406.0,2025.302891335058,3.0,2.0,77.0,19.0,12.0,39.0,12.0,41.0,Davinson Sánchez Mina,49.05891414690024,39.10493156636976,0.0888748444690221,0.0,0.0888748444690221,0.0,0.7998736002211996,0.0888748444690221,0.129923962850315,36.083186854423005,179.9984794700642,0.2666245334070665,0.1777496889380443,6.8433630241147085,1.6886220449114215,1.0664981336282662,3.466118934291865,1.0664981336282662,3.643868623229909,79.71014492753623,66.66666666666666,Right Center Back,Centre Back,True,73.37278106508876,82.84023668639054,83.4319526627219,53.25443786982249,46.15384615384615,12.42603550295858,53.25443786982249,40.82840236686391,58.57988165680473,53.25443786982249,79.28994082840237,48.5207100591716,35.50295857988166,18.93491124260355,84.02366863905326,43.78698224852072,44.67455621301775,65.68047337278107,26.035502958579883,79.88,37.28,50.89,53.25,45.04,53.27,1
3500,1685.38,1308.0,1178.0,17.0,1.0,8.0,3.0,18.0,1.0,0.6810207854999999,1030.0,4833.831056585112,10.0,8.0,227.0,33.0,17.0,28.0,32.0,77.0,Granit Xhaka,69.8477494689625,62.90569485813288,0.9078071414161792,0.0534004200833046,0.4272033606664372,0.160201260249914,0.961207561499484,0.0534004200833046,0.0363667960311621,55.00243268580381,258.1286090333694,0.5340042008330467,0.4272033606664372,12.121895358910155,1.7622138627490538,0.9078071414161792,1.4952117623325305,1.708813442665749,4.111832346414459,90.06116207951071,80.0,Left Defensive Midfield,Defensive Midfielder,True,66.33663366336634,37.62376237623762,57.42574257425742,92.07920792079209,92.07920792079209,82.17821782178217,90.0990099009901,71.28712871287128,50.495049504950494,16.831683168316832,46.53465346534654,42.57425742574257,56.43564356435643,52.47524752475248,40.5940594059406,83.16831683168317,72.27722772277228,81.1881188118812,27.72277227722773,53.8,88.78,70.63,42.57,66.09,64.37,1
3501,454.66,325.0,289.0,11.0,2.0,2.0,2.0,23.0,2.0,1.7772637649999998,313.0,2211.605964104452,10.0,5.0,97.0,5.0,4.0,0.0,6.0,23.0,Philippe Coutinho Correia,64.33378788545286,57.2075836889104,2.1774512822768664,0.3959002331412484,0.3959002331412484,0.3959002331412484,4.552852681124357,0.3959002331412484,0.3518095694584964,61.95838648660538,437.787658402764,1.9795011657062425,0.9897505828531212,19.20116130735055,0.9897505828531212,0.7918004662824968,0.0,1.1877006994237451,4.552852681124357,88.92307692307693,50.0,Left Center Midfield,Midfielder,True,91.54929577464787,98.59154929577466,100.0,88.73239436619718,90.14084507042254,80.28169014084507,92.95774647887325,98.59154929577466,61.97183098591549,67.6056338028169,19.718309859154928,39.436619718309856,3.5211267605633805,23.943661971830984,63.38028169014085,92.95774647887325,98.59154929577466,81.69014084507043,32.3943661971831,96.71,86.38,84.51,36.27,76.41,76.06,0
3509,1417.71,484.0,387.0,0.0,0.0,0.0,0.0,0.0,0.0,0.0,273.0,1379.4537371010244,2.0,2.0,0.0,0.0,0.0,3.0,0.0,85.0,Thibaut Courtois,30.725606788412296,24.56778889899909,0.0,0.0,0.0,0.0,0.0,0.0,0.0,17.330765812472226,87.57139072101643,0.1269653173074888,0.1269653173074888,0.0,0.0,0.0,0.1904479759612332,0.0,5.396025985568276,79.9586776859504,100.0,Goalkeeper,Goalkeeper,True,50.0,49.28571428571429,49.28571428571429,72.85714285714285,85.71428571428571,85.71428571428571,80.0,85.71428571428571,92.85714285714286,30.714285714285715,50.0,50.71428571428571,94.28571428571428,45.71428571428572,95.71428571428572,46.42857142857143,50.0,47.85714285714286,50.0,49.52,81.43,86.19,61.19,48.57,65.38,2
3517,646.85,267.0,207.0,5.0,0.0,2.0,9.0,8.0,1.0,1.415111959,228.0,1245.183498425153,14.0,6.0,131.0,11.0,7.0,5.0,12.0,36.0,Aaron Ramsey,37.1492618072196,28.80111308649609,0.6956790600602921,0.0,0.2782716240241168,1.252222308108526,1.1130864960964677,0.1391358120120584,0.1968927515034397,31.722965138749323,173.24961715739934,1.947901368168818,0.8348148720723505,18.22679137357965,1.5304939321326427,0.973950684084409,0.6956790600602921,1.669629744144701,5.008889232434104,77.52808988764045,42.85714285714285,Center Attacking Midfield,Attacking Midfielder,True,42.10526315789473,65.78947368421053,31.57894736842105,57.89473684210527,57.89473684210527,52.63157894736842,47.368421052631575,31.57894736842105,50.0,57.89473684210527,60.526315789473685,78.94736842105263,81.57894736842105,57.89473684210527,73.68421052631578,21.052631578947366,19.73684210526316,52.63157894736842,42.10526315789473,46.49,56.14,42.98,68.42,33.88,49.58,0
3530,501.84,239.0,173.0,3.0,0.0,0.0,9.0,3.0,0.0,0.396814806,146.0,848.036939545404,6.0,3.0,72.0,13.0,5.0,20.0,4.0,12.0,Hiroki Sakai,42.8622668579627,31.025824964132,0.5380200860832138,0.0,0.0,1.6140602582496415,0.5380200860832138,0.0,0.0711647786944045,26.18364418938308,152.08696907198782,1.0760401721664277,0.5380200860832138,12.912482065997132,2.33142037302726,0.896700143472023,3.586800573888092,0.7173601147776184,2.152080344332856,72.38493723849372,50.0,Right Back,Full Back,True,37.24832214765101,70.46979865771812,56.375838926174495,34.899328859060404,26.845637583892614,14.76510067114094,22.14765100671141,30.87248322147651,56.375838926174495,63.08724832214765,68.45637583892618,39.59731543624161,93.95973154362416,1.342281879194631,4.697986577181208,38.92617449664429,33.89261744966443,29.86577181208054,42.95302013422819,54.7,25.5,36.47,45.19,36.41,39.65,1
3531,337.7,92.0,72.0,9.0,0.0,0.0,4.0,10.0,3.0,2.532062829,103.0,547.342185418732,12.0,6.0,65.0,2.0,1.0,0.0,4.0,20.0,Mohamed Salah,24.518803671898137,19.188628960615933,2.398578620076992,0.0,0.0,1.0660349422564406,2.6650873556411017,0.7995262066923304,0.6748168629256737,27.450399763103345,145.87147375684302,3.1981048267693217,1.5990524133846609,17.323067811667162,0.5330174711282203,0.2665087355641101,0.0,1.0660349422564406,5.330174711282203,78.26086956521739,50.0,Right Wing,Winger,True,96.7741935483871,98.9247311827957,81.72043010752688,27.956989247311824,35.483870967741936,59.13978494623656,35.483870967741936,12.903225806451612,65.59139784946237,65.59139784946237,13.978494623655912,19.35483870967742,9.13978494623656,33.33333333333333,89.24731182795699,96.7741935483871,24.193548387096776,20.43010752688172,20.43010752688172,92.47,40.86,37.99,38.44,40.46,50.04,0
3532,938.12,586.0,477.0,5.0,0.0,4.0,13.0,8.0,2.0,1.29152209,433.0,1922.3722977577863,6.0,3.0,220.0,12.0,6.0,7.0,16.0,31.0,Jordan Brian Henderson,56.21882061996333,45.76173623843432,0.479682769794909,0.0,0.3837462158359271,1.2471752014667632,0.7674924316718543,0.1918731079179635,0.1239041786765019,41.54052786423912,184.4257736730917,0.5756193237538908,0.2878096618769454,21.106041870976,1.1512386475077816,0.5756193237538908,0.6715558777128725,1.5349848633437086,2.9740331727284355,81.39931740614334,50.0,Center Defensive Midfield,Defensive Midfielder,True,82.17821782178217,75.24752475247524,41.58415841584159,70.29702970297029,64.35643564356435,21.782178217821784,60.3960396039604,43.56435643564357,35.64356435643564,86.13861386138613,13.861386138613865,21.782178217821784,13.861386138613865,33.663366336633665,6.930693069306932,43.56435643564357,35.64356435643564,79.20792079207921,94.05940594059405,66.34,52.15,46.53,29.37,63.12,51.5,1
3533,1049.0,500.0,359.0,22.0,3.0,7.0,31.0,30.0,7.0,3.2494574871,455.0,3160.043966980435,22.0,11.0,136.0,8.0,6.0,1.0,8.0,51.0,Xherdan Shaqiri,42.89799809342231,30.800762631077216,1.887511916110581,0.2573879885605338,0.6005719733079123,2.659675881792183,2.573879885605338,0.6005719733079123,0.2787904421725453,39.0371782650143,271.11912014131474,1.887511916110581,0.9437559580552908,11.668255481410869,0.6863679694947569,0.5147759771210677,0.0857959961868446,0.6863679694947569,4.375595805529075,71.8,50.0,Right Wing,Winger,True,94.6236559139785,70.96774193548387,76.34408602150538,89.24731182795699,82.79569892473118,30.107526881720432,78.49462365591397,78.49462365591397,26.881720430107524,22.58064516129032,23.655913978494624,41.935483870967744,18.27956989247312,10.75268817204301,67.74193548387096,84.94623655913979,80.64516129032258,92.47311827956987,74.19354838709677,80.65,67.38,61.29,30.82,83.06,64.64,0
3551,469.09,116.0,91.0,7.0,0.0,0.0,6.0,8.0,1.0,0.9867255780000002,110.0,845.6766329918498,7.0,3.0,50.0,1.0,4.0,0.0,3.0,22.0,Karl Brillant Toko Ekambi,22.25585708499435,17.459336161504186,1.3430258585772452,0.0,0.0,1.1511650216376388,1.5348866955168516,0.1918608369396064,0.1893139952247969,21.104692063356712,162.2522265860847,1.3430258585772452,0.5755825108188194,9.593041846980324,0.1918608369396064,0.7674433477584258,0.0,0.5755825108188194,4.220938412671342,78.44827586206897,42.85714285714285,Right Wing,Winger,True,51.61290322580645,50.53763440860215,32.25806451612903,16.129032258064516,24.731182795698924,62.36559139784946,9.67741935483871,24.731182795698924,16.129032258064516,7.526881720430108,3.225806451612903,69.89247311827957,9.13978494623656,7.526881720430108,65.59139784946237,60.215053763440864,24.193548387096776,20.43010752688172,25.806451612903224,44.8,34.41,16.85,27.15,32.66,31.17,0
3557,336.02,125.0,81.0,6.0,0.0,0.0,11.0,8.0,0.0,0.5825114,131.0,1069.2099576326698,18.0,12.0,81.0,4.0,3.0,1.0,3.0,13.0,Naïm Sliti,33.48014999107196,21.69513719421463,1.607047199571454,0.0,0.0,2.946253199214333,2.142729599428605,0.0,0.1560205523480745,35.087197190643415,286.3784780279159,4.821141598714362,3.2140943991429083,21.69513719421463,1.0713647997143028,0.8035235997857271,0.2678411999285757,0.8035235997857271,3.481935599071484,64.8,66.66666666666666,Left Midfield,Midfielder,True,26.05633802816901,69.01408450704226,88.73239436619718,22.53521126760564,14.084507042253522,2.8169014084507045,52.11267605633802,80.28169014084507,98.59154929577466,84.50704225352112,22.53521126760564,40.845070422535215,19.718309859154928,5.633802816901409,30.985915492957744,81.69014084507043,32.3943661971831,27.464788732394368,97.1830985915493,61.27,13.15,77.0,34.04,59.68,49.03,0
3567,468.92,139.0,118.0,2.0,0.0,0.0,1.0,10.0,3.0,2.130730154,142.0,690.4033195462556,8.0,5.0,77.0,8.0,5.0,2.0,8.0,33.0,Georginio Wijnaldum,26.67832466092297,22.64778640279792,0.3838607864881003,0.0,0.0,0.1919303932440501,1.9193039324405008,0.5757911797321504,0.4089518763541755,27.25411584065512,132.50938061751046,1.5354431459524014,0.9596519662202508,14.778640279791862,1.5354431459524014,0.9596519662202508,0.3838607864881003,1.5354431459524014,6.333702977053656,84.89208633093526,62.5,Center Attacking Midfield,Attacking Midfielder,True,97.36842105263158,97.36842105263158,63.1578947368421,13.157894736842104,18.421052631578945,89.47368421052632,18.421052631578945,7.894736842105263,57.89473684210527,34.21052631578947,63.1578947368421,76.31578947368422,55.26315789473685,55.26315789473685,97.36842105263158,7.894736842105263,19.73684210526316,9.210526315789473,10.526315789473683,85.96,40.35,28.07,63.6,11.84,45.96,0
3568,510.46,260.0,238.0,3.0,0.0,2.0,0.0,4.0,0.0,0.180475586,215.0,1117.7968012219474,2.0,1.0,109.0,5.0,4.0,4.0,8.0,23.0,Mohamed Naser Elsayed Elneny,45.8410061513145,41.96215178466481,0.5289346863613212,0.0,0.3526231242408808,0.0,0.7052462484817617,0.0,0.0318199324922618,37.90698585589468,197.0805001566729,0.3526231242408808,0.1763115621204404,19.217960271128003,0.8815578106022021,0.7052462484817617,0.7052462484817617,1.4104924969635233,4.055165928770129,91.53846153846152,50.0,Right Center Midfield,Midfielder,True,26.05633802816901,19.718309859154928,28.169014084507044,64.7887323943662,69.01408450704226,92.95774647887325,63.38028169014085,40.845070422535215,5.633802816901409,69.01408450704226,15.492957746478872,30.985915492957744,46.478873239436616,35.2112676056338,42.25352112676056,25.352112676056336,32.3943661971831,78.87323943661971,4.929577464788732,24.65,75.59,36.62,39.91,35.39,42.43,1
3570,1254.25,921.0,803.0,10.0,3.0,3.0,11.0,17.0,0.0,1.2823539445,793.0,3767.1149452065374,19.0,11.0,208.0,27.0,22.0,21.0,22.0,84.0,Pierre-Emile Højbjerg,66.08730316922464,57.62009168825992,0.7175602949970102,0.215268088499103,0.215268088499103,0.7893163244967111,1.2198525014949173,0.0,0.0920166274705999,56.902531393262905,270.3132111370049,1.3633645604943192,0.7893163244967111,14.925254135937813,1.9374127964919272,1.578632648993422,1.506876619493721,1.578632648993422,6.027506477974885,87.18783930510315,57.89473684210527,Right Defensive Midfield,Defensive Midfielder,True,33.16831683168317,70.29702970297029,73.26732673267327,88.11881188118812,85.14851485148515,57.42574257425742,92.07920792079209,79.20792079207921,83.16831683168317,37.62376237623762,56.43564356435643,79.20792079207921,57.42574257425742,39.6039603960396,87.12871287128714,66.33663366336634,90.0990099009901,57.42574257425742,78.21782178217822,58.91,76.9,84.82,59.57,73.02,70.64,1
3575,723.68,452.0,379.0,4.0,2.0,4.0,13.0,3.0,1.0,0.1206464625,346.0,1855.722897204373,7.0,5.0,120.0,19.0,7.0,15.0,22.0,39.0,Oleksandr Zinchenko,56.21269069201858,47.134092416537705,0.4974574397523768,0.2487287198761884,0.4974574397523768,1.616736679195225,0.3730930798142826,0.1243643599380942,0.0150041200876077,43.030068538580586,230.7857903332876,0.8705505195666593,0.621821799690471,14.923723192571302,2.3629228388237897,0.8705505195666593,1.8654653990714127,2.7360159186380724,4.850210037585673,83.8495575221239,71.42857142857143,Left Center Midfield,Midfielder,True,56.33802816901409,8.450704225352112,9.859154929577464,80.28169014084507,77.46478873239437,52.11267605633802,70.4225352112676,63.38028169014085,42.25352112676056,28.169014084507044,88.73239436619718,49.29577464788733,87.32394366197182,90.14084507042254,76.05633802816901,21.12676056338028,92.95774647887325,85.91549295774648,81.69014084507043,24.88,69.95,58.69,69.95,70.42,58.78,1
3587,613.8299999999999,395.0,290.0,8.0,0.0,0.0,20.0,7.0,1.0,0.933232468,263.0,1378.3356986220472,9.0,5.0,70.0,17.0,4.0,17.0,13.0,40.0,Arthur Masuaku,57.91505791505793,42.51991593763746,1.172963198279654,0.0,0.0,2.932407995699135,1.0263427984946971,0.1466203997849567,0.1368309175504619,38.56116514344363,202.09213116984225,1.319583598064611,0.7331019989247838,10.263427984946974,2.492546796344265,0.586481599139827,2.492546796344265,1.906065197204438,5.86481599139827,73.41772151898735,55.55555555555556,Left Back,Full Back,True,82.21476510067114,88.59060402684564,83.22147651006712,85.23489932885906,70.46979865771812,19.463087248322147,70.46979865771812,62.41610738255034,71.14093959731544,34.22818791946309,79.86577181208054,16.778523489932887,72.48322147651007,50.33557046979866,95.3020134228188,84.8993288590604,33.89261744966443,29.86577181208054,82.5503355704698,84.68,58.39,68.01,58.17,57.8,65.41,1
3604,1139.39,231.0,152.0,9.0,1.0,1.0,0.0,37.0,5.0,5.695629938,154.0,623.071071749422,5.0,3.0,221.0,9.0,3.0,14.0,10.0,16.0,Olivier Giroud,18.24660563985993,12.00642449029744,0.7109067132412957,0.0789896348045884,0.0789896348045884,0.0,2.922616487769772,0.3949481740229421,0.4498957287847004,12.164403759906616,49.21615641479036,0.3949481740229421,0.2369689044137652,17.45670929181404,0.7109067132412957,0.2369689044137652,1.1058548872642378,0.7898963480458842,1.2638341568734146,65.80086580086581,60.0,Center Forward,Forward,True,50.60240963855421,69.87951807228916,72.28915662650603,36.14457831325301,26.506024096385545,18.072289156626507,7.228915662650602,7.228915662650602,18.072289156626507,71.08433734939759,57.831325301204814,53.01204819277109,84.33734939759037,24.09638554216868,6.024096385542169,48.19277108433735,59.036144578313255,61.44578313253012,4.819277108433735,64.26,26.91,10.84,49.4,43.37,38.96,0
3612,475.69,244.0,196.0,4.0,1.0,0.0,12.0,2.0,0.0,0.088199935,157.0,936.5000577496236,3.0,2.0,63.0,6.0,1.0,2.0,7.0,15.0,Ashley Young,46.16451890937376,37.08297420589039,0.7567953919569468,0.1891988479892367,0.0,2.2703861758708404,0.3783976959784734,0.0,0.0166873260947255,29.70421913431016,177.18473206808244,0.5675965439677101,0.3783976959784734,11.91952742332191,1.1351930879354202,0.1891988479892367,0.3783976959784734,1.3243919359246568,2.8379827198385503,80.32786885245902,66.66666666666666,Left Midfield,Midfielder,True,26.05633802816901,12.676056338028168,11.267605633802818,66.19718309859155,57.74647887323944,33.80281690140845,30.985915492957744,30.985915492957744,26.76056338028169,8.450704225352112,29.577464788732392,7.042253521126761,29.577464788732392,30.985915492957744,8.450704225352112,39.436619718309856,83.09859154929578,27.464788732394368,87.32394366197182,16.67,52.58,29.58,19.01,59.33,35.43,1
3620,569.9399999999999,180.0,148.0,2.0,0.0,1.0,4.0,7.0,1.0,0.496065691,157.0,1055.7671918633157,8.0,3.0,99.0,10.0,10.0,14.0,13.0,28.0,Scott McTominay,28.424044636277504,23.370881145383727,0.3158227181808612,0.0,0.1579113590904306,0.6316454363617224,1.105379513633014,0.1579113590904306,0.0783344074639435,24.792083377197603,166.71763215022358,1.2632908727234449,0.4737340772712917,15.63322454995263,1.579113590904306,1.579113590904306,2.210759027266028,2.052847668175598,4.421518054532056,82.22222222222221,37.5,Right Center Back,Centre Back,True,82.84023668639054,68.04733727810651,94.67455621301777,7.6923076923076925,8.284023668639055,23.07692307692308,17.159763313609467,34.9112426035503,91.1242603550296,99.40828402366864,73.37278106508876,80.4733727810651,7.100591715976331,72.7810650887574,94.67455621301777,80.4733727810651,44.67455621301775,73.96449704142012,94.67455621301777,81.85,13.02,47.73,71.3,73.45,57.47,1
3621,907.98,471.0,386.0,15.0,3.0,5.0,11.0,24.0,3.0,3.589878917,550.0,4723.363215979256,64.0,43.0,124.0,7.0,10.0,1.0,13.0,43.0,Eden Hazard,46.68605035353202,38.260754642172735,1.486816890239873,0.2973633780479746,0.4956056300799577,1.0903323861759069,2.378907024383797,0.2973633780479746,0.3558328405141082,54.51661930879535,468.18508055037887,6.343752065023458,4.262208418687636,12.291019625982951,0.6938478821119407,0.9912112601599156,0.0991211260159915,1.28857463820789,4.262208418687636,81.95329087048833,67.1875,Left Attacking Midfield,Attacking Midfielder,True,81.57894736842105,94.73684210526316,84.21052631578947,76.31578947368422,81.57894736842105,73.68421052631578,100.0,100.0,100.0,18.421052631578945,13.157894736842104,81.57894736842105,31.57894736842105,39.47368421052632,47.368421052631575,68.42105263157895,81.57894736842105,86.8421052631579,39.47368421052632,86.84,77.19,100.0,38.6,69.08,74.34,0
3625,622.95,198.0,160.0,9.0,0.0,2.0,12.0,11.0,0.0,0.628654874,241.0,1877.572818384156,30.0,20.0,109.0,13.0,4.0,1.0,15.0,23.0,Sofiane Boufal,28.60582711293041,23.115819889236697,1.300264868769564,0.0,0.2889477486154587,1.7336864916927524,1.589212617385023,0.0,0.0908242052492174,34.81820370816277,271.26021936684174,4.33421622923188,2.889477486154587,15.747652299542498,1.8781603660004813,0.5778954972309174,0.1444738743077293,2.16710811461594,3.322899109077775,80.8080808080808,66.66666666666666,Left Wing,Winger,True,17.741935483870968,19.35483870967742,36.55913978494624,44.08602150537634,48.38709677419355,82.79569892473118,66.66666666666666,79.56989247311827,92.47311827956987,53.76344086021505,83.87096774193549,48.38709677419355,20.43010752688172,89.24731182795699,39.784946236559136,56.98924731182796,24.193548387096776,75.26881720430107,41.935483870967744,24.55,58.42,79.57,55.91,49.6,53.61,0
3629,702.39,234.0,172.0,8.0,3.0,2.0,11.0,10.0,3.0,2.297717403,256.0,2016.553470528453,24.0,11.0,124.0,3.0,9.0,3.0,18.0,31.0,Sadio Mané,29.98334258745141,22.039038141203605,1.0250715414513305,0.3844018280442489,0.2562678853628326,1.4094733694955794,1.2813394268141631,0.3844018280442489,0.2944155900140947,32.802289326442576,258.3889468067039,3.0752146243539915,1.4094733694955794,15.888608892495622,0.3844018280442489,1.1532054841327468,0.3844018280442489,2.3064109682654936,3.9721522231239055,73.50427350427351,45.83333333333333,Left Wing,Winger,True,78.49462365591397,74.19354838709677,22.58064516129032,46.236559139784944,41.935483870967744,37.634408602150536,58.06451612903226,75.26881720430107,56.98924731182796,54.83870967741935,5.376344086021505,83.87096774193549,54.83870967741935,94.6236559139785,53.76344086021505,44.08602150537634,91.39784946236558,66.66666666666666,33.33333333333333,58.42,41.94,63.44,57.89,58.87,56.11,0
3637,802.6899999999999,391.0,311.0,4.0,0.0,1.0,4.0,7.0,1.0,0.708978036,292.0,1437.6873114975954,3.0,2.0,116.0,14.0,16.0,15.0,12.0,44.0,Grzegorz Krychowiak,43.84008770509163,34.87024878844885,0.4484919458321394,0.0,0.1121229864580348,0.4484919458321394,0.784860905206244,0.1121229864580348,0.0794927347294721,32.73991204574618,161.19779495793344,0.3363689593741046,0.2242459729160697,13.006266429132044,1.569721810412488,1.793967783328558,1.681844796870523,1.3454758374964184,4.933411404153534,79.53964194373401,66.66666666666666,Center Defensive Midfield,Defensive Midfielder,True,74.25742574257426,65.34653465346535,43.56435643564357,39.6039603960396,31.683168316831683,11.88118811881188,30.69306930693069,27.72277227722773,22.77227722772277,24.752475247524757,33.663366336633665,87.12871287128714,67.32673267326733,26.73267326732673,66.33663366336634,41.58415841584159,35.64356435643564,42.57425742574257,60.3960396039604,61.06,27.72,27.06,50.99,45.05,42.38,1
3639,430.29,153.0,105.0,7.0,3.0,0.0,20.0,7.0,0.0,0.4624677787,137.0,784.022936560826,16.0,5.0,53.0,4.0,0.0,1.0,6.0,20.0,Georges-Kévin Nkoudou Mbida,32.00167329010667,21.961932650073205,1.4641288433382138,0.6274837900020916,0.0,4.18322526668061,1.4641288433382138,0.0,0.0967303448441748,28.65509307676218,163.98722789391883,3.346580213344488,1.0458063166701526,11.085546956703618,0.836645053336122,0.0,0.2091612633340305,1.2549675800041833,4.18322526668061,68.62745098039215,31.25,Left Wing,Winger,True,17.741935483870968,23.655913978494624,31.18279569892473,56.98924731182796,40.86021505376344,16.129032258064516,39.784946236559136,25.806451612903224,32.25806451612903,12.903225806451612,36.55913978494624,3.763440860215054,31.18279569892473,44.08602150537634,61.29032258064516,70.96774193548387,98.9247311827957,20.43010752688172,94.6236559139785,24.19,37.99,32.62,31.63,71.24,39.53,0
3647,619.13,251.0,200.0,5.0,0.0,2.0,4.0,11.0,0.0,0.51775629,213.0,1198.4781252724056,9.0,2.0,77.0,4.0,2.0,7.0,8.0,41.0,Alex Iwobi,36.48668292604138,29.07305412433576,0.726826353108394,0.0,0.2907305412433576,0.5814610824867152,1.599017976838467,0.0,0.0752637832119264,30.962802642417586,174.2170970143855,1.3082874355951093,0.2907305412433576,11.19312583786927,0.5814610824867152,0.2907305412433576,1.0175568943517517,1.1629221649734305,5.959976095488831,79.6812749003984,22.22222222222222,Left Defensive Midfield,Defensive Midfielder,True,33.16831683168317,63.366336633663366,84.15841584158416,16.831683168316832,14.85148514851485,13.861386138613865,20.792079207920796,34.65346534653465,36.63366336633664,9.9009900990099,2.9702970297029703,6.930693069306932,35.64356435643564,17.82178217821782,83.16831683168317,68.31683168316832,35.64356435643564,74.25742574257426,69.3069306930693,60.23,15.18,30.69,26.07,61.88,38.81,1
3655,556.61,286.0,211.0,13.0,0.0,3.0,21.0,1.0,0.0,0.10311528,172.0,1234.1805254816015,6.0,4.0,72.0,12.0,8.0,13.0,9.0,18.0,Andrew Robertson,46.24422845439356,34.117245468101544,2.102010384290616,0.0,0.4850793194516807,3.395555236161765,0.1616931064838935,0.0,0.0166730299491565,27.81121431522969,199.55848312704435,0.9701586389033614,0.6467724259355743,11.641903666840337,1.9403172778067228,1.2935448518711483,2.102010384290616,1.455237958355042,2.910475916710084,73.77622377622379,66.66666666666666,Left Wing Back,Full Back,True,37.24832214765101,35.57046979865772,13.422818791946307,46.97986577181208,38.92617449664429,22.14765100671141,26.174496644295303,59.73154362416108,65.1006711409396,49.66442953020135,51.006711409395976,65.1006711409396,55.033557046979865,26.845637583892614,25.503355704697988,96.64429530201345,33.89261744966443,96.64429530201345,89.93288590604027,28.75,36.02,50.34,45.53,79.28,47.98,1
3669,1089.39,728.0,656.0,5.0,0.0,1.0,0.0,9.0,0.0,1.324645586,525.0,2390.016040979497,1.0,1.0,68.0,10.0,8.0,63.0,12.0,18.0,Virgil van Dijk,60.143750172114665,54.19546718805937,0.4130752072260623,0.0,0.0826150414452124,0.0,0.7435353730069121,0.0,0.1094356499876077,43.37289675873654,197.45127428024367,0.0826150414452124,0.0826150414452124,5.617822818274447,0.8261504144521246,0.6609203315616996,5.204747611048385,0.9913804973425494,1.4870707460138242,90.10989010989012,100.0,Left Center Back,Centre Back,True,34.023668639053255,79.28994082840237,79.88165680473372,78.69822485207101,78.69822485207101,69.23076923076923,69.8224852071006,50.29585798816568,47.33727810650888,31.952662721893493,26.627218934911244,23.07692307692308,78.10650887573965,17.75147928994083,7.100591715976331,88.16568047337277,44.67455621301775,64.49704142011834,26.035502958579883,64.4,75.54,55.82,30.77,55.84,56.47,1
3702,794.28,324.0,274.0,1.0,0.0,0.0,0.0,0.0,0.0,0.0,237.0,2203.175927864119,3.0,3.0,45.0,2.0,10.0,46.0,11.0,22.0,Victor Nilsson Lindelöf,36.712494334491616,31.04698594953921,0.1133101676990482,0.0,0.0,0.0,0.0,0.0,0.0,26.854509744674424,249.6422338567894,0.3399305030971446,0.3399305030971446,5.098957546457169,0.2266203353980964,1.133101676990482,5.212267714156217,1.2464118446895305,2.4928236893790605,84.5679012345679,100.0,Right Center Back,Centre Back,True,34.023668639053255,7.396449704142012,7.396449704142012,21.89349112426036,23.07692307692308,35.50295857988166,23.66863905325444,71.00591715976331,82.84023668639054,20.710059171597635,2.366863905325444,56.213017751479285,78.69822485207101,29.585798816568047,46.74556213017752,46.74556213017752,44.67455621301775,30.17751479289941,26.035502958579883,16.27,26.82,59.17,39.05,36.91,35.65,1
3709,325.79,143.0,131.0,3.0,0.0,0.0,0.0,0.0,0.0,0.0,114.0,512.9286159016241,1.0,1.0,23.0,7.0,2.0,13.0,7.0,12.0,Daniel Amartey,39.50397495319071,36.18895607599988,0.828754719297707,0.0,0.0,0.0,0.0,0.0,0.0,31.492679333312868,141.6973370304373,0.2762515730992357,0.2762515730992357,6.353786181282421,1.93376101169465,0.5525031461984714,3.591270450290064,1.93376101169465,3.315018877190828,91.6083916083916,100.0,Right Center Back,Centre Back,True,34.023668639053255,7.396449704142012,7.396449704142012,28.99408284023669,37.8698224852071,79.88165680473372,37.8698224852071,26.035502958579883,76.33136094674556,45.5621301775148,86.3905325443787,17.75147928994083,41.42011834319527,69.23076923076923,76.33136094674556,98.81656804733728,44.67455621301775,30.17751479289941,26.035502958579883,16.27,48.92,46.75,56.11,49.93,43.59,1
3711,693.52,285.0,188.0,0.0,0.0,0.0,0.0,0.0,0.0,0.0,160.0,644.4437495230038,0.0,0.0,3.0,0.0,0.0,0.0,0.0,24.0,Martin Dúbravka,36.98523474449187,24.397277656015685,0.0,0.0,0.0,0.0,0.0,0.0,0.0,20.763640558311224,83.63123984466252,0.0,0.0,0.3893182604683354,0.0,0.0,0.0,0.0,3.114546083746684,65.96491228070175,0.0,Goalkeeper,Goalkeeper,True,50.0,49.28571428571429,49.28571428571429,98.57142857142858,84.28571428571429,35.714285714285715,92.85714285714286,80.0,45.0,98.57142857142858,50.0,50.71428571428571,38.57142857142858,45.71428571428572,24.285714285714285,46.42857142857143,50.0,47.85714285714286,50.0,49.52,72.86,72.62,51.31,48.57,58.98,2
3761,606.77,165.0,134.0,0.0,0.0,0.0,0.0,0.0,0.0,0.0,102.0,546.3185683963318,0.0,0.0,1.0,0.0,0.0,1.0,0.0,16.0,Mike Maignan,24.473853354648387,19.87573545165384,0.0,0.0,0.0,0.0,0.0,0.0,0.0,15.129291164691727,81.03345774456525,0.0,0.0,0.1483263839675659,0.0,0.0,0.1483263839675659,0.0,2.373222143481055,81.21212121212122,0.0,Goalkeeper,Goalkeeper,True,50.0,49.28571428571429,49.28571428571429,34.285714285714285,60.0,88.57142857142857,64.28571428571429,77.14285714285715,45.0,74.28571428571429,50.0,50.71428571428571,88.57142857142857,45.71428571428572,4.285714285714286,46.42857142857143,50.0,47.85714285714286,50.0,49.52,60.95,62.14,52.26,48.57,54.69,2
3767,860.49,410.0,359.0,5.0,0.0,1.0,1.0,4.0,0.0,0.177191494,294.0,1500.9286633840327,9.0,5.0,204.0,26.0,13.0,7.0,20.0,46.0,Ellyes Joris Skhiri,42.882543666980446,37.54837360108776,0.5229578495973225,0.0,0.1045915699194644,0.1045915699194644,0.4183662796778579,0.0,0.0185327365338353,30.74992155632256,156.98448524045943,0.9413241292751804,0.5229578495973225,21.33668026357076,2.7193808179060768,1.3596904089530384,0.7321409894362514,2.09183139838929,4.811212216295367,87.5609756097561,55.55555555555556,Right Defensive Midfield,Defensive Midfielder,True,33.16831683168317,21.782178217821784,21.782178217821784,36.63366336633664,39.6039603960396,60.3960396039604,19.8019801980198,24.752475247524757,59.4059405940594,87.12871287128714,84.15841584158416,71.28712871287128,18.81188118811881,67.32673267326733,63.366336633663366,48.51485148514851,35.64356435643564,40.5940594059406,22.77227722772277,25.58,45.54,34.65,65.35,36.88,41.6,1
3815,1675.18,479.0,336.0,1.0,0.0,0.0,0.0,0.0,0.0,0.0,271.0,1246.2402999520311,0.0,0.0,0.0,0.0,0.0,0.0,0.0,77.0,Kasper Schmeichel,25.73454792917776,18.05179144927709,0.0537255697895151,0.0,0.0,0.0,0.0,0.0,0.0,14.559629412958609,66.95497020957914,0.0,0.0,0.0,0.0,0.0,0.0,0.0,4.136868873792666,70.14613778705638,0.0,Goalkeeper,Goalkeeper,True,50.0,49.28571428571429,49.28571428571429,37.142857142857146,48.57142857142857,55.71428571428572,57.14285714285714,50.0,45.0,30.714285714285715,50.0,50.71428571428571,38.57142857142858,45.71428571428572,70.0,92.85714285714286,50.0,47.85714285714286,50.0,49.52,47.14,50.71,47.62,60.18,51.04,2
3831,706.79,299.0,211.0,19.0,3.0,3.0,26.0,4.0,0.0,0.18781424,285.0,1893.7769704808948,18.0,8.0,172.0,13.0,5.0,4.0,16.0,24.0,Dušan Tadić,38.0735437683046,26.867952291345382,2.4193890688889206,0.3820088003508822,0.3820088003508822,3.3107429363743126,0.5093450671345096,0.0,0.0239155641704042,36.29083603333381,241.1464895418449,2.292052802105293,1.018690134269019,21.90183788678391,1.6553714681871563,0.636681333918137,0.5093450671345096,2.037380268538038,3.0560704028070576,70.5685618729097,44.44444444444444,Right Attacking Midfield,Attacking Midfielder,True,18.421052631578945,7.894736842105263,7.894736842105263,60.526315789473685,44.73684210526316,10.526315789473683,63.1578947368421,68.42105263157895,63.1578947368421,78.94736842105263,71.05263157894737,44.73684210526316,68.42105263157895,78.94736842105263,15.789473684210526,89.47368421052632,84.21052631578947,65.78947368421053,100.0,11.4,38.6,64.91,59.65,84.87,51.89,0
3853,555.17,113.0,73.0,4.0,0.0,0.0,3.0,12.0,1.0,1.152651625,86.0,388.9029280249464,1.0,0.0,109.0,2.0,2.0,14.0,8.0,15.0,Kieffer Roberto Francisco Moore,18.318713186951747,11.834212943782983,0.6484500243168759,0.0,0.0,0.486337518237657,1.945350072950628,0.1621125060792189,0.1868592435650341,13.941675522812831,63.04602828367018,0.1621125060792189,0.0,17.67026316263487,0.3242250121584379,0.3242250121584379,2.2695750851090657,1.296900048633752,2.4316875911882847,64.60176991150442,0.0,Center Forward,Forward,True,26.506024096385545,19.27710843373494,24.09638554216868,37.34939759036144,24.09638554216868,15.66265060240964,20.48192771084337,13.253012048192772,6.626506024096386,72.28915662650603,24.09638554216868,69.87951807228916,98.79518072289156,71.08433734939759,36.14457831325301,43.373493975903614,27.710843373493976,29.518072289156628,39.75903614457831,23.29,25.7,13.45,62.05,35.09,31.92,0
3923,714.39,218.0,175.0,1.0,0.0,2.0,1.0,1.0,0.0,0.19362459,147.0,1068.3952107149337,3.0,2.0,46.0,7.0,4.0,13.0,9.0,11.0,Oluwasemilogo Adesewo Ibidapo Ajayi,27.463990257422417,22.04678116994919,0.1259816066854239,0.0,0.2519632133708478,0.1259816066854239,0.1259816066854239,0.0,0.0243931369420064,18.51929618275732,134.59814522087936,0.3779448200562718,0.2519632133708478,5.7951539075295,0.8818712467979675,0.5039264267416957,1.6377608869105111,1.1338344601688153,1.385797673539663,80.27522935779817,66.66666666666666,Right Center Back,Centre Back,True,34.023668639053255,36.68639053254438,15.384615384615383,4.733727810650888,6.508875739644971,14.792899408284024,6.508875739644971,21.89349112426036,72.18934911242604,35.50295857988166,30.17751479289941,14.201183431952662,2.366863905325444,23.07692307692308,5.325443786982249,48.5207100591716,44.67455621301775,86.3905325443787,60.35502958579882,28.7,8.68,33.53,18.44,59.99,29.87,2
3943,1712.13,1177.0,1085.0,5.0,1.0,2.0,9.0,10.0,0.0,0.427615226,954.0,5329.166451458425,19.0,10.0,231.0,37.0,39.0,24.0,29.0,80.0,Declan Rice,61.87030190464509,57.03422053231939,0.2628305093655271,0.0525661018731054,0.1051322037462108,0.4730949168579488,0.5256610187310543,0.0,0.022478065532407,50.14806118694258,280.1335065860994,0.9987559355890032,0.5256610187310543,12.142769532687351,1.9449457693049008,2.050077973051112,1.2615864449545302,1.5244169543200576,4.2052881498484345,92.18351741716228,52.63157894736842,Left Defensive Midfield,Defensive Midfielder,True,33.16831683168317,25.742574257425744,28.71287128712871,82.17821782178217,84.15841584158416,90.0990099009901,82.17821782178217,83.16831683168317,60.3960396039604,17.82178217821782,57.42574257425742,92.07920792079209,45.54455445544555,32.67326732673268,44.55445544554456,22.77227722772277,71.28712871287128,41.58415841584159,63.366336633663366,29.21,85.48,75.25,48.35,49.75,57.61,1
3957,552.5,497.0,449.0,7.0,1.0,1.0,6.0,5.0,1.0,0.6649546299999999,381.0,1607.8213718162508,3.0,2.0,50.0,5.0,7.0,8.0,17.0,15.0,César Azpilicueta Tanco,80.95927601809954,73.14027149321267,1.1402714932126696,0.1628959276018099,0.1628959276018099,0.9773755656108596,0.8144796380090499,0.1628959276018099,0.1083184012669683,62.06334841628959,261.90755378002274,0.4886877828054298,0.3257918552036199,8.144796380090497,0.8144796380090499,1.1402714932126696,1.3031674208144797,2.769230769230769,2.443438914027149,90.3420523138833,66.66666666666666,Right Back,Full Back,True,84.56375838926175,83.22147651006712,76.51006711409396,98.65771812080536,98.65771812080536,98.65771812080536,97.98657718120806,89.93288590604027,36.24161073825504,8.724832214765101,2.684563758389262,57.04697986577181,27.516778523489933,87.91946308724832,11.409395973154362,82.5503355704698,81.87919463087249,68.45637583892618,22.14765100671141,81.43,98.66,74.72,32.55,63.76,70.22,1
3959,1504.15,941.0,876.0,1.0,0.0,1.0,0.0,9.0,2.0,1.092868924,763.0,3462.579796133878,2.0,1.0,116.0,15.0,27.0,59.0,25.0,52.0,Andreas Christensen,56.304224977562086,52.41498520759234,0.0598344579995346,0.0,0.0598344579995346,0.0,0.5385101219958116,0.1196689159990692,0.0653912197320746,45.653691453644925,207.18158538180967,0.1196689159990692,0.0598344579995346,6.940797127946016,0.8975168699930194,1.615530365987435,3.530233021972544,1.4958614499883656,3.111391815975801,93.0924548352816,50.0,Left Center Back,Centre Back,True,77.51479289940828,66.27218934911244,64.49704142011834,68.63905325443787,73.96449704142012,89.94082840236686,76.33136094674556,54.4378698224852,45.5621301775148,54.4378698224852,30.76923076923077,82.84023668639054,39.64497041420118,44.37869822485207,69.8224852071006,40.23668639053255,44.67455621301775,62.721893491124256,26.035502958579883,69.43,77.51,58.78,53.65,43.42,60.56,1
3960,383.24,177.0,144.0,1.0,0.0,0.0,1.0,4.0,0.0,0.339011569,126.0,638.2445898955334,0.0,0.0,33.0,3.0,5.0,17.0,9.0,19.0,José Miguel da Rocha Fonte,41.56664231291097,33.8169293393174,0.234839787078593,0.0,0.0,0.234839787078593,0.9393591483143722,0.0,0.0796134046811397,29.589813171902723,149.885223595131,0.0,0.0,7.74971297359357,0.7045193612357791,1.1741989353929652,3.9922763803360817,2.1135580837073373,4.461955954493268,81.35593220338984,0.0,Left Center Back,Centre Back,True,34.023668639053255,69.23076923076923,89.94082840236686,34.319526627218934,27.810650887573964,18.34319526627219,34.319526627218934,28.99408284023669,22.7810650887574,64.49704142011834,20.710059171597635,61.53846153846154,50.29585798816568,76.92307692307693,95.85798816568048,66.27218934911244,44.67455621301775,30.17751479289941,76.33136094674556,64.4,26.82,28.7,61.64,54.36,47.18,1
3961,1577.18,930.0,836.0,12.0,0.0,1.0,1.0,7.0,0.0,0.301181837,786.0,4589.6675859339,26.0,12.0,395.0,44.0,40.0,11.0,38.0,84.0,N''Golo Kanté,53.069402351031584,47.70539824243269,0.6847664819487946,0.0,0.0570638734957328,0.0570638734957328,0.3994471144701302,0.0,0.0171866022457804,44.852204567646055,261.90421051119785,1.483660710889055,0.6847664819487946,22.540230030814488,2.5108104338122472,2.2825549398293155,0.6277026084530618,2.1684271928378496,4.793365373641563,89.89247311827957,46.15384615384615,Right Center Midfield,Midfielder,True,26.05633802816901,14.084507042253522,12.676056338028168,76.05633802816901,80.28169014084507,85.91549295774648,77.46478873239437,71.83098591549296,46.478873239436616,85.91549295774648,91.54929577464787,98.59154929577466,43.66197183098591,71.83098591549296,73.23943661971832,35.2112676056338,32.3943661971831,54.929577464788736,9.859154929577464,17.61,80.75,65.26,77.46,33.1,54.84,1
3969,342.53,232.0,201.0,0.0,0.0,1.0,1.0,1.0,0.0,0.077197745,171.0,874.8052989063553,2.0,2.0,29.0,4.0,8.0,16.0,9.0,15.0,Aleksandar Dragović,60.95816424838701,52.81289230140426,0.0,0.0,0.2627507079671854,0.2627507079671854,0.2627507079671854,0.0,0.0202837621522202,44.9303710623887,229.85571162109008,0.5255014159343708,0.5255014159343708,7.619770531048376,1.0510028318687417,2.102005663737484,4.204011327474967,2.3647563717046687,3.941260619507781,86.63793103448276,100.0,Right Center Back,Centre Back,True,34.023668639053255,33.13609467455622,32.544378698224854,81.06508875739645,74.55621301775149,47.92899408284024,74.55621301775149,62.1301775147929,93.49112426035504,62.721893491124256,39.05325443786983,92.89940828402366,56.80473372781065,83.4319526627219,88.16568047337277,19.230769230769237,44.67455621301775,87.57396449704143,81.65680473372781,33.23,67.85,76.73,70.51,58.28,61.32,1
4041,374.84,80.0,51.0,7.0,1.0,0.0,2.0,19.0,4.0,3.1016917,57.0,258.7682435120174,6.0,0.0,38.0,2.0,1.0,4.0,0.0,14.0,José Salomón Rondón Giménez,19.20819549674528,12.245224629175114,1.6807171059652115,0.2401024437093159,0.0,0.4802048874186319,4.561946430477003,0.9604097748372638,0.7447237568029025,13.685839291431009,62.13088762160273,1.440614662255896,0.0,9.123892860954006,0.4802048874186319,0.2401024437093159,0.9604097748372638,0.0,3.361434211930423,63.74999999999999,0.0,Center Forward,Forward,True,93.97590361445783,95.18072289156626,100.0,44.57831325301205,28.915662650602407,9.63855421686747,16.867469879518072,12.048192771084338,6.626506024096386,10.843373493975903,34.93975903614458,54.21686746987952,75.90361445783132,2.409638554216868,61.44578313253012,93.97590361445783,85.54216867469879,29.518072289156628,37.34939759036144,96.39,27.71,11.85,39.96,61.6,47.5,0
4063,721.48,351.0,291.0,2.0,1.0,1.0,0.0,3.0,1.0,1.14095054,267.0,1646.1606114061294,1.0,1.0,56.0,8.0,11.0,35.0,17.0,18.0,Ahmed Elsayed Ali Elsayed Hegazy,43.784997505128345,36.30038254698675,0.2494871652713866,0.1247435826356933,0.1247435826356933,0.0,0.3742307479070799,0.1247435826356933,0.1423262579697288,33.30653656373011,205.3479722605639,0.1247435826356933,0.1247435826356933,6.9856406275988245,0.9979486610855464,1.3721794089926262,4.366025392249266,2.120640904806786,2.24538448744248,82.90598290598291,100.0,Right Center Back,Centre Back,True,78.10650887573965,85.79881656804734,47.92899408284024,40.82840236686391,39.64497041420118,27.810650887573964,43.19526627218935,53.84615384615385,52.071005917159766,55.02958579881657,36.09467455621302,70.41420118343196,62.1301775147929,77.51479289940828,32.544378698224854,71.00591715976331,92.89940828402366,69.23076923076923,26.035502958579883,70.61,36.09,49.7,55.62,64.79,55.36,1
4267,387.68,185.0,156.0,0.0,0.0,0.0,0.0,2.0,0.0,0.117094142,145.0,1021.0630982900832,1.0,1.0,21.0,3.0,2.0,21.0,9.0,14.0,Mouctar Diakhaby,42.94779199339661,36.21543541064796,0.0,0.0,0.0,0.0,0.464300453982666,0.0,0.0271834316446553,33.661782913743295,237.04003004051663,0.232150226991333,0.232150226991333,4.875154766817994,0.6964506809739991,0.464300453982666,4.875154766817994,2.0893520429219974,3.250103177878663,84.32432432432432,100.0,Right Center Back,Centre Back,True,34.023668639053255,37.8698224852071,55.62130177514793,38.46153846153847,38.75739644970414,33.13609467455622,46.15384615384615,65.68047337278107,68.63905325443787,15.384615384615383,20.118343195266277,12.42603550295858,71.59763313609467,74.55621301775149,73.96449704142012,19.230769230769237,44.67455621301775,30.17751479289941,26.035502958579883,42.5,36.79,60.16,44.67,30.03,42.83,1
4269,804.3,181.0,126.0,3.0,0.0,0.0,2.0,36.0,3.0,4.917233165,156.0,764.8883300037415,7.0,3.0,155.0,6.0,0.0,8.0,8.0,17.0,Aleksandar Mitrović,20.253636702722865,14.099216710182768,0.3356956359567326,0.0,0.0,0.2237970906378217,4.028347631480791,0.3356956359567326,0.5502312381574039,17.456173069750093,85.58989145882971,0.7832898172323761,0.3356956359567326,17.34427452443118,0.6713912719134651,0.0,0.8951883625512869,0.8951883625512869,1.9022752704214845,69.61325966850829,42.85714285714285,Center Forward,Forward,True,44.57831325301205,80.72289156626506,95.18072289156626,50.60240963855421,48.19277108433735,32.53012048192771,36.14457831325301,26.506024096385545,24.09638554216868,68.67469879518072,53.01204819277109,16.867469879518072,67.46987951807229,37.34939759036144,18.072289156626507,19.27710843373494,27.710843373493976,29.518072289156628,14.457831325301203,73.49,43.78,28.92,43.57,22.74,42.5,0
4272,358.87,205.0,177.0,7.0,0.0,0.0,11.0,1.0,0.0,0.1189627,175.0,1096.5257852612062,9.0,3.0,68.0,5.0,2.0,0.0,6.0,22.0,João Mário Naval da Costa Eduardo,51.411374592470814,44.3893331847187,1.7555103519380275,0.0,0.0,2.758659124474044,0.2507871931340039,0.0,0.0298343216206425,43.88775879845069,274.9946238847175,2.257084738206036,0.7523615794020119,17.053529133112267,1.2539359656700195,0.5015743862680079,0.0,1.5047231588040235,5.517318248948087,86.34146341463415,33.33333333333333,Left Midfield,Midfielder,True,26.05633802816901,18.30985915492958,2.8169014084507045,71.83098591549296,73.23943661971832,66.19718309859155,76.05633802816901,73.23943661971832,49.29577464788733,49.29577464788733,38.0281690140845,16.901408450704224,3.5211267605633805,42.25352112676056,90.14084507042254,88.73239436619718,32.3943661971831,27.464788732394368,94.3661971830986,15.73,70.42,66.2,40.02,60.74,50.62,1
4276,411.57,97.0,55.0,0.0,0.0,0.0,0.0,0.0,0.0,0.0,51.0,358.6650251048638,0.0,0.0,0.0,0.0,0.0,0.0,0.0,24.0,David Ospina Ramírez,21.211458561119613,12.02711567898535,0.0,0.0,0.0,0.0,0.0,0.0,0.0,11.152416356877325,78.43101358077057,0.0,0.0,0.0,0.0,0.0,0.0,0.0,5.248195932648152,56.70103092783505,0.0,Goalkeeper,Goalkeeper,True,50.0,49.28571428571429,49.28571428571429,17.142857142857142,12.857142857142856,15.714285714285714,34.285714285714285,72.85714285714285,45.0,30.714285714285715,50.0,50.71428571428571,38.57142857142858,45.71428571428572,92.85714285714286,46.42857142857143,50.0,47.85714285714286,50.0,49.52,15.24,50.71,51.43,48.57,43.1,2
4319,498.13,122.0,97.0,7.0,0.0,0.0,6.0,19.0,3.0,2.325024787,117.0,612.7388374680615,12.0,8.0,95.0,4.0,3.0,2.0,4.0,17.0,Edinson Roberto Cavani Gómez,22.04243872081585,17.5255455403208,1.2647300905386143,0.0,0.0,1.0840543633188124,3.432838817176239,0.5420271816594062,0.4200755441952903,21.13906008471684,110.70703505535812,2.168108726637625,1.4454058177584164,17.164194085881196,0.7227029088792082,0.5420271816594062,0.3613514544396041,0.7227029088792082,3.071487362736635,79.50819672131148,66.66666666666666,Right Center Forward,Forward,True,67.46987951807229,59.036144578313255,87.95180722891565,60.24096385542169,68.67469879518072,78.3132530120482,57.831325301204814,43.373493975903614,85.54216867469879,66.26506024096386,59.036144578313255,86.74698795180723,28.915662650602407,20.48192771084337,55.42168674698795,83.13253012048193,27.710843373493976,29.518072289156628,78.3132530120482,71.49,69.08,62.25,52.81,54.67,62.06,0
4320,763.5699999999999,439.0,346.0,27.0,1.0,1.0,28.0,39.0,4.0,6.307750443,515.0,4208.790899339458,64.0,39.0,96.0,6.0,0.0,0.0,8.0,38.0,Neymar da Silva Santos Junior,51.74378249538353,40.78211558861664,3.1824194245452286,0.1178673860942677,0.1178673860942677,3.300286810639496,4.596828057676442,0.4714695443770709,0.7434780568513693,60.70170383854788,496.07918192248417,7.543512710033134,4.596828057676442,11.3152690650497,0.7072043165656063,0.0,0.0,0.9429390887541418,4.478960671582174,78.81548974943053,60.9375,Left Wing,Winger,True,84.94623655913979,100.0,100.0,95.6989247311828,94.6236559139785,68.81720430107528,100.0,100.0,98.9247311827957,16.129032258064516,24.731182795698924,3.763440860215054,9.13978494623656,26.881720430107524,73.11827956989248,100.0,52.68817204301075,43.01075268817204,87.09677419354838,94.98,86.38,99.64,25.63,70.7,75.47,0
4352,388.86,174.0,136.0,2.0,0.0,1.0,7.0,1.0,0.0,0.037500933,125.0,670.5199743229036,7.0,2.0,35.0,10.0,3.0,16.0,5.0,14.0,Issiaga Sylla,40.27156303039654,31.476623977781205,0.4628915290850177,0.0,0.2314457645425088,1.6201203517975622,0.2314457645425088,0.0,0.0086794321092424,28.93072056781361,155.18900809818786,1.6201203517975622,0.4628915290850177,8.10060175898781,2.3144576454250885,0.6943372936275266,3.7031322326801415,1.1572288227125442,3.2402407035951244,78.16091954022988,28.57142857142857,Left Back,Full Back,True,37.24832214765101,25.503355704697988,22.14765100671141,24.832214765100677,30.2013422818792,44.29530201342282,30.2013422818792,33.557046979865774,49.66442953020135,7.38255033557047,66.44295302013423,23.48993288590604,95.9731543624161,13.422818791946307,38.92617449664429,30.2013422818792,33.89261744966443,79.86577181208054,44.29530201342282,28.3,33.11,37.81,40.94,47.06,37.44,1
4353,1529.56,1592.0,1497.0,4.0,0.0,6.0,2.0,8.0,1.0,0.493133487,1296.0,8515.91954929382,5.0,4.0,72.0,10.0,16.0,59.0,14.0,26.0,Aymeric Laporte,93.6739977509872,88.08415492036926,0.2353618033944402,0.0,0.3530427050916603,0.1176809016972201,0.4707236067888805,0.05884045084861,0.0290161967036271,76.25722429979864,501.0805456709405,0.2942022542430503,0.2353618033944402,4.236512461099925,0.5884045084861006,0.9414472135777612,3.471586600067994,0.8237663118805407,1.5298517220638617,94.03266331658293,80.0,Left Center Back,Centre Back,True,68.63905325443787,40.23668639053255,57.98816568047337,98.22485207100593,98.22485207100593,95.26627218934912,98.22485207100593,99.40828402366864,69.23076923076923,6.508875739644971,13.6094674556213,43.78698224852072,36.09467455621302,7.6923076923076925,9.467455621301776,67.45562130177515,44.67455621301775,94.67455621301777,58.57988165680473,55.62,97.24,88.95,19.53,66.35,65.54,1
4354,1062.7,566.0,466.0,14.0,1.0,2.0,20.0,21.0,1.0,2.16926967,498.0,2406.705618828446,24.0,14.0,185.0,6.0,4.0,2.0,17.0,33.0,Philip Foden,47.934506445845486,39.46551237414133,1.1856591700385808,0.0846899407170415,0.169379881434083,1.6937988143408298,1.7784887550578714,0.0846899407170415,0.1837153197515761,42.175590477086665,203.8237561819517,2.032558577208996,1.1856591700385808,15.667639032652676,0.508139644302249,0.338759762868166,0.169379881434083,1.4397289921897054,2.7947680436623696,82.3321554770318,58.333333333333336,Left Wing,Winger,True,35.483870967741936,48.38709677419355,48.38709677419355,93.5483870967742,93.5483870967742,89.24731182795699,87.09677419354838,40.86021505376344,43.01075268817204,52.68817204301075,12.903225806451612,31.18279569892473,24.731182795698924,51.61290322580645,21.50537634408602,49.46236559139785,48.38709677419355,50.53763440860215,40.86021505376344,44.09,92.11,56.99,32.44,47.31,54.59,0
4355,301.4,153.0,134.0,2.0,0.0,1.0,1.0,3.0,0.0,0.107464901,119.0,528.5376632814002,6.0,5.0,30.0,5.0,1.0,6.0,3.0,6.0,Emerson Palmieri dos Santos,45.68679495686795,40.01327140013272,0.5972130059721301,0.0,0.298606502986065,0.298606502986065,0.8958195089581952,0.0,0.0320897182813536,35.53417385534174,157.82478332888527,1.7916390179163904,1.4930325149303254,8.958195089581952,1.4930325149303254,0.298606502986065,1.7916390179163904,0.8958195089581952,1.7916390179163904,87.58169934640523,83.33333333333334,Left Back,Full Back,True,37.24832214765101,50.33557046979866,79.86577181208054,45.63758389261745,59.73154362416108,91.2751677852349,55.033557046979865,36.24161073825504,92.61744966442951,16.10738255033557,32.21476510067114,5.369127516778524,42.95302013422819,2.684563758389262,1.342281879194631,43.62416107382551,33.89261744966443,86.57718120805369,3.355704697986577,55.82,65.55,61.3,16.78,41.86,48.26,1
4372,874.68,652.0,608.0,5.0,0.0,1.0,1.0,3.0,0.0,1.02744858,497.0,3264.159758775867,2.0,0.0,45.0,12.0,6.0,24.0,17.0,24.0,Marcos Aoás Corrêa,67.0873919604884,62.5600219508849,0.5144738647276719,0.0,0.1028947729455343,0.1028947729455343,0.3086843188366031,0.0,0.1057190883523117,51.13870215393058,335.8649772371931,0.2057895458910687,0.0,4.630264782549046,1.2347372753464123,0.6173686376732062,2.4694745506928246,1.7492111400740842,2.4694745506928246,93.25153374233128,0.0,Left Center Back,Centre Back,True,34.023668639053255,78.69822485207101,42.01183431952663,86.3905325443787,89.3491124260355,92.3076923076923,82.84023668639054,93.49112426035504,22.7810650887574,12.42603550295858,50.29585798816568,20.710059171597635,11.83431952662722,60.946745562130175,44.97041420118343,93.49112426035504,44.67455621301775,66.27218934911244,56.80473372781065,51.58,89.35,66.37,33.53,65.31,61.23,1
4375,345.74,122.0,94.0,3.0,0.0,1.0,3.0,5.0,0.0,0.299208968,102.0,446.8844149552898,2.0,0.0,145.0,13.0,7.0,1.0,3.0,20.0,Blaise Matuidi,31.7579684155724,24.469254352982013,0.7809336495632556,0.0,0.2603112165210852,0.7809336495632556,1.301556082605426,0.0,0.0778874504540984,26.55174408515069,116.32902570132494,0.5206224330421705,0.0,37.74512639555736,3.384045814774108,1.8221785156475965,0.2603112165210852,0.7809336495632556,5.206224330421704,77.04918032786885,0.0,Left Wing,Winger,True,17.741935483870968,15.053763440860216,23.655913978494624,55.91397849462365,59.13978494623656,54.83870967741935,32.25806451612903,4.301075268817205,1.6129032258064515,100.0,98.9247311827957,95.6989247311828,37.634408602150536,16.129032258064516,87.09677419354838,30.107526881720432,24.193548387096776,67.74193548387096,12.903225806451612,18.82,56.63,12.72,72.58,33.74,38.9,1
4388,395.39,117.0,81.0,0.0,0.0,1.0,0.0,0.0,0.0,0.0,61.0,416.7900600210888,1.0,1.0,0.0,0.0,0.0,0.0,0.0,19.0,Kouakou Herve Koffi,26.631933028149422,18.437492096411138,0.0,0.0,0.2276233592149523,0.0,0.0,0.0,0.0,13.885024912112092,94.87115354940182,0.2276233592149523,0.2276233592149523,0.0,0.0,0.0,0.0,0.0,4.324843825084095,69.23076923076923,100.0,Goalkeeper,Goalkeeper,True,50.0,49.28571428571429,49.28571428571429,47.14285714285714,51.42857142857142,50.0,52.85714285714286,94.28571428571428,100.0,30.714285714285715,50.0,50.71428571428571,38.57142857142858,45.71428571428572,75.71428571428571,46.42857142857143,50.0,100.0,50.0,49.52,49.52,82.38,48.57,61.61,58.32,2
4412,746.2,251.0,217.0,4.0,0.0,1.0,1.0,9.0,2.0,2.276364762,201.0,1171.7810089079474,4.0,2.0,162.0,14.0,4.0,11.0,9.0,25.0,Samuel Moutoussamy,30.273385151433928,26.17260787992496,0.4824443848834093,0.0,0.1206110962208523,0.1206110962208523,1.085499865987671,0.2412221924417046,0.2745548493433395,24.242830340391315,141.32979201516383,0.4824443848834093,0.2412221924417046,19.53899758777808,1.6885553470919323,0.4824443848834093,1.3267220584293755,1.085499865987671,3.015277405521308,86.45418326693228,50.0,Left Defensive Midfield,Defensive Midfielder,True,87.12871287128714,93.06930693069307,62.37623762376238,7.920792079207921,9.9009900990099,54.45544554455446,10.891089108910892,15.84158415841584,25.742574257425744,78.21782178217822,39.6039603960396,13.861386138613865,52.47524752475248,12.871287128712872,7.920792079207921,44.55445544554456,35.64356435643564,44.55445544554456,23.76237623762376,80.86,24.09,17.49,34.16,37.13,38.75,0
4416,309.05,115.0,85.0,5.0,1.0,0.0,15.0,6.0,0.0,0.4168034425,112.0,724.1424921861494,5.0,2.0,48.0,2.0,1.0,4.0,3.0,19.0,Max-Alain Gradel,33.489726581459315,24.753276168904705,1.4560750687591004,0.2912150137518201,0.0,4.368225206277302,1.7472900825109206,0.0,0.1213794202394434,32.61608154020385,210.8811658202668,1.4560750687591004,0.5824300275036401,13.978320660087364,0.5824300275036401,0.2912150137518201,1.1648600550072803,0.8736450412554603,5.533085261284582,73.91304347826086,40.0,Right Wing,Winger,True,17.741935483870968,32.25806451612903,47.31182795698925,62.36559139784946,62.36559139784946,40.86021505376344,55.91397849462365,41.935483870967744,17.20430107526882,40.86021505376344,17.20430107526882,24.731182795698924,94.6236559139785,19.35483870967742,91.39784946236558,69.89247311827957,83.87096774193549,20.43010752688172,95.6989247311828,32.44,55.2,38.35,48.03,67.47,48.3,0
4417,408.41,102.0,60.0,4.0,1.0,0.0,2.0,5.0,1.0,0.5107768899999999,59.0,268.6985948365047,5.0,1.0,134.0,3.0,0.0,4.0,7.0,6.0,Ola Toivonen,22.47741240420166,13.222007296589211,0.8814671531059475,0.2203667882764868,0.0,0.4407335765529737,1.1018339413824343,0.2203667882764868,0.1125582627751524,13.001640508312724,59.21224635852556,1.1018339413824343,0.2203667882764868,29.52914962904924,0.6611003648294607,0.0,0.8814671531059475,1.542567517935408,1.322200729658921,58.82352941176471,20.0,Left Center Forward,Forward,True,32.53012048192771,7.228915662650602,6.024096385542169,61.44578313253012,39.75903614457831,3.614457831325301,14.457831325301203,9.63855421686747,15.66265060240964,100.0,51.80722891566265,16.867469879518072,66.26506024096386,77.10843373493977,8.433734939759036,61.44578313253012,83.13253012048193,29.518072289156628,34.93975903614458,15.26,34.94,13.25,53.41,52.26,33.83,0
4445,1216.28,757.0,634.0,13.0,0.0,2.0,27.0,6.0,1.0,1.023857006,526.0,2146.622032916157,8.0,5.0,120.0,27.0,13.0,29.0,30.0,33.0,Jules Koundé,56.015062321176046,46.91353964547637,0.9619495510902096,0.0,0.147992238629263,1.9978952214950505,0.443976715887789,0.0739961193146315,0.0757614451770973,38.92195875949617,158.84170007108077,0.591968954517052,0.3699805965731575,8.87953431775578,1.9978952214950505,0.9619495510902096,2.1458874601243134,2.219883579438945,2.44187193738284,83.75165125495376,62.5,Right Back,Full Back,True,75.16778523489933,73.15436241610739,46.30872483221477,80.53691275167785,81.20805369127517,75.16778523489933,73.15436241610739,38.25503355704698,39.59731543624161,14.76510067114094,53.02013422818792,45.63758389261745,57.04697986577181,68.45637583892618,10.738255033557047,72.48322147651007,33.89261744966443,66.44295302013423,57.71812080536913,64.88,78.97,50.34,41.61,57.63,58.69,1
4447,960.13,258.0,192.0,10.0,0.0,0.0,15.0,21.0,1.0,2.141551938,260.0,1608.926414660722,23.0,11.0,114.0,5.0,3.0,3.0,12.0,34.0,Martin Braithwaite Christensen,24.184225052857425,17.997562830033434,0.9373730640642414,0.0,0.0,1.406059596096362,1.9684834345349067,0.0937373064064241,0.2007433101975774,24.37169966567028,150.81642831644152,2.155958047347755,1.0311103704706654,10.68605293033235,0.4686865320321207,0.2812119192192724,0.2812119192192724,1.1248476768770896,3.1870684178184203,74.4186046511628,47.82608695652174,Right Wing,Winger,True,37.634408602150536,53.76344086021505,54.83870967741935,23.655913978494624,25.806451612903224,43.01075268817204,19.35483870967742,13.978494623655912,30.107526881720432,10.75268817204301,10.75268817204301,22.58064516129032,44.08602150537634,39.784946236559136,30.107526881720432,37.634408602150536,24.193548387096776,20.43010752688172,32.25806451612903,48.75,30.82,21.15,26.34,28.63,31.14,0
4506,408.6,218.0,194.0,2.0,0.0,1.0,1.0,5.0,0.0,0.1893294319999998,170.0,823.9925323611692,3.0,2.0,63.0,7.0,3.0,4.0,9.0,25.0,Nampalys Mendy,48.01762114537445,42.731277533039645,0.4405286343612334,0.0,0.2202643171806167,0.2202643171806167,1.1013215859030836,0.0,0.0417025180616739,37.44493392070485,181.4961525024601,0.6607929515418502,0.4405286343612334,13.876651982378856,1.5418502202643172,0.6607929515418502,0.8810572687224669,1.9823788546255503,5.506607929515418,88.9908256880734,66.66666666666666,Left Defensive Midfield,Defensive Midfielder,True,33.16831683168317,44.55445544554456,65.34653465346535,50.495049504950494,54.45544554455446,72.27722772277228,47.52475247524752,39.6039603960396,53.46534653465347,33.663366336633665,32.67326732673268,27.72277227722773,26.73267326732673,65.34653465346535,77.22772277227723,40.5940594059406,35.64356435643564,59.4059405940594,34.65346534653465,47.69,59.08,46.86,43.89,42.57,48.02,1
4614,670.91,380.0,280.0,8.0,1.0,0.0,24.0,3.0,0.0,0.097232191,266.0,1675.4500945374857,11.0,7.0,84.0,12.0,14.0,19.0,13.0,49.0,Antonee Robinson,50.975540683549205,37.56092471419416,1.0731692775484043,0.1341461596935505,0.0,3.2195078326452133,0.4024384790806516,0.0,0.0130433250212398,35.68287847848445,224.7551959404,1.4756077566290562,0.939023117854854,11.268277414258243,1.609753916322607,1.878046235709708,2.5487770341774607,1.7439000760161572,6.573161824983977,73.68421052631578,63.63636363636363,Left Back,Full Back,True,37.24832214765101,30.87248322147651,41.61073825503356,62.41610738255034,50.33557046979866,20.80536912751678,55.70469798657718,73.15436241610739,81.87919463087249,42.95302013422819,36.91275167785235,88.59060402684564,73.15436241610739,42.28187919463088,99.32885906040268,77.85234899328859,75.83892617449665,29.86577181208054,86.57718120805369,36.58,44.52,70.25,63.87,67.53,56.55,1
4626,808.73,437.0,388.0,0.0,0.0,1.0,0.0,4.0,1.0,0.5516546870000001,320.0,1497.571330464911,2.0,2.0,62.0,12.0,14.0,34.0,22.0,30.0,Jan Bednarek,48.63180542331804,43.178811222534094,0.0,0.0,0.1112855959343662,0.0,0.4451423837374649,0.1112855959343662,0.0613912205927812,35.61139069899719,166.6581179650093,0.2225711918687324,0.2225711918687324,6.899706947930706,1.3354271512123947,1.5579983430811273,3.783710261768452,2.4482831105560567,3.3385678780309864,88.78718535469108,100.0,Left Center Back,Centre Back,True,76.33136094674556,62.1301775147929,51.4792899408284,52.66272189349112,53.84615384615385,60.946745562130175,52.66272189349112,34.319526627218934,64.49704142011834,53.84615384615385,55.62130177514793,78.10650887573965,46.15384615384615,87.57396449704143,77.51479289940828,19.230769230769237,44.67455621301775,67.45562130177515,26.035502958579883,63.31,55.82,50.49,66.47,39.35,55.09,1
4706,737.61,359.0,313.0,2.0,2.0,4.0,4.0,4.0,0.0,0.117215957,270.0,1167.3166209336423,7.0,2.0,241.0,16.0,9.0,15.0,13.0,36.0,Kalvin Phillips,43.80363606784073,38.19091389758816,0.2440313987066336,0.2440313987066336,0.4880627974132672,0.4880627974132672,0.4880627974132672,0.0,0.0143021869687233,32.94423882539554,142.43095386996896,0.8541098954732176,0.2440313987066336,29.405783544149344,1.9522511896530688,1.0981412941798512,1.830235490299752,1.586204091593118,4.392565176719405,87.1866295264624,28.57142857142857,Right Defensive Midfield,Defensive Midfielder,True,33.16831683168317,20.792079207920796,26.73267326732673,38.613861386138616,44.55445544554456,56.43564356435643,31.683168316831683,16.831683168316832,26.73267326732673,100.0,58.415841584158414,57.42574257425742,75.24752475247524,41.58415841584159,50.495049504950494,21.782178217821784,92.07920792079209,87.12871287128714,64.35643564356435,26.9,46.53,25.08,63.86,66.34,45.74,1
4734,389.75,156.0,121.0,2.0,0.0,0.0,7.0,1.0,0.0,0.023505978,99.0,645.998082505327,1.0,0.0,41.0,8.0,2.0,14.0,12.0,8.0,Matty Cash,36.023091725465044,27.94098781270045,0.4618345093008338,0.0,0.0,1.6164207825529189,0.2309172546504169,0.0,0.005427935907633,22.86080821039128,149.17210372156364,0.2309172546504169,0.0,9.467607440667091,1.847338037203336,0.4618345093008338,3.2328415651058373,2.771007055805004,1.847338037203336,77.56410256410257,0.0,Right Back,Full Back,True,37.24832214765101,15.436241610738255,21.47651006711409,14.76510067114094,20.13422818791946,38.25503355704698,12.08053691275168,27.516778523489933,6.375838926174497,22.818791946308725,44.966442953020135,9.395973154362416,90.6040268456376,88.59060402684564,2.013422818791946,28.85906040268457,33.89261744966443,29.86577181208054,43.62416107382551,24.72,24.38,15.32,43.06,34.06,28.31,1
4763,409.81,197.0,134.0,2.0,0.0,0.0,4.0,1.0,0.0,0.0052553928,105.0,476.7505612103522,1.0,1.0,38.0,11.0,7.0,11.0,7.0,13.0,Henrik Dalsgaard,43.26395158732095,29.42827163807618,0.4392279348966594,0.0,0.0,0.8784558697933189,0.2196139674483297,0.0,0.0011541576633073,23.05946658207462,104.7010822306232,0.2196139674483297,0.2196139674483297,8.345330763036529,2.415753641931627,1.537297772138308,2.415753641931627,1.537297772138308,2.854981576828286,68.02030456852792,100.0,Right Back,Full Back,True,37.24832214765101,11.409395973154362,18.79194630872483,36.24161073825504,21.47651006711409,8.053691275167784,13.422818791946307,6.04026845637584,22.818791946308725,11.409395973154362,74.49664429530202,74.49664429530202,69.79865771812081,31.543624161073826,24.16107382550336,25.503355704697988,33.89261744966443,29.86577181208054,18.12080536912752,22.48,21.92,14.09,47.65,26.85,26.6,1
4767,584.98,257.0,220.0,2.0,0.0,0.0,0.0,1.0,0.0,0.04448949,187.0,1096.5509865843817,0.0,0.0,65.0,15.0,5.0,33.0,17.0,14.0,Chris Mepham,39.53981332695135,33.84731101918014,0.3077028274470922,0.0,0.0,0.0,0.1538514137235461,0.0,0.0068447709323395,28.77021436630312,168.70591950595636,0.0,0.0,10.000341892030496,2.307771205853192,0.7692570686177305,5.077096652877022,2.615474033300284,2.153919792129645,85.60311284046692,0.0,Right Center Back,Centre Back,True,34.023668639053255,18.34319526627219,17.159763313609467,29.585798816568047,28.402366863905325,41.42011834319527,30.17751479289941,36.09467455621302,22.7810650887574,85.79881656804734,92.89940828402366,34.9112426035503,75.14792899408283,91.1242603550296,30.17751479289941,79.28994082840237,44.67455621301775,30.17751479289941,26.035502958579883,23.18,33.14,29.68,68.34,45.04,39.88,1
4774,540.3199999999999,238.0,188.0,2.0,0.0,0.0,9.0,2.0,1.0,0.202423134,163.0,587.3584486760209,2.0,2.0,35.0,5.0,4.0,9.0,17.0,16.0,Connor Roberts,39.64317441516139,31.314776428782945,0.3331359194551377,0.0,0.0,1.49911163754812,0.3331359194551377,0.1665679597275688,0.0337172084320402,27.15057743559372,97.83509842471476,0.3331359194551377,0.3331359194551377,5.82987859046491,0.8328397986378443,0.6662718389102754,1.49911163754812,2.8316553153686708,2.6650873556411017,78.99159663865547,100.0,Right Wing Back,Full Back,True,85.23489932885906,52.348993288590606,32.88590604026846,22.14765100671141,29.53020134228188,50.67114093959732,24.16107382550336,4.697986577181208,36.91275167785235,1.342281879194631,3.355704697986577,20.80536912751678,34.899328859060404,89.26174496644296,14.093959731543624,18.79194630872483,33.89261744966443,29.86577181208054,38.25503355704698,56.82,34.12,21.92,27.29,30.2,34.07,1
4831,437.85,262.0,219.0,7.0,1.0,0.0,13.0,5.0,1.0,0.5061906539999999,203.0,1279.975782436104,10.0,6.0,102.0,6.0,2.0,12.0,9.0,20.0,Nacer Chadli,53.85405960945529,45.015416238437815,1.4388489208633093,0.2055498458376156,0.0,2.672147995889003,1.027749229188078,0.2055498458376156,0.1040474108941417,41.72661870503597,263.0988247556226,2.055498458376156,1.2332990750256936,20.966084275436792,1.2332990750256936,0.4110996916752312,2.466598150051387,1.8499486125385405,4.110996916752312,83.58778625954199,60.0,Left Wing Back,Full Back,True,92.61744966442951,82.5503355704698,83.89261744966443,75.83892617449665,79.19463087248322,73.15436241610739,82.5503355704698,91.2751677852349,89.93288590604027,97.98657718120806,20.80536912751678,6.711409395973154,71.81208053691275,48.32214765100672,65.1006711409396,92.61744966442951,85.90604026845638,29.86577181208054,77.85234899328859,86.35,76.06,87.92,51.79,71.56,74.74,1
4870,760.78,304.0,244.0,9.0,0.0,3.0,4.0,13.0,1.0,1.135006739,237.0,1554.6601181927304,3.0,2.0,135.0,11.0,8.0,26.0,22.0,39.0,Tomáš Souček,35.963090512368886,28.86511212176977,1.0646967585898683,0.0,0.3548989195299561,0.4731985593732748,1.5378953179631432,0.1182996398433187,0.1342708884434396,28.03701464286653,183.9157320609713,0.3548989195299561,0.2365992796866374,15.970451378848026,1.3012960382765058,0.9463971187465496,3.0757906359262863,2.6025920765530115,4.613685953889429,80.26315789473685,66.66666666666666,Left Center Midfield,Midfielder,True,54.929577464788736,63.38028169014085,73.23943661971832,30.985915492957744,30.985915492957744,32.3943661971831,25.352112676056336,35.2112676056338,9.859154929577464,33.80281690140845,39.436619718309856,56.33802816901409,100.0,87.32394366197182,66.19718309859155,61.97183098591549,32.3943661971831,80.28169014084507,33.80281690140845,63.85,31.46,23.47,63.85,52.11,46.95,1
4875,376.53,188.0,146.0,2.0,0.0,1.0,6.0,1.0,0.0,0.18442217,128.0,682.4091516341676,3.0,1.0,50.0,8.0,13.0,13.0,5.0,14.0,Jan Bořil,44.93665843359095,34.89761771970361,0.478049557804159,0.0,0.2390247789020795,1.434148673412477,0.2390247789020795,0.0,0.0440814684088917,30.59517169946617,163.1126965901126,0.7170743367062385,0.2390247789020795,11.951238945103976,1.912198231216636,3.107322125727034,3.107322125727034,1.1951238945103977,3.346346904629114,77.6595744680851,33.33333333333333,Left Back,Full Back,True,37.24832214765101,57.04697986577181,23.48993288590604,41.61073825503356,41.61073825503356,40.26845637583892,34.22818791946309,40.939597315436245,26.174496644295303,53.69127516778524,48.32214765100672,100.0,85.90604026845638,14.76510067114094,42.95302013422819,32.88590604026846,33.89261744966443,81.87919463087249,35.57046979865772,39.26,41.16,33.78,57.61,46.06,43.57,1
4926,411.59,475.0,414.0,10.0,0.0,1.0,25.0,10.0,1.0,0.8238888034999999,459.0,3348.7458984994378,41.0,30.0,79.0,4.0,1.0,0.0,5.0,14.0,Francisco Román Alarcón Suárez,103.8654972181054,90.52698073325396,2.186642046696956,0.0,0.2186642046696955,5.466605116742389,2.186642046696956,0.2186642046696955,0.1801549899535945,100.36686994339028,732.2508585362846,8.965232391457517,6.559926140090867,17.27447216890595,0.8746568186787823,0.2186642046696955,0.0,1.0933210233484778,3.061298865375738,87.1578947368421,73.17073170731707,Left Midfield,Midfielder,True,77.46478873239437,76.05633802816901,91.54929577464787,100.0,100.0,71.83098591549296,100.0,100.0,100.0,50.70422535211267,14.084507042253522,9.859154929577464,3.5211267605633805,15.492957746478872,15.492957746478872,94.3661971830986,32.3943661971831,70.4225352112676,100.0,81.69,90.61,100.0,18.19,74.3,72.96,0
4934,385.96,175.0,137.0,3.0,0.0,1.0,1.0,1.0,0.0,0.013776194,120.0,826.6138960572656,4.0,3.0,34.0,9.0,6.0,13.0,12.0,13.0,Ethan Ampadu,40.80733754793243,31.94631568038138,0.6995543579645559,0.0,0.2331847859881852,0.2331847859881852,0.2331847859881852,0.0,0.0032123988496217,27.982174318582235,192.75378444697355,0.932739143952741,0.6995543579645559,7.9282827235983,2.098663073893668,1.3991087159291118,3.0314022178464084,2.798217431858224,3.0314022178464084,78.28571428571428,75.0,Center Defensive Midfield,Defensive Midfielder,True,33.16831683168317,3.96039603960396,11.88118811881188,29.7029702970297,18.81188118811881,5.9405940594059405,15.84158415841584,51.48514851485149,75.24752475247524,0.99009900990099,63.366336633663366,73.26732673267327,99.009900990099,93.06930693069307,8.91089108910891,63.366336633663366,35.64356435643564,63.366336633663366,38.613861386138616,16.34,18.15,47.52,56.44,50.25,37.74,1
5170,710.77,335.0,247.0,4.0,1.0,0.0,8.0,4.0,1.0,1.125142229,184.0,1038.102475800859,6.0,1.0,112.0,12.0,8.0,18.0,19.0,37.0,Mário Figueira Fernandes,42.418785261054914,31.275940177553924,0.5064929583409542,0.1266232395852385,0.0,1.0129859166819084,0.5064929583409542,0.1266232395852385,0.1424691540301363,23.29867608368389,131.4478985073615,0.7597394375114312,0.1266232395852385,14.181802833546715,1.5194788750228625,1.0129859166819084,2.279218312534294,2.4058415521195324,4.685059864653826,73.73134328358208,16.666666666666664,Right Back,Full Back,True,80.53691275167785,90.6040268456376,51.67785234899329,31.543624161073826,28.85906040268457,21.47651006711409,14.093959731543624,16.10738255033557,14.76510067114094,75.16778523489933,33.557046979865774,47.651006711409394,61.74496644295302,75.83892617449665,83.22147651006712,34.899328859060404,73.15436241610739,29.86577181208054,22.818791946308725,74.27,27.29,14.99,62.86,40.18,43.92,1
5171,789.64,315.0,229.0,5.0,1.0,0.0,6.0,10.0,0.0,0.352783154,248.0,1851.010765476448,10.0,7.0,190.0,19.0,20.0,6.0,24.0,58.0,Roman Zobnin,35.902436553366094,26.10050149435186,0.5698799452915253,0.113975989058305,0.0,0.6838559343498303,1.1397598905830506,0.0,0.0402088089002583,28.26604528645965,210.97078275274848,1.1397598905830506,0.7978319234081354,21.65543792107796,2.165543792107796,2.279519781166101,0.6838559343498303,2.735423737399321,6.610607365381693,72.6984126984127,70.0,Left Defensive Midfield,Defensive Midfielder,True,33.16831683168317,41.58415841584159,68.31683168316832,13.861386138613865,8.91089108910891,0.99009900990099,16.831683168316832,59.4059405940594,84.15841584158416,91.0891089108911,65.34653465346535,96.03960396039604,16.831683168316832,92.07920792079209,94.05940594059405,53.46534653465347,81.1881188118812,19.306930693069308,74.25742574257426,47.69,7.92,53.47,75.91,57.05,48.41,1
5172,537.36,114.0,48.0,0.0,0.0,0.0,1.0,0.0,0.0,0.0,47.0,332.852421561126,0.0,0.0,0.0,0.0,0.0,0.0,0.0,15.0,Igor Akinfeev,19.09334524341224,8.039303260384099,0.0,0.0,0.0,0.1674854845913354,0.0,0.0,0.0,7.871817775792765,55.74794912256464,0.0,0.0,0.0,0.0,0.0,0.0,0.0,2.512282268870031,42.10526315789473,0.0,Goalkeeper,Goalkeeper,True,50.0,49.28571428571429,49.28571428571429,5.714285714285714,1.4285714285714286,1.4285714285714286,7.142857142857142,28.57142857142857,45.0,30.714285714285715,50.0,50.71428571428571,38.57142857142858,45.71428571428572,7.142857142857142,46.42857142857143,50.0,47.85714285714286,100.0,49.52,2.86,26.9,37.14,61.07,35.5,2
5174,537.36,160.0,110.0,0.0,0.0,0.0,0.0,5.0,2.0,1.932792847,77.0,465.5601545758173,0.0,0.0,25.0,5.0,1.0,45.0,7.0,7.0,Sergei Ignashevich,26.797677534613666,18.423403305046897,0.0,0.0,0.0,0.0,0.837427422956677,0.3349709691826708,0.3237147465944618,12.896382313532824,77.97456809554778,0.0,0.0,4.187137114783385,0.837427422956677,0.1674854845913354,7.536846806610094,1.172398392139348,1.172398392139348,68.75,0.0,Left Center Back,Centre Back,True,97.0414201183432,98.81656804733728,85.20710059171599,3.5502958579881656,1.183431952662722,0.591715976331361,0.591715976331361,1.183431952662722,22.7810650887574,4.733727810650888,27.810650887573964,2.366863905325444,97.0414201183432,27.810650887573964,2.366863905325444,19.230769230769237,44.67455621301775,30.17751479289941,26.035502958579883,93.69,1.78,8.19,27.02,30.03,32.14,2
5175,537.36,165.0,118.0,0.0,1.0,0.0,1.0,1.0,0.0,0.16742577,92.0,542.1534318818221,0.0,0.0,24.0,1.0,10.0,31.0,12.0,12.0,Ilya Kutepov,27.63510495757034,19.76328718177757,0.0,0.1674854845913354,0.0,0.1674854845913354,0.1674854845913354,0.0,0.0280413862215274,15.408664582402858,90.80283026158254,0.0,0.0,4.019651630192049,0.1674854845913354,1.674854845913354,5.192050022331398,2.0098258150960246,2.0098258150960246,71.51515151515152,0.0,Right Center Back,Centre Back,True,34.023668639053255,39.05325443786983,18.34319526627219,5.9171597633136095,2.366863905325444,2.366863905325444,1.183431952662722,5.325443786982249,22.7810650887574,3.5502958579881656,1.183431952662722,85.79881656804734,76.92307692307693,71.59763313609467,22.485207100591715,19.230769230769237,97.0414201183432,30.17751479289941,66.27218934911244,30.47,3.55,9.76,43.59,53.18,28.11,2
5177,698.02,265.0,190.0,5.0,2.0,2.0,23.0,9.0,2.0,1.386709733,230.0,1904.5079985606733,12.0,10.0,202.0,12.0,6.0,1.0,16.0,43.0,Aleksandr Golovin,34.16807541331194,24.497865390676488,0.644680668175697,0.2578722672702788,0.2578722672702788,2.965531073608206,1.1604252027162545,0.2578722672702788,0.1787969914472364,29.65531073608206,245.55989781161088,1.5472336036216727,1.289361336351394,26.04509899429816,1.5472336036216727,0.7736168018108364,0.1289361336351394,2.0629781381622303,5.544253746310994,71.69811320754717,83.33333333333334,Center Attacking Midfield,Attacking Midfielder,True,73.68421052631578,63.1578947368421,34.21052631578947,42.10526315789473,28.947368421052637,13.157894736842104,31.57894736842105,73.68421052631578,73.68421052631578,92.10526315789474,65.78947368421053,55.26315789473685,36.84210526315789,84.21052631578947,86.8421052631579,18.421052631578945,76.31578947368422,39.47368421052632,94.73684210526316,57.02,28.07,59.65,70.18,57.24,54.43,0
5178,332.02,281.0,237.0,9.0,0.0,0.0,9.0,3.0,1.0,0.96933786,241.0,1438.6849978947214,13.0,6.0,91.0,5.0,7.0,5.0,8.0,19.0,Salman Mohammed Al Faraj,76.17011023432323,64.2431178844648,2.439612071561954,0.0,0.0,2.439612071561954,0.8132040238539847,0.2710680079513282,0.2627564827420034,65.3273899162701,389.981476448783,3.5238841033672674,1.6264080477079694,24.66718872357087,1.355340039756641,1.8974760556592976,1.355340039756641,2.168544063610626,5.150292151075237,84.34163701067615,46.15384615384615,Left Center Midfield,Midfielder,True,88.73239436619718,87.32394366197182,35.2112676056338,95.77464788732394,94.3661971830986,57.74647887323944,94.3661971830986,97.1830985915493,85.91549295774648,88.73239436619718,40.845070422535215,95.77464788732394,74.64788732394366,73.23943661971832,85.91549295774648,97.1830985915493,32.3943661971831,27.464788732394368,90.14084507042254,70.42,82.63,92.49,76.53,61.8,76.77,1
5179,518.3399999999999,196.0,165.0,3.0,0.0,0.0,8.0,4.0,1.0,0.949635197,153.0,1036.4880220136563,12.0,9.0,103.0,10.0,4.0,9.0,7.0,21.0,Daler Kuzyaev,34.03171663386967,28.64914920708416,0.5208936219469846,0.0,0.0,1.3890496585252925,0.6945248292626462,0.1736312073156615,0.1648863057645561,26.56557471929622,179.96666663045318,2.0835744877879385,1.562680865840954,17.88401435351314,1.7363120731566155,0.6945248292626462,1.562680865840954,1.2154184512096309,3.646255353628893,84.18367346938776,75.0,Right Center Midfield,Midfielder,True,70.4225352112676,73.23943661971832,26.76056338028169,26.76056338028169,29.577464788732392,56.33802816901409,21.12676056338028,32.3943661971831,83.09859154929578,53.52112676056338,59.15492957746479,29.577464788732392,80.28169014084507,25.352112676056336,32.3943661971831,23.943661971830984,32.3943661971831,27.464788732394368,76.05633802816901,56.81,37.56,45.54,46.71,39.96,45.32,1
5182,366.27,155.0,113.0,6.0,0.0,0.0,17.0,2.0,0.0,0.0801691039999999,119.0,828.2716531351423,6.0,4.0,94.0,6.0,5.0,1.0,4.0,20.0,Aleksandr Samedov,38.086657383897126,27.766401834712106,1.4743222213121467,0.0,0.0,4.177246293717749,0.4914407404373823,0.0,0.0196991819149807,29.24072405602425,203.52321725001448,1.4743222213121467,0.9828814808747646,23.097714800556968,1.4743222213121467,1.2286018510934555,0.2457203702186911,0.9828814808747646,4.914407404373822,72.90322580645162,66.66666666666666,Right Wing,Winger,True,17.741935483870968,2.1505376344086025,2.1505376344086025,80.64516129032258,72.04301075268818,34.40860215053764,44.08602150537634,39.784946236559136,29.03225806451613,93.5483870967742,64.51612903225806,87.09677419354838,34.40860215053764,27.956989247311824,83.87096774193549,72.04301075268818,24.193548387096776,20.43010752688172,93.5483870967742,7.35,62.37,37.63,65.23,52.55,45.03,0
5183,382.97,239.0,181.0,2.0,0.0,0.0,6.0,5.0,0.0,0.168128045,159.0,1092.9248648253945,3.0,2.0,57.0,9.0,10.0,12.0,5.0,12.0,Yasir Gharsan Al Shahrani,56.16627934302949,42.5359688748466,0.4700107057994099,0.0,0.0,1.4100321173982295,1.1750267644985246,0.0,0.0395109905475624,37.36585111105309,256.8431935511541,0.7050160586991148,0.4700107057994099,13.395305115283184,2.1150481760973445,2.350053528997049,2.820064234796459,1.1750267644985246,2.820064234796459,75.73221757322176,66.66666666666666,Left Back,Full Back,True,37.24832214765101,55.70469798657718,90.6040268456376,81.87919463087249,71.14093959731544,28.187919463087248,63.08724832214765,89.26174496644296,51.67785234899329,69.79865771812081,59.06040268456376,94.63087248322148,79.19463087248322,14.093959731543624,23.48993288590604,30.87248322147651,33.89261744966443,29.86577181208054,34.22818791946309,61.19,60.4,68.01,56.71,32.21,55.7,1
5186,347.69,95.0,55.0,2.0,0.0,0.0,8.0,14.0,5.0,1.896721162,77.0,837.1885430203876,8.0,5.0,99.0,6.0,3.0,1.0,12.0,10.0,Denis Cheryshev,24.59087117834853,14.23682015588599,0.5177025511231269,0.0,0.0,2.070810204492508,3.6239178578618887,1.294256377807817,0.4909686921683108,19.931548218240387,216.70732224635407,2.070810204492508,1.294256377807817,25.626276280594784,1.5531076533693808,0.7765538266846904,0.2588512755615634,3.1062153067387617,2.5885127556156347,57.89473684210527,62.5,Left Wing,Winger,True,100.0,93.5483870967742,97.8494623655914,29.03225806451613,12.903225806451612,3.225806451612903,4.301075268817205,46.236559139784944,48.38709677419355,97.8494623655914,70.96774193548387,70.96774193548387,36.55913978494624,100.0,15.053763440860216,11.827956989247312,24.193548387096776,20.43010752688172,53.76344086021505,97.13,15.05,32.97,65.23,27.55,47.59,0
5187,582.91,281.0,242.0,11.0,0.0,0.0,4.0,14.0,3.0,1.8252329593,302.0,2317.538773291716,26.0,18.0,93.0,13.0,6.0,1.0,9.0,36.0,Salem Mohammed Al Dawsari,43.385771388379,37.36425863340825,1.6983753924276477,0.0,0.0,0.6175910517918718,2.161568681271552,0.4631932888439039,0.2818118857748194,46.628124410286325,357.8228021414188,4.014341836647167,2.7791597330634232,14.358991954161022,2.007170918323584,0.926386577687808,0.1543977629479679,1.3895798665317116,5.558319466126847,86.12099644128114,69.23076923076923,Left Midfield,Midfielder,True,95.77464788732394,92.95774647887325,90.14084507042254,57.74647887323944,60.56338028169014,63.38028169014085,80.28169014084507,90.14084507042254,94.3661971830986,25.352112676056336,81.69014084507043,52.11267605633802,12.676056338028168,33.80281690140845,92.95774647887325,85.91549295774648,32.3943661971831,27.464788732394368,42.25352112676056,92.96,60.56,88.26,49.77,47.01,67.71,0
5191,354.35,286.0,240.0,1.0,0.0,0.0,14.0,5.0,0.0,0.50032841,220.0,1072.7357615045648,2.0,2.0,50.0,8.0,8.0,5.0,8.0,11.0,Mohammed Al Burayk,72.6400451530972,60.956681247354304,0.2539861718639762,0.0,0.0,3.555806406095668,1.2699308593198817,0.0,0.1270764975306899,55.87695781007478,272.4600494861319,0.5079723437279525,0.5079723437279525,12.699308593198817,2.03188937491181,2.03188937491181,1.2699308593198817,2.03188937491181,2.793847890503739,83.91608391608392,100.0,Right Back,Full Back,True,37.24832214765101,85.90604026845638,93.28859060402684,95.3020134228188,95.3020134228188,76.51006711409396,95.9731543624161,91.94630872483222,54.36241610738255,61.74496644295302,55.033557046979865,92.61744966442951,25.503355704697988,57.04697986577181,22.14765100671141,14.76510067114094,33.89261744966443,29.86577181208054,91.94630872483222,72.15,89.04,80.76,52.35,42.62,67.38,1
5195,610.23,191.0,122.0,7.0,3.0,0.0,1.0,13.0,4.0,2.789369667,129.0,691.0339092414372,12.0,5.0,117.0,0.0,1.0,8.0,14.0,25.0,Artem Dzyuba,28.169706504105008,17.993215672779115,1.0323976205692935,0.4424561231011258,0.0,0.1474853743670419,1.9173098667715447,0.5899414974681677,0.411391229585566,19.02561329334841,101.91739480479384,1.7698244924045032,0.7374268718352097,17.255788800943908,0.0,0.1474853743670419,1.1798829949363354,2.064795241138587,3.687134359176048,63.87434554973822,41.66666666666667,Center Forward,Forward,True,69.87951807228916,56.62650602409639,22.89156626506024,83.13253012048193,69.87951807228916,10.843373493975903,45.78313253012048,38.55421686746988,51.80722891566265,67.46987951807229,4.216867469879518,39.75903614457831,87.95180722891565,96.3855421686747,73.49397590361446,74.69879518072288,97.59036144578312,29.518072289156628,10.843373493975903,49.8,54.62,45.38,61.55,53.16,52.9,0
5198,316.43,64.0,53.0,4.0,0.0,0.0,1.0,11.0,3.0,2.303696235,67.0,222.75599261287263,5.0,3.0,66.0,2.0,0.0,4.0,3.0,8.0,Diego da Silva Costa,18.203078089940902,15.074424043232307,1.1376923806213064,0.0,0.0,0.2844230951553266,3.128654046708593,0.8532692854659799,0.6552244134563726,19.056347375406883,63.35694888335031,1.4221154757766332,0.8532692854659799,18.77192428025156,0.5688461903106532,0.0,1.1376923806213064,0.8532692854659799,2.275384761242613,82.8125,60.0,Center Forward,Forward,True,90.36144578313254,91.56626506024097,79.51807228915662,34.93975903614458,54.21686746987952,92.7710843373494,46.98795180722892,14.457831325301203,57.831325301204814,81.92771084337349,43.373493975903614,16.867469879518072,85.54216867469879,31.32530120481928,31.32530120481928,77.10843373493977,27.710843373493976,29.518072289156628,22.89156626506024,87.15,60.64,39.76,48.39,39.31,55.05,0
5199,796.0,785.0,702.0,13.0,0.0,5.0,20.0,9.0,0.0,1.414773228,605.0,2209.3749163864604,4.0,3.0,146.0,16.0,6.0,6.0,9.0,24.0,Jorge Resurrección Merodio,88.75628140703517,79.37185929648241,1.469849246231156,0.0,0.5653266331658292,2.261306532663317,1.0175879396984926,0.0,0.1599617971356784,68.40452261306532,249.80369657635856,0.4522613065326633,0.3391959798994974,16.50753768844221,1.809045226130653,0.6783919597989949,0.6783919597989949,1.0175879396984926,2.71356783919598,89.4267515923567,75.0,Right Center Midfield,Midfielder,True,26.05633802816901,70.4225352112676,43.66197183098591,97.1830985915493,97.1830985915493,81.69014084507043,97.1830985915493,67.6056338028169,23.943661971830984,40.845070422535215,66.19718309859155,25.352112676056336,45.07042253521127,12.676056338028168,5.633802816901409,78.87323943661971,32.3943661971831,90.14084507042254,85.91549295774648,46.71,92.02,62.91,32.63,71.83,61.22,1
5201,411.59,496.0,469.0,3.0,0.0,0.0,1.0,5.0,1.0,0.980931672,390.0,1983.9686667060407,0.0,0.0,29.0,10.0,1.0,5.0,2.0,19.0,Sergio Ramos García,108.457445516169,102.55351199008722,0.6559926140090867,0.0,0.0,0.2186642046696955,1.0933210233484778,0.2186642046696955,0.2144946438931946,85.27903982118127,433.8229305948728,0.0,0.0,6.341261935421171,2.186642046696956,0.2186642046696955,1.0933210233484778,0.4373284093393911,4.154619888724215,94.55645161290325,0.0,Left Center Back,Centre Back,True,89.64497041420118,92.89940828402366,94.0828402366864,99.40828402366864,99.40828402366864,97.0414201183432,99.40828402366864,98.81656804733728,22.7810650887574,44.97041420118343,89.3491124260355,3.5502958579881656,0.591715976331361,3.5502958579881656,92.89940828402366,96.44970414201184,44.67455621301775,30.17751479289941,71.00591715976331,92.21,98.62,73.67,39.15,60.58,72.85,1
5202,447.98,247.0,230.0,4.0,0.0,0.0,4.0,1.0,1.0,0.035519395,185.0,923.9101217396756,6.0,6.0,33.0,7.0,5.0,16.0,4.0,10.0,José Ignacio Fernández Iglesias,49.62275101567034,46.20741997410599,0.8036073038974955,0.0,0.0,0.8036073038974955,0.2009018259743738,0.2009018259743738,0.007135911313005,37.16683780525916,185.6152304937069,1.2054109558462431,1.2054109558462431,6.629760257154337,1.406312781820617,1.0045091298718694,3.214429215589982,0.8036073038974955,2.0090182597437387,93.1174089068826,100.0,Right Center Back,Centre Back,True,88.16568047337277,19.526627218934912,21.89349112426036,53.84615384615385,61.53846153846154,90.53254437869822,55.02958579881657,43.78698224852072,99.40828402366864,49.70414201183432,62.1301775147929,46.15384615384615,27.810650887573964,7.100591715976331,21.301775147929,98.22485207100593,44.67455621301775,30.17751479289941,97.63313609467455,43.2,68.64,66.07,35.7,67.68,56.26,1
5203,1197.15,924.0,846.0,9.0,1.0,3.0,0.0,12.0,0.0,2.2202948460000003,637.0,2276.961874156485,7.0,7.0,177.0,23.0,18.0,9.0,21.0,49.0,Sergio Busquets i Burgos,69.46497932589901,63.60105249968675,0.6766069414860293,0.0751785490540032,0.2255356471620097,0.0,0.902142588648039,0.0,0.1669185449943616,47.88873574740007,171.1786899503685,0.5262498433780227,0.5262498433780227,13.306603182558575,1.7291066282420748,1.3532138829720586,0.6766069414860293,1.5787495301340682,3.68374890364616,91.55844155844156,100.0,Center Defensive Midfield,Defensive Midfielder,True,33.16831683168317,86.13861386138613,52.47524752475248,90.0990099009901,93.06930693069307,89.10891089108911,76.23762376237624,32.67326732673268,61.38613861386138,26.73267326732673,44.55445544554456,70.29702970297029,14.85148514851485,40.5940594059406,27.72277227722773,61.38613861386138,75.24752475247524,60.3960396039604,10.891089108910892,57.26,90.76,56.77,37.46,51.98,58.84,1
5204,1081.16,667.0,513.0,20.0,3.0,13.0,33.0,26.0,4.0,3.1952359133,536.0,3143.3763327109777,17.0,6.0,214.0,18.0,7.0,8.0,24.0,39.0,Bruno Miguel Borges Fernandes,55.52369677013577,42.70413259832032,1.6648784638721372,0.2497317695808206,1.0821710015168893,2.7470494653890265,2.1643420030337785,0.3329756927744274,0.2659839729521994,44.61874283177328,261.6669780087942,1.4151466942913165,0.4994635391616412,17.81419956343187,1.4983906174849233,0.582707462355248,0.6659513855488549,1.9978541566465648,3.246513004550668,76.91154422788605,35.294117647058826,Center Attacking Midfield,Attacking Midfielder,True,89.47368421052632,76.31578947368422,78.94736842105263,92.10526315789474,92.10526315789474,47.368421052631575,81.57894736842105,81.57894736842105,26.31578947368421,52.63157894736842,55.26315789473685,39.47368421052632,78.94736842105263,76.31578947368422,18.421052631578945,76.31578947368422,73.68421052631578,100.0,92.10526315789474,81.58,77.19,63.16,53.51,85.53,72.19,0
5205,762.88,179.0,133.0,0.0,0.0,0.0,0.0,1.0,0.0,0.075629964,93.0,492.1397212437541,0.0,0.0,1.0,0.0,0.0,0.0,0.0,30.0,Rui Pedro dos Santos Patrício,21.11734479865772,15.690541107382549,0.0,0.0,0.0,0.0,0.1179739932885906,0.0,0.0089223688653523,10.971581375838928,58.0596881710595,0.0,0.0,0.1179739932885906,0.0,0.0,0.0,0.0,3.539219798657718,74.30167597765363,0.0,Goalkeeper,Goalkeeper,True,50.0,98.57142857142858,98.57142857142858,15.714285714285714,30.0,68.57142857142857,31.428571428571427,37.142857142857146,45.0,70.0,50.0,50.71428571428571,38.57142857142858,45.71428571428572,45.71428571428572,46.42857142857143,50.0,47.85714285714286,50.0,82.38,38.1,37.86,50.12,48.57,51.4,2
5206,1213.71,979.0,911.0,1.0,0.0,2.0,2.0,4.0,0.0,0.200560756,789.0,4083.308930887944,1.0,1.0,68.0,14.0,11.0,54.0,16.0,37.0,Rúben Santos Gato Alves Dias,72.5955953234298,67.55320463702202,0.0741528042118792,0.0,0.1483056084237585,0.1483056084237585,0.2966112168475171,0.0,0.0148721424722544,58.506562523172754,302.78880768875183,0.0741528042118792,0.0741528042118792,5.042390686407791,1.03813925896631,0.8156808463306721,4.004251427441481,1.1864448673900685,2.7436537558395333,93.0541368743616,100.0,Left Center Back,Centre Back,True,34.023668639053255,26.035502958579883,38.46153846153847,93.49112426035504,94.67455621301777,89.3491124260355,92.89940828402366,87.57396449704143,46.74556213017752,19.526627218934912,37.8698224852071,35.50295857988166,51.4792899408284,28.99408284023669,57.98816568047337,42.01183431952663,44.67455621301775,71.59763313609467,62.721893491124256,32.84,92.5,75.74,38.56,55.25,58.98,1
5207,1572.41,434.0,351.0,16.0,2.0,1.0,7.0,73.0,12.0,14.0440791913,399.0,2555.103774346768,35.0,20.0,123.0,3.0,1.0,8.0,14.0,33.0,Cristiano Ronaldo dos Santos Aveiro,24.840849396785824,20.09018004210097,0.9157916828308138,0.1144739603538517,0.0572369801769258,0.400658861238481,4.178299552915588,0.6868437621231104,0.803840682275615,22.83755509059342,146.2464240822744,2.003294306192405,1.1447396035385171,7.040148561761881,0.1717109405307776,0.0572369801769258,0.4578958414154069,0.8013177224769621,1.8888203458385533,80.87557603686636,57.14285714285714,Center Forward,Forward,True,81.92771084337349,97.59036144578312,96.3855421686747,75.90361445783132,80.72289156626506,87.95180722891565,68.67469879518072,71.08433734939759,69.87951807228916,2.409638554216868,13.253012048192772,33.734939759036145,37.34939759036144,25.301204819277107,15.66265060240964,65.06024096385542,63.85542168674698,59.036144578313255,30.120481927710845,91.97,81.53,69.88,21.29,54.52,63.84,0
5209,1066.5,718.0,606.0,13.0,3.0,0.0,37.0,10.0,2.0,0.692894302,494.0,2812.043754840755,16.0,11.0,124.0,14.0,8.0,11.0,24.0,43.0,Raphaël Adelino José Guerreiro,60.59071729957806,51.13924050632911,1.0970464135021096,0.2531645569620253,0.0,3.1223628691983123,0.8438818565400844,0.1687763713080169,0.0584720929957805,41.68776371308017,237.30327045069663,1.3502109704641352,0.9282700421940928,10.464135021097048,1.181434599156118,0.6751054852320676,0.9282700421940928,2.0253164556962027,3.628691983122363,84.40111420612814,68.75,Left Back,Full Back,True,85.90604026845638,65.1006711409396,78.52348993288591,88.59060402684564,88.59060402684564,79.86577181208054,81.20805369127517,81.20805369127517,79.86577181208054,36.91275167785235,18.79194630872483,21.47651006711409,8.724832214765101,56.375838926174495,51.67785234899329,78.52348993288591,90.6040268456376,29.86577181208054,84.56375838926175,76.51,85.68,80.76,32.33,70.89,69.23,1
5211,1264.86,1374.0,1205.0,16.0,3.0,4.0,38.0,6.0,0.0,0.2175909959999999,1016.0,3316.1351904985977,16.0,8.0,166.0,19.0,19.0,14.0,25.0,57.0,Jordi Alba Ramos,97.76576063754092,85.74071438736304,1.1384659171766045,0.2134623594706133,0.2846164792941511,2.703856553294436,0.4269247189412267,0.0,0.0154824958019069,72.29258574071439,235.95668069578755,1.1384659171766045,0.5692329585883023,11.811583890707272,1.351928276647218,1.351928276647218,0.9961576775295292,1.778852995588445,4.055784829941654,87.70014556040758,50.0,Left Back,Full Back,True,37.24832214765101,32.88590604026846,43.62416107382551,100.0,100.0,91.94630872483222,100.0,79.19463087248322,59.73154362416108,51.006711409395976,25.503355704697988,66.44295302013423,15.436241610738255,45.63758389261745,63.758389261744966,81.87919463087249,86.57718120805369,85.90604026845638,79.86577181208054,37.92,97.32,79.64,44.63,83.56,68.61,1
5213,411.59,354.0,323.0,2.0,0.0,0.0,0.0,9.0,1.0,2.006412336,286.0,1885.487462468673,0.0,0.0,20.0,2.0,2.0,8.0,5.0,25.0,Gerard Piqué Bernabéu,77.40712845307222,70.62853810831167,0.4373284093393911,0.0,0.0,0.0,1.96797784202726,0.2186642046696955,0.4387305576909059,62.53796253553293,412.28861639539485,0.0,0.0,4.373284093393911,0.4373284093393911,0.4373284093393911,1.7493136373575646,1.0933210233484778,5.466605116742389,91.24293785310734,0.0,Right Center Back,Centre Back,True,89.64497041420118,100.0,100.0,97.0414201183432,96.44970414201184,77.51479289940828,96.44970414201184,97.63313609467455,22.7810650887574,8.875739644970414,5.325443786982249,10.650887573964498,2.9585798816568047,20.118343195266277,99.40828402366864,89.3491124260355,44.67455621301775,30.17751479289941,26.035502958579883,96.55,90.34,72.29,24.56,47.56,66.26,1
5214,757.42,508.0,455.0,3.0,0.0,2.0,1.0,2.0,0.0,0.073450191,412.0,1678.263555677834,3.0,3.0,135.0,10.0,4.0,13.0,7.0,36.0,William Silva de Carvalho,60.36281059385809,54.06511578780598,0.3564732909086108,0.0,0.2376488606057405,0.1188244303028702,0.2376488606057405,0.0,0.008727677101212,48.95566528478256,199.41871090148808,0.3564732909086108,0.3564732909086108,16.041298090887487,1.1882443030287029,0.4752977212114811,1.5447175939373134,0.8317710121200919,4.2776794909033296,89.56692913385827,100.0,Left Center Midfield,Midfielder,True,26.05633802816901,7.042253521126761,1.4084507042253522,85.91549295774648,85.91549295774648,83.09859154929578,83.09859154929578,42.25352112676056,25.352112676056336,35.2112676056338,30.985915492957744,15.492957746478872,78.87323943661971,7.042253521126761,54.929577464788736,12.676056338028168,32.3943661971831,74.64788732394366,12.676056338028168,11.5,84.98,50.23,37.09,33.1,43.38,1
5219,979.02,457.0,383.0,2.0,0.0,2.0,1.0,3.0,2.0,1.10111546,315.0,2032.3446821814512,1.0,0.0,64.0,18.0,12.0,54.0,16.0,29.0,Romain Saïss,42.0113991542563,35.208678065820926,0.1838573267144695,0.0,0.1838573267144695,0.0919286633572347,0.2757859900717043,0.1838573267144695,0.1012240724397867,28.95752895752896,186.8307301141249,0.0919286633572347,0.0,5.883434454863027,1.6547159404302263,1.1031439602868174,4.964147821290679,1.4708586137157569,2.6659312373598087,83.80743982494529,0.0,Left Center Back,Centre Back,True,86.3905325443787,78.10650887573965,34.9112426035503,34.9112426035503,33.72781065088758,31.952662721893493,31.360946745562128,44.97041420118343,22.7810650887574,38.46153846153847,76.92307692307693,53.84615384615385,73.37278106508876,41.42011834319527,54.4378698224852,55.62130177514793,44.67455621301775,77.51479289940828,54.4378698224852,66.47,33.53,33.04,56.41,58.06,49.5,1
5220,592.56,190.0,136.0,2.0,0.0,0.0,2.0,2.0,0.0,0.26883789,110.0,683.7969767830716,0.0,0.0,36.0,2.0,10.0,17.0,11.0,14.0,Morteza Pouraliganji,28.857837181044964,20.65613608748481,0.3037667071688943,0.0,0.0,0.3037667071688943,0.3037667071688943,0.0,0.0408320003037667,16.707168894289186,103.85737800471928,0.0,0.0,5.467800729040098,0.3037667071688943,1.5188335358444716,2.5820170109356018,1.6707168894289186,2.1263669501822604,71.57894736842105,0.0,Right Center Back,Centre Back,True,34.023668639053255,49.11242603550296,40.23668639053255,8.284023668639055,4.142011834319527,2.9585798816568047,2.9585798816568047,8.284023668639055,22.7810650887574,28.402366863905325,4.142011834319527,76.33136094674556,14.201183431952662,56.80473372781065,28.402366863905325,78.10650887573965,44.67455621301775,30.17751479289941,85.20710059171599,41.12,5.13,11.34,34.71,59.54,30.37,2
5224,426.15,90.0,48.0,3.0,0.0,0.0,3.0,10.0,0.0,1.790468907,59.0,447.4342151374858,3.0,0.0,67.0,2.0,2.0,6.0,6.0,7.0,Sardar Azmoun,19.00739176346357,10.13727560718057,0.6335797254487856,0.0,0.0,0.6335797254487856,2.111932418162619,0.0,0.3781349328405491,12.460401267159453,94.4950823944004,0.6335797254487856,0.0,14.149947201689548,0.4223864836325238,0.4223864836325238,1.2671594508975712,1.2671594508975712,1.4783526927138333,53.333333333333336,0.0,Center Forward,Forward,True,12.048192771084338,49.39759036144578,39.75903614457831,43.373493975903614,8.433734939759036,1.2048192771084338,9.63855421686747,34.93975903614458,6.626506024096386,45.78313253012048,28.915662650602407,77.10843373493977,90.36144578313254,67.46987951807229,10.843373493975903,38.55421686746988,27.710843373493976,29.518072289156628,50.60240963855421,33.73,17.67,17.07,53.41,36.6,31.7,0
5226,525.24,126.0,83.0,6.0,1.0,1.0,1.0,9.0,2.0,1.84609167,111.0,866.4845961906998,9.0,3.0,127.0,5.0,10.0,6.0,18.0,23.0,Mehdi Taremi,21.59013022618232,14.222069910897874,1.028101439342015,0.1713502398903358,0.1713502398903358,0.1713502398903358,1.5421521590130225,0.3427004797806717,0.3163282505140506,19.01987662782728,148.4723434185572,1.5421521590130225,0.5140507196710075,21.76148046607265,0.8567511994516793,1.7135023989033586,1.028101439342015,3.084304318026045,3.9410555174777246,65.87301587301587,33.33333333333333,Center Attacking Midfield,Attacking Midfielder,True,92.10526315789474,89.47368421052632,52.63157894736842,5.263157894736842,5.263157894736842,5.263157894736842,2.631578947368421,15.789473684210526,28.947368421052637,76.31578947368422,21.052631578947366,100.0,94.73684210526316,100.0,34.21052631578947,44.73684210526316,60.526315789473685,28.947368421052637,5.263157894736842,78.07,5.26,15.79,71.05,34.87,41.01,0
5227,406.55,92.0,46.0,0.0,0.0,0.0,0.0,0.0,0.0,0.0,32.0,239.24447206886927,0.0,0.0,0.0,0.0,0.0,0.0,0.0,10.0,Alireza Safar Beiranvand,20.36649858565982,10.18324929282991,0.0,0.0,0.0,0.0,0.0,0.0,0.0,7.083999508055589,52.962741326277786,0.0,0.0,0.0,0.0,0.0,0.0,0.0,2.213749846267372,50.0,0.0,Goalkeeper,Goalkeeper,True,50.0,49.28571428571429,49.28571428571429,11.428571428571429,4.285714285714286,8.571428571428571,2.857142857142857,25.71428571428571,45.0,30.714285714285715,50.0,50.71428571428571,38.57142857142858,45.71428571428572,2.857142857142857,46.42857142857143,50.0,47.85714285714286,50.0,49.52,8.1,24.52,36.43,48.57,33.43,2
5228,513.26,148.0,115.0,0.0,0.0,0.0,0.0,0.0,0.0,0.0,96.0,638.3570215523885,1.0,0.0,32.0,7.0,4.0,12.0,9.0,25.0,Seyed Majid Hosseini,25.9517593422437,20.165218407824494,0.0,0.0,0.0,0.0,0.0,0.0,0.0,16.833573627401318,111.93572836323688,0.1753497252854303,0.0,5.611191209133772,1.2274480769980127,0.7013989011417215,2.1041967034251647,1.5781475275688734,4.383743132135759,77.7027027027027,0.0,Left Center Back,Centre Back,True,34.023668639053255,7.396449704142012,7.396449704142012,1.7751479289940828,3.5502958579881656,8.875739644970414,3.5502958579881656,11.242603550295858,22.7810650887574,31.360946745562128,49.11242603550296,27.810650887573964,4.733727810650888,48.5207100591716,94.0828402366864,19.230769230769237,44.67455621301775,30.17751479289941,26.035502958579883,16.27,4.73,12.52,42.6,30.03,21.23,2
5230,470.23,175.0,104.0,2.0,0.0,2.0,13.0,3.0,0.0,0.1159575797,108.0,652.6934339870328,6.0,2.0,61.0,11.0,3.0,4.0,8.0,19.0,Ehsan Hajsafi,33.49424749590626,19.905152797567148,0.3827913999532144,0.0,0.3827913999532144,2.488144099695893,0.5741870999298215,0.0,0.0221937821342747,20.670735597473573,124.9227166680836,1.148374199859643,0.3827913999532144,11.675137698573035,2.105352699742679,0.5741870999298215,0.7655827999064287,1.5311655998128575,3.636518299555537,59.42857142857143,33.33333333333333,Left Back,Full Back,True,37.24832214765101,42.95302013422819,60.40268456375839,9.395973154362416,2.684563758389262,0.6711409395973155,5.369127516778524,13.422818791946307,41.61073825503356,50.33557046979866,57.71812080536913,15.436241610738255,7.38255033557047,30.87248322147651,52.348993288590606,22.818791946308725,33.89261744966443,91.2751677852349,72.48322147651007,46.87,4.25,20.13,35.68,55.12,32.41,0
5233,383.13,84.0,49.0,0.0,0.0,0.0,0.0,0.0,0.0,0.0,33.0,163.84393021526253,0.0,0.0,0.0,0.0,0.0,0.0,0.0,11.0,Munir Mohand Mohamedi,19.732205778717407,11.510453370918489,0.0,0.0,0.0,0.0,0.0,0.0,0.0,7.7519379844961245,38.48812079287351,0.0,0.0,0.0,0.0,0.0,0.0,0.0,2.5839793281653747,58.333333333333336,0.0,Goalkeeper,Goalkeeper,True,50.0,49.28571428571429,49.28571428571429,7.142857142857142,11.428571428571429,17.142857142857142,5.714285714285714,8.571428571428571,45.0,30.714285714285715,50.0,50.71428571428571,38.57142857142858,45.71428571428572,10.0,46.42857142857143,50.0,47.85714285714286,50.0,49.52,11.9,19.76,37.62,48.57,33.48,2
5234,1114.62,537.0,472.0,3.0,0.0,2.0,5.0,1.0,0.0,0.020691318,405.0,2506.498450015861,2.0,1.0,196.0,29.0,10.0,16.0,14.0,67.0,Sofyan Amrabat,43.360068902406205,38.11164343004791,0.2422350218011519,0.0,0.1614900145341013,0.4037250363352533,0.0807450072670506,0.0,0.0016707206222748,32.70172794315552,202.387235561382,0.1614900145341013,0.0807450072670506,15.82602142434193,2.341605210744469,0.8074500726705066,1.291920116272811,1.1304301017387093,5.409915486892395,87.89571694599627,50.0,Center Defensive Midfield,Defensive Midfielder,True,33.16831683168317,1.98019801980198,1.98019801980198,37.62376237623762,43.56435643564357,62.37623762376238,28.71287128712871,55.44554455445545,10.891089108910892,49.50495049504951,71.28712871287128,35.64356435643564,49.50495049504951,15.84158415841584,75.24752475247524,20.792079207920796,35.64356435643564,48.51485148514851,55.44554455445545,12.38,47.85,31.68,49.5,40.1,36.3,1
5235,489.48,206.0,127.0,5.0,0.0,0.0,17.0,3.0,1.0,0.239812769,128.0,847.3808195439186,4.0,3.0,67.0,16.0,6.0,7.0,6.0,28.0,Ramin Rezaeian,37.87693062025006,23.351311595979407,0.9193429762196615,0.0,0.0,3.1257661191468498,0.551605785731797,0.1838685952439323,0.0440940369575876,23.53518019122334,155.80672092619244,0.7354743809757294,0.551605785731797,12.319195881343466,2.941897523902917,1.103211571463594,1.2870801667075262,1.103211571463594,5.148320666830105,61.6504854368932,75.0,Right Back,Full Back,True,89.26174496644296,57.71812080536913,58.38926174496645,18.79194630872483,7.38255033557047,2.013422818791946,15.436241610738255,35.57046979865772,57.04697986577181,57.71812080536913,93.28859060402684,55.70469798657718,26.174496644295303,8.724832214765101,89.26174496644296,67.78523489932886,33.89261744966443,29.86577181208054,85.23489932885906,68.46,9.4,36.02,55.15,54.19,44.64,1
5237,1137.45,549.0,393.0,18.0,2.0,3.0,42.0,27.0,3.0,1.8737745107,515.0,2909.983163915732,53.0,19.0,235.0,19.0,24.0,3.0,23.0,50.0,Hakim Ziyech,43.43927205591454,31.09587234603719,1.424238428062772,0.1582487142291969,0.2373730713437953,3.3232229988131348,2.1363576420941577,0.2373730713437953,0.1482612035368587,40.7490439140182,230.2505470591374,4.193590927073718,1.5033627851773703,18.594223921930634,1.5033627851773703,1.8989845707503623,0.2373730713437953,1.819860213635764,3.956217855729922,71.58469945355192,35.84905660377358,Right Wing,Winger,True,58.06451612903226,37.634408602150536,65.59139784946237,90.32258064516128,83.87096774193549,27.956989247311824,82.79569892473118,55.91397849462365,62.36559139784946,75.26881720430107,69.89247311827957,97.8494623655914,32.25806451612903,75.26881720430107,50.53763440860215,67.74193548387096,59.13978494623656,64.51612903225806,88.17204301075269,53.76,67.38,67.03,66.85,69.89,64.98,0
5245,1344.27,762.0,630.0,21.0,2.0,2.0,25.0,12.0,2.0,2.00806881,576.0,2719.1912515713225,20.0,10.0,208.0,42.0,14.0,22.0,23.0,72.0,Achraf Hakimi Mouh,51.01653685643509,42.17902653484791,1.405967551161597,0.1339016715391997,0.1339016715391997,1.6737708942399965,0.8034100292351983,0.1339016715391997,0.1344418851123658,38.56368140328952,182.0521269100843,1.3390167153919972,0.6695083576959986,13.92577384007677,2.811935102323194,0.937311700774398,1.4729183869311968,1.5398692227007968,4.82046017541119,82.67716535433071,50.0,Right Back,Full Back,True,81.20805369127517,87.91946308724832,75.83892617449665,63.08724832214765,69.12751677852349,70.46979865771812,71.14093959731544,54.36241610738255,67.78523489932886,71.81208053691275,90.6040268456376,44.29530201342282,33.557046979865774,32.21476510067114,84.56375838926175,91.2751677852349,75.16778523489933,64.42953020134227,47.651006711409394,81.66,67.56,64.43,59.51,69.63,68.56,1
5246,764.12,208.0,136.0,6.0,2.0,1.0,6.0,22.0,4.0,3.650557099,182.0,841.4491790594006,18.0,9.0,83.0,1.0,4.0,9.0,9.0,32.0,Luis Alberto Suárez Díaz,24.498769826728783,16.018426425168823,0.7066952834633303,0.2355650944877768,0.1177825472438884,0.7066952834633303,2.591216039365545,0.4711301889755536,0.4299719139794796,21.436423598387687,99.10802768589495,2.120085850389991,1.0600429251949954,9.775951421242736,0.1177825472438884,0.4711301889755536,1.0600429251949954,1.0600429251949954,3.7690415118044287,65.38461538461539,50.0,Right Center Forward,Forward,True,59.036144578313255,63.85542168674698,62.65060240963856,73.49397590361446,61.44578313253012,16.867469879518072,59.036144578313255,36.14457831325301,62.65060240963856,12.048192771084338,9.63855421686747,80.72289156626506,80.72289156626506,50.60240963855421,77.10843373493977,46.98795180722892,84.33734939759037,65.06024096385542,57.831325301204814,61.85,50.6,52.61,51.81,63.55,56.08,0
5247,834.39,343.0,245.0,6.0,0.0,2.0,25.0,2.0,0.0,0.185465827,265.0,1685.210328128223,14.0,8.0,184.0,23.0,10.0,15.0,16.0,33.0,Nahitan Michel Nández Acosta,36.99708769280552,26.426491209146803,0.6471793765505339,0.0,0.2157264588501779,2.696580735627225,0.2157264588501779,0.0,0.0200049430482148,28.583755797648585,181.772228252424,1.510085211951246,0.8629058354007119,19.846834214216376,2.480854276777047,1.07863229425089,1.6179484413763348,1.7258116708014235,3.5594865710279366,71.42857142857143,57.14285714285714,Right Back,Full Back,True,37.24832214765101,38.92617449664429,18.12080536912752,15.436241610738255,15.436241610738255,11.409395973154362,27.516778523489933,53.69127516778524,76.51006711409396,97.31543624161074,79.19463087248322,54.36241610738255,38.92617449664429,41.61073825503356,49.66442953020135,48.99328859060403,33.89261744966443,73.8255033557047,79.19463087248322,31.43,14.09,52.57,60.18,58.98,43.45,1
5248,573.49,338.0,248.0,3.0,0.0,0.0,8.0,7.0,0.0,1.330685523,221.0,1099.8107710471136,7.0,4.0,49.0,9.0,7.0,8.0,7.0,26.0,José Martín Cáceres Silva,53.04364505048039,38.91959755183176,0.4708015832882875,0.0,0.0,1.255470888768767,1.098537027672671,0.0,0.2088296170290676,34.682383302237184,172.59755077549778,1.098537027672671,0.6277354443843833,7.689759193708696,1.4124047498648624,1.098537027672671,1.255470888768767,1.098537027672671,4.080280388498491,73.37278106508876,57.14285714285714,Right Back,Full Back,True,37.24832214765101,95.9731543624161,86.57718120805369,72.48322147651007,55.70469798657718,18.79194630872483,51.006711409395976,47.651006711409394,64.42953020134227,5.369127516778524,28.187919463087248,55.033557046979865,23.48993288590604,7.38255033557047,64.42953020134227,31.543624161073826,33.89261744966443,29.86577181208054,31.543624161073826,73.27,48.99,54.36,30.65,31.71,47.8,1
5249,635.21,322.0,272.0,1.0,0.0,0.0,0.0,4.0,0.0,0.4726086188,242.0,1415.1546189148148,3.0,2.0,41.0,10.0,12.0,30.0,8.0,21.0,Diego Roberto Godín Leal,45.622707451079165,38.5384361077439,0.1416854268667055,0.0,0.0,0.0,0.566741707466822,0.0,0.0669617538955621,34.28787330174273,200.5067862633355,0.4250562806001164,0.283370853733411,5.809102501534925,1.4168542686670549,1.700225122400466,4.250562806001165,1.133483414933644,2.975393964200815,84.472049689441,66.66666666666666,Left Center Back,Centre Back,True,34.023668639053255,66.86390532544378,67.45562130177515,47.33727810650888,44.37869822485207,34.319526627218934,49.11242603550296,52.66272189349112,77.51479289940828,36.68639053254438,63.905325443786985,86.98224852071006,58.57988165680473,22.485207100591715,62.721893491124256,50.88757396449704,44.67455621301775,30.17751479289941,26.035502958579883,56.11,42.01,59.76,55.23,37.94,50.21,1
5255,636.89,369.0,302.0,2.0,0.0,0.0,4.0,5.0,0.0,0.3917832679999999,282.0,1435.2231178575876,4.0,2.0,131.0,10.0,10.0,3.0,17.0,41.0,Matías Vecino Falero,52.14401230981802,42.67612931589443,0.2826233729529432,0.0,0.0,0.5652467459058864,0.7065584323823582,0.0,0.0553635543343434,39.849895586364994,202.81379925447544,0.5652467459058864,0.2826233729529432,18.51183092841778,1.4131168647647163,1.4131168647647163,0.4239350594294148,2.4022986701000173,5.793779145535336,81.84281842818429,50.0,Left Center Midfield,Midfielder,True,26.05633802816901,35.2112676056338,29.577464788732392,74.64788732394366,70.4225352112676,42.25352112676056,66.19718309859155,45.07042253521127,19.718309859154928,59.15492957746479,43.66197183098591,80.28169014084507,35.2112676056338,83.09859154929578,95.77464788732394,9.859154929577464,32.3943661971831,27.464788732394368,40.845070422535215,30.28,62.44,43.66,66.2,27.64,46.04,1
5258,458.38,183.0,130.0,9.0,1.0,6.0,13.0,8.0,4.0,3.174834005,140.0,723.0940249800889,4.0,0.0,75.0,11.0,0.0,1.0,8.0,16.0,Giorgian Daniel De Arrascaeta Benedetti,35.93088703695624,25.52467385138968,1.7670928050962085,0.1963436450106898,1.1780618700641388,2.552467385138968,1.5707491600855188,0.7853745800427594,0.6233584808455866,27.488110301496576,141.97491655004146,0.7853745800427594,0.0,14.725773375801738,2.159780095117588,0.0,0.1963436450106898,1.5707491600855188,3.1414983201710376,71.03825136612022,0.0,Left Center Midfield,Midfielder,True,100.0,100.0,76.05633802816901,29.577464788732392,22.53521126760564,8.450704225352112,23.943661971830984,14.084507042253522,2.112676056338028,26.76056338028169,84.50704225352112,2.112676056338028,15.492957746478872,45.07042253521127,18.30985915492958,90.14084507042254,84.50704225352112,100.0,92.95774647887325,92.02,20.19,13.38,32.04,91.9,49.91,0
5259,1073.59,484.0,404.0,1.0,1.0,0.0,3.0,12.0,1.0,1.605669647,332.0,1763.062131071266,4.0,1.0,81.0,16.0,23.0,46.0,29.0,22.0,José María Giménez de Vargas,40.57414841792491,33.86767760504476,0.0838308851610018,0.0838308851610018,0.0,0.2514926554830056,1.0059706219320224,0.0838308851610018,0.1346047077841634,27.831853873452623,147.79905904154654,0.3353235406440075,0.0838308851610018,6.790301698041152,1.3412941625760302,1.928110358703043,3.856220717406086,2.4310956696690544,1.8442794735420407,83.47107438016529,25.0,Right Center Back,Centre Back,True,72.18934911242604,84.02366863905326,91.71597633136096,32.544378698224854,29.585798816568047,31.06508875739645,26.627218934911244,28.402366863905325,47.92899408284024,52.66272189349112,56.80473372781065,90.53254437869822,47.92899408284024,86.3905325443787,17.159763313609467,43.19526627218935,90.53254437869822,30.17751479289941,79.28994082840237,82.64,31.07,34.32,58.58,60.8,53.48,1
5260,864.55,447.0,375.0,4.0,1.0,2.0,3.0,10.0,4.0,2.971184503,401.0,2809.6676613293216,17.0,11.0,226.0,20.0,24.0,8.0,17.0,55.0,Rodrigo Bentancur Colmán,46.53287837603377,39.03764964432364,0.4164015962061188,0.1041003990515297,0.2082007981030594,0.3123011971545891,1.041003990515297,0.4164015962061188,0.3093014924180209,41.744260019663415,292.4875247465606,1.7697067838760048,1.1451043895668267,23.526690185645712,2.082007981030594,2.4984095772367128,0.8328031924122375,1.7697067838760048,5.725521947834134,83.89261744966443,64.70588235294117,Center Defensive Midfield,Defensive Midfielder,True,99.009900990099,94.05940594059405,61.38613861386138,46.53465346534654,47.52475247524752,34.65346534653465,61.38613861386138,88.11881188118812,95.04950495049503,95.04950495049503,62.37623762376238,98.01980198019804,22.77227722772277,56.43564356435643,79.20792079207921,36.63366336633664,80.19801980198021,54.45544554455446,48.51485148514851,84.82,42.9,81.52,68.98,54.95,66.63,1
5261,479.24,178.0,144.0,4.0,2.0,1.0,10.0,14.0,1.0,0.9909753635,170.0,1295.2354948132368,19.0,6.0,91.0,8.0,5.0,1.0,12.0,18.0,Mahmoud Ibrahim Hassan,33.42792755195726,27.042817794841834,0.7511893831900509,0.3755946915950254,0.1877973457975127,1.8779734579751275,2.629162841165178,0.1877973457975127,0.1861025430160253,31.92554878557716,243.241788108654,3.568149570152741,1.1267840747850764,17.08955846757366,1.5023787663801018,0.9389867289875636,0.1877973457975127,2.2535681495701527,3.3803522243552293,80.89887640449437,31.57894736842105,Left Wing,Winger,True,50.53763440860215,49.46236559139785,78.49462365591397,61.29032258064516,68.81720430107528,83.87096774193549,52.68817204301075,64.51612903225806,37.634408602150536,64.51612903225806,68.81720430107528,77.41935483870968,27.956989247311824,93.5483870967742,41.935483870967744,26.881720430107524,90.32258064516128,55.91397849462365,46.236559139784944,59.5,71.33,51.61,62.37,54.84,59.93,0
5264,483.49,223.0,180.0,5.0,0.0,0.0,8.0,0.0,0.0,0.0,154.0,656.7257459188905,3.0,1.0,56.0,12.0,1.0,9.0,8.0,10.0,Guillermo Varela Olivera,41.510682744213945,33.50638069039691,0.9307327969554696,0.0,0.0,1.4891724751287514,0.0,0.0,0.0,28.666570146228462,122.24723806635122,0.5584396781732818,0.1861465593910939,10.42420732590126,2.233758712693127,0.1861465593910939,1.6753190345198452,1.4891724751287514,1.8614655939109392,80.71748878923766,33.33333333333333,Right Back,Full Back,True,37.24832214765101,5.369127516778524,5.369127516778524,28.187919463087248,36.91275167785235,60.40268456375839,28.187919463087248,11.409395973154362,19.463087248322147,35.57046979865772,63.08724832214765,1.342281879194631,40.939597315436245,28.187919463087248,2.684563758389262,69.79865771812081,33.89261744966443,29.86577181208054,36.91275167785235,16.0,41.83,19.69,28.64,42.62,29.75,1
5265,490.41,84.0,62.0,0.0,0.0,0.0,0.0,0.0,0.0,0.0,45.0,188.0774587524817,0.0,0.0,0.0,0.0,0.0,0.0,0.0,18.0,Mohamed El Sayed Mohamed El Shenawy Gomaa,15.415672600477151,11.378234538447424,0.0,0.0,0.0,0.0,0.0,0.0,0.0,8.258396035969902,34.51595866259529,0.0,0.0,0.0,0.0,0.0,0.0,0.0,3.303358414387961,73.80952380952381,0.0,Goalkeeper,Goalkeeper,True,50.0,49.28571428571429,49.28571428571429,2.857142857142857,10.0,67.14285714285714,10.0,2.857142857142857,45.0,30.714285714285715,50.0,50.71428571428571,38.57142857142858,45.71428571428572,31.428571428571427,46.42857142857143,50.0,47.85714285714286,50.0,49.52,26.67,19.29,41.19,48.57,37.05,2
5266,330.15,153.0,122.0,3.0,0.0,0.0,4.0,2.0,0.0,0.051491597,114.0,567.6671340102768,4.0,1.0,84.0,7.0,6.0,8.0,11.0,20.0,Lucas Torreira Di Pascua,41.7083144025443,33.257610177192184,0.817810086324398,0.0,0.0,1.0904134484325307,0.5452067242162654,0.0,0.014036782462517,31.076783280327128,154.74796928948936,1.0904134484325307,0.2726033621081327,22.898682417083148,1.9082235347569287,1.635620172648796,2.180826896865061,2.99863698318946,5.452067242162654,79.73856209150327,25.0,Center Defensive Midfield,Defensive Midfielder,True,33.16831683168317,19.8019801980198,32.67326732673268,31.683168316831683,21.782178217821784,14.85148514851485,21.782178217821784,22.77227722772277,29.7029702970297,94.05940594059405,54.45544554455446,84.15841584158416,84.15841584158416,98.01980198019804,76.23762376237624,76.23762376237624,35.64356435643564,19.306930693069308,91.0891089108911,28.55,22.77,24.75,81.85,55.57,42.7,1
5267,475.71,106.0,71.0,0.0,0.0,0.0,0.0,0.0,0.0,0.0,62.0,405.75686185750135,1.0,0.0,0.0,0.0,0.0,0.0,0.0,25.0,Néstor Fernando Muslera Micol,20.05423472283534,13.432553446427445,0.0,0.0,0.0,0.0,0.0,0.0,0.0,11.729835403922555,76.76550328388119,0.1891908936116541,0.0,0.0,0.0,0.0,0.0,0.0,4.729772340291354,66.98113207547169,0.0,Goalkeeper,Goalkeeper,True,50.0,49.28571428571429,49.28571428571429,8.571428571428571,17.142857142857142,40.0,40.0,64.28571428571429,45.0,30.714285714285715,50.0,50.71428571428571,38.57142857142858,45.71428571428572,87.14285714285714,46.42857142857143,50.0,47.85714285714286,50.0,49.52,21.9,49.76,50.48,48.57,44.05,2
5454,306.65,60.0,28.0,0.0,0.0,0.0,0.0,0.0,0.0,0.0,23.0,131.8005919236434,0.0,0.0,0.0,0.0,0.0,0.0,0.0,11.0,Francis Odinaka Uzoho,17.609652698516225,8.217837925974239,0.0,0.0,0.0,0.0,0.0,0.0,0.0,6.750366867764553,38.68271082057038,0.0,0.0,0.0,0.0,0.0,0.0,0.0,3.228436328061308,46.66666666666666,0.0,Goalkeeper,Goalkeeper,True,50.0,49.28571428571429,49.28571428571429,4.285714285714286,2.857142857142857,4.285714285714286,1.4285714285714286,10.0,45.0,30.714285714285715,50.0,50.71428571428571,38.57142857142858,45.71428571428572,25.71428571428571,46.42857142857143,50.0,47.85714285714286,50.0,49.52,3.81,18.81,40.24,48.57,32.19,2
5455,904.49,303.0,249.0,1.0,0.0,0.0,0.0,8.0,4.0,2.667300604,191.0,1274.0056003626676,4.0,4.0,54.0,5.0,9.0,46.0,11.0,19.0,William Troost-Ekong,30.149587060111223,24.776393326626057,0.0995035876571327,0.0,0.0,0.0,0.7960287012570619,0.3980143506285309,0.2654059794580371,19.00518524251236,126.76812793136472,0.3980143506285309,0.3980143506285309,5.373193733485168,0.4975179382856637,0.8955322889141948,4.577165032228106,1.0945394642284605,1.8905681654855224,82.17821782178217,100.0,Center Back,Centre Back,True,99.40828402366864,97.0414201183432,82.84023668639054,10.650887573964498,11.83431952662722,22.485207100591715,7.6923076923076925,17.75147928994083,87.57396449704143,25.44378698224852,8.284023668639055,40.23668639053255,65.68047337278107,20.710059171597635,17.75147928994083,44.37869822485207,44.67455621301775,30.17751479289941,26.035502958579883,93.1,14.99,37.67,29.68,36.32,42.35,1
5456,1433.75,967.0,884.0,19.0,2.0,2.0,5.0,18.0,0.0,1.920498161,911.0,6156.687234873351,39.0,27.0,343.0,42.0,17.0,12.0,20.0,73.0,Mateo Kovačić,60.70095902353967,55.49084568439407,1.1926765475152572,0.1255448997384481,0.1255448997384481,0.3138622493461203,1.129904097646033,0.0,0.1205543745353094,57.18570183086312,386.4703408115791,2.4481255448997383,1.6948561464690497,21.53095030514385,2.6364428945074105,1.067131647776809,0.7532693984306887,1.2554489973844811,4.582388840453357,91.41675284384696,69.23076923076923,Left Center Midfield,Midfielder,True,26.05633802816901,60.56338028169014,46.478873239436616,87.32394366197182,88.73239436619718,91.54929577464787,90.14084507042254,95.77464788732394,87.32394366197182,83.09859154929578,94.3661971830986,66.19718309859155,53.52112676056338,26.76056338028169,64.7887323943662,69.01408450704226,69.01408450704226,56.33802816901409,28.169014084507044,44.37,89.2,91.08,64.79,55.63,69.01,1
5457,517.01,298.0,213.0,3.0,0.0,0.0,10.0,0.0,0.0,0.0,203.0,1302.6047204279523,9.0,5.0,58.0,5.0,4.0,16.0,7.0,26.0,Ivan Strinić,51.87520550859752,37.07858648768883,0.5222336125026595,0.0,0.0,1.7407787083421984,0.0,0.0,0.0,35.337807779346626,226.75465627070213,1.5667008375079787,0.8703893541710992,10.09651650838475,0.8703893541710992,0.6963114833368794,2.7852459333475177,1.218545095839539,4.526024641689716,71.47651006711409,55.55555555555556,Left Back,Full Back,True,37.24832214765101,5.369127516778524,5.369127516778524,65.77181208053692,46.30872483221477,12.08053691275168,53.02013422818792,75.83892617449665,77.18120805369128,32.21476510067114,7.38255033557047,24.16107382550336,78.52348993288591,16.10738255033557,76.51006711409396,37.58389261744966,33.89261744966443,29.86577181208054,51.67785234899329,16.0,41.39,68.68,39.15,38.26,40.69,1
5460,1313.36,468.0,394.0,20.0,1.0,1.0,26.0,30.0,5.0,4.197858355,457.0,3094.9213318182974,28.0,18.0,198.0,2.0,2.0,6.0,18.0,42.0,Andrej Kramarić,32.07041481391241,26.99945178778096,1.3705305476030945,0.0685265273801547,0.0685265273801547,1.7816897118840227,2.055795821404642,0.3426326369007736,0.2876646555019188,31.316623012730705,212.0842113842715,1.9187427666443324,1.233477492842785,13.568252421270635,0.1370530547603094,0.1370530547603094,0.4111591642809283,1.233477492842785,2.878114149966499,84.1880341880342,64.28571428571429,Center Forward,Forward,True,45.78313253012048,33.734939759036145,33.734939759036145,86.74698795180723,90.36144578313254,96.3855421686747,87.95180722891565,89.1566265060241,79.51807228915662,39.75903614457831,10.843373493975903,38.55421686746988,33.734939759036145,66.26506024096386,49.39759036144578,86.74698795180723,56.62650602409639,60.24096385542169,91.56626506024097,37.75,91.16,85.54,39.76,73.8,65.6,0
5461,819.38,492.0,373.0,6.0,1.0,0.0,36.0,5.0,0.0,0.0639612716999999,334.0,1894.259370242535,8.0,4.0,72.0,12.0,15.0,20.0,12.0,30.0,Šime Vrsaljko,54.04086016256194,40.97000170860895,0.6590348800312431,0.1098391466718738,0.0,3.954209280187459,0.5491957333593693,0.0,0.0070254515035758,36.68627498840586,208.0638328026412,0.8787131733749909,0.4393565866874954,7.908418560374918,1.3180697600624862,1.6475872000781078,2.1967829334374773,1.3180697600624862,3.2951744001562155,75.8130081300813,50.0,Right Back,Full Back,True,37.24832214765101,22.14765100671141,57.71812080536913,76.51006711409396,63.758389261744966,29.53020134228188,60.40268456375839,66.44295302013423,44.29530201342282,6.04026845637584,24.16107382550336,79.86577181208054,59.06040268456376,20.13422818791946,41.61073825503356,50.33557046979866,71.14093959731544,29.86577181208054,95.3020134228188,39.04,56.6,57.05,38.48,61.66,50.56,1
5463,2034.5,1592.0,1335.0,31.0,2.0,4.0,44.0,27.0,7.0,5.9859226504,1307.0,8165.579766478438,42.0,31.0,361.0,24.0,33.0,3.0,18.0,125.0,Luka Modrić,70.42516588842467,59.05627918407472,1.3713443106414351,0.0884738264929958,0.1769476529859916,1.946424182845908,1.1943966576554437,0.3096583927254854,0.2647987409859916,57.817645613172765,361.2200437370653,1.857950356352912,1.3713443106414351,15.969525681985749,1.06168591791595,1.459818137134431,0.1327107397394937,0.7962644384369624,5.529614155812239,83.85678391959799,73.80952380952381,Right Center Midfield,Midfielder,True,90.14084507042254,88.73239436619718,50.70422535211267,92.95774647887325,91.54929577464787,53.52112676056338,91.54929577464787,91.54929577464787,80.28169014084507,32.3943661971831,21.12676056338028,83.09859154929578,9.859154929577464,4.225352112676056,91.54929577464787,76.05633802816901,67.6056338028169,63.38028169014085,83.09859154929578,76.53,79.34,87.79,40.38,72.54,71.31,1
5465,764.4100000000001,174.0,89.0,2.0,0.0,1.0,18.0,20.0,1.0,2.013360713,190.0,1187.855022162208,27.0,20.0,168.0,11.0,7.0,7.0,15.0,30.0,Ante Rebić,20.486388194816914,10.478669823785664,0.2354757263772059,0.0,0.1177378631886029,2.119281537394853,2.354757263772059,0.1177378631886029,0.2370487881765021,22.370194005834563,139.855512087229,3.17892230609228,2.354757263772059,19.7799610156853,1.2951164950746326,0.8241650423202207,0.8241650423202207,1.7660679478290444,3.532135895658089,51.14942528735632,74.07407407407408,Right Wing,Winger,True,38.70967741935484,59.13978494623656,72.04301075268818,9.67741935483871,2.1505376344086025,2.1505376344086025,12.903225806451612,9.67741935483871,81.72043010752688,82.79569892473118,59.13978494623656,73.11827956989248,84.94623655913979,72.04301075268818,44.08602150537634,2.1505376344086025,24.193548387096776,41.935483870967744,58.06451612903226,56.63,4.66,34.77,69.35,31.59,39.4,0
5468,1066.32,492.0,424.0,0.0,1.0,0.0,1.0,4.0,2.0,1.16097505,325.0,1497.4647980712714,0.0,0.0,73.0,6.0,16.0,42.0,14.0,25.0,Domagoj Vida,41.52599594868333,35.78663065496286,0.0,0.0844024307900067,0.0,0.0844024307900067,0.337609723160027,0.1688048615800135,0.0979891163065496,27.4307900067522,126.38966897968191,0.0,0.0,6.161377447670493,0.5064145847400405,1.350438892640108,3.5449020931802835,1.1816340310600946,2.1100607697501688,86.1788617886179,0.0,Left Center Back,Centre Back,True,85.20710059171599,75.7396449704142,44.97041420118343,33.72781065088758,36.68639053254438,44.97041420118343,24.85207100591716,16.56804733727811,22.7810650887574,44.37869822485207,9.467455621301776,68.63905325443787,40.82840236686391,28.402366863905325,27.2189349112426,19.230769230769237,91.1242603550296,30.17751479289941,53.25443786982249,68.64,38.46,21.4,36.49,48.45,42.69,1
5469,1587.32,1309.0,1160.0,15.0,1.0,2.0,5.0,14.0,2.0,2.433256982,1032.0,5250.353566167433,10.0,5.0,327.0,28.0,21.0,28.0,33.0,70.0,Marcelo Brozović,74.21943905450698,65.77123705365018,0.850490134314442,0.0566993422876294,0.1133986845752589,0.2834967114381473,0.7937907920268125,0.1133986845752589,0.1379640704961822,58.5137212408336,297.6915939792033,0.5669934228762946,0.2834967114381473,18.54068492805484,1.587581584053625,1.1906861880402189,1.587581584053625,1.8710782954917724,3.968953960134063,88.61726508785333,50.0,Center Defensive Midfield,Defensive Midfielder,True,76.23762376237624,80.19801980198021,45.54455445544555,95.04950495049503,94.05940594059405,70.29702970297029,93.06930693069307,89.10891089108911,33.663366336633665,71.28712871287128,35.64356435643564,64.35643564356435,63.366336633663366,62.37623762376238,37.62376237623762,79.20792079207921,73.26732673267327,43.56435643564357,46.53465346534654,67.33,86.47,71.95,55.78,60.64,68.43,1
5470,677.29,426.0,345.0,10.0,0.0,0.0,10.0,17.0,3.0,2.584238672,329.0,2086.5006438659825,10.0,6.0,134.0,13.0,2.0,3.0,14.0,31.0,Ivan Rakitić,56.607952280411645,45.84446839610802,1.3288251709016818,0.0,0.0,1.3288251709016818,2.259002790532859,0.3986475512705045,0.3434001394971134,43.71834812266533,277.2594574671683,1.3288251709016818,0.7972951025410091,17.806257290082534,1.7274727221721864,0.2657650341803363,0.3986475512705045,1.8603552392623544,4.1193580297952135,80.98591549295774,60.0,Left Center Midfield,Midfielder,True,92.95774647887325,95.77464788732394,92.95774647887325,83.09859154929578,76.05633802816901,39.436619718309856,74.64788732394366,74.64788732394366,50.70422535211267,52.11267605633802,57.74647887323944,12.676056338028168,30.985915492957744,53.52112676056338,49.29577464788733,74.64788732394366,32.3943661971831,27.464788732394368,73.23943661971832,93.9,66.2,66.67,42.72,51.94,64.28,0
5472,623.29,163.0,108.0,6.0,1.0,0.0,6.0,12.0,3.0,2.710405315,98.0,517.2559971805993,3.0,3.0,136.0,10.0,2.0,11.0,8.0,15.0,Mario Mandžukić,23.53639557830224,15.594667008936453,0.8663703893853584,0.1443950648975597,0.0,0.8663703893853584,1.7327407787707167,0.4331851946926792,0.3913691513581158,14.150716359960857,74.6892132815446,0.4331851946926792,0.4331851946926792,19.637728826068123,1.443950648975597,0.2887901297951195,1.5883457138731572,1.155160519180478,2.165925973463396,66.25766871165644,100.0,Center Forward,Forward,True,55.42168674698795,53.01204819277109,18.072289156626507,68.67469879518072,57.831325301204814,20.48192771084337,21.686746987951807,19.27710843373494,27.710843373493976,85.54216867469879,91.56626506024097,65.06024096385542,97.59036144578312,60.24096385542169,27.710843373493976,60.24096385542169,68.67469879518072,29.518072289156628,72.28915662650603,42.17,49.0,22.89,71.29,57.68,48.6,0
5474,1758.48,673.0,459.0,20.0,5.0,1.0,79.0,51.0,6.0,3.2549129528,524.0,3746.38456559369,28.0,15.0,319.0,25.0,22.0,23.0,28.0,47.0,Ivan Perišić,34.444520267503755,23.49187935034803,1.0236113006687595,0.2559028251671899,0.0511805650334379,4.0432646376416,2.6102088167053363,0.3070833902006278,0.16658828405896,26.818616077521494,191.7420788996361,1.4330558209362632,0.7677084755015696,16.32660024566671,1.279514125835949,1.1259724307356354,1.1771529957690732,1.4330558209362632,2.4054865565715846,68.20208023774146,53.57142857142857,Left Wing,Winger,True,68.81720430107528,45.16129032258064,77.41935483870968,67.74193548387096,50.53763440860215,13.978494623655912,33.33333333333333,36.55913978494624,21.50537634408602,58.06451612903226,58.06451612903226,81.72043010752688,95.6989247311828,50.53763440860215,10.75268817204301,43.01075268817204,79.56989247311827,40.86021505376344,91.39784946236558,63.8,44.09,30.47,59.14,63.71,52.24,0
5476,981.1,606.0,512.0,4.0,0.0,0.0,14.0,5.0,1.0,0.239103884,431.0,1929.09102821534,3.0,2.0,136.0,25.0,16.0,22.0,21.0,25.0,Benjamin Pavard,55.59066354092345,46.96768932830496,0.3669350728773825,0.0,0.0,1.2842727550708388,0.4586688410967282,0.0917337682193456,0.0219339002752013,39.537254102537965,176.96278925632512,0.2752013046580369,0.1834675364386912,12.475792477831009,2.2933442054836406,1.46774029150953,2.018142900825604,1.9264091326062585,2.2933442054836406,84.48844884488449,66.66666666666666,Right Back,Full Back,True,75.83892617449665,42.28187919463088,48.99328859060403,78.52348993288591,81.87919463087249,80.53691275167785,74.49664429530202,50.33557046979866,18.12080536912752,59.73154362416108,64.42953020134227,72.48322147651007,52.348993288590606,51.006711409395976,6.711409395973154,21.47651006711409,33.89261744966443,29.86577181208054,32.88590604026846,55.7,80.31,47.65,51.12,29.53,52.86,1
5477,1026.77,453.0,332.0,27.0,2.0,2.0,52.0,21.0,1.0,1.7211935135999998,469.0,4388.842194715584,51.0,28.0,192.0,22.0,6.0,1.0,17.0,41.0,Ousmane Dembélé,39.70704247299785,29.10096711045317,2.366644915609143,0.1753070307858624,0.1753070307858624,4.557982800432424,1.840723823251556,0.0876535153929312,0.150868662138551,41.10949871928475,384.6974468716485,4.470329285039493,2.4542984310020746,16.829474955442794,1.928377338644487,0.5259210923575873,0.0876535153929312,1.4901097616798311,3.5937941311101804,73.28918322295806,54.90196078431373,Right Wing,Winger,True,36.55913978494624,38.70967741935484,52.68817204301075,86.02150537634408,79.56989247311827,36.55913978494624,83.87096774193549,95.6989247311828,86.02150537634408,61.29032258064516,86.02150537634408,44.08602150537634,19.35483870967742,54.83870967741935,46.236559139784944,95.6989247311828,63.44086021505376,52.68817204301075,98.9247311827957,42.65,67.38,88.53,51.97,77.69,65.65,0
5479,669.92,384.0,298.0,2.0,0.0,0.0,11.0,4.0,0.0,0.256710337,296.0,1795.5331900183323,16.0,10.0,81.0,10.0,8.0,9.0,19.0,34.0,Aziz Eraltay Behich,51.58824934320516,40.0346310007165,0.2686887986625269,0.0,0.0,1.4777883926438975,0.5373775973250537,0.0,0.0344875960263912,39.76594220205398,241.21982789236017,2.149510389300215,1.3434439933126343,10.88189634583234,1.3434439933126343,1.0747551946501075,1.2090995939813711,2.552543587294005,4.567709577262957,77.60416666666666,62.5,Left Back,Full Back,True,37.24832214765101,53.69127516778524,55.70469798657718,64.42953020134227,60.40268456375839,38.92617449664429,75.16778523489933,83.89261744966443,91.94630872483222,39.59731543624161,24.832214765100677,53.69127516778524,20.80536912751678,81.87919463087249,79.19463087248322,16.778523489932887,33.89261744966443,29.86577181208054,36.24161073825504,48.88,54.59,83.67,50.0,29.19,53.27,1
5480,305.05,196.0,169.0,2.0,1.0,2.0,1.0,3.0,0.0,0.243478811,171.0,839.6589043633712,3.0,1.0,71.0,4.0,6.0,5.0,7.0,20.0,Corentin Tolisso,57.82658580560564,49.86067857728241,0.5900672020980167,0.2950336010490083,0.5900672020980167,0.2950336010490083,0.8851008031470251,0.0,0.0718344303884609,50.450745779380426,247.7275902071904,0.8851008031470251,0.2950336010490083,20.947385674479595,1.180134404196033,1.7702016062940502,1.4751680052450418,2.0652352073430587,5.900672020980167,86.22448979591837,33.33333333333333,Left Wing,Winger,True,17.741935483870968,11.827956989247312,10.75268817204301,97.8494623655914,100.0,98.9247311827957,96.7741935483871,65.59139784946237,5.376344086021505,89.24731182795699,52.68817204301075,94.6236559139785,97.8494623655914,86.02150537634408,95.6989247311828,19.35483870967742,86.02150537634408,91.39784946236558,5.376344086021505,13.44,98.92,55.91,86.02,50.54,60.97,1
5481,624.62,186.0,125.0,3.0,1.0,0.0,5.0,10.0,1.0,0.835632557,181.0,1504.9264632212414,22.0,8.0,141.0,5.0,5.0,12.0,23.0,24.0,Mathew Leckie,26.800294579104097,18.010950658000066,0.4322628157920015,0.1440876052640005,0.0,0.7204380263200025,1.440876052640005,0.1440876052640005,0.1204042940187634,26.07985655278409,216.8412501839706,3.1699273158080112,1.1527008421120042,20.31635234222407,0.7204380263200025,0.7204380263200025,1.729051263168006,3.314014921072012,3.458102526336012,67.20430107526882,36.36363636363637,Right Midfield,Midfielder,True,59.15492957746479,59.15492957746479,64.7887323943662,9.859154929577464,7.042253521126761,4.225352112676056,19.718309859154928,52.11267605633802,71.83098591549296,74.64788732394366,9.859154929577464,33.80281690140845,84.50704225352112,97.1830985915493,29.577464788732392,15.492957746478872,73.23943661971832,27.464788732394368,50.70422535211267,61.03,7.04,47.89,54.93,41.73,42.52,0
5484,775.8,366.0,294.0,2.0,2.0,0.0,7.0,5.0,0.0,0.2928153947,281.0,1539.303237441365,15.0,7.0,161.0,12.0,9.0,19.0,16.0,30.0,Lucas Hernández Pi,42.459396751740144,34.106728538283065,0.2320185614849188,0.2320185614849188,0.0,0.8120649651972157,0.580046403712297,0.0,0.0339693033294663,32.59860788863109,178.57346142011195,1.740139211136891,0.8120649651972157,18.677494199535964,1.3921113689095128,1.0440835266821349,2.2041763341067284,1.8561484918793505,3.480278422273782,80.32786885245902,46.66666666666666,Left Back,Full Back,True,37.24832214765101,53.02013422818792,61.07382550335571,32.21476510067114,38.25503355704698,59.06040268456376,44.29530201342282,52.348993288590606,74.49664429530202,95.3020134228188,26.845637583892614,51.67785234899329,59.73154362416108,48.99328859060403,47.651006711409394,10.738255033557047,88.59060402684564,29.86577181208054,14.093959731543624,50.45,43.18,57.05,55.03,35.82,48.31,1
5485,1625.36,897.0,801.0,1.0,0.0,1.0,0.0,9.0,1.0,0.893800223,694.0,4752.993316668261,4.0,3.0,82.0,8.0,17.0,63.0,23.0,57.0,Raphaël Varane,49.66899640694984,44.35325097209234,0.0553723482797657,0.0,0.0553723482797657,0.0,0.4983511345178915,0.0553723482797657,0.0494918172404882,38.4284097061574,263.18440130195376,0.2214893931190628,0.1661170448392971,4.5405325589407886,0.4429787862381257,0.9413299207560172,3.48845794162524,1.2735640104346115,3.156223851946645,89.29765886287625,75.0,Right Center Back,Centre Back,True,68.04733727810651,53.84615384615385,59.76331360946746,54.4378698224852,56.80473372781065,63.31360946745562,56.80473372781065,76.33136094674556,56.80473372781065,11.242603550295858,5.9171597633136095,43.19526627218935,37.278106508875744,31.952662721893493,71.59763313609467,38.46153846153847,44.67455621301775,62.1301775147929,26.035502958579883,60.55,58.19,63.31,33.53,42.83,51.68,1
5487,1949.41,957.0,734.0,41.0,5.0,6.0,43.0,47.0,5.0,6.4564086239,751.0,4320.227808979015,26.0,16.0,453.0,37.0,15.0,17.0,31.0,80.0,Antoine Griezmann,44.18259883759702,33.88717611995424,1.892880409970196,0.2308390743866092,0.2770068892639311,1.98521603972484,2.169887299234128,0.2308390743866092,0.2980782781205595,34.67202897286872,199.45547771280096,1.200363186810368,0.7386850380371497,20.9140201394268,1.7082091504609087,0.6925172231598278,0.7848528529144716,1.4312022611969777,3.693425190185749,76.69801462904911,61.53846153846154,Center Attacking Midfield,Attacking Midfielder,True,65.78947368421053,84.21052631578947,81.57894736842105,73.68421052631578,68.42105263157895,42.10526315789473,60.526315789473685,47.368421052631575,39.47368421052632,68.42105263157895,73.68421052631578,47.368421052631575,89.47368421052632,47.368421052631575,31.57894736842105,84.21052631578947,68.42105263157895,44.73684210526316,65.78947368421053,77.19,61.4,49.12,59.65,65.79,62.63,0
5490,433.71,144.0,116.0,2.0,0.0,0.0,4.0,3.0,0.0,0.3323922059999999,89.0,370.2209319012575,2.0,0.0,88.0,9.0,9.0,11.0,9.0,15.0,Jackson Irvine,29.88171819879643,24.071384104586013,0.4150238638721726,0.0,0.0,0.8300477277443452,0.622535795808259,0.0,0.0689753488275575,18.468561942311684,76.82526082200819,0.4150238638721726,0.0,18.2610500103756,1.867607387424777,1.867607387424777,2.2826312512969498,1.867607387424777,3.112678979041295,80.55555555555556,0.0,Left Center Forward,Forward,True,12.048192771084338,3.614457831325301,1.2048192771084338,85.54216867469879,85.54216867469879,86.74698795180723,43.373493975903614,21.686746987951807,6.626506024096386,79.51807228915662,96.3855421686747,100.0,100.0,87.95180722891565,57.831325301204814,24.09638554216868,27.710843373493976,29.518072289156628,67.46987951807229,5.62,85.94,23.9,86.95,37.2,47.92,1
5492,571.25,214.0,184.0,1.0,0.0,0.0,0.0,2.0,1.0,0.087307345,158.0,1022.819008550494,2.0,2.0,34.0,3.0,7.0,25.0,7.0,17.0,Samuel Yves Umtiti,33.715536105032825,28.9890590809628,0.1575492341356674,0.0,0.0,0.0,0.3150984682713348,0.1575492341356674,0.0137552053391684,24.89277899343545,161.144351456533,0.3150984682713348,0.3150984682713348,5.356673960612691,0.4726477024070022,1.1028446389496718,3.938730853391685,1.1028446389496718,2.6783369803063457,85.98130841121495,100.0,Left Center Back,Centre Back,True,82.24852071005917,25.44378698224852,43.78698224852072,15.976331360946746,18.34319526627219,43.19526627218935,17.75147928994083,32.544378698224854,80.4733727810651,24.85207100591716,7.100591715976331,53.25443786982249,49.11242603550296,21.301775147929,55.02958579881657,52.071005917159766,44.67455621301775,30.17751479289941,26.035502958579883,50.49,25.84,43.59,35.11,38.24,38.65,1
5503,1599.46,755.0,618.0,37.0,5.0,15.0,14.0,66.0,11.0,12.3088721334,806.0,5866.184998349381,83.0,59.0,193.0,10.0,0.0,1.0,15.0,64.0,Lionel Andrés Messi Cuccittini,42.48308804221425,34.774236304752854,2.08195265902242,0.2813449539219486,0.8440348617658461,0.7877658709814562,3.713753391769722,0.618958898628287,0.6926078126405162,45.35280657221812,330.08430961164663,4.670326235104348,3.319870456278994,10.85991522138722,0.5626899078438973,0.0,0.0562689907843897,0.8440348617658461,3.601215410200943,81.8543046357616,71.08433734939759,Right Center Forward,Forward,True,71.08433734939759,93.97590361445783,91.56626506024097,97.59036144578312,97.59036144578312,89.1566265060241,98.79518072289156,98.79518072289156,96.3855421686747,16.867469879518072,42.16867469879519,16.867469879518072,8.433734939759036,28.915662650602407,68.67469879518072,100.0,92.7710843373494,100.0,63.85542168674698,85.54,94.78,97.99,30.32,89.16,79.56,0
5506,378.67,348.0,311.0,3.0,0.0,1.0,0.0,1.0,0.0,0.01982028,263.0,1643.1130434610973,3.0,2.0,86.0,9.0,6.0,4.0,4.0,17.0,Javier Alejandro Mascherano,82.7105395198986,73.91660284680593,0.7130218924129189,0.0,0.2376739641376396,0.0,0.2376739641376396,0.0,0.0047107645179179,62.50825256819923,390.5251905656608,0.7130218924129189,0.4753479282752793,20.43996091583701,2.139065677238757,1.4260437848258378,0.9506958565505584,0.9506958565505584,4.040457390339874,89.36781609195403,66.66666666666666,Center Defensive Midfield,Defensive Midfielder,True,33.16831683168317,5.9405940594059405,13.861386138613865,99.009900990099,98.01980198019804,76.23762376237624,96.03960396039604,98.01980198019804,57.42574257425742,83.16831683168317,64.35643564356435,75.24752475247524,30.69306930693069,8.91089108910891,39.6039603960396,65.34653465346535,35.64356435643564,65.34653465346535,10.891089108910892,17.66,91.09,83.83,50.33,44.31,57.44,1
5507,1262.44,681.0,583.0,9.0,0.0,2.0,3.0,10.0,0.0,1.338200188,504.0,2280.0492857121108,9.0,4.0,160.0,24.0,13.0,23.0,24.0,39.0,Nicolás Alejandro Tagliafico,48.5488419251608,41.56237128101137,0.6416146509933145,0.0,0.1425810335540699,0.2138715503311048,0.7129051677703495,0.0,0.0954009829536453,35.930420455625615,162.54589185552578,0.6416146509933145,0.2851620671081398,11.406482684325592,1.7109724026488389,0.9267767181014545,1.639681885871804,1.7109724026488389,2.780330154304363,85.6093979441997,44.44444444444444,Left Back,Full Back,True,37.24832214765101,79.19463087248322,68.45637583892618,53.02013422818792,67.78523489932886,85.90604026845638,57.04697986577181,39.59731543624161,33.557046979865774,44.29530201342282,41.61073825503356,42.95302013422819,40.26845637583892,40.26845637583892,21.47651006711409,47.651006711409394,33.89261744966443,65.77181208053692,2.684563758389262,61.63,68.9,43.4,38.48,37.5,49.98,1
5519,307.31,161.0,129.0,5.0,0.0,0.0,6.0,3.0,0.0,0.936940625,157.0,1095.6329417451284,5.0,4.0,65.0,7.0,2.0,3.0,2.0,18.0,Christian Alberto Cueva Bravo,47.151085223390055,37.779440955387074,1.4643194168754678,0.0,0.0,1.7571833002505617,0.8785916501252807,0.0,0.2743960699293872,45.97962968988969,320.8713180731559,1.4643194168754678,1.1714555335003742,19.03615241938108,2.050047183625655,0.5857277667501871,0.8785916501252807,0.5857277667501871,5.271549900751683,80.12422360248446,80.0,Center Attacking Midfield,Attacking Midfielder,True,18.421052631578945,78.94736842105263,21.052631578947366,81.57894736842105,78.94736842105263,65.78947368421053,89.47368421052632,94.73684210526316,68.42105263157895,65.78947368421053,92.10526315789474,42.10526315789473,92.10526315789474,10.526315789473683,81.57894736842105,63.1578947368421,19.73684210526316,9.210526315789473,57.89473684210527,39.47,75.44,84.21,64.04,37.5,60.13,1
5521,317.76,158.0,132.0,2.0,0.0,0.0,4.0,3.0,0.0,0.0268658297,131.0,740.4020058879787,8.0,7.0,51.0,14.0,4.0,8.0,4.0,12.0,Luis Jan Piers Advíncula Castrillón,44.75075528700906,37.38670694864049,0.5664652567975831,0.0,0.0,1.1329305135951662,0.8496978851963746,0.0,0.0076092795600453,37.103474320241695,209.7060061993897,2.2658610271903323,1.982628398791541,14.444864048338369,3.965256797583082,1.1329305135951662,2.2658610271903323,1.1329305135951662,3.3987915407854983,83.54430379746836,87.5,Right Back,Full Back,True,37.24832214765101,24.832214765100677,79.19463087248322,40.939597315436245,47.651006711409394,72.48322147651007,61.74496644295302,67.78523489932886,97.31543624161074,77.18120805369128,98.65771812080536,56.375838926174495,61.07382550335571,10.738255033557047,46.30872483221477,40.939597315436245,33.89261744966443,29.86577181208054,28.187919463087248,47.09,53.69,75.62,58.39,33.22,53.6,1
5524,580.3199999999999,293.0,213.0,9.0,1.0,3.0,13.0,2.0,0.0,0.104636173,203.0,1082.468317311223,3.0,3.0,75.0,8.0,10.0,13.0,9.0,30.0,Jens Stryger Larsen,45.44044665012407,33.03349875930522,1.3957816377171215,0.1550868486352357,0.4652605459057072,2.016129032258065,0.3101736972704715,0.0,0.0162276943238213,31.482630272952857,167.876600079284,0.4652605459057072,0.4652605459057072,11.631513647642684,1.240694789081886,1.5508684863523576,2.016129032258065,1.3957816377171215,4.652605459057073,72.6962457337884,100.0,Left Back,Full Back,True,37.24832214765101,34.22818791946309,30.87248322147651,44.29530201342282,34.899328859060404,16.778523489932887,38.25503355704698,44.966442953020135,51.006711409395976,48.99328859060403,21.47651006711409,76.51006711409396,51.67785234899329,24.16107382550336,81.87919463087249,89.93288590604027,79.19463087248322,95.3020134228188,58.38926174496645,34.12,31.99,44.74,50.78,80.7,48.47,1
5525,438.82,137.0,98.0,6.0,0.0,2.0,2.0,7.0,0.0,0.3552287219999999,128.0,620.1139487980962,5.0,1.0,93.0,9.0,3.0,2.0,6.0,20.0,Édison Michael Flores Peralta,28.098081217811405,20.099357367485528,1.2305729000501344,0.0,0.4101909666833782,0.4101909666833782,1.4356683833918231,0.0,0.0728558064354404,26.252221867736203,127.18257005566898,1.0254774167084455,0.2050954833416891,19.073879950777084,1.8458593500752016,0.6152864500250672,0.4101909666833782,1.2305729000501344,4.101909666833782,71.53284671532847,20.0,Left Center Forward,Forward,True,12.048192771084338,4.819277108433735,8.433734939759036,81.92771084337349,81.92771084337349,42.16867469879519,81.92771084337349,60.24096385542169,14.457831325301203,83.13253012048193,95.18072289156626,90.36144578313254,32.53012048192771,65.06024096385542,84.33734939759037,81.92771084337349,27.710843373493976,93.97590361445783,31.32530120481928,8.43,68.67,52.21,75.1,58.73,52.63,0
5527,975.63,503.0,396.0,7.0,1.0,0.0,12.0,11.0,1.0,0.6434961919999999,392.0,1485.0682487968777,7.0,4.0,169.0,20.0,17.0,20.0,17.0,31.0,Thomas Delaney,46.40078718366594,36.53024199747856,0.64573660096553,0.0922480858522185,0.0,1.1069770302266229,1.0147289443744043,0.0922480858522185,0.0593612919651917,36.16124965406968,136.99470331141825,0.64573660096553,0.3689923434088743,15.589926509024936,1.8449617170443715,1.5682174594877156,1.8449617170443715,1.5682174594877156,2.859690661418776,78.72763419483101,57.14285714285714,Left Defensive Midfield,Defensive Midfielder,True,70.29702970297029,58.415841584158414,58.415841584158414,45.54455445544555,37.62376237623762,7.920792079207921,45.54455445544555,13.861386138613865,41.58415841584159,48.51485148514851,51.48514851485149,77.22772277227723,76.23762376237624,37.62376237623762,4.950495049504951,59.4059405940594,76.23762376237624,19.306930693069308,92.07920792079209,62.38,30.36,33.66,49.34,61.76,47.5,1
5528,570.77,147.0,81.0,0.0,0.0,0.0,0.0,0.0,0.0,0.0,67.0,460.98350483506255,0.0,0.0,0.0,0.0,0.0,0.0,0.0,35.0,Pedro David Gallese Quiróz,23.17921404418593,12.77221998353102,0.0,0.0,0.0,0.0,0.0,0.0,0.0,10.564675788846646,72.68867571027845,0.0,0.0,0.0,0.0,0.0,0.0,0.0,5.518860486710934,55.10204081632652,0.0,Goalkeeper,Goalkeeper,True,50.0,49.28571428571429,49.28571428571429,25.71428571428571,14.285714285714285,11.428571428571429,25.71428571428571,58.57142857142858,45.0,30.714285714285715,50.0,50.71428571428571,38.57142857142858,45.71428571428572,97.14285714285714,46.42857142857143,50.0,47.85714285714286,50.0,49.52,17.14,43.1,52.14,48.57,42.1,2
5534,1018.86,540.0,476.0,3.0,0.0,0.0,1.0,3.0,1.0,1.35838538,446.0,2203.34534422424,0.0,0.0,80.0,17.0,10.0,65.0,19.0,28.0,Simon Thorup Kjær,47.700371002885575,42.04699369883988,0.2650020611271421,0.0,0.0,0.088334020375714,0.2650020611271421,0.088334020375714,0.119991641834992,39.396973087568455,194.63035253143863,0.0,0.0,7.066721630057123,1.5016783463871386,0.8833402037571404,5.741711324421412,1.6783463871385664,2.473352570519993,88.14814814814815,0.0,Right Center Back,Centre Back,True,72.7810650887574,81.06508875739645,33.13609467455622,50.88757396449704,52.66272189349112,57.98816568047337,60.946745562130175,49.11242603550296,22.7810650887574,56.213017751479285,70.41420118343196,39.05325443786983,85.79881656804734,57.396449704142015,46.15384615384615,74.55621301775149,44.67455621301775,30.17751479289941,53.84615384615385,62.33,53.85,44.28,59.17,50.81,54.09,1
5535,329.93,77.0,45.0,2.0,1.0,0.0,1.0,11.0,1.0,1.366852868,57.0,292.43637360937817,3.0,0.0,40.0,3.0,0.0,4.0,5.0,7.0,José Paolo Guerrero Gonzáles,21.0044554905586,12.275331130845936,0.5455702724820416,0.2727851362410208,0.0,0.2727851362410208,3.000636498651229,0.2727851362410208,0.3728571458188101,15.548752765738186,79.77229601686429,0.8183554087230624,0.0,10.911405449640831,0.8183554087230624,0.0,1.0911405449640832,1.363925681205104,1.9094959536871456,58.44155844155844,0.0,Center Forward,Forward,True,40.963855421686745,48.19277108433735,74.69879518072288,53.01204819277109,30.120481927710845,2.409638554216868,27.710843373493976,22.89156626506024,6.626506024096386,18.072289156626507,63.85542168674698,16.867469879518072,81.92771084337349,73.49397590361446,19.27710843373494,31.32530120481928,91.56626506024097,29.518072289156628,20.48192771084337,54.62,28.51,19.08,45.58,43.22,38.2,0
5536,661.1800000000001,197.0,134.0,9.0,0.0,0.0,8.0,9.0,3.0,1.771787727,187.0,1181.5207929372573,19.0,11.0,172.0,11.0,5.0,6.0,17.0,23.0,Yussuf Yurary Poulsen,26.81569315466288,18.24011615596358,1.2250824283856134,0.0,0.0,1.0889621585649898,1.2250824283856134,0.4083608094618711,0.2411762234641096,25.45449045645664,160.82892913329675,2.5862851265918505,1.4973229680268607,23.41268640914728,1.4973229680268607,0.6806013491031185,0.8167216189237423,2.314044586950603,3.130766205874345,68.02030456852792,57.89473684210527,Right Wing,Winger,True,79.56989247311827,60.215053763440864,18.27956989247312,36.55913978494624,27.956989247311824,11.827956989247312,27.956989247311824,22.58064516129032,61.29032258064516,94.6236559139785,67.74193548387096,58.06451612903226,83.87096774193549,95.6989247311828,27.956989247311824,52.68817204301075,24.193548387096776,20.43010752688172,23.655913978494624,52.69,25.45,37.28,71.33,30.24,43.4,0
5537,1149.1,679.0,560.0,3.0,0.0,4.0,7.0,13.0,2.0,2.877730349,546.0,2881.274263300985,1.0,0.0,102.0,18.0,20.0,51.0,21.0,43.0,Fabian Lukas Schär,53.18075015229311,43.86041249673658,0.2349664955182316,0.0,0.3132886606909756,0.5482551562092072,1.0181881472456706,0.1566443303454878,0.2253900717169959,42.76390218431816,225.66763875823577,0.0783221651727439,0.0,7.988860847619877,1.40979897310939,1.566443303454878,3.994430423809938,1.644765468627622,3.367853102427988,82.4742268041237,0.0,Right Center Back,Centre Back,True,81.65680473372781,94.67455621301777,92.89940828402366,63.31360946745562,56.213017751479285,25.44378698224852,69.23076923076923,60.946745562130175,22.7810650887574,65.68047337278107,63.31360946745562,79.28994082840237,50.88757396449704,55.02958579881657,78.69822485207101,66.86390532544378,44.67455621301775,92.3076923076923,92.89940828402366,89.74,48.32,50.99,65.48,74.19,65.74,1
5539,758.9399999999999,516.0,434.0,7.0,0.0,4.0,2.0,14.0,2.0,1.3159907927,387.0,1564.9965298363068,7.0,6.0,119.0,26.0,11.0,18.0,27.0,40.0,Carlos Henrique Casimiro,61.19060795319788,51.46651909241837,0.8301051466519094,0.0,0.4743457980868053,0.2371728990434026,1.6602102933038188,0.2371728990434026,0.1560586757095423,45.89295596489841,185.58738198707093,0.8301051466519094,0.7115186971302081,14.11178749308246,3.083247687564235,1.3044509447387147,2.134556091390624,3.201834137085936,4.743457980868054,84.10852713178295,85.71428571428571,Left Defensive Midfield,Defensive Midfielder,True,86.13861386138613,84.15841584158416,87.12871287128714,80.19801980198021,76.23762376237624,37.62376237623762,72.27722772277228,44.55445544554456,76.23762376237624,35.64356435643564,90.0990099009901,67.32673267326733,83.16831683168317,99.009900990099,60.3960396039604,78.21782178217822,35.64356435643564,86.13861386138613,40.5940594059406,85.81,64.69,64.36,72.61,60.15,69.52,1
5540,321.32,231.0,216.0,0.0,0.0,0.0,0.0,1.0,0.0,0.019102212,199.0,1067.7731331338796,1.0,1.0,97.0,13.0,5.0,2.0,8.0,17.0,Valon Behrami,64.70185484874892,60.50043570272625,0.0,0.0,0.0,0.0,0.2800946097348437,0.0,0.0053504266152122,55.73882733723392,299.0774990104854,0.2800946097348437,0.2800946097348437,27.16917714427985,3.641229926552969,1.4004730486742187,0.5601892194696875,2.24075687787875,4.761608365492345,93.5064935064935,100.0,Right Center Midfield,Midfielder,True,26.05633802816901,1.4084507042253522,7.042253521126761,90.14084507042254,92.95774647887325,98.59154929577466,88.73239436619718,83.09859154929578,18.30985915492958,94.3661971830986,98.59154929577466,78.87323943661971,39.436619718309856,76.05633802816901,70.4225352112676,2.112676056338028,32.3943661971831,27.464788732394368,4.929577464788732,11.5,93.9,63.38,76.29,16.73,52.36,1
5542,351.72,156.0,136.0,3.0,0.0,0.0,3.0,6.0,1.0,1.3744951950000002,140.0,880.0813026270673,6.0,2.0,73.0,7.0,3.0,0.0,6.0,16.0,José Paulo Bezzera Maciel Júnior,39.91811668372569,34.800409416581374,0.767656090071648,0.0,0.0,0.767656090071648,1.535312180143296,0.255885363357216,0.3517132024053224,35.82395087001024,225.19992390661903,1.535312180143296,0.511770726714432,18.67963152507677,1.791197543500512,0.767656090071648,0.0,1.535312180143296,4.094165813715456,87.17948717948718,33.33333333333333,Right Center Midfield,Midfielder,True,84.50704225352112,97.1830985915493,71.83098591549296,46.478873239436616,52.11267605633802,73.23943661971832,59.15492957746479,60.56338028169014,35.2112676056338,60.56338028169014,64.7887323943662,38.0281690140845,3.5211267605633805,43.66197183098591,46.478873239436616,40.845070422535215,32.3943661971831,27.464788732394368,53.52112676056338,84.51,57.28,51.64,42.84,38.56,54.96,0
5543,614.77,127.0,87.0,7.0,0.0,3.0,4.0,15.0,3.0,1.554489275,110.0,546.2153630723675,2.0,2.0,92.0,0.0,4.0,7.0,6.0,6.0,Haris Seferović,18.592319078679832,12.736470549961776,1.0247734925256602,0.0,0.4391886396538543,0.5855848528718057,2.1959431982692714,0.4391886396538543,0.2275713433479187,16.103583453974657,79.96386075526307,0.2927924264359028,0.2927924264359028,13.468451616051532,0.0,0.5855848528718057,1.0247734925256602,0.8783772793077086,0.8783772793077086,68.50393700787401,100.0,Right Center Forward,Forward,True,56.62650602409639,24.09638554216868,50.60240963855421,39.75903614457831,32.53012048192771,27.710843373493976,31.32530120481928,24.09638554216868,19.27710843373494,37.34939759036144,4.216867469879518,89.1566265060241,78.3132530120482,33.734939759036145,3.614457831325301,72.28915662650603,27.710843373493976,95.18072289156626,46.98795180722892,43.78,33.33,24.9,41.06,60.54,40.72,0
5544,1764.35,978.0,774.0,21.0,0.0,2.0,55.0,12.0,0.0,1.0086014974,726.0,4331.748395118628,14.0,10.0,206.0,31.0,12.0,45.0,31.0,53.0,Ricardo Iván Rodríguez Araya,49.888060758919714,39.48196219570947,1.0712160285657608,0.0,0.10202057414912,2.805565789100802,0.6121234448947205,0.0,0.0514490519262051,37.03346841613059,220.963729169766,0.7141440190438405,0.5101028707456003,10.508119137359367,1.5813188993113612,0.6121234448947205,2.2954629183552018,1.5813188993113612,2.7035452149516823,79.14110429447852,71.42857142857143,Left Back,Full Back,True,37.24832214765101,61.74496644295302,64.42953020134227,59.73154362416108,57.71812080536913,51.67785234899329,61.07382550335571,69.79865771812081,55.033557046979865,38.25503355704698,35.57046979865772,17.449664429530202,63.08724832214765,34.22818791946309,18.79194630872483,77.18120805369128,33.89261744966443,62.41610738255034,81.20805369127517,54.47,56.38,61.97,34.56,63.67,54.21,1
5545,1174.41,266.0,210.0,11.0,1.0,3.0,5.0,29.0,5.0,5.204791507,320.0,2177.745072207042,32.0,15.0,219.0,12.0,6.0,10.0,12.0,37.0,Breel-Donald Embolo,20.38470380872097,16.093187217411295,0.8429764732929725,0.0766342248448156,0.229902674534447,0.3831711242240784,2.222392520499655,0.3831711242240784,0.3988651626178251,24.52295195034102,166.88980551820384,2.452295195034102,1.1495133726722353,16.782895241014636,0.9196106981377884,0.4598053490688941,0.7663422484481569,0.9196106981377884,2.83546631925818,78.94736842105263,46.875,Center Forward,Forward,True,49.39759036144578,54.21686746987952,51.80722891566265,51.80722891566265,62.65060240963856,74.69879518072288,75.90361445783132,78.3132530120482,71.08433734939759,63.85542168674698,74.69879518072288,79.51807228915662,55.42168674698795,39.75903614457831,48.19277108433735,57.831325301204814,57.831325301204814,77.10843373493977,28.915662650602407,51.81,63.05,75.1,60.24,55.42,61.12,0
5547,1288.03,294.0,255.0,0.0,0.0,0.0,0.0,0.0,0.0,0.0,160.0,530.1627798328008,0.0,0.0,0.0,0.0,0.0,0.0,0.0,51.0,Alisson Ramsés Becker,20.542999774849964,17.817907967982112,0.0,0.0,0.0,0.0,0.0,0.0,0.0,11.1798638230476,37.04467301611924,0.0,0.0,0.0,0.0,0.0,0.0,0.0,3.563581593596423,86.73469387755102,0.0,Goalkeeper,Goalkeeper,True,50.0,49.28571428571429,49.28571428571429,14.285714285714285,45.71428571428572,98.57142857142858,35.714285714285715,5.714285714285714,45.0,30.714285714285715,50.0,50.71428571428571,38.57142857142858,45.71428571428572,47.14285714285714,46.42857142857143,50.0,47.85714285714286,50.0,49.52,52.86,28.81,43.81,48.57,44.71,2
5548,637.88,252.0,199.0,9.0,4.0,2.0,14.0,12.0,1.0,0.892533795,239.0,1539.6745566801103,16.0,8.0,107.0,8.0,2.0,5.0,4.0,23.0,Steven Zuber,35.555276854580804,28.077381325641188,1.2698313162350283,0.5643694738822349,0.2821847369411174,1.9752931585878224,1.6931084216467047,0.1410923684705587,0.1259297070765661,33.72107606446354,217.2363298758543,2.25747789552894,1.1287389477644698,15.096883426349784,1.1287389477644698,0.2821847369411174,0.7054618423527936,0.5643694738822349,3.245124474822851,78.96825396825396,50.0,Left Wing,Winger,True,40.86021505376344,34.40860215053764,41.935483870967744,75.26881720430107,77.41935483870968,70.96774193548387,62.36559139784946,47.31182795698925,38.70967741935484,47.31182795698925,50.53763440860215,23.655913978494624,78.49462365591397,6.451612903225806,35.483870967741936,55.91397849462365,97.8494623655914,74.19354838709677,48.38709677419355,39.07,74.55,49.46,40.32,69.09,54.5,0
5549,1812.46,1177.0,1068.0,3.0,0.0,1.0,3.0,14.0,2.0,3.8292309915,900.0,6797.436158160897,5.0,5.0,161.0,26.0,24.0,65.0,33.0,62.0,Manuel Obafemi Akanji,58.44542776116438,53.03289451905145,0.1489688048287962,0.0,0.0496562682762654,0.1489688048287962,0.6951877558677156,0.0993125365525308,0.1901453214057137,44.690641448638864,337.5353134604244,0.248281341381327,0.248281341381327,7.994659192478731,1.2910629751829006,1.1917504386303697,3.227657437957252,1.6386568531167585,3.078688633128455,90.7391673746814,100.0,Left Center Back,Centre Back,True,73.96449704142012,91.1242603550296,76.33136094674556,73.96449704142012,75.14792899408283,74.55621301775149,73.96449704142012,94.0828402366864,71.59763313609467,66.27218934911244,53.25443786982249,63.31360946745562,28.402366863905325,53.84615384615385,68.04733727810651,51.4792899408284,44.67455621301775,60.946745562130175,63.31360946745562,80.47,74.56,79.88,55.52,55.1,69.11,1
5550,1712.16,585.0,473.0,0.0,0.0,0.0,0.0,0.0,0.0,0.0,336.0,1399.1871978565096,0.0,0.0,1.0,0.0,0.0,0.0,0.0,63.0,Yann Sommer,30.750630782169893,24.863330529857027,0.0,0.0,0.0,0.0,0.0,0.0,0.0,17.661900756938607,73.54852806226397,0.0,0.0,0.052565180824222,0.0,0.0,0.0,0.0,3.3116063919259884,80.85470085470085,0.0,Goalkeeper,Goalkeeper,True,50.0,49.28571428571429,49.28571428571429,75.71428571428571,87.14285714285714,87.14285714285714,81.42857142857143,60.0,45.0,62.85714285714285,50.0,50.71428571428571,38.57142857142858,45.71428571428572,34.285714285714285,46.42857142857143,50.0,47.85714285714286,50.0,49.52,83.33,62.14,47.02,48.57,58.12,2
5551,478.76,256.0,237.0,1.0,0.0,0.0,0.0,1.0,0.0,0.05075771,206.0,1078.718976497018,2.0,2.0,40.0,9.0,5.0,18.0,10.0,13.0,João Miranda de Souza Filho,48.12432116300443,44.5525942016877,0.187985629542986,0.0,0.0,0.0,0.187985629542986,0.0,0.0095417200685103,38.72503968585512,202.7836658967575,0.3759712590859721,0.3759712590859721,7.519425181719441,1.6918706658868743,0.9399281477149302,3.383741331773749,1.8798562954298603,2.4438131840588184,92.578125,100.0,Left Center Back,Centre Back,True,34.023668639053255,21.89349112426036,20.118343195266277,52.071005917159766,57.396449704142015,85.79881656804734,59.171597633136095,53.25443786982249,85.20710059171599,62.1301775147929,79.88165680473372,42.60355029585799,33.13609467455622,66.27218934911244,43.19526627218935,56.80473372781065,44.67455621301775,30.17751479289941,26.035502958579883,25.35,65.09,65.88,54.54,39.42,50.05,1
5554,336.38,92.0,72.0,3.0,0.0,0.0,1.0,9.0,1.0,1.2323999472999998,93.0,580.6423476821068,5.0,3.0,103.0,6.0,4.0,1.0,5.0,10.0,Blerim Džemaili,24.6150187288186,19.26392770081456,0.8026636542006065,0.0,0.0,0.2675545514002021,2.4079909626018194,0.2675545514002021,0.3297342150454842,24.8825732802188,155.35350285804628,1.3377727570010107,0.8026636542006065,27.558118794220825,1.605327308401213,1.0702182056008085,0.2675545514002021,1.3377727570010107,2.675545514002021,78.26086956521739,60.0,Center Attacking Midfield,Attacking Midfielder,True,76.31578947368422,92.10526315789474,86.8421052631579,10.526315789473683,10.526315789473683,63.1578947368421,13.157894736842104,21.052631578947366,47.368421052631575,97.36842105263158,68.42105263157895,86.8421052631579,50.0,44.73684210526316,7.894736842105263,26.31578947368421,19.73684210526316,9.210526315789473,13.157894736842104,85.09,28.07,27.19,59.21,17.11,43.33,0
5556,327.51,121.0,88.0,5.0,0.0,1.0,10.0,9.0,0.0,0.43350528,113.0,840.0446011692444,7.0,6.0,59.0,3.0,5.0,1.0,2.0,11.0,Miguel Arturo Layún Prado,33.25089310250068,24.18246771090959,1.3740038472107725,0.0,0.2748007694421544,2.748007694421545,2.47320692497939,0.0,0.1191275845012366,31.05248694696345,230.84490276703613,1.923605386095081,1.6488046166529269,16.213245397087114,0.8244023083264634,1.3740038472107725,0.2748007694421544,0.5496015388843088,3.022808463863699,72.72727272727273,85.71428571428571,Right Wing,Winger,True,17.741935483870968,30.107526881720432,75.26881720430107,59.13978494623656,56.98924731182796,33.33333333333333,49.46236559139785,56.98924731182796,67.74193548387096,56.98924731182796,35.483870967741936,91.39784946236558,41.935483870967744,4.301075268817205,25.806451612903224,63.44086021505376,24.193548387096776,73.11827956989248,75.26881720430107,41.04,49.82,58.06,42.65,59.01,50.12,0
5557,402.11,125.0,87.0,5.0,0.0,0.0,13.0,9.0,0.0,1.083880718,111.0,893.1409778491626,6.0,3.0,66.0,0.0,0.0,1.0,9.0,17.0,Timo Werner,27.977419114172736,19.472283703464225,1.1190967645669094,0.0,0.0,2.909651587873965,2.014374176220437,0.0,0.2425934809380517,24.843948173385392,199.9022357226248,1.3429161174802915,0.6714580587401457,14.772077292283203,0.0,0.0,0.2238193529133819,2.014374176220437,3.804928999527492,69.6,50.0,Center Forward,Forward,True,12.048192771084338,26.506024096385545,30.120481927710845,80.72289156626506,79.51807228915662,31.32530120481928,79.51807228915662,86.74698795180723,45.78313253012048,49.39759036144578,4.216867469879518,16.867469879518072,18.072289156626507,92.7710843373494,78.3132530120482,75.90361445783132,27.710843373493976,29.518072289156628,97.59036144578312,22.89,63.86,70.68,43.27,57.68,51.68,0
5560,324.07,122.0,100.0,12.0,0.0,1.0,9.0,10.0,1.0,1.9110051867,143.0,1294.2111047596354,17.0,11.0,54.0,5.0,1.0,0.0,1.0,20.0,Carlos Alberto Vela Garrido,33.88156879686488,27.77177770234826,3.332613324281791,0.0,0.2777177770234826,2.499459993211344,2.7771777702348257,0.2777177770234826,0.5307201123306693,39.71364211435801,359.4254310129515,4.7212022093992045,3.054895547258308,14.99675995926806,1.3885888851174129,0.2777177770234826,0.0,0.2777177770234826,5.554355540469651,81.9672131147541,64.70588235294117,Center Attacking Midfield,Attacking Midfielder,True,78.94736842105263,100.0,94.73684210526316,39.47368421052632,50.0,76.31578947368422,73.68421052631578,97.36842105263158,94.73684210526316,36.84210526315789,44.73684210526316,15.789473684210526,14.473684210526317,5.263157894736842,89.47368421052632,100.0,19.73684210526316,47.368421052631575,89.47368421052632,91.23,55.26,88.6,34.43,64.14,66.73,0
5562,806.21,362.0,267.0,18.0,1.0,3.0,30.0,14.0,0.0,1.572458269,261.0,1058.1269611695968,7.0,4.0,170.0,12.0,3.0,4.0,20.0,12.0,Thomas Müller,40.4113072276454,29.80612991652299,2.0094020168442466,0.1116334453802359,0.3349003361407077,3.3490033614070778,1.5628682353233028,0.0,0.1755389342851118,29.136329244241573,118.1223583250812,0.7814341176616514,0.4465337815209436,18.977685714640103,1.339601344562831,0.3349003361407077,0.4465337815209436,2.2326689076047184,1.339601344562831,73.75690607734806,57.14285714285714,Right Wing,Winger,True,17.741935483870968,47.31182795698925,34.40860215053764,87.09677419354838,81.72043010752688,39.784946236559136,40.86021505376344,5.376344086021505,10.75268817204301,78.49462365591397,61.29032258064516,30.107526881720432,56.98924731182796,91.39784946236558,1.0752688172043012,89.24731182795699,50.53763440860215,77.41935483870968,89.24731182795699,33.15,69.53,19.0,53.23,76.61,50.3,0
5563,351.42,152.0,127.0,3.0,0.0,0.0,1.0,8.0,0.0,0.529421913,130.0,947.1851732066232,7.0,3.0,77.0,8.0,2.0,2.0,6.0,23.0,José Andrés Guardado Hernández,38.9277787263104,32.52518354106198,0.7683114222298104,0.0,0.0,0.2561038074099368,2.0488304592794946,0.0,0.1355869676455523,33.293494963291785,242.57772918045663,1.792726651869558,0.7683114222298104,19.719993170565136,2.0488304592794946,0.5122076148198736,0.5122076148198736,1.5366228444596208,5.890387570428547,83.55263157894737,42.85714285714285,Left Defensive Midfield,Defensive Midfielder,True,33.16831683168317,78.21782178217822,94.05940594059405,21.782178217821784,19.8019801980198,32.67326732673268,34.65346534653465,68.31683168316832,79.20792079207921,80.19801980198021,59.4059405940594,14.85148514851485,9.9009900990099,34.65346534653465,81.1881188118812,72.27722772277228,35.64356435643564,19.306930693069308,42.57425742574257,68.48,24.75,60.73,46.7,42.45,48.62,1
5564,378.67,226.0,191.0,1.0,0.0,0.0,1.0,5.0,0.0,0.217673122,179.0,1282.6420676877565,2.0,2.0,44.0,5.0,3.0,13.0,14.0,14.0,Carlos Joel Salcedo Hernández,53.71431589510656,45.39572715028917,0.2376739641376396,0.0,0.0,0.2376739641376396,1.188369820688198,0.0,0.051735233791956,42.54363958063749,304.8506247970478,0.4753479282752793,0.4753479282752793,10.457654422056144,1.188369820688198,0.7130218924129188,3.089761533789315,3.3274354979269543,3.3274354979269543,84.51327433628319,100.0,Right Center Back,Centre Back,True,34.023668639053255,55.02958579881657,96.44970414201184,63.905325443786985,59.76331360946746,34.9112426035503,68.63905325443787,88.16568047337277,92.3076923076923,87.57396449704143,46.15384615384615,31.952662721893493,26.035502958579883,98.81656804733728,76.92307692307693,68.63905325443787,44.67455621301775,30.17751479289941,76.92307692307693,61.83,52.86,83.04,61.24,55.1,62.82,1
5567,492.61,301.0,245.0,2.0,0.0,0.0,0.0,2.0,0.0,0.122448002,224.0,1545.746481965169,9.0,7.0,93.0,9.0,8.0,16.0,16.0,21.0,Edson Omar Álvarez Velázquez,54.992793487748926,44.76157609467936,0.365400621181056,0.0,0.0,0.0,0.365400621181056,0.0,0.0223712879965895,40.92486957227827,282.4083623492524,1.644302795314752,1.278902174133696,16.991128884919103,1.644302795314752,1.461602484724224,2.923204969448448,2.923204969448448,3.836706522401088,81.3953488372093,77.77777777777779,Right Back,Full Back,True,37.24832214765101,44.29530201342282,35.57046979865772,77.85234899328859,77.18120805369128,63.758389261744966,77.85234899328859,92.61744966442951,91.2751677852349,89.93288590604027,38.25503355704698,71.81208053691275,83.89261744966443,92.61744966442951,59.06040268456376,20.80536912751678,33.89261744966443,29.86577181208054,1.342281879194631,39.04,72.93,87.25,72.6,21.48,58.66,1
5570,1466.92,486.0,422.0,0.0,0.0,0.0,0.0,0.0,0.0,0.0,324.0,1522.8259767228187,2.0,1.0,1.0,0.0,0.0,1.0,1.0,60.0,Manuel Neuer,29.817576963978947,25.89098246666485,0.0,0.0,0.0,0.0,0.0,0.0,0.0,19.87838464265264,93.43000157135609,0.1227060780410656,0.0613530390205328,0.0613530390205328,0.0,0.0,0.0613530390205328,0.0613530390205328,3.681182341231969,86.83127572016461,50.0,Goalkeeper,Goalkeeper,True,50.0,49.28571428571429,49.28571428571429,70.0,88.57142857142857,100.0,85.71428571428571,92.85714285714286,90.0,64.28571428571429,50.0,50.71428571428571,80.0,91.42857142857144,50.0,46.42857142857143,50.0,47.85714285714286,50.0,49.52,86.19,89.52,64.4,48.57,67.64,2
5571,593.66,164.0,112.0,13.0,1.0,3.0,19.0,18.0,1.0,1.0562432884,226.0,2120.283120821127,30.0,19.0,115.0,12.0,9.0,1.0,12.0,30.0,Hirving Rodrigo Lozano Bahena,24.86271603274601,16.979415827241183,1.970825051376209,0.1516019270289391,0.4548057810868173,2.880436613549844,2.728834686520904,0.1516019270289391,0.1601285179328234,34.262035508540244,321.4390069634158,4.5480578108681735,2.880436613549844,17.434221608328002,1.8192231243472687,1.364417343260452,0.1516019270289391,1.8192231243472687,4.5480578108681735,68.29268292682927,63.33333333333333,Right Wing,Winger,True,45.16129032258064,41.935483870967744,82.79569892473118,30.107526881720432,22.58064516129032,15.053763440860216,63.44086021505376,90.32258064516128,91.39784946236558,66.66666666666666,80.64516129032258,89.24731182795699,23.655913978494624,74.19354838709677,75.26881720430107,88.17204301075269,58.06451612903226,86.02150537634408,79.56989247311827,56.63,22.58,81.72,68.28,77.96,61.43,0
5572,541.09,421.0,393.0,2.0,0.0,2.0,1.0,11.0,0.0,1.273181395,311.0,1958.0413766104507,2.0,2.0,64.0,14.0,10.0,23.0,7.0,24.0,Mats Hummels,70.02531926296919,65.36805337374558,0.3326618492302574,0.0,0.3326618492302574,0.1663309246151287,1.829640170766416,0.0,0.2117694386331294,51.728917555305024,325.68283260629573,0.3326618492302574,0.3326618492302574,10.645179175368238,2.328632944611802,1.663309246151287,3.82561126614796,1.164316472305901,3.991942190763089,93.34916864608076,100.0,Center Back,Centre Back,True,34.023668639053255,92.3076923076923,99.40828402366864,92.3076923076923,92.3076923076923,92.89940828402366,84.61538461538461,89.94082840236686,81.65680473372781,88.75739644970415,93.49112426035504,84.61538461538461,47.33727810650888,26.035502958579883,89.3491124260355,82.84023668639054,44.67455621301775,92.89940828402366,65.68047337278107,75.25,92.5,85.4,71.6,71.52,79.26,1
5573,573.99,337.0,291.0,3.0,0.0,0.0,1.0,3.0,0.0,0.34036709,249.0,1764.1238066415212,0.0,0.0,27.0,4.0,4.0,10.0,8.0,17.0,Héctor Alfredo Moreno Herrera,52.84064182302828,45.62797261276329,0.470391470234673,0.0,0.0,0.156797156744891,0.470391470234673,0.0,0.0533685919615324,39.04249202947786,276.60959702736443,0.0,0.0,4.2335232321120575,0.627188626979564,0.627188626979564,1.56797156744891,1.254377253959128,2.6655516646631474,86.35014836795251,0.0,Left Center Back,Centre Back,True,34.023668639053255,57.396449704142015,57.396449704142015,61.53846153846154,60.35502958579882,46.15384615384615,59.76331360946746,81.65680473372781,22.7810650887574,5.9171597633136095,15.976331360946746,21.301775147929,1.183431952662722,30.17751479289941,53.84615384615385,92.89940828402366,44.67455621301775,30.17751479289941,64.49704142011834,49.61,56.02,54.73,21.4,58.06,47.96,1
5574,1159.3,1259.0,1133.0,28.0,0.0,3.0,22.0,23.0,1.0,1.1402900975,1023.0,5168.467245868737,10.0,7.0,199.0,31.0,21.0,7.0,16.0,47.0,Toni Kroos,97.74001552661088,87.95825066850686,2.173725524023117,0.0,0.2328991632881911,1.7079271974467354,1.785560251876132,0.077633054429397,0.0885242032045199,79.41861468127318,401.2438990150836,0.7763305442939705,0.5434313810057794,15.448977831450012,2.4066246873113086,1.6302941430173383,0.5434313810057794,1.2421288708703528,3.6487535581816615,89.99205718824463,70.0,Left Defensive Midfield,Defensive Midfielder,True,68.31683168316832,69.3069306930693,90.0990099009901,100.0,100.0,80.19801980198021,100.0,100.0,62.37623762376238,47.52475247524752,73.26732673267327,82.17821782178217,11.88118811881188,21.782178217821784,24.752475247524757,99.009900990099,35.64356435643564,62.37623762376238,98.01980198019804,75.91,93.4,87.46,43.56,73.76,74.82,1
5575,545.4,290.0,246.0,3.0,0.0,1.0,9.0,5.0,0.0,0.1689319319999999,270.0,1764.2281578156264,22.0,11.0,136.0,15.0,6.0,3.0,15.0,35.0,Héctor Miguel Herrera López,47.85478547854785,40.59405940594059,0.4950495049504951,0.0,0.165016501650165,1.4851485148514854,0.8250825082508252,0.0,0.0278765564356435,44.55445544554456,291.1267587154499,3.630363036303631,1.815181518151816,22.44224422442244,2.4752475247524752,0.9900990099009902,0.4950495049504951,2.4752475247524752,5.775577557755776,84.82758620689656,50.0,Right Defensive Midfield,Defensive Midfielder,True,33.16831683168317,31.683168316831683,48.51485148514851,49.50495049504951,50.495049504950494,42.57425742574257,70.29702970297029,87.12871287128714,100.0,92.07920792079209,79.20792079207921,46.53465346534654,8.91089108910891,83.16831683168317,80.19801980198021,46.53465346534654,35.64356435643564,50.495049504950494,96.03960396039604,37.79,47.52,85.81,65.02,57.18,58.66,1
5576,640.76,318.0,243.0,4.0,0.0,0.0,13.0,2.0,0.0,0.10304692,217.0,1103.890788453711,9.0,7.0,132.0,20.0,12.0,17.0,22.0,33.0,Jesús Daniel Gallardo Vasconcelos,44.665709470004366,34.1313440289656,0.5618328235220675,0.0,0.0,1.82595667644672,0.2809164117610337,0.0,0.0144737855047131,30.47943067607216,155.05051963423745,1.264123852924652,0.983207441163618,18.54048317622823,2.809164117610338,1.6854984705662026,2.3877894999687874,3.090080529371371,4.635120794057057,76.41509433962264,77.77777777777779,Left Back,Full Back,True,37.24832214765101,32.21476510067114,26.845637583892614,39.59731543624161,39.59731543624161,32.88590604026846,33.557046979865774,32.88590604026846,84.56375838926175,93.95973154362416,89.93288590604027,83.22147651006712,69.12751677852349,93.28859060402684,81.20805369127517,40.26845637583892,33.89261744966443,29.86577181208054,54.36241610738255,32.1,37.36,50.34,85.12,39.6,48.9,1
5577,670.16,197.0,149.0,0.0,0.0,0.0,0.0,0.0,0.0,0.0,110.0,583.9502058990494,0.0,0.0,0.0,0.0,0.0,0.0,0.0,31.0,Francisco Guillermo Ochoa Magaña,26.456368628387253,20.010146830607617,0.0,0.0,0.0,0.0,0.0,0.0,0.0,14.772591619911662,78.4223447100908,0.0,0.0,0.0,0.0,0.0,0.0,0.0,4.163184911066014,75.63451776649747,0.0,Goalkeeper,Goalkeeper,True,50.0,49.28571428571429,49.28571428571429,42.85714285714285,61.42857142857143,75.71428571428571,61.42857142857143,71.42857142857143,45.0,30.714285714285715,50.0,50.71428571428571,38.57142857142858,45.71428571428572,71.42857142857143,46.42857142857143,50.0,47.85714285714286,50.0,49.52,60.0,59.29,47.86,48.57,53.05,2
5579,1466.92,1208.0,1036.0,39.0,3.0,9.0,65.0,18.0,0.0,0.8464153564,960.0,5802.953504018316,9.0,3.0,154.0,23.0,17.0,12.0,21.0,68.0,Joshua Kimmich,74.11447113680363,63.56174842527199,2.39276852180078,0.1840591170615984,0.5521773511847954,3.987947536334633,1.1043547023695908,0.0,0.0519301543887873,58.89891745971151,356.02883276637334,0.5521773511847954,0.1840591170615984,9.448368009162053,1.4111198974722547,1.0430016633490578,0.7362364682463938,1.2884138194311892,4.172006653396231,85.76158940397352,33.33333333333333,Right Back,Full Back,True,37.24832214765101,62.41610738255034,87.91946308724832,96.64429530201345,96.64429530201345,87.24832214765101,97.31543624161074,98.65771812080536,18.79194630872483,22.14765100671141,27.516778523489933,51.006711409395976,6.04026845637584,18.79194630872483,67.11409395973155,99.32885906040268,84.56375838926175,97.98657718120806,95.9731543624161,62.53,93.51,71.59,32.1,94.46,70.84,1
5581,560.3,238.0,181.0,4.0,1.0,0.0,5.0,4.0,0.0,0.252137766,249.0,1492.0370101923347,30.0,17.0,100.0,12.0,0.0,1.0,8.0,33.0,Joel Nathaniel Campbell Samuels,38.229519900053546,29.073710512225595,0.6425129394966983,0.1606282348741745,0.0,0.8031411743708728,0.6425129394966983,0.0,0.0405004442976976,39.99643048366947,239.6632713141356,4.818847046225237,2.7306799928609675,16.062823487417457,1.927538818490095,0.0,0.1606282348741745,1.2850258789933966,5.300731750847761,76.05042016806722,56.66666666666666,Center Forward,Forward,True,12.048192771084338,1.2048192771084338,2.409638554216868,96.3855421686747,91.56626506024097,62.65060240963856,97.59036144578312,91.56626506024097,93.97590361445783,59.036144578313255,98.79518072289156,16.867469879518072,10.843373493975903,69.87951807228916,98.79518072289156,40.963855421686745,72.28915662650603,29.518072289156628,65.06024096385542,5.22,83.53,94.38,59.04,51.96,58.83,0
5582,550.79,238.0,192.0,4.0,0.0,0.0,5.0,5.0,0.0,0.3926793759999999,153.0,688.1048965672946,5.0,5.0,77.0,9.0,4.0,17.0,13.0,20.0,Celso Borges Mora,38.889594945442006,31.37311861144901,0.6536066377385211,0.0,0.0,0.8170082971731514,0.8170082971731514,0.0,0.0641644616641551,25.00045389349843,112.43748196419055,0.8170082971731514,0.8170082971731514,12.581927776466532,1.4706149349116724,0.6536066377385211,2.777828210388715,2.1242215726501934,3.268033188692605,80.67226890756302,100.0,Right Center Midfield,Midfielder,True,26.05633802816901,40.845070422535215,36.61971830985916,43.66197183098591,42.25352112676056,36.61971830985916,12.676056338028168,5.633802816901409,54.929577464788736,14.084507042253522,45.07042253521127,23.943661971830984,97.1830985915493,64.7887323943662,25.352112676056336,32.3943661971831,32.3943661971831,27.464788732394368,57.74647887323944,34.51,40.85,24.41,45.07,37.5,36.47,1
5589,664.1,309.0,237.0,6.0,0.0,1.0,4.0,11.0,1.0,0.717617067,277.0,1479.8877150927435,16.0,8.0,175.0,11.0,3.0,12.0,20.0,45.0,Sergej Milinković-Savić,41.87622346032224,32.11865682879084,0.8131305526276162,0.0,0.1355217587712693,0.5420870350850775,1.4907393464839631,0.1355217587712693,0.0972527270441198,37.53952717964162,200.55698593336385,2.16834814034031,1.084174070170155,23.71630778497214,1.4907393464839631,0.4065652763138081,1.6262611052552325,2.710435175425388,6.098479144707122,76.69902912621359,50.0,Center Attacking Midfield,Attacking Midfielder,True,39.47368421052632,31.57894736842105,47.368421052631575,68.42105263157895,65.78947368421053,44.73684210526316,65.78947368421053,50.0,65.78947368421053,84.21052631578947,52.63157894736842,23.684210526315788,100.0,94.73684210526316,94.73684210526316,28.947368421052637,19.73684210526316,23.684210526315788,21.052631578947366,39.47,59.65,60.53,75.0,23.36,51.6,1
5591,407.86,176.0,108.0,1.0,0.0,1.0,24.0,5.0,0.0,1.056309861,145.0,1062.4775375478173,6.0,3.0,119.0,11.0,2.0,3.0,9.0,20.0,Filip Kostić,38.8368557838474,23.83170695826999,0.2206639533173147,0.0,0.2206639533173147,5.2959348796155545,1.1033197665865735,0.0,0.2330895098563232,31.99627323101064,234.4504937461471,1.3239837199038886,0.6619918599519443,26.259010444760456,2.4273034864904623,0.4413279066346294,0.6619918599519443,1.9859755798558327,4.413279066346295,61.36363636363637,50.0,Left Wing Back,Full Back,True,37.24832214765101,97.31543624161074,87.24832214765101,21.47651006711409,8.053691275167784,1.342281879194631,40.939597315436245,78.52348993288591,67.11409395973155,100.0,77.85234899328859,7.38255033557047,4.026845637583892,54.36241610738255,73.8255033557047,8.724832214765101,33.89261744966443,75.83892617449665,99.32885906040268,73.94,10.29,62.19,52.91,54.45,50.76,0
5592,327.92,136.0,105.0,2.0,0.0,1.0,1.0,2.0,0.0,0.8892044299999999,138.0,874.3891207796223,12.0,9.0,45.0,3.0,5.0,1.0,11.0,16.0,Bryan Ruiz González,37.32617711636985,28.81800439131496,0.54891436935838,0.0,0.27445718467919,0.27445718467919,0.54891436935838,0.0,0.2440485444620639,37.87509148572823,239.98237640328745,3.29348621615028,2.47011466211271,12.350573310563552,0.82337155403757,1.37228592339595,0.27445718467919,3.0190290314710904,4.39131495486704,77.20588235294117,75.0,Right Wing,Winger,True,17.741935483870968,61.29032258064516,4.301075268817205,78.49462365591397,78.49462365591397,58.06451612903226,75.26881720430107,62.36559139784946,87.09677419354838,26.881720430107524,34.40860215053764,90.32258064516128,40.86021505376344,98.9247311827957,68.81720430107528,13.978494623655912,24.193548387096776,72.04301075268818,4.301075268817205,27.78,71.68,74.91,60.04,28.63,52.61,1
5597,585.1899999999999,173.0,101.0,0.0,0.0,0.0,0.0,0.0,0.0,0.0,84.0,548.3083442818283,0.0,0.0,1.0,0.0,0.0,1.0,0.0,43.0,Keylor Navas Gamboa,26.60674310907569,15.533416497206035,0.0,0.0,0.0,0.0,0.0,0.0,0.0,12.918881047181255,84.32774139230771,0.0,0.0,0.153796202942634,0.0,0.0,0.153796202942634,0.0,6.613236726533263,58.38150289017341,0.0,Goalkeeper,Goalkeeper,True,50.0,49.28571428571429,49.28571428571429,45.71428571428572,27.142857142857142,18.571428571428573,47.14285714285714,82.85714285714286,45.0,77.14285714285715,50.0,50.71428571428571,90.0,45.71428571428572,100.0,46.42857142857143,50.0,47.85714285714286,50.0,49.52,30.48,58.33,68.93,48.57,51.17,2
5598,490.09,180.0,131.0,3.0,0.0,2.0,2.0,2.0,0.0,0.109781925,118.0,704.6291630180232,2.0,2.0,30.0,6.0,8.0,24.0,7.0,14.0,Óscar Esau Duarte Gaitán,33.05515313513845,24.056805892795204,0.5509192189189741,0.0,0.367279479279316,0.367279479279316,0.367279479279316,0.0,0.0201603241241404,21.66948927747965,129.39791603913991,0.367279479279316,0.367279479279316,5.509192189189741,1.1018384378379482,1.469117917117264,4.407353751351793,1.2854781774776065,2.570956354955213,72.77777777777777,100.0,Center Back,Centre Back,True,34.023668639053255,32.544378698224854,46.74556213017752,14.201183431952662,10.650887573964498,3.5502958579881656,11.83431952662722,19.526627218934912,84.02366863905326,29.585798816568047,40.82840236686391,74.55621301775149,63.905325443786985,32.544378698224854,50.88757396449704,95.26627218934912,44.67455621301775,95.85798816568048,87.57396449704143,37.77,9.47,38.46,48.72,80.84,43.05,1
5600,599.07,269.0,209.0,0.0,0.0,0.0,0.0,3.0,1.0,0.301146515,187.0,925.8670539310042,15.0,12.0,66.0,18.0,10.0,15.0,14.0,25.0,Francisco Javier Calvo Quesada,40.41263959136661,31.39866793529972,0.0,0.0,0.0,0.0,0.4506985828033451,0.1502328609344483,0.0452421025088887,28.093544994741848,139.09565635700395,2.253492914016726,1.8027943312133805,9.915368821673592,2.704191496820071,1.502328609344484,2.253492914016726,2.1032600530822774,3.755821523361209,77.69516728624535,80.0,Left Center Back,Centre Back,True,79.88165680473372,50.88757396449704,53.25443786982249,31.952662721893493,24.85207100591716,8.284023668639055,28.99408284023669,24.2603550295858,100.0,85.20710059171599,95.26627218934912,75.7396449704142,8.284023668639055,75.7396449704142,85.79881656804734,19.230769230769237,44.67455621301775,30.17751479289941,26.035502958579883,61.34,21.7,51.08,71.01,30.03,47.03,1
5603,865.67,503.0,454.0,1.0,0.0,0.0,0.0,3.0,0.0,0.123164077,370.0,1732.0902281260503,0.0,0.0,68.0,17.0,9.0,41.0,16.0,29.0,Nikola Milenković,52.29475435212032,47.20043434565135,0.1039657144177342,0.0,0.0,0.0,0.3118971432532027,0.0,0.0128048412559058,38.46731433456167,180.0779980031011,0.0,0.0,7.069668580405928,1.767417145101482,0.9356914297596082,4.262594291127105,1.6634514306837478,3.015005718114293,90.25844930417496,0.0,Right Center Back,Centre Back,True,34.023668639053255,23.66863905325444,43.19526627218935,59.76331360946746,63.31360946745562,71.00591715976331,57.396449704142015,41.42011834319527,22.7810650887574,56.80473372781065,81.06508875739645,42.01183431952663,59.171597633136095,56.213017751479285,64.49704142011834,46.15384615384615,44.67455621301775,30.17751479289941,26.035502958579883,33.63,64.69,40.53,59.96,36.76,47.12,1
5604,661.92,299.0,251.0,2.0,0.0,0.0,2.0,3.0,2.0,1.162130716,233.0,1355.0312199213115,2.0,2.0,36.0,6.0,7.0,24.0,11.0,12.0,Young-Gwon Kim,40.65445975344453,34.12799129804206,0.2719361856417694,0.0,0.0,0.2719361856417694,0.4079042784626541,0.2719361856417694,0.1580126970630892,31.680565627266137,184.24101068545752,0.2719361856417694,0.2719361856417694,4.894851341551849,0.8158085569253083,0.9517766497461928,3.263234227701233,1.495649021029732,1.6316171138506166,83.94648829431438,100.0,Left Center Back,Centre Back,True,94.0828402366864,88.16568047337277,49.11242603550296,33.13609467455622,30.17751479289941,32.544378698224854,39.05325443786983,42.60355029585799,75.7396449704142,15.976331360946746,24.85207100591716,44.97041420118343,29.585798816568047,43.78698224852072,11.83431952662722,75.7396449704142,44.67455621301775,30.17751479289941,82.24852071005917,77.12,31.95,52.47,28.5,58.21,49.65,1
5607,476.83,171.0,140.0,2.0,0.0,0.0,0.0,6.0,2.0,1.9405488,124.0,845.2550930570094,2.0,2.0,25.0,3.0,4.0,36.0,13.0,11.0,Andreas Granqvist,32.27565379695069,26.42451188054443,0.3774930268649203,0.0,0.0,0.0,1.132479080594761,0.3774930268649203,0.3662718201455445,23.404567665625063,159.5389517755402,0.3774930268649203,0.3774930268649203,4.718662835811505,0.5662395402973806,0.7549860537298407,6.794874483568567,2.4537046746219824,2.076211647757062,81.87134502923976,100.0,Left Center Back,Centre Back,True,97.63313609467455,99.40828402366864,95.26627218934912,13.017751479289942,13.6094674556213,20.710059171597635,14.792899408284024,31.952662721893493,85.79881656804734,13.017751479289942,11.83431952662722,33.13609467455622,92.89940828402366,88.16568047337277,25.44378698224852,85.79881656804734,44.67455621301775,30.17751479289941,26.035502958579883,97.44,15.78,44.18,44.08,46.67,49.63,1
5612,688.49,305.0,207.0,7.0,0.0,0.0,17.0,3.0,0.0,0.0749570165,171.0,651.8147644742444,2.0,2.0,70.0,8.0,7.0,41.0,25.0,24.0,Mikael Lustig,39.86986012868742,27.059216546355067,0.9150459701665964,0.0,0.0,2.22225449897602,0.392162558642827,0.0,0.0097984451262908,22.353265842641143,85.2057819324638,0.2614417057618847,0.2614417057618847,9.150459701665966,1.0457668230475388,0.9150459701665964,5.359554968118636,3.268021322023559,3.137300469142616,67.8688524590164,100.0,Right Back,Full Back,True,37.24832214765101,27.516778523489933,39.59731543624161,22.818791946308725,17.449664429530202,6.711409395973154,10.738255033557047,2.013422818791946,30.2013422818792,18.79194630872483,12.08053691275168,42.28187919463088,99.32885906040268,94.63087248322148,32.88590604026846,66.44295302013423,33.89261744966443,29.86577181208054,65.1006711409396,34.79,15.66,14.32,50.0,48.83,32.72,1
5613,559.6,167.0,114.0,6.0,1.0,1.0,5.0,8.0,1.0,1.341271326,121.0,715.5202761111345,11.0,5.0,163.0,11.0,10.0,7.0,21.0,36.0,Viktor Claesson,26.85847033595425,18.334524660471764,0.9649749821300928,0.1608291636883488,0.1608291636883488,0.8041458184417442,1.2866333095067906,0.1608291636883488,0.2157155456397426,19.460328806290207,115.07652760901018,1.769120800571837,0.8041458184417442,26.215153681200857,1.769120800571837,1.6082916368834883,1.1258041458184416,3.377412437455325,5.789849892780557,68.26347305389223,45.45454545454545,Right Midfield,Midfielder,True,61.97183098591549,81.69014084507043,60.56338028169014,11.267605633802818,9.859154929577464,5.633802816901409,1.4084507042253522,7.042253521126761,52.11267605633802,91.54929577464787,60.56338028169014,88.73239436619718,66.19718309859155,98.59154929577466,94.3661971830986,56.33802816901409,76.05633802816901,60.56338028169014,56.33802816901409,68.08,8.92,20.19,83.33,62.32,48.57,0
5617,713.09,304.0,224.0,7.0,0.0,0.0,16.0,5.0,0.0,0.123427697,188.0,889.4712209416853,3.0,1.0,128.0,13.0,8.0,15.0,17.0,24.0,Sebastian Larsson,38.368228414365646,28.271326200058898,0.8834789437518406,0.0,0.0,2.0193804428613498,0.6310563883941718,0.0,0.015577967339326,23.727720203620866,112.26129925360289,0.3786338330365031,0.1262112776788343,16.155043542890798,1.6407466098248469,1.0096902214306749,1.8931691651825155,2.145591720540184,3.029070664292025,73.68421052631578,33.33333333333333,Right Midfield,Midfielder,True,26.05633802816901,11.267605633802818,18.30985915492958,39.436619718309856,26.76056338028169,14.084507042253522,8.450704225352112,4.225352112676056,4.225352112676056,36.61971830985916,52.11267605633802,63.38028169014085,88.73239436619718,67.6056338028169,14.084507042253522,50.70422535211267,32.3943661971831,27.464788732394368,84.50704225352112,18.54,26.76,5.63,53.76,48.77,30.69,1
5618,464.06,268.0,230.0,2.0,0.0,0.0,1.0,4.0,0.0,0.077989329,214.0,1041.9796722807982,3.0,1.0,94.0,10.0,8.0,14.0,9.0,25.0,Woo-Young Jung,51.97603758134724,44.60630090936517,0.3878808774727406,0.0,0.0,0.1939404387363703,0.7757617549454812,0.0,0.0151252846830151,41.50325388958324,202.0819947965173,0.5818213162091109,0.1939404387363703,18.230401241218807,1.939404387363703,1.5515235098909623,2.7151661423091844,1.745463948627333,4.848510968409257,85.82089552238806,33.33333333333333,Left Center Midfield,Midfielder,True,26.05633802816901,9.859154929577464,33.80281690140845,73.23943661971832,74.64788732394366,61.97183098591549,69.01408450704226,43.66197183098591,7.042253521126761,56.33802816901409,73.23943661971832,84.50704225352112,95.77464788732394,52.11267605633802,74.64788732394366,14.084507042253522,32.3943661971831,27.464788732394368,19.718309859154928,23.24,69.95,39.91,72.77,23.42,45.86,1
5620,337.35,91.0,62.0,3.0,0.0,0.0,6.0,8.0,1.0,0.8169309334,119.0,903.2702487723031,20.0,9.0,78.0,9.0,4.0,1.0,7.0,18.0,Hee-Chan Hwang,24.27745664739884,16.540684748777235,0.8003557136505113,0.0,0.0,1.6007114273010226,2.1342819030680302,0.2667852378835038,0.2179451134015117,31.747443308136948,240.9791681918105,5.335704757670076,2.401067140951534,20.809248554913296,2.401067140951534,1.0671409515340151,0.2667852378835038,1.8674966651845264,4.802134281903068,68.13186813186813,45.0,Left Wing,Winger,True,63.44086021505376,55.91397849462365,64.51612903225806,24.731182795698924,21.50537634408602,12.903225806451612,51.61290322580645,63.44086021505376,83.87096774193549,87.09677419354838,95.6989247311828,80.64516129032258,39.784946236559136,78.49462365591397,80.64516129032258,31.18279569892473,24.193548387096776,20.43010752688172,38.70967741935484,61.29,19.71,66.31,77.06,28.63,50.6,0
5621,838.62,308.0,190.0,6.0,0.0,0.0,31.0,4.0,1.0,0.464888402,177.0,974.2196987854688,4.0,1.0,91.0,11.0,7.0,27.0,13.0,25.0,Ludwig Augustinsson,33.05430349860485,20.39064176861988,0.6439150032195751,0.0,0.0,3.3268941833011376,0.42927666881305,0.1073191672032625,0.0498914361450955,18.995492594977463,104.55244674666976,0.42927666881305,0.1073191672032625,9.766044215496889,1.1805108392358874,0.7512341704228376,2.897617514488088,1.3951491736424124,2.6829791800815626,61.68831168831169,25.0,Left Back,Full Back,True,77.85234899328859,60.40268456375839,44.29530201342282,8.724832214765101,4.026845637583892,2.684563758389262,2.684563758389262,5.369127516778524,14.093959731543624,28.187919463087248,18.12080536912752,27.516778523489933,83.22147651006712,23.48993288590604,16.778523489932887,48.32214765100672,33.89261744966443,29.86577181208054,88.59060402684564,60.85,5.15,7.38,32.89,50.17,31.29,1
5622,888.48,230.0,108.0,0.0,0.0,0.0,0.0,0.0,0.0,0.0,97.0,565.5458490882452,0.0,0.0,0.0,0.0,0.0,0.0,1.0,40.0,Robin Olsen,23.29821717990276,10.94003241491086,0.0,0.0,0.0,0.0,0.0,0.0,0.0,9.8257698541329,57.28786964021933,0.0,0.0,0.0,0.0,0.0,0.0,0.1012965964343598,4.051863857374393,46.95652173913044,0.0,Goalkeeper,Goalkeeper,True,50.0,49.28571428571429,49.28571428571429,27.142857142857142,5.714285714285714,5.714285714285714,17.142857142857142,32.857142857142854,45.0,30.714285714285715,50.0,50.71428571428571,38.57142857142858,94.28571428571428,67.14285714285714,46.42857142857143,50.0,47.85714285714286,50.0,49.52,12.86,31.67,55.24,48.57,39.57,2
5623,501.21,210.0,179.0,5.0,1.0,0.0,1.0,6.0,0.0,0.211401774,178.0,1213.0301397285398,9.0,5.0,159.0,11.0,6.0,4.0,11.0,22.0,Jae-Sung Lee,37.70874483749327,32.14221583767283,0.897827258035554,0.1795654516071108,0.0,0.1795654516071108,1.0773927096426648,0.0,0.0379604550188543,31.96265038606572,217.818304853392,1.6160890644639974,0.897827258035554,28.550906805530616,1.9752199676782187,1.0773927096426648,0.7182618064284432,1.9752199676782187,3.950439935356437,85.23809523809524,55.55555555555556,Right Midfield,Midfielder,True,26.05633802816901,26.76056338028169,45.07042253521127,35.2112676056338,43.66197183098591,60.56338028169014,40.845070422535215,54.929577464788736,57.74647887323944,95.77464788732394,78.87323943661971,67.6056338028169,49.29577464788733,54.929577464788736,38.0281690140845,53.52112676056338,80.28169014084507,27.464788732394368,16.901408450704224,32.63,46.48,51.17,64.08,44.54,47.78,1
5624,842.21,305.0,252.0,2.0,0.0,2.0,0.0,5.0,0.0,0.329798614,241.0,1517.7567622242475,14.0,9.0,192.0,17.0,13.0,18.0,20.0,38.0,Albin Ekdal,32.59282126785481,26.92915068688332,0.2137234181498676,0.0,0.2137234181498676,0.0,0.534308545374669,0.0,0.0352428435425843,25.75367188705905,162.19008157132103,1.496063927049073,0.9617553816744042,20.51744814238729,1.816649054273875,1.3892022179741397,1.9235107633488084,2.137234181498676,4.060744944847484,82.62295081967214,64.28571428571429,Left Center Midfield,Midfielder,True,26.05633802816901,23.943661971830984,16.901408450704224,21.12676056338028,23.943661971830984,47.88732394366197,16.901408450704224,25.352112676056336,60.56338028169014,76.05633802816901,67.6056338028169,77.46478873239437,90.14084507042254,66.19718309859155,43.66197183098591,5.633802816901409,32.3943661971831,69.01408450704226,4.929577464788732,22.3,30.99,34.27,70.19,27.99,37.15,1
5625,807.51,251.0,206.0,6.0,0.0,0.0,2.0,29.0,5.0,2.4226298215,259.0,1821.551891709727,18.0,10.0,171.0,6.0,11.0,9.0,13.0,40.0,Emil Peter Forsberg,27.974885759928668,22.95946799420441,0.6687223687632351,0.0,0.0,0.2229074562544117,3.2321581156889696,0.5572686406360292,0.2700111254783222,28.86651558494632,203.01874930821344,2.006167106289705,1.1145372812720584,19.0585875097522,0.6687223687632351,1.2259910093992643,1.0030835531448528,1.4488984656536763,4.458149125088234,82.07171314741036,55.55555555555556,Left Midfield,Midfielder,True,98.59154929577466,91.54929577464787,98.59154929577466,14.084507042253522,18.30985915492958,45.07042253521127,28.169014084507044,46.478873239436616,64.7887323943662,63.38028169014085,4.225352112676056,73.23943661971832,63.38028169014085,38.0281690140845,60.56338028169014,33.80281690140845,32.3943661971831,27.464788732394368,21.12676056338028,96.24,25.82,46.48,50.47,28.7,49.54,0
5628,337.92,89.0,70.0,1.0,0.0,0.0,4.0,5.0,0.0,0.176998183,102.0,708.497660613189,7.0,2.0,67.0,3.0,7.0,0.0,5.0,15.0,José Luis Rodríguez Francis,23.70383522727273,18.64346590909092,0.2663352272727273,0.0,0.0,1.0653409090909092,1.331676136363637,0.0,0.0471408512961647,27.166193181818183,188.69788546160933,1.864346590909091,0.5326704545454546,17.84446022727273,0.7990056818181819,1.864346590909091,0.0,1.331676136363637,3.9950284090909096,78.65168539325843,28.57142857142857,Right Wing,Winger,True,17.741935483870968,7.526881720430108,24.731182795698924,21.50537634408602,32.25806451612903,66.66666666666666,34.40860215053764,34.40860215053764,13.978494623655912,70.96774193548387,31.18279569892473,96.7741935483871,9.13978494623656,47.31182795698925,54.83870967741935,4.301075268817205,24.193548387096776,20.43010752688172,19.35483870967742,16.67,40.14,27.6,51.7,17.07,30.64,1
5630,582.4300000000001,219.0,151.0,12.0,1.0,2.0,16.0,10.0,1.0,0.795782206,185.0,704.3636162573938,4.0,1.0,165.0,8.0,7.0,1.0,6.0,17.0,Dries Mertens,33.84097659804611,23.333276101849144,1.8543000875641704,0.1545250072970142,0.3090500145940284,2.472400116752228,1.5452500729701422,0.1545250072970142,0.122968251188984,28.587126349947628,108.84179294192508,0.6181000291880568,0.1545250072970142,25.496626204007345,1.2362000583761137,1.0816750510790996,0.1545250072970142,0.9271500437820852,2.626925124049241,68.94977168949772,25.0,Right Attacking Midfield,Attacking Midfielder,True,47.368421052631575,50.0,55.26315789473685,36.84210526315789,21.052631578947366,7.894736842105263,26.31578947368421,2.631578947368421,7.894736842105263,89.47368421052632,34.21052631578947,89.47368421052632,39.47368421052632,18.421052631578945,5.263157894736842,81.57894736842105,55.26315789473685,63.1578947368421,86.8421052631579,50.88,21.93,12.28,46.05,71.71,40.57,0
5632,592.33,396.0,333.0,10.0,0.0,1.0,10.0,7.0,2.0,0.936015021,289.0,1369.0852188369986,6.0,5.0,143.0,17.0,13.0,9.0,10.0,22.0,Thorgan Hazard,60.16916246011513,50.59679570509682,1.519423294447352,0.0,0.1519423294447351,1.519423294447352,1.0635963061131462,0.3038846588894703,0.1422203026860027,43.91133320952847,208.02199735844863,0.9116539766684112,0.759711647223676,21.72775311059713,2.583019600560498,1.9752502827815568,1.3674809650026167,1.519423294447352,3.3427312477841737,84.0909090909091,83.33333333333334,Left Wing Back,Full Back,True,98.65771812080536,89.93288590604027,85.90604026845638,87.24832214765101,87.24832214765101,78.52348993288591,87.91946308724832,65.77181208053692,72.48322147651007,99.32885906040268,83.89261744966443,90.6040268456376,29.53020134228188,30.2013422818792,42.28187919463088,93.95973154362416,33.89261744966443,67.78523489932886,38.92617449664429,91.5,84.34,75.39,62.64,58.64,74.5,1
5633,733.37,285.0,234.0,4.0,0.0,3.0,14.0,17.0,0.0,1.039958543,294.0,2080.434042930914,24.0,15.0,115.0,16.0,4.0,6.0,14.0,24.0,Yannick Ferreira Carrasco,34.975523951075175,28.716745980882777,0.4908845466817568,0.0,0.3681634100113176,1.7180959133861489,2.0862593233974667,0.0,0.1276248944870938,36.08001418110913,255.3132305163591,2.945307280090541,1.840817050056588,14.11293071710051,1.9635381867270272,0.4908845466817568,0.7363268200226353,1.7180959133861489,2.945307280090541,82.10526315789474,62.5,Left Wing Back,Full Back,True,37.24832214765101,86.57718120805369,99.32885906040268,12.08053691275168,20.80536912751678,67.11409395973155,58.38926174496645,87.91946308724832,96.64429530201345,73.8255033557047,51.67785234899329,10.738255033557047,6.711409395973154,40.939597315436245,26.845637583892614,34.22818791946309,33.89261744966443,89.93288590604027,51.006711409395976,74.38,33.33,80.98,35.12,52.27,55.22,0
5634,555.05,309.0,239.0,7.0,1.0,0.0,31.0,1.0,0.0,0.04029999,210.0,883.1181058597931,4.0,1.0,60.0,7.0,5.0,13.0,6.0,18.0,Erick Javier Davis Grajales,50.10359427078642,38.75326547157914,1.135032879920728,0.1621475542743897,0.0,5.026574182506081,0.1621475542743897,0.0,0.0065345448157823,34.05098639762184,143.19544100059704,0.6485902170975588,0.1621475542743897,9.72885325646338,1.135032879920728,0.8107377713719486,2.107918205567066,0.9728853256463382,2.918655976939015,77.34627831715211,25.0,Left Wing Back,Full Back,True,37.24832214765101,20.13422818791946,14.093959731543624,61.07382550335571,54.36241610738255,37.58389261744966,48.99328859060403,22.14765100671141,16.10738255033557,26.845637583892614,16.778523489932887,30.87248322147651,55.70469798657718,4.026845637583892,26.174496644295303,81.20805369127517,81.20805369127517,29.86577181208054,98.65771812080536,23.83,51.01,29.08,26.73,72.73,40.68,1
5637,600.94,209.0,166.0,9.0,0.0,1.0,15.0,12.0,0.0,0.7388360988,216.0,1439.189220183462,13.0,8.0,117.0,4.0,8.0,1.0,2.0,32.0,Edgar Yoel Bárcenas Herrera,31.30096182647186,24.861051020068555,1.34788830831697,0.0,0.1497653675907744,2.2464805138616164,1.7971844110892932,0.0,0.1106520599261157,32.349319399607275,215.5407025934562,1.946949778680068,1.1981229407261955,17.52254800812061,0.5990614703630978,1.1981229407261955,0.1497653675907744,0.2995307351815489,4.792491762904782,79.42583732057416,61.53846153846154,Left Wing,Winger,True,17.741935483870968,26.881720430107524,49.46236559139785,53.76344086021505,63.44086021505376,73.11827956989248,54.83870967741935,44.08602150537634,44.08602150537634,67.74193548387096,19.35483870967742,86.02150537634408,22.58064516129032,1.0752688172043012,79.56989247311827,61.29032258064516,24.193548387096776,46.236559139784944,64.51612903225806,31.36,63.44,47.67,46.06,49.06,47.52,0
5639,465.9500000000001,364.0,350.0,1.0,0.0,0.0,0.0,1.0,0.0,0.10147972,309.0,1254.564246671645,1.0,1.0,28.0,5.0,11.0,21.0,6.0,11.0,Anga Dedryck Boyata,70.30797295847194,67.60382015237685,0.1931537718639339,0.0,0.0,0.0,0.1931537718639339,0.0,0.0196011906856958,59.68451550595557,242.32381629026293,0.1931537718639339,0.1931537718639339,5.408305612190149,0.9657688593196694,2.124691490503273,4.056229209142612,1.1589226311836032,2.124691490503273,96.15384615384616,100.0,Center Back,Centre Back,True,34.023668639053255,31.952662721893493,21.301775147929,92.89940828402366,95.26627218934912,100.0,93.49112426035504,69.8224852071006,60.946745562130175,26.627218934911244,34.9112426035503,93.49112426035504,53.25443786982249,24.85207100591716,27.810650887573964,57.98816568047337,44.67455621301775,30.17751479289941,26.035502958579883,29.09,96.06,74.75,43.49,39.72,56.62,1
5641,517.62,251.0,195.0,3.0,0.0,0.0,14.0,6.0,1.0,0.74089084,201.0,1465.7417735688816,13.0,9.0,59.0,7.0,5.0,7.0,6.0,17.0,Michael Amir Murillo Bermudez,43.64205401645995,33.90518140720992,0.5216181754955372,0.0,0.0,2.434218152312507,1.0432363509910745,0.1738727251651791,0.1288207094007186,34.948417758201,254.85251655886432,2.260345427147328,1.5648545264866116,10.258490784745566,1.2171090761562535,0.8693636258258954,1.2171090761562535,1.0432363509910745,2.9558363278080444,77.68924302788844,69.23076923076923,Right Wing Back,Full Back,True,86.57718120805369,87.24832214765101,84.56375838926175,37.58389261744966,37.58389261744966,41.61073825503356,51.67785234899329,87.24832214765101,93.95973154362416,33.557046979865774,19.463087248322147,36.24161073825504,21.47651006711409,6.04026845637584,27.516778523489933,36.24161073825504,33.89261744966443,29.86577181208054,70.46979865771812,86.13,38.93,77.63,24.05,42.62,53.87,1
5642,1169.4,709.0,674.0,5.0,0.0,0.0,2.0,9.0,0.0,0.282636579,594.0,3410.5497630429086,6.0,5.0,236.0,22.0,7.0,12.0,23.0,57.0,Axel Witsel,54.56644433042585,51.87275525910723,0.3848127244740892,0.0,0.0,0.1539250897896356,0.6926629040533606,0.0,0.0217524304002052,45.7157516675218,262.4845892542002,0.4617752693689071,0.3848127244740892,18.16316059517701,1.6931759876859926,0.538737814263725,0.9235505387378142,1.7701385325808103,4.386865059004617,95.06346967559944,83.33333333333334,Left Defensive Midfield,Defensive Midfielder,True,33.16831683168317,24.752475247524757,39.6039603960396,66.33663366336634,77.22772277227723,100.0,71.28712871287128,75.24752475247524,44.55445544554456,67.32673267326733,40.5940594059406,17.82178217821782,29.7029702970297,57.42574257425742,49.50495049504951,33.663366336633665,35.64356435643564,19.306930693069308,26.73267326732673,32.51,81.19,63.7,43.73,28.84,49.99,1
5647,387.4500000000001,256.0,203.0,8.0,0.0,0.0,16.0,0.0,0.0,0.0,156.0,717.3721245488757,1.0,1.0,70.0,5.0,3.0,5.0,10.0,10.0,Ali Maâloul,59.465737514518,47.15447154471544,1.858304297328688,0.0,0.0,3.716608594657375,0.0,0.0,0.0,36.2369337979094,166.63696272912327,0.2322880371660859,0.2322880371660859,16.260162601626014,1.1614401858304295,0.6968641114982578,1.1614401858304295,2.322880371660859,2.322880371660859,79.296875,100.0,Left Back,Full Back,True,37.24832214765101,5.369127516778524,5.369127516778524,86.57718120805369,82.5503355704698,52.348993288590606,59.06040268456376,42.95302013422819,24.16107382550336,87.24832214765101,17.449664429530202,24.832214765100677,19.463087248322147,73.8255033557047,8.053691275167784,95.9731543624161,33.89261744966443,29.86577181208054,93.28859060402684,16.0,73.83,42.06,38.48,63.26,46.72,1
5651,872.16,527.0,446.0,1.0,0.0,1.0,1.0,3.0,0.0,0.339847826,379.0,2309.509774474961,3.0,2.0,96.0,14.0,11.0,47.0,15.0,35.0,Yassine Meriah,54.38222344523941,46.02366538249863,0.1031920748486516,0.0,0.1031920748486516,0.1031920748486516,0.3095762245459549,0.0,0.0350696022977435,39.10979636763896,238.32310551131275,0.3095762245459549,0.2063841496973032,9.906439185470555,1.4446890478811227,1.135112823335168,4.850027517886626,1.5478811227297746,3.611722619702807,84.62998102466793,66.66666666666666,Right Center Back,Centre Back,True,34.023668639053255,44.37869822485207,42.60355029585799,64.49704142011834,60.946745562130175,36.68639053254438,60.35502958579882,66.86390532544378,62.1301775147929,84.61538461538461,68.04733727810651,56.80473372781065,70.41420118343196,46.74556213017752,82.24852071005917,45.5621301775148,44.67455621301775,66.86390532544378,57.396449704142015,40.34,54.04,63.12,68.15,53.62,55.85,1
5660,1146.61,599.0,473.0,20.0,2.0,3.0,17.0,22.0,1.0,1.334872838,445.0,3309.5161346983427,22.0,15.0,181.0,14.0,9.0,9.0,16.0,50.0,Piotr Zieliński,47.01685839125771,37.12683475636878,1.5698450214109418,0.1569845021410942,0.2354767532116413,1.3343682681993003,1.726829523552036,0.0784922510705471,0.1047771739475497,34.92905172639346,259.77137136676885,1.726829523552036,1.1773837660582065,14.207097443769024,1.0988915149876592,0.7064302596349239,0.7064302596349239,1.2558760171287535,3.924612553527355,78.96494156928213,68.18181818181817,Right Center Midfield,Midfielder,True,52.11267605633802,53.52112676056338,81.69014084507043,69.01408450704226,59.15492957746479,28.169014084507044,50.70422535211267,70.4225352112676,73.23943661971832,22.53521126760564,23.943661971830984,32.3943661971831,47.88732394366197,28.169014084507044,36.61971830985916,80.28169014084507,74.64788732394366,71.83098591549296,74.64788732394366,62.44,52.11,64.79,31.92,75.35,57.32,0
5668,1087.06,258.0,193.0,11.0,1.0,1.0,9.0,38.0,6.0,6.897723203,266.0,1768.3512318178075,24.0,11.0,139.0,10.0,4.0,16.0,13.0,41.0,Robert Lewandowski,21.36036649310985,15.978878810737218,0.9107133000938312,0.0827921181903482,0.0827921181903482,0.7451290637131345,3.1461004912332347,0.4967527091420897,0.5710771146670837,22.022703438632643,146.4055441867079,1.9870108365683588,0.9107133000938312,11.508104428458411,0.8279211819034829,0.3311684727613931,1.3246738910455724,1.0762975364745275,3.39447684580428,74.8062015503876,45.83333333333333,Center Forward,Forward,True,62.65060240963856,84.33734939759037,80.72289156626506,55.42168674698795,60.24096385542169,55.42168674698795,62.65060240963856,72.28915662650603,59.036144578313255,19.27710843373494,66.26506024096386,71.08433734939759,92.7710843373494,55.42168674698795,62.65060240963856,63.85542168674698,61.44578313253012,63.85542168674698,60.24096385542169,75.9,57.03,64.66,61.24,62.35,64.24,0
5669,1052.54,319.0,200.0,0.0,0.0,0.0,0.0,0.0,0.0,0.0,157.0,927.5908309900748,1.0,1.0,0.0,0.0,0.0,0.0,3.0,40.0,Wojciech Szczęsny,27.276873087958656,17.10148782944116,0.0,0.0,0.0,0.0,0.0,0.0,0.0,13.424667946111311,79.3159165343899,0.0855074391472058,0.0855074391472058,0.0,0.0,0.0,0.0,0.2565223174416174,3.4202975658882324,62.695924764890286,100.0,Goalkeeper,Goalkeeper,True,50.0,49.28571428571429,49.28571428571429,48.57142857142857,41.42857142857143,30.0,50.0,74.28571428571429,91.42857142857144,30.714285714285715,50.0,50.71428571428571,38.57142857142858,100.0,38.57142857142858,46.42857142857143,50.0,47.85714285714286,50.0,49.52,40.0,71.9,51.43,48.57,52.29,2
5673,836.46,436.0,354.0,2.0,0.0,0.0,13.0,3.0,0.0,0.1131145279999999,299.0,1618.7212416485995,12.0,7.0,133.0,25.0,13.0,29.0,27.0,42.0,Bartosz Bereszyński,46.911986227673765,38.0890897353131,0.2151925973746503,0.0,0.0,1.398751882935227,0.3227888960619754,0.0,0.0121707045405638,32.17129330751022,174.16841420794054,1.291155584247902,0.7531740908112761,14.310307725414246,2.6899074671831285,1.398751882935227,3.1202926619324294,2.90510006455778,4.519044544867656,81.19266055045871,58.333333333333336,Left Back,Full Back,True,37.24832214765101,29.53020134228188,32.21476510067114,48.99328859060403,51.67785234899329,63.08724832214765,42.28187919463088,48.32214765100672,71.81208053691275,75.83892617449665,87.24832214765101,67.78523489932886,86.57718120805369,91.2751677852349,75.83892617449665,8.053691275167784,33.89261744966443,29.86577181208054,33.557046979865774,33.0,54.59,54.14,80.76,26.34,49.77,1
5675,1089.67,531.0,428.0,4.0,0.0,2.0,0.0,5.0,2.0,1.200182474,381.0,2271.1133345658595,2.0,2.0,102.0,20.0,13.0,59.0,17.0,37.0,Kalidou Koulibaly,43.857314599832975,35.350151880844656,0.3303752512228472,0.0,0.1651876256114236,0.0,0.412969064028559,0.1651876256114236,0.0991276465902521,31.468242678976203,187.5799096156885,0.1651876256114236,0.1651876256114236,8.424568906182605,1.6518762561142362,1.0737195664742536,4.873034955536997,1.4040948176971009,3.055971073811337,80.60263653483992,100.0,Right Center Back,Centre Back,True,84.02366863905326,76.33136094674556,50.29585798816568,41.42011834319527,35.50295857988166,16.56804733727811,37.278106508875744,45.5621301775148,56.213017751479285,72.7810650887574,76.33136094674556,49.11242603550296,71.00591715976331,39.05325443786983,66.27218934911244,82.24852071005917,44.67455621301775,75.7396449704142,26.035502958579883,70.22,31.16,46.35,62.43,57.17,53.47,1
5677,424.18,133.0,102.0,1.0,0.0,0.0,0.0,0.0,0.0,0.0,54.0,355.45390787455835,0.0,0.0,64.0,4.0,4.0,11.0,6.0,13.0,Fedor Kudryashov,28.219152246687727,21.64175585836201,0.2121740770427648,0.0,0.0,0.0,0.0,0.0,0.0,11.457400160309303,75.41810483452839,0.0,0.0,13.579140930736951,0.8486963081710595,0.8486963081710595,2.333914847470413,1.273044462256589,2.758263001555943,76.69172932330827,0.0,Left Back,Full Back,True,37.24832214765101,5.369127516778524,5.369127516778524,3.355704697986577,5.369127516778524,34.899328859060404,0.6711409395973155,1.342281879194631,6.375838926174497,71.14093959731544,5.369127516778524,34.22818791946309,64.42953020134227,18.12080536912752,20.13422818791946,7.38255033557047,33.89261744966443,29.86577181208054,1.342281879194631,16.0,14.54,2.8,35.57,18.12,17.4,2
5678,626.67,318.0,262.0,4.0,0.0,0.0,0.0,10.0,2.0,0.40297816,231.0,1135.4778463980986,2.0,1.0,94.0,12.0,11.0,7.0,15.0,25.0,Jefferson Andrés Lerma Solís,45.66996984058596,37.6274594284073,0.5744650294413328,0.0,0.0,0.0,1.436162573603332,0.2872325147206664,0.0578742151371535,33.17535545023697,163.0730786152662,0.2872325147206664,0.1436162573603332,13.49992819187132,1.7233950883239983,1.5797788309636651,1.0053138015223324,2.154243860404998,3.59040643400833,82.38993710691824,50.0,Center Defensive Midfield,Defensive Midfielder,True,93.06930693069307,56.43564356435643,77.22772277227723,43.56435643564357,41.58415841584159,26.73267326732673,33.663366336633665,28.71287128712871,11.88118811881188,29.7029702970297,42.57425742574257,80.19801980198021,33.663366336633665,71.28712871287128,23.76237623762376,54.45544554455446,35.64356435643564,19.306930693069308,10.891089108910892,75.58,37.29,24.75,46.86,30.07,42.91,1
5679,320.35,78.0,52.0,6.0,0.0,0.0,3.0,7.0,1.0,1.1600756,80.0,400.1430884648646,4.0,4.0,62.0,3.0,1.0,0.0,4.0,7.0,Yūya Ōsako,21.91353207429374,14.609021382862494,1.685656313407211,0.0,0.0,0.8428281567036053,1.9665990323084128,0.2809427189012017,0.325914793194943,22.475417512096143,112.4172872228432,1.123770875604807,1.123770875604807,17.41844857187451,0.8428281567036053,0.2809427189012017,0.0,1.123770875604807,1.9665990323084128,66.66666666666666,100.0,Center Forward,Forward,True,42.16867469879519,42.16867469879519,27.710843373493976,59.036144578313255,50.60240963855421,22.89156626506024,66.26506024096386,46.98795180722892,67.46987951807229,69.87951807228916,67.46987951807229,63.85542168674698,4.216867469879518,56.62650602409639,22.89156626506024,95.18072289156626,27.710843373493976,29.518072289156628,68.67469879518072,37.35,44.18,60.24,47.49,55.27,48.91,0
5687,305.1,127.0,106.0,1.0,1.0,0.0,6.0,9.0,2.0,0.5516872555,130.0,852.6589882865418,5.0,4.0,57.0,5.0,5.0,1.0,8.0,11.0,Takashi Inui,37.46312684365782,31.26843657817109,0.2949852507374631,0.2949852507374631,0.0,1.7699115044247786,2.654867256637168,0.5899705014749262,0.1627396033923303,38.3480825958702,251.52182545325715,1.4749262536873156,1.1799410029498525,16.8141592920354,1.4749262536873156,1.4749262536873156,0.2949852507374631,2.359882005899705,3.2448377581120944,83.46456692913385,80.0,Left Wing,Winger,True,92.47311827956987,44.08602150537634,80.64516129032258,79.56989247311827,86.02150537634408,91.39784946236558,76.34408602150538,69.89247311827957,40.86021505376344,60.215053763440864,65.59139784946237,93.5483870967742,45.16129032258064,97.8494623655914,34.40860215053764,7.526881720430108,84.94623655913979,20.43010752688172,44.08602150537634,72.4,85.66,62.37,66.13,39.25,65.16,0
5689,347.07,173.0,137.0,7.0,1.0,0.0,13.0,7.0,2.0,1.106413157,191.0,1155.4826740393637,19.0,13.0,47.0,1.0,1.0,5.0,4.0,24.0,Juan Guillermo Cuadrado Bello,44.86126717953151,35.52597458725905,1.8151957818307545,0.2593136831186792,0.0,3.3710778805428303,1.8151957818307545,0.5186273662373585,0.2869080707926355,49.528913475667736,299.6324679849677,4.926959979254906,3.3710778805428303,12.187743106577924,0.2593136831186792,0.2593136831186792,1.296568415593396,1.037254732474717,6.223528394848302,79.1907514450867,68.42105263157895,Right Center Forward,Forward,True,66.26506024096386,32.53012048192771,20.48192771084337,100.0,100.0,77.10843373493977,100.0,97.59036144578312,97.59036144578312,27.710843373493976,19.27710843373494,57.831325301204814,91.56626506024097,48.19277108433735,100.0,96.3855421686747,89.1566265060241,29.518072289156628,98.79518072289156,39.76,92.37,98.39,57.43,78.46,73.28,0
5690,587.1899999999999,299.0,236.0,3.0,1.0,0.0,14.0,2.0,0.0,0.0765447629999999,209.0,1136.8314585727717,7.0,6.0,87.0,12.0,7.0,12.0,8.0,22.0,Yuto Nagatomo,45.82843713278497,36.17227813825168,0.4598170949777755,0.1532723649925918,0.0,2.145813109896286,0.3065447299851837,0.0,0.0117321968528074,32.0339242834517,174.2448462534264,1.072906554948143,0.9196341899555512,13.334695754355492,1.8392683799111025,1.072906554948143,1.8392683799111025,1.2261789199407347,3.3719920298370205,78.92976588628763,85.71428571428571,Left Back,Full Back,True,37.24832214765101,28.85906040268457,30.2013422818792,46.30872483221477,45.63758389261745,49.66442953020135,41.61073825503356,48.99328859060403,79.19463087248322,68.45637583892618,44.29530201342282,53.02013422818792,44.29530201342282,16.778523489932887,44.966442953020135,27.516778523489933,78.52348993288591,29.86577181208054,64.42953020134227,32.1,47.2,56.6,45.3,50.08,46.26,1
5691,967.66,544.0,412.0,6.0,0.0,0.0,33.0,2.0,0.0,0.0677318548,417.0,2644.8038715966304,23.0,12.0,125.0,20.0,11.0,10.0,19.0,60.0,Johan Andrés Mojica Palacio,50.596283818696655,38.319244362689375,0.5580472480003307,0.0,0.0,3.0692598640018187,0.1860157493334435,0.0,0.0062995958621829,38.784283736022985,245.98758700751995,2.139181117334601,1.1160944960006614,11.625984333340224,1.860157493334436,1.0230866213339396,0.930078746667218,1.7671496186677138,5.580472480003308,75.73529411764706,52.17391304347826,Left Back,Full Back,True,37.24832214765101,18.79194630872483,14.76510067114094,61.74496644295302,52.348993288590606,28.85906040268457,71.81208053691275,85.23489932885906,86.57718120805369,48.32214765100672,46.97986577181208,49.66442953020135,9.395973154362416,43.62416107382551,93.28859060402684,39.59731543624161,33.89261744966443,29.86577181208054,83.89261744966443,23.6,47.65,81.21,48.55,46.81,49.56,1
5692,375.04,234.0,176.0,6.0,2.0,0.0,8.0,9.0,1.0,0.2401999906999999,197.0,1250.2058513348402,8.0,6.0,49.0,2.0,0.0,1.0,1.0,18.0,Juan Fernando Quintero Paniagua,56.15401023890784,42.23549488054607,1.4398464163822524,0.4799488054607508,0.0,1.9197952218430032,2.1597696245733786,0.2399744027303754,0.0576418493040742,47.274957337883954,300.0174024640988,1.9197952218430032,1.4398464163822524,11.758745733788396,0.4799488054607508,0.0,0.2399744027303754,0.2399744027303754,4.319539249146757,75.21367521367522,75.0,Center Attacking Midfield,Attacking Midfielder,True,71.05263157894737,23.684210526315788,76.31578947368422,94.73684210526316,89.47368421052632,31.57894736842105,92.10526315789474,92.10526315789474,78.94736842105263,13.157894736842104,2.631578947368421,5.263157894736842,47.368421052631575,2.631578947368421,50.0,60.526315789473685,92.10526315789474,9.210526315789473,63.1578947368421,57.02,71.93,87.72,20.18,56.25,58.62,0
5693,346.83,245.0,193.0,6.0,1.0,1.0,12.0,1.0,0.0,0.05377961,180.0,866.3787538812204,3.0,2.0,68.0,5.0,7.0,6.0,4.0,13.0,Gaku Shibasaki,63.57581524089612,50.082172822420205,1.5569587405933742,0.259493123432229,0.259493123432229,3.1139174811867485,0.259493123432229,0.0,0.0139554389758671,46.70876221780124,224.8193289199604,0.7784793702966871,0.518986246864458,17.645532393391576,1.2974656171611454,1.8164518640256035,1.5569587405933742,1.037972493728916,3.373410604618978,78.77551020408163,66.66666666666666,Left Defensive Midfield,Defensive Midfielder,True,33.16831683168317,18.81188118811881,14.85148514851485,83.16831683168317,75.24752475247524,8.91089108910891,74.25742574257426,64.35643564356435,58.415841584158414,61.38613861386138,20.792079207920796,88.11881188118812,60.3960396039604,11.88118811881188,20.792079207920796,97.02970297029702,95.04950495049503,71.28712871287128,100.0,22.28,55.78,65.68,43.89,90.84,55.69,1
5695,629.34,411.0,321.0,16.0,8.0,3.0,22.0,11.0,1.0,1.2330340638,315.0,1432.0643717879364,18.0,9.0,112.0,12.0,2.0,0.0,8.0,32.0,James David Rodríguez Rubio,58.77586042520736,45.905234054724,2.2881113547525977,1.1440556773762989,0.4290208790161121,3.146153112784822,1.573076556392411,0.1430069596720373,0.1763324526360949,45.04719229669177,204.7951718640389,2.5741252740966725,1.2870626370483362,16.016779483268184,1.7160835160644483,0.2860139193440747,0.0,1.1440556773762989,4.576222709505196,78.1021897810219,50.0,Center Attacking Midfield,Attacking Midfielder,True,44.73684210526316,60.526315789473685,57.89473684210527,100.0,97.36842105263158,60.526315789473685,84.21052631578947,55.26315789473685,71.05263157894737,39.47368421052632,76.31578947368422,18.421052631578945,14.473684210526317,28.947368421052637,60.526315789473685,86.8421052631579,100.0,71.05263157894737,97.36842105263158,54.39,85.96,70.18,39.69,88.82,67.81,0
5696,598.87,281.0,215.0,3.0,0.0,0.0,7.0,2.0,0.0,0.0393441739999999,172.0,827.9331066365776,2.0,1.0,93.0,9.0,6.0,10.0,9.0,25.0,Santiago Arias Naranjo,42.22953228580493,32.31085210479736,0.4508490991367074,0.0,0.0,1.051981231318984,0.3005660660911383,0.0,0.0059127618013926,25.84868168383789,124.42429842418552,0.3005660660911383,0.1502830330455691,13.976322073237933,1.3525472974101225,0.9016981982734148,1.5028303304556916,1.3525472974101225,3.757075826139229,76.51245551601423,50.0,Right Back,Full Back,True,37.24832214765101,17.449664429530202,29.53020134228188,30.2013422818792,32.21476510067114,34.22818791946309,20.80536912751678,12.751677852348994,15.436241610738255,72.48322147651007,26.174496644295303,40.939597315436245,35.57046979865772,21.47651006711409,56.375838926174495,26.845637583892614,33.89261744966443,29.86577181208054,24.16107382550336,28.08,32.21,16.33,42.17,28.69,29.5,1
5713,317.79,155.0,126.0,0.0,0.0,0.0,0.0,7.0,0.0,0.374614478,118.0,598.6202089510024,8.0,5.0,43.0,7.0,2.0,10.0,5.0,19.0,Mohammed Kanoo,43.896913055791565,35.6839422259983,0.0,0.0,0.0,0.0,1.982441234777684,0.0,0.1060930269045596,33.418295100538096,169.53276945652857,2.26564712546021,1.4160294534126312,12.177853299348628,1.982441234777684,0.5664117813650525,2.8320589068252624,1.4160294534126312,5.380911922967998,81.29032258064515,62.5,Left Center Midfield,Midfielder,True,26.05633802816901,56.33802816901409,87.32394366197182,59.15492957746479,56.33802816901409,40.845070422535215,45.07042253521127,28.169014084507044,81.69014084507043,11.267605633802818,80.28169014084507,22.53521126760564,98.59154929577466,36.61971830985916,87.32394366197182,2.112676056338028,32.3943661971831,27.464788732394368,4.929577464788732,56.57,52.11,51.64,56.1,16.73,46.63,1
5714,392.56,123.0,68.0,0.0,0.0,0.0,0.0,0.0,0.0,0.0,41.0,162.79466734266094,0.0,0.0,1.0,0.0,0.0,0.0,0.0,19.0,Mohammed Khalil Al Owais,28.19951090279193,15.589973507234564,0.0,0.0,0.0,0.0,0.0,0.0,0.0,9.39983696759731,37.323008102811,0.0,0.0,0.2292643162828612,0.0,0.0,0.0,0.0,4.356022009374363,55.28455284552846,0.0,Goalkeeper,Goalkeeper,True,50.0,49.28571428571429,49.28571428571429,57.14285714285714,28.57142857142857,12.857142857142856,14.285714285714285,7.142857142857142,45.0,91.42857142857144,50.0,50.71428571428571,38.57142857142858,45.71428571428572,77.14285714285715,46.42857142857143,50.0,47.85714285714286,50.0,49.52,32.86,22.14,58.93,48.57,42.4,2
5715,330.96,131.0,107.0,0.0,0.0,0.0,0.0,0.0,0.0,0.0,91.0,697.0729670167281,0.0,0.0,21.0,6.0,5.0,9.0,5.0,10.0,Ali Albulayhi,35.6236403190718,29.097171863669328,0.0,0.0,0.0,0.0,0.0,0.0,0.0,24.746192893401016,189.55936376452,0.0,0.0,5.710659898477158,1.6316171138506166,1.3596809282088471,2.4474256707759245,1.3596809282088471,2.7193618564176942,81.67938931297711,0.0,Left Center Back,Centre Back,True,34.023668639053255,7.396449704142012,7.396449704142012,18.93491124260355,18.93491124260355,20.118343195266277,16.56804733727811,46.15384615384615,22.7810650887574,32.544378698224854,75.14792899408283,69.23076923076923,10.650887573964498,36.09467455621302,56.80473372781065,19.230769230769237,44.67455621301775,30.17751479289941,26.035502958579883,16.27,19.33,28.5,46.75,30.03,28.18,1
5717,321.47,123.0,87.0,3.0,0.0,0.0,7.0,1.0,0.0,0.018971423,82.0,477.7977356674267,2.0,2.0,67.0,10.0,6.0,5.0,7.0,7.0,Diego Sebastián Laxalt Suárez,34.43556163872211,24.35686067129125,0.8398917472859053,0.0,0.0,1.959747410333779,0.2799639157619684,0.0,0.0053113138706566,22.95704109248141,133.7661250196547,0.5599278315239369,0.5599278315239369,18.757582356051884,2.7996391576196844,1.6797834945718106,1.3998195788098422,1.959747410333779,1.959747410333779,70.73170731707317,100.0,Left Back,Full Back,True,37.24832214765101,14.76510067114094,26.174496644295303,10.738255033557047,10.06711409395973,10.738255033557047,12.751677852348994,18.79194630872483,58.38926174496645,95.9731543624161,89.26174496644296,82.5503355704698,30.2013422818792,53.69127516778524,4.026845637583892,61.07382550335571,33.89261744966443,29.86577181208054,56.375838926174495,26.06,10.51,29.98,59.28,45.3,34.23,1
5719,378.88,184.0,148.0,4.0,0.0,0.0,15.0,13.0,1.0,0.954234259,168.0,1077.4607644466737,8.0,5.0,38.0,2.0,0.0,0.0,3.0,8.0,Marco Asensio Willemsen,43.70777027027027,35.15625,0.9501689189189187,0.0,0.0,3.563133445945946,3.088048986486487,0.2375422297297297,0.2266709335673564,39.9070945945946,255.942432432962,1.9003378378378373,1.187711148648649,9.02660472972973,0.4750844594594594,0.0,0.0,0.7126266891891893,1.9003378378378373,80.43478260869566,62.5,Center Forward,Forward,True,33.734939759036145,22.89156626506024,77.10843373493977,98.79518072289156,98.79518072289156,84.33734939759037,96.3855421686747,93.97590361445783,77.10843373493977,9.63855421686747,32.53012048192771,16.867469879518072,4.216867469879518,19.27710843373494,16.867469879518072,66.26506024096386,27.710843373493976,29.518072289156628,100.0,44.58,93.98,89.16,16.57,55.87,60.03,0
5721,886.91,641.0,571.0,9.0,1.0,0.0,15.0,4.0,1.0,0.4376253675,473.0,2037.567722374644,12.0,3.0,99.0,14.0,5.0,7.0,19.0,45.0,Daniel Carvajal Ramos,65.04605878837762,57.9427450361367,0.9132831967166906,0.1014759107462989,0.0,1.522138661194484,0.4059036429851957,0.1014759107462989,0.0444084327327462,47.9981057829994,206.764040335229,1.2177109289555874,0.3044277322388968,10.046115163883597,1.4206627504481857,0.5073795537314948,0.7103313752240927,1.92804230417968,4.566415983583453,89.0795631825273,25.0,Right Back,Full Back,True,77.18120805369128,58.38926174496645,42.95302013422819,92.61744966442951,93.28859060402684,96.64429530201345,91.94630872483222,64.42953020134227,34.899328859060404,30.2013422818792,28.85906040268457,11.409395973154362,5.369127516778524,51.67785234899329,78.52348993288591,65.77181208053692,70.46979865771812,29.86577181208054,39.59731543624161,59.51,94.18,63.76,34.34,51.43,60.64,1
5722,409.56,137.0,101.0,2.0,0.0,1.0,3.0,4.0,0.0,0.2299991007,92.0,542.3376678135725,3.0,1.0,79.0,6.0,4.0,11.0,11.0,17.0,Saeid Ezatolahi Afagh,30.105479050688544,22.19455024904776,0.4394960445355992,0.0,0.2197480222677996,0.6592440668033988,0.8789920890711984,0.0,0.0505418475021974,20.216818048637563,119.17762990336342,0.6592440668033988,0.2197480222677996,17.360093759156165,1.3184881336067975,0.8789920890711984,2.417228244945796,2.417228244945796,3.735716378552593,73.72262773722628,33.33333333333333,Center Defensive Midfield,Defensive Midfielder,True,33.16831683168317,50.495049504950494,50.495049504950494,6.930693069306932,4.950495049504951,1.98019801980198,4.950495049504951,7.920792079207921,19.8019801980198,59.4059405940594,22.77227722772277,38.613861386138616,91.0891089108911,81.1881188118812,30.69306930693069,38.613861386138616,35.64356435643564,58.415841584158414,73.26732673267327,44.72,4.62,10.89,53.96,51.49,33.14,1
5732,349.25,94.0,59.0,6.0,1.0,0.0,6.0,10.0,0.0,1.200674315,85.0,542.7692092496114,8.0,7.0,57.0,0.0,0.0,1.0,2.0,12.0,Andreas Evald Cornelius,24.22333571939871,15.204008589835365,1.546170365068003,0.2576950608446671,0.0,1.546170365068003,2.576950608446672,0.0,0.3094078406585541,21.904080171796707,139.8689444021905,2.061560486757337,1.80386542591267,14.688618468146029,0.0,0.0,0.2576950608446671,0.5153901216893343,3.092340730136006,62.76595744680851,87.5,Center Forward,Forward,True,12.048192771084338,38.55421686746988,61.44578313253012,71.08433734939759,55.42168674698795,8.433734939759036,61.44578313253012,68.67469879518072,90.36144578313254,48.19277108433735,4.216867469879518,16.867469879518072,22.89156626506024,13.253012048192772,56.62650602409639,91.56626506024097,87.95180722891565,29.518072289156628,87.95180722891565,37.35,44.98,73.49,27.01,74.25,51.42,0
5830,331.59000000000003,120.0,92.0,0.0,1.0,1.0,0.0,2.0,1.0,0.82767076,87.0,377.9521779379268,1.0,1.0,27.0,5.0,7.0,18.0,1.0,12.0,Kenneth Josiah Omeruo,32.570342893332125,24.97059621822129,0.0,0.271419524111101,0.271419524111101,0.0,0.5428390482222021,0.271419524111101,0.2246460037998733,23.613498597665792,102.58360027266626,0.271419524111101,0.271419524111101,7.328327150999727,1.3570976205555052,1.899936668777707,4.885551433999819,0.271419524111101,3.257034289333212,76.66666666666667,100.0,Left Center Back,Centre Back,True,93.49112426035504,94.0828402366864,65.68047337278107,13.6094674556213,12.42603550295858,5.325443786982249,15.384615384615383,7.6923076923076925,75.14792899408283,60.35502958579882,57.98816568047337,89.94082840236686,72.18934911242604,2.366863905325444,75.14792899408283,19.230769230769237,100.0,88.75739644970415,26.035502958579883,84.42,10.45,32.74,59.66,58.51,49.16,1
5834,300.44,48.0,36.0,3.0,1.0,0.0,1.0,6.0,3.0,2.145253665,50.0,252.496418568522,6.0,2.0,68.0,2.0,0.0,1.0,3.0,6.0,Mario Gavranović,14.378910930635069,10.7841831979763,0.8986819331646918,0.2995606443882306,0.0,0.2995606443882306,1.7973638663293836,0.8986819331646918,0.6426335702636133,14.978032219411528,75.63798985210683,1.7973638663293836,0.5991212887764612,20.37012381839968,0.5991212887764612,0.0,0.2995606443882306,0.8986819331646918,1.7973638663293836,75.0,33.33333333333333,Right Center Forward,Forward,True,92.7710843373494,89.1566265060241,19.27710843373494,9.63855421686747,15.66265060240964,57.831325301204814,24.09638554216868,20.48192771084337,40.963855421686745,86.74698795180723,45.78313253012048,16.867469879518072,26.506024096385545,38.55421686746988,13.253012048192772,62.65060240963856,93.97590361445783,29.518072289156628,25.301204819277107,67.07,27.71,28.51,37.95,52.86,42.82,0
5836,463.02,153.0,119.0,1.0,0.0,0.0,5.0,3.0,0.0,0.0838493709999999,103.0,626.0187294230295,0.0,0.0,53.0,13.0,9.0,10.0,12.0,13.0,Bryan Oviedo,29.739536089153816,23.13075029156408,0.1943760528702864,0.0,0.0,0.971880264351432,0.5831281586108591,0.0,0.0162983097706362,20.020733445639497,121.6830496481203,0.0,0.0,10.301930802125176,2.526888687313724,1.7493844758325774,1.943760528702864,2.3325126344434364,2.526888687313724,77.77777777777779,0.0,Left Wing Back,Full Back,True,37.24832214765101,34.899328859060404,61.74496644295302,4.026845637583892,6.711409395973154,42.95302013422819,3.355704697986577,10.738255033557047,6.375838926174497,34.899328859060404,83.22147651006712,85.23489932885906,49.66442953020135,74.49664429530202,13.422818791946307,5.369127516778524,33.89261744966443,29.86577181208054,21.47651006711409,44.63,17.9,6.82,56.82,22.65,29.77,1
5838,382.31,228.0,201.0,4.0,0.0,0.0,6.0,0.0,0.0,0.0,174.0,880.7517707818579,3.0,2.0,79.0,12.0,3.0,4.0,11.0,10.0,Fágner Conserva Lemos,53.673720279354455,47.31762182522037,0.9416442154272712,0.0,0.0,1.4124663231409065,0.0,0.0,0.0,40.96152337108629,207.33870254601555,0.7062331615704532,0.4708221077136355,18.5974732546886,2.824932646281813,0.7062331615704532,0.9416442154272712,2.5895215924249952,2.354110538568177,88.1578947368421,66.66666666666666,Right Back,Full Back,True,37.24832214765101,5.369127516778524,5.369127516778524,75.16778523489933,83.22147651006712,93.28859060402684,78.52348993288591,65.1006711409396,52.348993288590606,94.63087248322148,91.2751677852349,25.503355704697988,12.08053691275168,84.56375838926175,9.395973154362416,70.46979865771812,33.89261744966443,29.86577181208054,34.899328859060404,16.0,83.89,65.32,52.91,42.28,52.08,1
5839,302.37,103.0,82.0,0.0,1.0,0.0,0.0,2.0,1.0,0.522077037,62.0,208.35168823115688,0.0,0.0,42.0,5.0,4.0,7.0,9.0,11.0,Yeltsin Ignacio Tejeda Valverde,30.65780335350729,24.407183252306776,0.0,0.2976485762476436,0.0,0.0,0.5952971524952873,0.2976485762476436,0.1553954867546383,18.454211727353904,62.01558336079677,0.0,0.0,12.501240202401032,1.4882428812382182,1.1905943049905745,2.083540033733505,2.6788371862287925,3.27413433872408,79.6116504854369,0.0,Left Defensive Midfield,Defensive Midfielder,True,96.03960396039604,83.16831683168317,35.64356435643564,8.91089108910891,7.920792079207921,12.871287128712872,1.98019801980198,0.99009900990099,5.445544554455446,20.792079207920796,30.69306930693069,63.366336633663366,82.17821782178217,87.12871287128714,16.831683168316832,3.4653465346534658,99.009900990099,19.306930693069308,10.891089108910892,71.62,9.9,2.81,50.17,33.17,33.53,1
6193,442.95,192.0,168.0,1.0,0.0,0.0,1.0,6.0,0.0,1.647121061,153.0,672.5453299971572,6.0,5.0,96.0,12.0,4.0,5.0,13.0,18.0,Andrés Mateus Uribe Villa,39.0111750761937,34.13477819166949,0.2031832035218422,0.0,0.0,0.2031832035218422,1.2190992211310532,0.0,0.3346673337622756,31.087030138841858,136.6499146624769,1.2190992211310532,1.015916017609211,19.50558753809685,2.4381984422621064,0.8127328140873689,1.015916017609211,2.6413816457839485,3.65729766339316,87.5,83.33333333333334,Center Defensive Midfield,Defensive Midfielder,True,33.16831683168317,95.04950495049503,72.27722772277228,22.77227722772277,24.752475247524757,58.415841584158414,22.77227722772277,12.871287128712872,92.07920792079209,77.22772277227723,76.23762376237624,36.63366336633664,34.65346534653465,86.13861386138613,26.73267326732673,12.871287128712872,35.64356435643564,19.306930693069308,32.67326732673268,66.83,35.31,42.57,56.27,25.12,45.22,1
6196,410.98,206.0,179.0,0.0,0.0,0.0,0.0,3.0,3.0,0.770368334,152.0,793.6997825890385,1.0,1.0,38.0,9.0,4.0,20.0,10.0,15.0,Yerry Fernando Mina González,45.1116842668743,39.19898778529368,0.0,0.0,0.0,0.0,0.6569662757311792,0.6569662757311792,0.1687020051097377,33.28629130371307,173.81133007205574,0.2189887585770597,0.2189887585770597,8.321572825928268,1.9708988271935373,0.8759550343082388,4.379775171541194,2.189887585770597,3.284831378655895,86.89320388349515,100.0,Right Center Back,Centre Back,True,100.0,89.94082840236686,71.59763313609467,45.5621301775148,46.74556213017752,48.5207100591716,42.60355029585799,38.46153846153847,63.31360946745562,71.00591715976331,86.98224852071006,37.8698224852071,63.31360946745562,79.28994082840237,75.7396449704142,19.230769230769237,44.67455621301775,30.17751479289941,26.035502958579883,87.18,46.94,48.13,69.03,30.03,56.26,1
6301,843.64,104.0,67.0,3.0,0.0,0.0,0.0,20.0,4.0,2.624805755,70.0,274.23342181288854,10.0,6.0,169.0,5.0,0.0,14.0,10.0,21.0,Youssef En-Nesyri,11.094779763880329,7.147598501730595,0.3200417239580864,0.0,0.0,0.0,2.1336114930539094,0.4267222986107818,0.2800157862951022,7.467640225688682,29.25537902797398,1.0668057465269547,0.6400834479161728,18.02901711630553,0.5334028732634774,0.0,1.4935280451377364,1.0668057465269547,2.2402920677066045,64.42307692307693,60.0,Center Forward,Forward,True,54.21686746987952,31.32530120481928,40.963855421686745,2.409638554216868,2.409638554216868,14.457831325301203,1.2048192771084338,1.2048192771084338,43.373493975903614,78.3132530120482,39.75903614457831,16.867469879518072,95.18072289156626,54.21686746987952,30.120481927710845,18.072289156626507,27.710843373493976,29.518072289156628,4.819277108433735,42.17,6.43,15.26,52.41,20.03,27.26,0
6302,421.83,82.0,66.0,3.0,0.0,1.0,3.0,11.0,3.0,1.666169025,94.0,412.55796885987513,9.0,5.0,79.0,4.0,0.0,3.0,5.0,17.0,Kasper Dolberg,17.49519948794538,14.081502026882868,0.6400682739492213,0.0,0.2133560913164071,0.6400682739492213,2.3469170044804777,0.6400682739492213,0.355487310646469,20.055472583742265,88.02175567737896,1.920204821847664,1.0667804565820354,16.85513121399616,0.8534243652656284,0.0,0.6400682739492213,1.0667804565820354,3.627053552378921,80.48780487804879,55.55555555555556,Center Forward,Forward,True,73.49397590361446,45.78313253012048,55.42168674698795,27.710843373493976,46.98795180722892,85.54216867469879,50.60240963855421,30.120481927710845,63.85542168674698,65.06024096385542,72.28915662650603,16.867469879518072,48.19277108433735,53.01204819277109,71.08433734939759,39.75903614457831,27.710843373493976,73.49397590361446,51.80722891566265,58.23,53.41,48.19,54.42,48.19,52.49,0
6307,309.76,131.0,121.0,0.0,0.0,1.0,0.0,0.0,0.0,0.0,93.0,455.9460477759772,1.0,1.0,47.0,4.0,4.0,18.0,2.0,5.0,Duje Ćaleta-Car,38.06172520661157,35.15625,0.0,0.0,0.290547520661157,0.0,0.0,0.0,0.0,27.020919421487605,132.4739937365636,0.290547520661157,0.290547520661157,13.65573347107438,1.162190082644628,1.162190082644628,5.229855371900826,0.581095041322314,1.4527376033057853,92.36641221374046,100.0,Left Center Back,Centre Back,True,34.023668639053255,7.396449704142012,7.396449704142012,26.035502958579883,33.13609467455622,83.13609467455622,24.2603550295858,20.118343195266277,78.10650887573965,98.81656804733728,44.97041420118343,59.171597633136095,79.28994082840237,4.733727810650888,6.508875739644971,19.230769230769237,44.67455621301775,89.94082840236686,26.035502958579883,16.27,47.44,40.83,48.92,44.97,39.68,1
6318,480.52,256.0,200.0,8.0,2.0,1.0,18.0,2.0,0.0,0.038669093,199.0,1366.444190860942,6.0,2.0,83.0,6.0,5.0,5.0,14.0,23.0,Andrija Živković,47.9480562723716,37.45941896279032,1.4983767585116126,0.3745941896279031,0.1872970948139515,3.3713477066511284,0.3745941896279031,0.0,0.0072426087779905,37.27212186797636,255.9310271736552,1.1237825688837093,0.3745941896279031,15.54565886955798,1.1237825688837093,0.936485474069758,0.936485474069758,2.622159327395322,4.307833180720886,78.125,33.33333333333333,Right Wing Back,Full Back,True,37.24832214765101,22.818791946308725,36.91275167785235,52.348993288590606,48.99328859060403,43.62416107382551,62.41610738255034,88.59060402684564,40.26845637583892,83.89261744966443,15.436241610738255,43.62416107382551,10.738255033557047,85.23489932885906,71.14093959731544,93.28859060402684,97.98657718120806,69.12751677852349,89.26174496644296,32.33,48.32,63.76,51.68,87.42,56.7,1
6321,607.49,382.0,348.0,0.0,0.0,0.0,0.0,0.0,0.0,0.0,300.0,1676.093468792108,0.0,0.0,56.0,7.0,2.0,19.0,6.0,12.0,Milos Veljkovic,56.59352417323741,51.55640422064561,0.0,0.0,0.0,0.0,0.0,0.0,0.0,44.44517605228069,248.31423100181027,0.0,0.0,8.296432863092395,1.0370541078865494,0.2963011736818713,2.814861149977777,0.8889035210456139,1.7778070420912278,91.09947643979058,0.0,Right Center Back,Centre Back,True,34.023668639053255,7.396449704142012,7.396449704142012,70.41420118343196,72.7810650887574,76.92307692307693,73.37278106508876,70.41420118343196,22.7810650887574,69.8224852071006,37.278106508875744,7.100591715976331,17.75147928994083,11.242603550295858,15.384615384615383,19.230769230769237,44.67455621301775,30.17751479289941,26.035502958579883,16.27,73.37,55.52,26.43,30.03,40.33,1
6322,408.3,345.0,318.0,1.0,0.0,1.0,2.0,1.0,0.0,0.07610536,272.0,1617.3709901907953,0.0,0.0,38.0,7.0,3.0,11.0,6.0,17.0,Niklas Süle,76.0470242468773,70.0955180014695,0.2204261572373255,0.0,0.2204261572373255,0.440852314474651,0.2204261572373255,0.0,0.0167756120499632,59.95591476855253,356.51087219488505,0.0,0.0,8.376193975018369,1.5429831006612784,0.6612784717119765,2.4246877296105804,1.322556943423953,3.747244673034533,92.17391304347828,0.0,Right Center Back,Centre Back,True,34.023668639053255,28.99408284023669,24.85207100591716,95.26627218934912,95.85798816568048,81.65680473372781,94.0828402366864,95.85798816568048,22.7810650887574,71.59763313609467,71.59763313609467,23.66863905325444,10.059171597633137,33.72781065088758,85.20710059171599,62.721893491124256,44.67455621301775,81.65680473372781,88.75739644970415,29.29,90.93,70.91,49.31,69.45,61.98,1
6324,386.99,153.0,132.0,3.0,0.0,3.0,1.0,11.0,1.0,1.0449552299999998,115.0,798.3919041573824,4.0,2.0,51.0,6.0,3.0,1.0,8.0,16.0,Leon Goretzka,35.58231478849583,30.698467660663063,0.6976924468332515,0.0,0.6976924468332515,0.2325641489444171,2.5582056383885887,0.2325641489444171,0.2430191237499676,26.74487712860797,185.67733371447432,0.9302565957776686,0.4651282978888343,11.860771596165277,1.395384893666503,0.6976924468332515,0.2325641489444171,1.8605131915553368,3.7210263831106745,86.27450980392157,50.0,Left Defensive Midfield,Defensive Midfielder,True,85.14851485148515,91.0891089108911,99.009900990099,12.871287128712872,17.82178217821782,52.47524752475248,12.871287128712872,45.54455445544555,55.44554455445545,12.871287128712872,28.71287128712871,28.71287128712871,2.9702970297029703,61.38613861386138,28.71287128712871,62.37623762376238,35.64356435643564,94.05940594059405,37.62376237623762,91.75,27.72,37.95,27.23,57.43,48.42,0
6328,344.54999999999995,118.0,102.0,0.0,0.0,0.0,0.0,2.0,1.0,0.23050957,70.0,335.646003546789,0.0,0.0,22.0,5.0,9.0,18.0,9.0,3.0,Kendall Jamaal Waston Manley,30.822812363952984,26.643447975620376,0.0,0.0,0.0,0.0,0.522420548541576,0.261210274270788,0.0602114680017414,18.284719198955163,87.67418464435065,0.0,0.0,5.746626033957336,1.30605137135394,2.350892468437092,4.701784936874184,2.350892468437092,0.7836308228123642,86.4406779661017,0.0,Right Center Back,Centre Back,True,92.89940828402366,61.53846153846154,62.721893491124256,11.83431952662722,14.201183431952662,46.74556213017752,5.9171597633136095,4.733727810650888,22.7810650887574,34.319526627218934,53.84615384615385,97.0414201183432,66.86390532544378,82.84023668639054,0.591715976331361,19.230769230769237,44.67455621301775,30.17751479289941,26.035502958579883,72.39,24.26,11.14,55.92,30.03,38.75,1
6331,410.7,278.0,258.0,1.0,0.0,0.0,2.0,2.0,0.0,0.17727166,227.0,1130.24088727188,3.0,1.0,62.0,6.0,5.0,8.0,11.0,14.0,Leander Dendoncker,60.92037983929876,56.53761869978086,0.2191380569758948,0.0,0.0,0.4382761139517896,0.4382761139517896,0.0,0.0388469671292914,49.74433893352813,247.6787919514712,0.6574141709276845,0.2191380569758948,13.58655953250548,1.314828341855369,1.095690284879474,1.753104455807159,2.410518626734843,3.067932797662527,92.80575539568343,33.33333333333333,Right Defensive Midfield,Defensive Midfielder,True,33.16831683168317,39.6039603960396,23.76237623762376,79.20792079207921,83.16831683168317,94.05940594059405,78.21782178217822,70.29702970297029,18.81188118811881,30.69306930693069,21.782178217821784,56.43564356435643,70.29702970297029,79.20792079207921,10.891089108910892,16.831683168316832,35.64356435643564,19.306930693069308,59.4059405940594,32.18,85.48,55.78,44.88,32.8,50.22,1
6332,445.27,262.0,242.0,0.0,0.0,0.0,0.0,1.0,0.0,0.15040624,209.0,1156.689358337954,1.0,0.0,48.0,11.0,6.0,15.0,8.0,11.0,Thomas Vermaelen,52.956633054102014,48.91414198126979,0.0,0.0,0.0,0.0,0.2021245536416107,0.0,0.0304007941249129,42.24403171109664,233.79532025606005,0.2021245536416107,0.0,9.701978574797314,2.223370090057718,1.2127473218496645,3.031868304624161,1.6169964291328858,2.223370090057718,92.36641221374046,0.0,Left Center Back,Centre Back,True,34.023668639053255,41.42011834319527,22.485207100591715,62.721893491124256,68.04733727810651,83.13609467455622,67.45562130177515,63.31360946745562,22.7810650887574,82.84023668639054,89.94082840236686,63.905325443786985,24.2603550295858,52.071005917159766,31.360946745562128,19.230769230769237,44.67455621301775,30.17751479289941,26.035502958579883,32.64,71.3,51.18,57.4,30.03,48.51,1
6374,390.57,225.0,189.0,2.0,0.0,1.0,7.0,2.0,0.0,0.234452334,182.0,1095.930647724433,13.0,7.0,55.0,14.0,0.0,2.0,5.0,17.0,Nélson Cabral Semedo,51.84730009985406,43.55173208387741,0.4608648897764805,0.0,0.2304324448882402,1.613027114217682,0.4608648897764805,0.0,0.0540254245333743,41.938704969659724,252.53797858309383,2.9956217835471235,1.613027114217682,12.673784468853214,3.226054228435364,0.0,0.4608648897764805,1.1521622244412013,3.917351563100085,84.0,53.84615384615385,Right Back,Full Back,True,37.24832214765101,63.758389261744966,49.66442953020135,65.1006711409396,73.8255033557047,77.18120805369128,83.89261744966443,85.90604026845638,94.63087248322148,61.07382550335571,94.63087248322148,0.6711409395973155,2.684563758389262,12.751677852348994,62.41610738255034,28.187919463087248,33.89261744966443,79.19463087248322,42.28187919463088,50.22,72.04,88.14,39.04,45.89,59.07,1
6378,409.18,129.0,79.0,0.0,0.0,0.0,0.0,0.0,0.0,0.0,43.0,180.55769968603207,0.0,0.0,0.0,0.0,0.0,0.0,0.0,13.0,Jan Oblak,28.37382081235642,17.3762158463268,0.0,0.0,0.0,0.0,0.0,0.0,0.0,9.457940270785471,39.71404509443984,0.0,0.0,0.0,0.0,0.0,0.0,0.0,2.859377291167701,61.240310077519375,0.0,Goalkeeper,Goalkeeper,True,50.0,49.28571428571429,49.28571428571429,58.57142857142858,44.285714285714285,25.71428571428571,15.714285714285714,12.857142857142856,45.0,30.714285714285715,50.0,50.71428571428571,38.57142857142858,45.71428571428572,15.714285714285714,46.42857142857143,50.0,47.85714285714286,50.0,49.52,42.86,24.52,38.57,48.57,40.81,2
6383,301.21000000000004,181.0,153.0,2.0,0.0,0.0,0.0,2.0,0.0,0.235745455,135.0,748.9666508654184,5.0,4.0,40.0,12.0,3.0,6.0,6.0,14.0,Thomas Teye Partey,54.08186979183957,45.7156136914445,0.5975897214567909,0.0,0.0,0.0,0.5975897214567909,0.0,0.0704395303940772,40.33730619833339,223.78738613554543,1.493974303641977,1.1951794429135818,11.951794429135816,3.585538328740745,0.8963845821851862,1.7927691643703725,1.7927691643703725,4.183128050197536,84.5303867403315,80.0,Right Defensive Midfield,Defensive Midfielder,True,33.16831683168317,61.38613861386138,36.63366336633664,63.366336633663366,62.37623762376238,41.58415841584159,57.42574257425742,61.38613861386138,96.03960396039604,13.861386138613865,95.04950495049503,40.5940594059406,72.27722772277228,58.415841584158414,43.56435643564357,55.44554455445545,35.64356435643564,19.306930693069308,10.891089108910892,43.73,55.78,71.62,53.96,30.32,51.08,1
6393,389.74,64.0,48.0,1.0,0.0,0.0,1.0,3.0,0.0,0.223381277,54.0,376.3003645904382,5.0,4.0,45.0,4.0,1.0,4.0,5.0,16.0,Iñaki Williams Arthuer,14.779083491558474,11.084312618668855,0.2309231795556011,0.0,0.0,0.2309231795556011,0.6927695386668035,0.0,0.0515839147380304,12.469851696002465,86.89647665915595,1.154615897778006,0.9236927182224046,10.391543080002052,0.9236927182224046,0.2309231795556011,0.9236927182224046,1.154615897778006,3.6947708728896185,75.0,80.0,Center Forward,Forward,True,12.048192771084338,2.409638554216868,3.614457831325301,12.048192771084338,19.27710843373494,57.831325301204814,10.843373493975903,27.710843373493976,60.24096385542169,14.457831325301203,75.90361445783132,51.80722891566265,69.87951807228916,59.036144578313255,74.69879518072288,8.433734939759036,27.710843373493976,29.518072289156628,15.66265060240964,6.02,29.72,32.93,57.63,20.33,29.33,2
6399,621.41,158.0,102.0,6.0,2.0,3.0,14.0,12.0,1.0,2.369732387,144.0,1227.5724919051363,14.0,10.0,49.0,2.0,5.0,7.0,7.0,13.0,Gareth Frank Bale,22.88344249368372,14.772855280732529,0.8689914871019134,0.2896638290339711,0.4344957435509567,2.027646803237798,1.7379829742038269,0.1448319145169855,0.3432128785021161,20.85579569044592,177.7916742110077,2.027646803237798,1.4483191451698558,7.096763811332294,0.2896638290339711,0.7241595725849279,1.013823401618899,1.013823401618899,1.8828148887208125,64.55696202531645,71.42857142857143,Right Wing,Winger,True,41.935483870967744,80.64516129032258,45.16129032258064,20.43010752688172,15.053763440860216,8.60215053763441,8.60215053763441,29.03225806451613,59.13978494623656,3.225806451612903,4.301075268817205,63.44086021505376,91.39784946236558,30.107526881720432,5.376344086021505,34.40860215053764,82.79569892473118,84.94623655913979,50.53763440860215,55.91,14.7,32.26,32.97,63.17,39.8,0
6655,642.3,501.0,444.0,9.0,2.0,5.0,8.0,18.0,2.0,1.261084243,445.0,2495.7523701143346,12.0,8.0,95.0,8.0,4.0,4.0,11.0,43.0,Fabián Ruiz Peña,70.20084072863149,62.21391872956563,1.261092947220925,0.2802428771602055,0.7006071929005138,1.120971508640822,2.52218589444185,0.2802428771602055,0.1767049382998599,62.35404016814573,349.7084124401216,1.6814572629612334,1.120971508640822,13.31153666510976,1.120971508640822,0.560485754320411,0.560485754320411,1.5413358243811304,6.025221858944418,88.62275449101796,66.66666666666666,Left Defensive Midfield,Defensive Midfielder,True,90.0990099009901,87.12871287128714,98.01980198019804,93.06930693069307,91.0891089108911,71.28712871287128,95.04950495049503,94.05940594059405,94.05940594059405,27.72277227722773,12.871287128712872,19.8019801980198,12.871287128712872,35.64356435643564,86.13861386138613,93.06930693069307,98.01980198019804,95.04950495049503,93.06930693069307,91.75,85.15,94.39,32.51,94.8,79.72,1
6685,418.63,165.0,142.0,9.0,1.0,0.0,5.0,16.0,3.0,1.981102416,160.0,810.6348781305499,9.0,6.0,83.0,3.0,0.0,3.0,8.0,13.0,Mikel Oyarzabal Ugarte,35.47285192174474,30.528151350834865,1.934882832095168,0.2149869813439075,0.0,1.0749349067195375,3.43979170150252,0.6449609440317225,0.425911228148962,34.3979170150252,174.27594542137325,1.934882832095168,1.289921888063445,17.843919451544323,0.6449609440317225,0.0,0.6449609440317225,1.71989585075126,2.794830757470798,86.06060606060606,66.66666666666666,Center Forward,Forward,True,74.69879518072288,61.44578313253012,89.1566265060241,91.56626506024097,93.97590361445783,97.59036144578312,92.7710843373494,80.72289156626506,80.72289156626506,74.69879518072288,48.19277108433735,16.867469879518072,49.39759036144578,86.74698795180723,46.98795180722892,97.59036144578312,80.72289156626506,29.518072289156628,77.10843373493977,75.1,94.38,84.74,53.82,71.23,75.85,0
6687,472.62,312.0,285.0,0.0,0.0,0.0,1.0,2.0,0.0,0.1277370729999999,262.0,1691.0832101583342,2.0,0.0,94.0,15.0,3.0,10.0,7.0,27.0,Saša Lukić,59.413482290212,54.27193093817444,0.0,0.0,0.0,0.1904278278532436,0.3808556557064873,0.0,0.0243246933477212,49.89209089754983,322.0293024295419,0.3808556557064873,0.0,17.9002158182049,2.8564174177986543,0.5712834835597309,1.904278278532436,1.3329947949727057,5.1415513520375775,91.34615384615384,0.0,Right Defensive Midfield,Defensive Midfielder,True,33.16831683168317,26.73267326732673,18.81188118811881,76.23762376237624,80.19801980198021,88.11881188118812,80.19801980198021,92.07920792079209,5.445544554455446,64.35643564356435,85.14851485148515,20.792079207920796,78.21782178217822,25.742574257425744,68.31683168316832,3.4653465346534658,35.64356435643564,19.306930693069308,30.69306930693069,26.24,81.52,59.24,57.1,22.28,49.27,1
6704,1155.27,723.0,647.0,16.0,2.0,0.0,27.0,10.0,2.0,1.2858894279999995,591.0,3071.6226960288777,17.0,12.0,115.0,31.0,11.0,18.0,23.0,49.0,Theo Bernard François Hernández,56.32449557246358,50.40380170869148,1.2464618660572853,0.1558077332571606,0.0,2.103404398971669,0.7790386662858033,0.1558077332571606,0.1001757584980134,46.04118517749097,239.29128484475405,1.3243657326858658,0.934846399542964,8.958944662286738,2.4150198654859905,0.8569425329143837,1.402269599314446,1.7917889324573475,3.817289464800437,89.48824343015215,70.58823529411765,Left Back,Full Back,True,83.89261744966443,81.20805369127517,72.48322147651007,82.5503355704698,85.90604026845638,97.98657718120806,89.93288590604027,82.5503355704698,81.20805369127517,16.778523489932887,73.8255033557047,34.899328859060404,30.87248322147651,47.651006711409394,58.38926174496645,85.90604026845638,79.86577181208054,29.86577181208054,62.41610738255034,79.19,88.81,84.56,43.74,64.51,72.16,1
6748,773.25,279.0,211.0,5.0,1.0,3.0,28.0,17.0,5.0,2.872723607,311.0,1604.819876726642,22.0,7.0,111.0,7.0,6.0,0.0,16.0,20.0,Ferrán Torres García,32.473326867119304,24.55868089233753,0.5819592628516004,0.11639185257032,0.3491755577109602,3.2589718719689627,1.9786614936954408,0.5819592628516004,0.3343616225412221,36.197866149369545,186.7879584938865,2.5606207565470416,0.8147429679922407,12.919495635305529,0.8147429679922407,0.6983511154219205,0.0,1.8622696411251207,2.327837051406401,75.62724014336918,31.818181818181817,Right Wing,Winger,True,91.39784946236558,79.56989247311827,55.91397849462365,58.06451612903226,60.215053763440864,50.53763440860215,68.81720430107528,31.18279569892473,22.58064516129032,32.25806451612903,33.33333333333333,60.215053763440864,9.13978494623656,77.41935483870968,7.526881720430108,17.20430107526882,51.61290322580645,79.56989247311827,86.02150537634408,75.63,56.27,40.86,36.65,58.6,53.6,0
6765,1203.0,1309.0,1236.0,12.0,0.0,2.0,3.0,10.0,1.0,1.2952159253999995,1046.0,5528.0226455809625,3.0,0.0,140.0,19.0,9.0,30.0,21.0,62.0,Rodrigo Hernández Cascante,97.930174563591,92.46882793017456,0.8977556109725685,0.0,0.1496259351620947,0.2244389027431421,0.7481296758104738,0.0748129675810473,0.0968989470374064,78.25436408977555,413.5677789711443,0.2244389027431421,0.0,10.473815461346634,1.4214463840399,0.6733167082294265,2.244389027431421,1.5710723192019949,4.638403990024938,94.42322383498856,0.0,Right Center Back,Centre Back,True,71.59763313609467,73.96449704142012,80.4733727810651,98.81656804733728,98.81656804733728,96.44970414201184,98.81656804733728,98.22485207100593,22.7810650887574,88.16568047337277,65.08875739644971,24.85207100591716,7.6923076923076925,47.92899408284024,97.0414201183432,99.40828402366864,44.67455621301775,72.18934911242604,73.96449704142012,75.35,98.03,73.27,55.13,72.56,74.87,1
6773,916.09,499.0,421.0,13.0,0.0,8.0,6.0,24.0,3.0,2.2735820048,375.0,2832.354547854634,7.0,4.0,108.0,14.0,10.0,9.0,14.0,43.0,Federico Santiago Valverde Dipetta,49.02356755340633,41.36056500998811,1.277167090569704,0.0,0.7859489788121254,0.5894617341090942,2.3578469364363768,0.2947308670545471,0.2233649318647731,36.84135838181838,278.2607705650286,0.6877053564606098,0.3929744894060627,10.610311213963694,1.3754107129212196,0.9824362235151568,0.8841926011636413,1.3754107129212196,4.224475761115174,84.3687374749499,57.14285714285714,Right Defensive Midfield,Defensive Midfielder,True,95.04950495049503,90.0990099009901,97.02970297029702,55.44554455445545,52.47524752475248,39.6039603960396,46.53465346534654,82.17821782178217,45.54455445544555,6.930693069306932,26.73267326732673,45.54455445544555,27.72277227722773,27.72277227722773,45.54455445544555,94.05940594059405,35.64356435643564,97.02970297029702,71.28712871287128,94.06,49.17,58.09,30.03,74.5,61.17,0
6785,998.72,325.0,245.0,0.0,0.0,0.0,0.0,0.0,0.0,0.0,150.0,700.8885281633796,0.0,0.0,2.0,0.0,0.0,0.0,0.0,43.0,Yassine Bounou,29.28748798462032,22.078260173021462,0.0,0.0,0.0,0.0,0.0,0.0,0.0,13.517302146747838,63.16081337582523,0.0,0.0,0.1802306952899711,0.0,0.0,0.0,0.0,3.87495994873438,75.38461538461539,0.0,Goalkeeper,Goalkeeper,True,50.0,49.28571428571429,49.28571428571429,65.71428571428571,72.85714285714285,72.85714285714285,51.42857142857142,45.71428571428572,45.0,80.0,50.0,50.71428571428571,38.57142857142858,45.71428571428572,62.85714285714285,46.42857142857143,50.0,47.85714285714286,50.0,49.52,70.48,47.38,54.64,48.57,54.12,2
6798,458.05,264.0,250.0,4.0,0.0,1.0,0.0,1.0,0.0,0.021908578,219.0,1318.9891375107222,3.0,3.0,61.0,7.0,4.0,8.0,6.0,24.0,Stanislav Lobotka,51.8720663683004,49.12127496998144,0.7859403995197031,0.0,0.1964850998799257,0.0,0.1964850998799257,0.0,0.0043047091365571,43.03023687370374,259.16171242433137,0.5894552996397773,0.5894552996397773,11.985591092675472,1.3753956991594805,0.7859403995197031,1.571880799039406,1.1789105992795543,4.715642397118218,94.6969696969697,100.0,Center Defensive Midfield,Defensive Midfielder,True,33.16831683168317,4.950495049504951,6.930693069306932,61.38613861386138,72.27722772277228,99.009900990099,63.366336633663366,72.27722772277228,67.32673267326733,14.85148514851485,25.742574257425744,33.663366336633665,62.37623762376238,19.8019801980198,58.415841584158414,74.25742574257426,35.64356435643564,52.47524752475248,10.891089108910892,15.02,77.56,67.66,35.81,43.32,47.87,1
6840,393.93,369.0,334.0,5.0,0.0,0.0,14.0,5.0,0.0,0.405733501,310.0,1463.750981253081,7.0,2.0,44.0,4.0,1.0,3.0,5.0,31.0,Marcos Llorente Moreno,84.30431802604524,76.30797349782956,1.142334932602239,0.0,0.0,3.198537811286269,1.142334932602239,0.0,0.092696710303861,70.82476582133881,334.4187757032398,1.5992689056431346,0.4569339730408955,10.052547406899704,0.9138679460817912,0.2284669865204477,0.6854009595613434,1.142334932602239,7.082476582133881,90.5149051490515,28.57142857142857,Right Back,Full Back,True,37.24832214765101,78.52348993288591,89.26174496644296,99.32885906040268,99.32885906040268,99.32885906040268,99.32885906040268,96.64429530201345,47.651006711409394,30.87248322147651,9.395973154362416,3.355704697986577,4.697986577181208,12.08053691275168,100.0,83.22147651006712,33.89261744966443,29.86577181208054,85.90604026845638,68.34,99.33,81.21,26.73,58.22,66.77,1
6862,418.37,35.0,21.0,0.0,1.0,0.0,3.0,10.0,1.0,2.225272947,44.0,219.9525204854405,7.0,2.0,54.0,3.0,1.0,3.0,1.0,3.0,Cédric Bakambu,7.529220546406291,4.517532327843775,0.0,0.2151205870401797,0.0,0.6453617611205392,2.1512058704017973,0.2151205870401797,0.4787020226832708,9.465305829767908,47.31631532779512,1.5058441092812584,0.4302411740803594,11.616511700169706,0.6453617611205392,0.2151205870401797,0.6453617611205392,0.2151205870401797,0.6453617611205392,60.0,28.57142857142857,Center Forward,Forward,True,31.32530120481928,74.69879518072288,42.16867469879519,1.2048192771084338,1.2048192771084338,6.024096385542169,2.409638554216868,6.024096385542169,26.506024096385545,21.686746987951807,49.39759036144578,48.19277108433735,50.60240963855421,4.819277108433735,1.2048192771084338,2.409638554216868,81.92771084337349,29.518072289156628,53.01204819277109,49.4,2.81,11.65,29.32,41.72,26.98,0
6892,491.72,622.0,578.0,1.0,1.0,2.0,0.0,3.0,0.0,0.683375446,521.0,3229.5312889114684,1.0,1.0,24.0,4.0,6.0,11.0,5.0,26.0,Pau Francisco Torres,113.84527780037418,105.79191409745384,0.18303099324819,0.18303099324819,0.36606198649638,0.0,0.54909297974457,0.0,0.1250788866428048,95.359147482307,591.1043195355734,0.18303099324819,0.18303099324819,4.39274383795656,0.7321239729927601,1.09818595948914,2.0133409257300903,0.91515496624095,4.75880582445294,92.92604501607715,100.0,Left Center Back,Centre Back,True,34.023668639053255,81.65680473372781,66.27218934911244,100.0,100.0,88.16568047337277,100.0,100.0,59.171597633136095,9.467455621301776,23.66863905325444,51.4792899408284,4.142011834319527,13.017751479289942,98.22485207100593,55.02958579881657,98.81656804733728,95.26627218934912,26.035502958579883,60.65,96.06,86.39,33.33,68.79,69.04,1
6909,1373.57,405.0,303.0,2.0,0.0,2.0,0.0,0.0,0.0,0.0,250.0,1067.525697343529,0.0,0.0,0.0,0.0,0.0,1.0,0.0,53.0,Damián Emiliano Martínez,26.536689065719266,19.853374782501074,0.1310453781023173,0.0,0.1310453781023173,0.0,0.0,0.0,0.0,16.380672262789666,69.94715432116136,0.0,0.0,0.0,0.0,0.0,0.0655226890511586,0.0,3.4727025197114094,74.81481481481481,0.0,Goalkeeper,Goalkeeper,True,50.0,49.28571428571429,49.28571428571429,44.285714285714285,58.57142857142858,71.42857142857143,75.71428571428571,54.285714285714285,45.0,30.714285714285715,50.0,50.71428571428571,82.85714285714286,45.71428571428572,41.42857142857143,95.71428571428572,50.0,98.57142857142858,50.0,49.52,58.1,58.33,50.24,73.57,57.95,2
6954,467.76,313.0,287.0,1.0,0.0,1.0,0.0,2.0,0.0,0.070222646,211.0,963.4535800955508,1.0,0.0,28.0,6.0,5.0,30.0,8.0,12.0,Giorgio Chiellini,60.22319138019497,55.22062596203182,0.1924063622370446,0.0,0.1924063622370446,0.0,0.3848127244740892,0.0,0.0135112838635197,40.59774243201642,185.37459853044203,0.1924063622370446,0.0,5.38737814263725,1.154438173422268,0.9620318111852232,5.772190867111339,1.539250897896357,2.308876346844536,91.69329073482427,0.0,Left Center Back,Centre Back,True,34.023668639053255,24.85207100591716,48.5207100591716,79.28994082840237,81.06508875739645,81.06508875739645,62.1301775147929,43.19526627218935,22.7810650887574,26.035502958579883,43.78698224852072,45.5621301775148,86.98224852071006,45.5621301775148,36.68639053254438,57.396449704142015,44.67455621301775,78.69822485207101,26.035502958579883,35.8,80.47,42.7,47.44,51.7,51.62,1
6983,1336.64,633.0,557.0,5.0,3.0,1.0,7.0,6.0,2.0,0.75613041,478.0,2204.73815919983,8.0,4.0,274.0,24.0,20.0,23.0,25.0,48.0,Remo Freuler,42.62179794110605,37.50448886760833,0.3366650706248503,0.2019990423749102,0.06733301412497,0.4713310988747904,0.4039980847498204,0.1346660282499401,0.0509125395768494,32.18518075173569,148.45166561526267,0.5386641129997606,0.2693320564998803,18.4492458702418,1.6159923389992816,1.3466602824994014,1.5486593248743117,1.6833253531242518,3.231984677998564,87.99368088467614,50.0,Right Defensive Midfield,Defensive Midfielder,True,78.21782178217822,51.48514851485149,20.792079207920796,32.67326732673268,38.613861386138616,63.366336633663366,25.742574257425744,20.792079207920796,28.71287128712871,69.3069306930693,37.62376237623762,69.3069306930693,59.4059405940594,49.50495049504951,15.84158415841584,30.69306930693069,88.11881188118812,38.613861386138616,62.37623762376238,50.17,44.88,25.08,50.17,54.95,45.05,1
6985,317.27,189.0,158.0,4.0,1.0,3.0,12.0,6.0,1.0,0.791129856,133.0,504.6288565641564,2.0,0.0,43.0,3.0,10.0,4.0,5.0,12.0,Robin Gosens,53.61364137800612,44.81986951177231,1.1346802408043624,0.2836700602010906,0.8510101806032716,3.4040407224130864,1.7020203612065432,0.2836700602010906,0.2244198538784001,37.72811800674505,143.14809812076174,0.5673401204021812,0.0,12.197812588646894,0.8510101806032716,2.8367006020109056,1.1346802408043624,1.4183503010054528,3.4040407224130864,83.5978835978836,0.0,Left Wing Back,Full Back,True,97.31543624161074,96.64429530201345,97.98657718120806,74.49664429530202,77.85234899328859,74.49664429530202,65.1006711409396,21.47651006711409,6.375838926174497,57.04697986577181,6.04026845637584,98.65771812080536,18.12080536912752,24.832214765100677,46.97986577181208,80.53691275167785,93.95973154362416,100.0,90.6040268456376,97.32,75.62,30.98,41.95,91.28,67.43,1
6989,684.64,431.0,369.0,0.0,0.0,0.0,6.0,0.0,0.0,0.0,316.0,1203.4376144293133,5.0,2.0,68.0,10.0,2.0,18.0,17.0,19.0,Timothy Castagne,56.657513437719096,48.50724468333723,0.0,0.0,0.0,0.7887356859079224,0.0,0.0,0.0,41.54007945781724,158.19903204404972,0.657279738256602,0.2629118953026408,8.939004440289787,1.314559476513204,0.2629118953026408,2.366207057723768,2.234751110072447,2.497663005375088,85.61484918793504,40.0,Right Back,Full Back,True,37.24832214765101,5.369127516778524,5.369127516778524,83.22147651006712,84.56375838926175,86.57718120805369,79.86577181208054,36.91275167785235,31.543624161073826,15.436241610738255,23.48993288590604,4.697986577181208,67.78523489932886,69.12751677852349,12.08053691275168,2.348993288590604,33.89261744966443,29.86577181208054,13.422818791946307,16.0,84.79,49.44,32.1,19.88,40.44,1
6990,693.52,450.0,409.0,2.0,0.0,2.0,0.0,4.0,1.0,0.29693501,361.0,1790.788483753864,2.0,1.0,38.0,5.0,10.0,42.0,13.0,24.0,Milan Škriniar,58.39773907025032,53.077056177183074,0.2595455069788903,0.0,0.2595455069788903,0.0,0.5190910139577807,0.1297727534894451,0.0385340738551159,46.8479640096897,232.39555245392745,0.2595455069788903,0.1297727534894451,4.931364632598916,0.6488637674472257,1.2977275348944517,5.450455646556697,1.687045795362787,3.114546083746684,90.88888888888889,50.0,Left Center Back,Centre Back,True,78.69822485207101,47.33727810650888,62.1301775147929,73.37278106508876,75.7396449704142,75.14792899408283,79.28994082840237,62.721893491124256,53.25443786982249,17.75147928994083,16.56804733727811,66.86390532544378,83.4319526627219,58.57988165680473,70.41420118343196,73.96449704142012,44.67455621301775,86.98224852071006,26.035502958579883,62.72,74.75,65.09,52.27,57.91,62.55,1
6993,301.16,189.0,165.0,3.0,0.0,3.0,4.0,4.0,0.0,0.209580213,146.0,788.8426384155779,1.0,1.0,48.0,4.0,4.0,2.0,8.0,7.0,Bryan Cristante,56.48160446274407,49.309337229379736,0.8965334041705406,0.0,0.8965334041705406,1.1953778722273876,1.1953778722273876,0.0,0.0626318872692256,43.63129233629965,235.741258657863,0.2988444680568469,0.2988444680568469,14.34453446672865,1.1953778722273876,1.1953778722273876,0.5976889361136938,2.390755744454775,2.091911276397928,87.3015873015873,100.0,Right Center Midfield,Midfielder,True,26.05633802816901,38.0281690140845,52.11267605633802,81.69014084507043,83.09859154929578,74.64788732394366,73.23943661971832,64.7887323943662,22.53521126760564,23.943661971830984,32.3943661971831,71.83098591549296,42.25352112676056,81.69014084507043,1.4084507042253522,52.11267605633802,32.3943661971831,98.59154929577466,69.01408450704226,38.73,79.81,53.52,42.25,63.03,55.47,1
6994,436.82,275.0,226.0,2.0,0.0,3.0,2.0,1.0,0.0,0.024621567,189.0,577.594370964993,1.0,0.0,102.0,12.0,3.0,14.0,9.0,12.0,Marten de Roon,56.659493612929815,46.56380202371687,0.4120690444576713,0.0,0.618103566686507,0.4120690444576713,0.2060345222288356,0.0,0.0050728927933702,38.94052470124994,119.00438026383722,0.2060345222288356,0.0,21.01552126734124,2.472414266746028,0.618103566686507,2.8844833112037,1.854310700059521,2.472414266746028,82.18181818181817,0.0,Right Defensive Midfield,Defensive Midfielder,True,33.16831683168317,6.930693069306932,8.91089108910891,72.27722772277228,67.32673267326733,25.742574257425744,50.495049504950494,6.930693069306932,5.445544554455446,85.14851485148515,78.21782178217822,24.752475247524757,96.03960396039604,60.3960396039604,2.9702970297029703,35.64356435643564,35.64356435643564,91.0891089108911,56.43564356435643,16.34,55.12,20.96,57.92,54.7,41.01,1
7005,692.6700000000001,525.0,446.0,6.0,0.0,2.0,20.0,4.0,0.0,0.135768029,438.0,2416.4886109142194,29.0,16.0,55.0,18.0,8.0,18.0,16.0,45.0,João Pedro Cavaco Cancelo,68.21430118238122,57.94967300446099,0.7795920135129282,0.0,0.2598640045043094,2.5986400450430938,0.5197280090086188,0.0,0.0176406118497986,56.91021698644375,313.9792036356125,3.7680280653124862,2.078912036034476,7.146260123868507,2.3387760405387845,1.0394560180172376,2.3387760405387845,2.078912036034476,5.846940101346962,84.95238095238096,55.172413793103445,Right Back,Full Back,True,37.24832214765101,36.24161073825504,54.36241610738255,94.63087248322148,93.95973154362416,82.5503355704698,96.64429530201345,95.9731543624161,97.98657718120806,3.355704697986577,69.12751677852349,50.33557046979866,65.1006711409396,59.73154362416108,94.63087248322148,57.04697986577181,33.89261744966443,84.56375838926175,75.16778523489933,42.62,90.38,96.87,57.05,62.67,69.92,1
7023,664.83,248.0,205.0,6.0,1.0,0.0,7.0,11.0,3.0,2.139116852,229.0,1137.7223178960849,8.0,4.0,89.0,12.0,4.0,7.0,10.0,36.0,Franck Yannick Kessié,33.57249221605523,27.7514552592392,0.8122377149045621,0.1353729524840936,0.0,0.9476106673886556,1.4891024773250303,0.406118857452281,0.28957856396372,31.00040611885745,154.01682928063963,1.0829836198727494,0.5414918099363747,12.048192771084338,1.6244754298091242,0.5414918099363747,0.9476106673886556,1.353729524840937,4.873426289427372,82.66129032258065,50.0,Right Center Midfield,Midfielder,True,94.3661971830986,94.3661971830986,70.4225352112676,23.943661971830984,25.352112676056336,49.29577464788733,35.2112676056338,18.30985915492958,36.61971830985916,9.859154929577464,50.70422535211267,18.30985915492958,59.15492957746479,32.3943661971831,77.46478873239437,45.07042253521127,70.4225352112676,27.464788732394368,63.38028169014085,86.38,32.86,30.05,41.31,51.58,48.44,0
7024,953.29,760.0,710.0,8.0,0.0,8.0,1.0,2.0,1.0,1.567,637.0,2785.004057513277,8.0,6.0,171.0,19.0,20.0,11.0,18.0,33.0,Jorge Luiz Frello Filho,71.75151318066905,67.03101889246715,0.7552790861123059,0.0,0.7552790861123059,0.0944098857640382,0.1888197715280764,0.0944098857640382,0.1479402909922479,60.139097231692354,262.93191492221143,0.7552790861123059,0.5664593145842294,16.14409046565054,1.7937878295167264,1.8881977152807643,1.038508743404421,1.699377943752688,3.115526230213262,93.42105263157896,75.0,Center Defensive Midfield,Defensive Midfielder,True,72.27722772277228,82.17821782178217,4.950495049504951,94.05940594059405,95.04950495049503,97.02970297029702,94.05940594059405,76.23762376237624,64.35643564356435,50.495049504950494,47.52475247524752,90.0990099009901,36.63366336633664,50.495049504950494,12.871287128712872,71.28712871287128,35.64356435643564,96.03960396039604,21.782178217821784,53.14,95.38,78.22,48.02,56.19,66.19,1
7036,1129.63,344.0,286.0,0.0,0.0,0.0,0.0,0.0,0.0,0.0,195.0,881.3441748680739,0.0,0.0,1.0,0.0,0.0,2.0,0.0,53.0,Gianluigi Donnarumma,27.407204128785533,22.786222037304253,0.0,0.0,0.0,0.0,0.0,0.0,0.0,15.536060479980172,70.21854566373649,0.0,0.0,0.0796721050255393,0.0,0.0,0.1593442100510786,0.0,4.222621566353585,83.13953488372093,0.0,Goalkeeper,Goalkeeper,True,50.0,49.28571428571429,49.28571428571429,50.0,78.57142857142857,94.28571428571428,71.42857142857143,55.71428571428572,45.0,65.71428571428571,50.0,50.71428571428571,91.42857142857144,45.71428571428572,72.85714285714285,46.42857142857143,50.0,47.85714285714286,50.0,49.52,74.29,57.38,62.74,48.57,58.5,2
7037,508.98,341.0,268.0,13.0,0.0,16.0,15.0,19.0,2.0,0.943382365,303.0,1660.4183395272328,14.0,7.0,65.0,4.0,4.0,1.0,2.0,31.0,Lorenzo Insigne,60.29706471767064,47.388895437934686,2.2987150772132496,0.0,2.829187787339385,2.6523635506306733,3.35966049746552,0.3536484734174231,0.1668128666155841,53.5777437227396,293.60220550404915,2.4755393139219617,1.2377696569609808,11.49357538606625,0.7072969468348462,0.7072969468348462,0.1768242367087115,0.3536484734174231,5.481551337970058,78.59237536656892,50.0,Left Wing,Winger,True,72.04301075268818,46.236559139784944,92.47311827956987,100.0,96.7741935483871,64.51612903225806,98.9247311827957,84.94623655913979,47.31182795698925,19.35483870967742,25.806451612903224,62.36559139784946,25.806451612903224,2.1505376344086025,90.32258064516128,94.6236559139785,24.193548387096776,100.0,73.11827956989248,70.25,87.1,77.06,37.63,72.98,69.01,0
7039,643.27,414.0,349.0,10.0,1.0,1.0,11.0,11.0,1.0,0.29192383,337.0,1606.702569832506,6.0,3.0,109.0,8.0,6.0,6.0,8.0,25.0,Hakan Çalhanoğlu,57.9228006902234,48.82864116156513,1.3991014659474248,0.1399101465947425,0.1399101465947425,1.5390116125421671,1.5390116125421671,0.1399101465947425,0.0408431058497986,47.14971940242822,224.79399207941543,0.8394608795684549,0.4197304397842274,15.25020597882693,1.11928117275794,0.8394608795684549,0.8394608795684549,1.11928117275794,3.497753664868562,84.29951690821255,50.0,Right Defensive Midfield,Defensive Midfielder,True,79.20792079207921,42.57425742574257,82.17821782178217,75.24752475247524,70.29702970297029,38.613861386138616,75.24752475247524,63.366336633663366,49.50495049504951,40.5940594059406,11.88118811881188,37.62376237623762,23.76237623762376,14.85148514851485,21.782178217821784,95.04950495049503,83.16831683168317,46.53465346534654,97.02970297029702,67.99,61.39,62.71,25.08,80.45,59.52,1
7044,532.98,136.0,98.0,2.0,0.0,0.0,2.0,23.0,6.0,3.451199276,119.0,687.764255710571,10.0,7.0,74.0,8.0,1.0,9.0,4.0,25.0,Patrik Schick,22.96521445457616,16.548463356973997,0.3377237419790611,0.0,0.0,0.3377237419790611,3.8838230327592025,1.0131712259371837,0.5827759669030732,20.09456264775413,116.13715901900896,1.6886187098953056,1.182033096926714,12.49577845322526,1.3508949679162443,0.1688618709895305,1.519756838905775,0.6754474839581223,4.221546774738264,72.05882352941177,70.0,Center Forward,Forward,True,96.3855421686747,85.54216867469879,93.97590361445783,66.26506024096386,65.06024096385542,44.57831325301205,51.80722891566265,50.60240963855421,74.69879518072288,31.32530120481928,89.1566265060241,42.16867469879519,96.3855421686747,16.867469879518072,87.95180722891565,20.48192771084337,27.710843373493976,29.518072289156628,27.710843373493976,91.97,58.63,59.04,60.64,26.36,59.33,0
7104,685.48,362.0,311.0,7.0,0.0,0.0,6.0,6.0,1.0,0.8521992879999998,265.0,1952.4915196395189,2.0,0.0,104.0,25.0,9.0,22.0,21.0,39.0,Mathías Olivera Miramontes,47.52873898582016,40.83270117290074,0.9190640135379587,0.0,0.0,0.7877691544611075,0.7877691544611075,0.1312948590768512,0.1118893854233529,34.793137655365584,256.35209891981776,0.2625897181537025,0.0,13.65466534399253,3.282371476921281,1.181653731691661,2.888486899690728,2.757192040613876,5.120499503997199,85.91160220994475,0.0,Left Center Back,Centre Back,True,79.28994082840237,79.88165680473372,82.24852071005917,50.29585798816568,49.70414201183432,42.60355029585799,50.29585798816568,75.14792899408283,22.7810650887574,98.22485207100593,97.63313609467455,62.1301775147929,20.710059171597635,92.89940828402366,98.81656804733728,100.0,44.67455621301775,30.17751479289941,97.0414201183432,80.47,47.53,49.41,78.4,67.97,64.76,1
7131,394.19,138.0,103.0,9.0,1.0,3.0,6.0,15.0,1.0,1.718787636,135.0,973.1329079005528,6.0,2.0,85.0,2.0,9.0,7.0,7.0,12.0,Domenico Berardi,31.5076485958548,23.516578299804664,2.054846647555747,0.2283162941728608,0.6849488825185824,1.3698977650371649,3.4247444125929123,0.2283162941728608,0.392427223521652,30.82269971333621,222.18209926951408,1.3698977650371649,0.4566325883457216,19.40688500469317,0.4566325883457216,2.054846647555747,1.5982140592100256,1.5982140592100256,2.7397955300743297,74.63768115942028,33.33333333333333,Right Wing,Winger,True,56.98924731182796,87.09677419354838,95.6989247311828,54.83870967741935,51.61290322580645,44.08602150537634,48.38709677419355,50.53763440860215,11.827956989247312,79.56989247311827,8.60215053763441,100.0,98.9247311827957,62.36559139784946,19.35483870967742,92.47311827956987,75.26881720430107,93.5483870967742,30.107526881720432,79.93,50.18,36.92,61.47,72.85,60.27,0
7156,724.22,217.0,152.0,8.0,0.0,3.0,24.0,24.0,2.0,0.9602978384999998,266.0,2017.798468292688,32.0,16.0,122.0,9.0,1.0,3.0,10.0,39.0,Federico Chiesa,26.96694374637541,18.88928778547955,0.9941730413410288,0.0,0.3728148905028858,2.9825191240230864,2.9825191240230864,0.2485432603352572,0.1193377778368451,33.05625362458921,250.7551050044764,3.976692165364116,1.9883460826820576,15.161138880450691,1.1184446715086576,0.1242716301676286,0.3728148905028858,1.2427163016762863,4.846593576537516,70.04608294930875,50.0,Right Wing,Winger,True,59.13978494623656,31.18279569892473,86.02150537634408,37.634408602150536,33.33333333333333,21.50537634408602,59.13978494623656,67.74193548387096,77.41935483870968,48.38709677419355,48.38709677419355,7.526881720430108,53.76344086021505,43.01075268817204,82.79569892473118,41.935483870967744,24.193548387096776,81.72043010752688,81.72043010752688,58.78,30.82,68.1,47.31,57.39,52.48,0
7162,447.2,179.0,148.0,1.0,0.0,0.0,0.0,1.0,0.0,0.028947517,110.0,672.319523235136,4.0,2.0,70.0,7.0,15.0,7.0,12.0,20.0,Ádám Nagy,36.024150268336314,29.785330948121647,0.201252236135957,0.0,0.0,0.0,0.201252236135957,0.0,0.0058257525268336,22.13774597495528,135.30580744893166,0.8050089445438282,0.4025044722719141,14.087656529516996,1.4087656529516996,3.018783542039356,1.4087656529516996,2.415026833631485,4.025044722719142,82.68156424581005,50.0,Center Defensive Midfield,Defensive Midfielder,True,33.16831683168317,8.91089108910891,7.920792079207921,14.85148514851485,15.84158415841584,30.1980198019802,6.930693069306932,11.88118811881188,46.53465346534654,34.65346534653465,29.7029702970297,100.0,54.45544554455446,80.19801980198021,38.613861386138616,10.891089108910892,35.64356435643564,19.306930693069308,10.891089108910892,16.67,20.3,21.78,56.27,19.18,26.84,1
7173,703.0799999999999,476.0,419.0,2.0,0.0,15.0,0.0,7.0,3.0,2.518984859,361.0,1873.626002794044,2.0,2.0,32.0,4.0,13.0,23.0,7.0,17.0,Leonardo Bonucci,60.93189964157707,53.63543266769074,0.2560163850486431,0.0,1.920122887864824,0.0,0.896057347670251,0.3840245775729647,0.3224506987967229,46.210957501280085,239.839478084235,0.2560163850486431,0.2560163850486431,4.09626216077829,0.5120327700972862,1.6641065028161806,2.944188428059396,0.896057347670251,2.1761392729134665,88.02521008403362,100.0,Right Center Back,Centre Back,True,98.81656804733728,98.22485207100593,87.57396449704143,80.4733727810651,77.51479289940828,57.396449704142015,77.51479289940828,69.23076923076923,73.37278106508876,4.142011834319527,10.059171597633137,85.20710059171599,22.485207100591715,11.83431952662722,30.76923076923077,72.7810650887574,44.67455621301775,100.0,26.035502958579883,94.87,71.79,73.37,27.42,60.87,65.67,1
7197,436.01,220.0,188.0,3.0,0.0,0.0,0.0,1.0,0.0,0.046164576,163.0,733.2051930661985,2.0,1.0,56.0,9.0,4.0,5.0,7.0,21.0,Steven Moreira,45.41180248159446,38.80644939336253,0.6192518520217426,0.0,0.0,0.0,0.2064172840072475,0.0,0.0095291663952661,33.64601729318135,151.34622457273426,0.4128345680144951,0.2064172840072475,11.559367904405864,1.857755556065228,0.8256691360289902,1.032086420036238,1.444920988050733,4.334762964152199,85.45454545454545,50.0,Right Back,Full Back,True,37.24832214765101,26.174496644295303,16.10738255033557,43.62416107382551,55.033557046979865,83.89261744966443,46.97986577181208,30.2013422818792,20.80536912751678,46.97986577181208,46.30872483221477,31.543624161073826,16.10738255033557,26.174496644295303,71.81208053691275,44.966442953020135,33.89261744966443,29.86577181208054,1.342281879194631,26.51,60.85,32.66,39.82,27.52,37.47,1
7294,590.1800000000001,139.0,100.0,5.0,0.0,1.0,7.0,21.0,3.0,4.241705342,151.0,1240.6045712906352,16.0,5.0,59.0,8.0,2.0,2.0,12.0,29.0,Yoane Wissa,21.19692297265241,15.249584872411804,0.7624792436205903,0.0,0.152495848724118,1.0674709410688263,3.2024128232064792,0.4574875461723542,0.6468424561659153,23.026873157341825,189.187047029986,2.4399335795858885,0.7624792436205903,8.997255074722965,1.2199667897929445,0.304991697448236,0.304991697448236,1.8299501846894168,4.422379612999423,71.94244604316546,31.25,Left Wing,Winger,True,82.79569892473118,97.8494623655914,90.32258064516128,11.827956989247312,18.27956989247312,31.18279569892473,15.053763440860216,35.483870967741936,20.43010752688172,6.451612903225806,54.83870967741935,27.956989247311824,48.38709677419355,76.34408602150538,69.89247311827957,27.956989247311824,24.193548387096776,47.31182795698925,21.50537634408602,90.32,20.43,23.66,47.31,30.24,42.39,0
7295,510.65,333.0,276.0,1.0,0.0,1.0,1.0,0.0,0.0,0.0,247.0,1501.5515943085752,2.0,2.0,24.0,4.0,3.0,28.0,5.0,14.0,Sikou Niakate,58.68990502300989,48.64388524429649,0.1762459610300597,0.0,0.1762459610300597,0.1762459610300597,0.0,0.0,0.0,43.53275237442476,264.6424037751332,0.3524919220601195,0.3524919220601195,4.229903064721434,0.704983844120239,0.5287378830901792,4.934886908841673,0.8812298051502987,2.4674434544208363,82.88288288288288,100.0,Left Center Back,Centre Back,True,34.023668639053255,7.396449704142012,7.396449704142012,75.7396449704142,66.86390532544378,26.923076923076923,70.41420118343196,78.10650887573965,83.4319526627219,5.325443786982249,21.301775147929,15.384615384615383,72.7810650887574,10.059171597633137,44.37869822485207,53.25443786982249,44.67455621301775,76.92307692307693,68.04733727810651,16.27,56.51,77.32,28.21,60.72,47.81,1
7360,387.68,183.0,156.0,2.0,0.0,0.0,0.0,4.0,0.0,0.252973788,130.0,769.4407426855682,0.0,0.0,23.0,2.0,5.0,24.0,1.0,4.0,Julian Jeanvier,42.48349153941395,36.21543541064796,0.464300453982666,0.0,0.0,0.0,0.928600907965332,0.0,0.0587279223070573,30.17952950887329,178.62584307083455,0.0,0.0,5.3394552208006605,0.464300453982666,1.1607511349566653,5.571605447791993,0.232150226991333,0.928600907965332,85.24590163934425,0.0,Left Center Back,Centre Back,True,34.023668639053255,60.35502958579882,89.3491124260355,36.09467455621302,38.75739644970414,38.46153846153847,34.9112426035503,40.23668639053255,22.7810650887574,24.2603550295858,6.508875739644971,58.57988165680473,84.02366863905326,1.183431952662722,1.183431952662722,91.71597633136096,44.67455621301775,30.17751479289941,26.035502958579883,61.24,37.77,32.64,29.29,48.15,41.82,1
7379,807.4000000000001,258.0,203.0,0.0,0.0,0.0,0.0,0.0,0.0,0.0,125.0,624.7996758259528,0.0,0.0,2.0,0.0,0.0,1.0,1.0,41.0,Edouard Mendy,28.758979440178347,22.62818924944265,0.0,0.0,0.0,0.0,0.0,0.0,0.0,13.93361406985385,69.64574043142896,0.0,0.0,0.2229378251176616,0.0,0.0,0.1114689125588308,0.1114689125588308,4.570225414912063,78.68217054263566,0.0,Goalkeeper,Goalkeeper,True,50.0,49.28571428571429,49.28571428571429,61.42857142857143,77.14285714285715,81.42857142857143,54.285714285714285,52.85714285714286,45.0,88.57142857142857,50.0,50.71428571428571,84.28571428571429,95.71428571428572,85.71428571428571,46.42857142857143,50.0,47.85714285714286,50.0,49.52,73.33,50.71,75.83,48.57,59.6,2
7426,587.89,302.0,248.0,3.0,1.0,2.0,10.0,3.0,2.0,1.030266629,221.0,1138.6897256925108,2.0,2.0,36.0,9.0,14.0,31.0,11.0,31.0,Jean-Charles Castelletto,46.23313885250643,37.96628621000527,0.4592695912500638,0.1530898637500212,0.3061797275000425,1.5308986375002127,0.4592695912500638,0.3061797275000425,0.1577233778598037,33.8328598887547,174.32185495981557,0.3061797275000425,0.3061797275000425,5.511235095000766,1.3778087737501914,2.143258092500297,4.745785776250659,1.683988501250234,4.745785776250659,82.11920529801324,100.0,Right Center Back,Centre Back,True,96.44970414201184,87.57396449704143,55.02958579881657,47.92899408284024,42.60355029585799,21.301775147929,46.74556213017752,39.05325443786983,79.88165680473372,30.17751479289941,59.76331360946746,95.26627218934912,68.04733727810651,57.98816568047337,97.63313609467455,90.53254437869822,95.85798816568048,91.1242603550296,98.81656804733728,79.68,37.28,55.23,68.15,94.08,66.88,1
7459,338.15,160.0,143.0,0.0,0.0,0.0,0.0,1.0,0.0,0.06408756,123.0,542.9305210422289,0.0,0.0,18.0,4.0,5.0,20.0,8.0,13.0,Jawad El Yamiq,42.584651781753664,38.06003252994234,0.0,0.0,0.0,0.0,0.2661540736359604,0.0,0.017057165163389,32.73695105722312,144.50316987668373,0.0,0.0,4.790773325447288,1.0646162945438415,1.330770368179802,5.323081472719208,2.129232589087683,3.460002957267485,89.375,0.0,Right Center Back,Centre Back,True,34.023668639053255,30.17751479289941,33.72781065088758,36.68639053254438,43.78698224852072,65.08875739644971,42.01183431952663,27.2189349112426,22.7810650887574,14.201183431952662,39.64497041420118,68.04733727810651,81.65680473372781,78.10650887573965,80.4733727810651,19.230769230769237,44.67455621301775,30.17751479289941,26.035502958579883,32.64,48.52,30.67,60.36,30.03,40.44,1
7480,475.67,418.0,387.0,4.0,0.0,0.0,3.0,3.0,1.0,0.4501827799999999,323.0,1653.350849953441,0.0,0.0,46.0,6.0,2.0,19.0,9.0,17.0,Alessandro Bastoni,79.08844366893014,73.22303277482288,0.7568272121428721,0.0,0.0,0.5676204091071541,0.5676204091071541,0.189206803035718,0.0851776445855319,61.11379738053692,312.8252286160777,0.0,0.0,8.70351293964303,1.135240818214308,0.378413606071436,3.594929257678643,1.702861227321462,3.216515651607206,92.58373205741628,0.0,Right Center Back,Centre Back,True,86.98224852071006,71.59763313609467,68.04733727810651,97.63313609467455,97.63313609467455,86.3905325443787,95.26627218934912,88.75739644970415,22.7810650887574,75.7396449704142,43.19526627218935,9.467455621301776,42.01183431952663,59.171597633136095,72.7810650887574,97.0414201183432,44.67455621301775,30.17751479289941,93.49112426035504,75.54,93.89,68.93,50.39,66.35,71.02,1
7655,380.24,143.0,122.0,0.0,0.0,0.0,0.0,0.0,0.0,0.0,94.0,338.8557386674626,0.0,0.0,30.0,7.0,0.0,21.0,12.0,7.0,Lasha Dvali,33.847043972228064,28.87649905322954,0.0,0.0,0.0,0.0,0.0,0.0,0.0,22.24910582789817,80.20465095747852,0.0,0.0,7.100778455712181,1.6568483063328423,0.0,4.970544918998527,2.8403113822848725,1.6568483063328423,85.3146853146853,0.0,Left Center Back,Centre Back,True,34.023668639053255,7.396449704142012,7.396449704142012,16.56804733727811,17.75147928994083,39.05325443786983,13.017751479289942,2.366863905325444,22.7810650887574,57.98816568047337,77.51479289940828,0.8875739644970414,73.96449704142012,94.67455621301777,13.017751479289942,19.230769230769237,44.67455621301775,30.17751479289941,26.035502958579883,16.27,24.46,12.72,53.01,30.03,27.3,1
7693,527.39,154.0,99.0,7.0,0.0,1.0,3.0,7.0,1.0,1.413867163,147.0,783.451296230546,6.0,5.0,73.0,6.0,2.0,4.0,6.0,22.0,Bruno Petković,26.280361781603748,16.89451828817384,1.1945618991638067,0.0,0.1706516998805438,0.5119550996416314,1.1945618991638067,0.1706516998805438,0.2412788347712319,25.085799882439943,133.69729547535815,1.0239101992832629,0.853258499402719,12.457574091279698,1.0239101992832629,0.3413033997610876,0.6826067995221753,1.0239101992832629,3.754337397371964,64.28571428571429,83.33333333333334,Center Forward,Forward,True,27.710843373493976,25.301204819277107,7.228915662650602,79.51807228915662,66.26506024096386,13.253012048192772,80.72289156626506,62.65060240963856,56.62650602409639,30.120481927710845,78.3132530120482,73.49397590361446,53.01204819277109,45.78313253012048,75.90361445783132,79.51807228915662,27.710843373493976,67.46987951807229,42.16867469879519,20.08,53.01,66.67,59.44,54.22,50.68,0
7713,736.74,461.0,411.0,2.0,0.0,2.0,0.0,7.0,0.0,0.4278161799999999,346.0,1829.408570608304,0.0,0.0,48.0,7.0,1.0,29.0,13.0,21.0,Obite Evan Ndicka,56.315660884436845,50.20767163449793,0.2443195699975568,0.0,0.2443195699975568,0.0,0.8551184949914489,0.0,0.0522619325677986,42.26728560957732,223.4801576604329,0.0,0.0,5.863669679941364,0.8551184949914489,0.1221597849987784,3.542633764964574,1.5880772049841192,2.5653554849743463,89.15401301518439,0.0,Left Center Back,Centre Back,True,34.023668639053255,56.80473372781065,86.98224852071006,69.23076923076923,69.23076923076923,62.1301775147929,68.04733727810651,58.57988165680473,22.7810650887574,37.8698224852071,28.402366863905325,1.7751479289940828,40.23668639053255,49.70414201183432,49.70414201183432,70.41420118343196,44.67455621301775,85.79881656804734,26.035502958579883,59.27,66.86,49.8,34.62,56.73,53.46,1
7753,389.62,172.0,141.0,11.0,0.0,0.0,5.0,3.0,1.0,0.595205722,142.0,641.331633636156,5.0,1.0,70.0,4.0,3.0,1.0,7.0,16.0,Jamiro Gregory Monteiro Alvarenga,39.73101996817412,32.57019660181715,2.540937323546019,0.0,0.0,1.1549715107027358,0.6929829064216416,0.2309943021405472,0.1374891303834505,32.8011909039577,148.14395315244093,1.1549715107027358,0.2309943021405472,16.169601149838304,0.9239772085621888,0.6929829064216416,0.2309943021405472,1.6169601149838304,3.695908834248755,81.97674418604652,20.0,Left Center Midfield,Midfielder,True,78.87323943661971,64.7887323943662,25.352112676056336,45.07042253521127,45.07042253521127,43.66197183098591,43.66197183098591,15.492957746478872,8.450704225352112,38.0281690140845,16.901408450704224,28.169014084507044,16.901408450704224,47.88732394366197,33.80281690140845,98.59154929577466,32.3943661971831,27.464788732394368,67.6056338028169,56.34,44.6,22.54,30.28,56.51,42.05,0
7787,904.13,594.0,549.0,1.0,0.0,0.0,1.0,5.0,1.0,0.5050949450000001,468.0,2549.9432718977005,3.0,1.0,101.0,21.0,16.0,40.0,15.0,35.0,Stefan de Vrij,59.128665125590345,54.64922079789411,0.0995432072821386,0.0,0.0,0.0995432072821386,0.4977160364106931,0.0995432072821386,0.0502787708072954,46.58622100804088,253.8295316722076,0.2986296218464159,0.0995432072821386,10.053863935496002,2.090407352924911,1.592691316514218,3.981728291285545,1.4931481092320793,3.484012254874852,92.42424242424242,33.33333333333333,Right Center Back,Centre Back,True,74.55621301775149,54.4378698224852,59.171597633136095,77.51479289940828,79.28994082840237,84.61538461538461,78.10650887573965,73.37278106508876,49.11242603550296,86.3905325443787,88.75739644970415,81.06508875739645,49.70414201183432,43.19526627218935,81.06508875739645,44.97041420118343,44.67455621301775,30.17751479289941,55.02958579881657,62.72,80.47,66.86,71.7,43.71,65.09,1
7788,446.4,129.0,103.0,2.0,1.0,2.0,1.0,18.0,2.0,1.46191255,121.0,676.2896801535419,4.0,1.0,103.0,0.0,1.0,2.0,7.0,18.0,Ciro Immobile,26.00806451612904,20.766129032258064,0.403225806451613,0.2016129032258065,0.403225806451613,0.2016129032258065,3.629032258064516,0.403225806451613,0.2947404334677419,24.395161290322584,136.34872583740764,0.806451612903226,0.2016129032258065,20.766129032258064,0.0,0.2016129032258065,0.403225806451613,1.4112903225806457,3.629032258064516,79.84496124031007,25.0,Center Forward,Forward,True,51.80722891566265,36.14457831325301,90.36144578313254,78.3132530120482,83.13253012048193,81.92771084337349,74.69879518072288,63.85542168674698,13.253012048192772,89.1566265060241,4.216867469879518,46.98795180722892,31.32530120481928,75.90361445783132,72.28915662650603,22.89156626506024,79.51807228915662,92.7710843373494,13.253012048192772,59.44,81.12,50.6,53.31,52.11,59.32,0
7791,641.95,232.0,202.0,5.0,0.0,1.0,5.0,17.0,1.0,0.6192507606999998,225.0,1636.0775171921937,14.0,9.0,63.0,6.0,1.0,3.0,7.0,32.0,Seko Fofana,32.52589765558065,28.31996261391074,0.7009891736116519,0.0,0.1401978347223303,0.7009891736116519,2.3833631902796166,0.1401978347223303,0.0868176158002959,31.54451281252433,229.3745253482318,1.9627696861126256,1.2617805125009736,8.832463587506814,0.8411870083339823,0.1401978347223303,0.4205935041669911,0.9813848430563128,4.486330711114572,87.06896551724138,64.28571428571429,Left Center Midfield,Midfielder,True,57.74647887323944,47.88732394366197,94.3661971830986,19.718309859154928,28.169014084507044,69.01408450704226,38.0281690140845,61.97183098591549,78.87323943661971,4.225352112676056,12.676056338028168,4.225352112676056,33.80281690140845,9.859154929577464,61.97183098591549,36.61971830985916,32.3943661971831,57.74647887323944,47.88732394366197,66.67,38.97,59.62,21.13,43.66,46.01,0
7796,893.39,448.0,353.0,2.0,1.0,1.0,7.0,4.0,0.0,0.2755506,298.0,1314.3106532452714,3.0,1.0,146.0,24.0,13.0,26.0,21.0,32.0,Silvan Widmer,45.13146554136492,35.56117708951298,0.2014797568810933,0.1007398784405466,0.1007398784405466,0.7051791490838268,0.4029595137621867,0.0,0.0277589339482197,30.020483775282912,132.40349544104416,0.30221963532164,0.1007398784405466,14.708022252319816,2.4177570825731203,1.309618419727107,2.619236839454214,2.1155374472514805,3.223676110097494,78.79464285714286,33.33333333333333,Right Wing Back,Full Back,True,37.24832214765101,46.30872483221477,42.28187919463088,42.28187919463088,44.966442953020135,48.32214765100672,32.88590604026846,16.778523489932887,13.422818791946307,80.53691275167785,75.83892617449665,65.77181208053692,75.16778523489933,63.08724832214765,38.25503355704698,6.711409395973154,69.79865771812081,61.74496644295302,12.751677852348994,41.95,45.19,21.03,66.44,37.75,42.47,1
7797,1171.72,851.0,715.0,16.0,1.0,8.0,20.0,11.0,0.0,0.674208371,694.0,3727.292270129371,19.0,5.0,206.0,21.0,11.0,4.0,26.0,56.0,Rodrigo Javier De Paul,65.36544566961389,54.91926398798348,1.22896255078005,0.0768101594237531,0.614481275390025,1.5362031884750622,0.8449117536612842,0.0,0.0517860524613388,53.30625064008466,286.2939134875597,1.4593930290513093,0.3840507971187655,15.82289284129314,1.6130133478988151,0.8449117536612842,0.3072406376950125,1.997064145017581,4.301368927730175,84.01880141010577,26.31578947368421,Right Midfield,Midfielder,True,26.05633802816901,32.3943661971831,39.436619718309856,91.54929577464787,87.32394366197182,54.929577464788736,87.32394366197182,78.87323943661971,28.169014084507044,30.985915492957744,47.88732394366197,43.66197183098591,22.53521126760564,57.74647887323944,57.74647887323944,70.4225352112676,66.19718309859155,91.54929577464787,78.87323943661971,32.63,77.93,64.79,43.43,76.76,59.11,1
7801,322.15,126.0,101.0,5.0,0.0,1.0,8.0,3.0,0.0,0.190764942,109.0,811.1516483530166,10.0,6.0,39.0,2.0,4.0,0.0,2.0,18.0,Antonín Barák,35.200993326090334,28.21666925345336,1.396864814527394,0.0,0.2793729629054788,2.234983703243831,0.8381188887164366,0.0,0.0532945670650318,30.451652956697192,226.6138393660453,2.793729629054788,1.6762377774328732,10.895545553313674,0.5587459258109577,1.1174918516219154,0.0,0.5587459258109577,5.02871333229862,80.15873015873017,60.0,Right Attacking Midfield,Attacking Midfielder,True,18.421052631578945,18.421052631578945,15.789473684210526,50.0,52.63157894736842,69.73684210526315,34.21052631578947,63.1578947368421,84.21052631578947,5.263157894736842,10.526315789473683,92.10526315789474,14.473684210526317,7.894736842105263,76.31578947368422,57.89473684210527,19.73684210526316,55.26315789473685,78.94736842105263,17.54,57.46,60.53,34.43,52.96,44.58,0
7829,456.92,100.0,68.0,5.0,1.0,0.0,1.0,12.0,5.0,1.952435892,75.0,305.0283793269573,2.0,0.0,126.0,6.0,0.0,4.0,10.0,13.0,Wout Weghorst,19.69710233738948,13.394029589424845,0.984855116869474,0.1969710233738948,0.0,0.1969710233738948,2.363652280486737,0.984855116869474,0.3845732957191631,14.772826753042107,60.08175203411136,0.3939420467477896,0.0,24.818348945110746,1.1818261402433687,0.0,0.7878840934955792,1.969710233738948,2.5606233038606323,68.0,0.0,Right Center Forward,Forward,True,95.18072289156626,50.60240963855421,56.62650602409639,48.19277108433735,40.963855421686745,26.506024096385545,22.89156626506024,10.843373493975903,6.626506024096386,95.18072289156626,83.13253012048193,16.867469879518072,56.62650602409639,91.56626506024097,42.16867469879519,67.46987951807229,78.3132530120482,29.518072289156628,12.048192771084338,67.47,38.55,13.45,64.26,46.84,46.11,0
7839,380.24,118.0,101.0,0.0,0.0,0.0,0.0,0.0,0.0,0.0,80.0,342.18100212154644,0.0,0.0,19.0,5.0,3.0,28.0,17.0,9.0,Guram Kashia,27.92972859246792,23.90595413423101,0.0,0.0,0.0,0.0,0.0,0.0,0.0,18.93540921523248,80.99171626062271,0.0,0.0,4.497159688617716,1.1834630759520302,0.7100778455712181,6.62739322533137,4.023774458236903,2.1302335367136545,85.59322033898306,0.0,Center Back,Centre Back,True,34.023668639053255,7.396449704142012,7.396449704142012,6.508875739644971,9.467455621301776,40.82840236686391,7.100591715976331,2.9585798816568047,22.7810650887574,10.650887573964498,45.5621301775148,29.585798816568047,91.71597633136096,100.0,28.99408284023669,19.230769230769237,44.67455621301775,30.17751479289941,26.035502958579883,16.27,18.93,10.95,51.08,30.03,25.45,1
7843,675.51,258.0,213.0,9.0,1.0,2.0,12.0,11.0,0.0,0.707799483,229.0,1183.912070632209,13.0,6.0,162.0,10.0,2.0,0.0,14.0,22.0,Mason Mount,34.37402851179109,28.37855842252521,1.1990940178531777,0.133232668650353,0.2664653373007061,1.5987920238042368,1.4655593551538837,0.0,0.0943020139894302,30.51028112093085,157.7357646176945,1.73202469245459,0.7993960119021184,21.5836923213572,1.3323266865035308,0.2664653373007061,0.0,1.8652573611049428,2.9311187103077674,82.55813953488372,46.15384615384615,Center Attacking Midfield,Attacking Midfielder,True,18.421052631578945,28.947368421052637,42.10526315789473,47.368421052631575,55.26315789473685,78.94736842105263,36.84210526315789,23.684210526315788,44.73684210526316,73.68421052631578,39.47368421052632,13.157894736842104,14.473684210526317,68.42105263157895,13.157894736842104,52.63157894736842,47.368421052631575,42.10526315789473,52.63157894736842,29.82,60.53,35.09,37.06,48.68,42.24,0
7975,452.49,104.0,77.0,7.0,1.0,0.0,8.0,11.0,0.0,0.5053916299999999,112.0,715.9231641921737,12.0,9.0,53.0,10.0,6.0,7.0,5.0,14.0,Lukáš Haraslín,20.685540011933963,15.315255585758802,1.392295962341709,0.1988994231916727,0.0,1.591195385533382,2.1878936551084003,0.0,0.1005221036928992,22.276735397467345,142.39670440738055,2.386793078300073,1.7900948087250546,10.541669429158656,1.9889942319167275,1.1933965391500363,1.392295962341709,0.9944971159583637,2.784591924683418,74.03846153846155,75.0,Left Wing,Winger,True,17.741935483870968,24.731182795698924,66.66666666666666,10.75268817204301,19.35483870967742,41.935483870967744,11.827956989247312,11.827956989247312,72.04301075268818,9.67741935483871,88.17204301075269,84.94623655913979,96.7741935483871,29.03225806451613,20.43010752688172,66.66666666666666,70.96774193548387,20.43010752688172,37.634408602150536,36.38,24.01,31.9,54.84,48.92,39.21,0
7979,638.04,250.0,186.0,9.0,1.0,0.0,16.0,1.0,0.0,0.043646414,202.0,1221.6955197158354,4.0,3.0,123.0,17.0,6.0,10.0,15.0,27.0,Przemysław Frankowski,35.2642467556893,26.23659958623284,1.2695128832048148,0.1410569870227572,0.0,2.256911792364116,0.1410569870227572,0.0,0.0061566316531878,28.49351137859696,172.3286890703172,0.5642279480910288,0.4231709610682716,17.350009403799135,2.3979687793868725,0.8463419221365432,1.4105698702275722,2.1158548053413577,3.808538649614445,74.4,75.0,Right Wing Back,Full Back,True,37.24832214765101,18.12080536912752,12.08053691275168,12.751677852348994,14.76510067114094,23.48993288590604,26.845637583892614,46.97986577181208,43.62416107382551,90.6040268456376,73.15436241610739,33.557046979865774,31.543624161073826,63.758389261744966,57.71812080536913,86.57718120805369,77.18120805369128,29.86577181208054,66.44295302013423,22.48,17.0,39.15,58.39,65.02,40.41,1
8069,388.28,172.0,159.0,0.0,0.0,0.0,0.0,4.0,0.0,1.015731345,137.0,761.7444091017857,1.0,1.0,49.0,8.0,3.0,18.0,5.0,11.0,Matthijs de Ligt,39.86813639641496,36.85484701761616,0.0,0.0,0.0,0.0,0.9271659627073248,0.0,0.2354378825847327,31.75543422272587,176.5658721004448,0.2317914906768311,0.2317914906768311,11.357783043164728,1.8543319254146493,0.6953744720304935,4.172246832182961,1.1589574533841558,2.5497063974451426,92.44186046511628,100.0,Center Back,Centre Back,True,34.023668639053255,95.26627218934912,88.75739644970415,30.17751479289941,41.42011834319527,85.20710059171599,40.23668639053255,39.64497041420118,68.04733727810651,91.71597633136096,84.02366863905326,26.035502958579883,56.213017751479285,25.44378698224852,47.33727810650888,19.230769230769237,44.67455621301775,30.17751479289941,26.035502958579883,72.68,52.27,49.31,55.13,30.03,51.88,1
8108,301.21000000000004,76.0,51.0,0.0,0.0,0.0,0.0,0.0,0.0,0.0,24.0,122.29820979171086,0.0,0.0,0.0,0.0,0.0,0.0,0.0,8.0,Lawrence Ati-Zigi,22.70840941535805,15.238537897148168,0.0,0.0,0.0,0.0,0.0,0.0,0.0,7.17107665748149,36.54207656204633,0.0,0.0,0.0,0.0,0.0,0.0,0.0,2.390358885827164,67.10526315789474,0.0,Goalkeeper,Goalkeeper,True,50.0,49.28571428571429,49.28571428571429,22.857142857142858,25.71428571428571,41.42857142857143,4.285714285714286,4.285714285714286,45.0,30.714285714285715,50.0,50.71428571428571,38.57142857142858,45.71428571428572,5.714285714285714,46.42857142857143,50.0,47.85714285714286,50.0,49.52,30.0,17.86,36.9,48.57,36.57,2
8118,870.41,633.0,564.0,7.0,1.0,6.0,4.0,2.0,1.0,0.720993446,506.0,3398.502381164381,20.0,15.0,148.0,20.0,11.0,11.0,20.0,44.0,Frenkie de Jong,65.45191346606771,58.31734469962432,0.723796831378316,0.1033995473397594,0.6203972840385565,0.4135981893590377,0.2067990946795188,0.1033995473397594,0.0745503959513332,52.32017095391827,351.40360784549154,2.0679909467951885,1.5509932100963917,15.303133006284394,2.0679909467951885,1.1373950207373538,1.1373950207373538,2.0679909467951885,4.549580082949415,89.0995260663507,75.0,Left Defensive Midfield,Defensive Midfielder,True,73.26732673267327,62.37623762376238,9.9009900990099,87.12871287128714,87.12871287128714,73.26732673267327,86.13861386138613,95.04950495049503,97.02970297029702,42.57425742574257,60.3960396039604,61.38613861386138,39.6039603960396,66.33663366336634,53.46534653465347,67.32673267326733,79.20792079207921,92.07920792079209,57.42574257425742,48.51,82.51,92.74,53.96,74.01,70.35,1
8125,1320.78,620.0,468.0,9.0,2.0,1.0,38.0,12.0,3.0,2.647601171,451.0,1903.745959696044,17.0,5.0,190.0,23.0,9.0,12.0,26.0,33.0,Denzel Dumfries,42.24776268568573,31.890246672420844,0.6132739744696316,0.1362831054376959,0.0681415527188479,2.589379003316222,0.8176986326261755,0.2044246581565438,0.18041165477218,30.731840276200423,129.72420567592175,1.1584063962204152,0.3407077635942397,12.946895016581111,1.5672557125335032,0.6132739744696316,0.8176986326261755,1.7716803706900468,2.2486712397219826,75.48387096774194,29.411764705882355,Right Wing Back,Full Back,True,91.94630872483222,93.28859060402684,77.18120805369128,30.87248322147651,31.543624161073826,26.51006711409396,34.899328859060404,15.436241610738255,37.58389261744966,64.42953020134227,34.899328859060404,18.12080536912752,8.053691275167784,44.29530201342282,5.369127516778524,44.29530201342282,76.51006711409396,59.73154362416108,74.49664429530202,87.47,29.64,29.31,29.19,63.76,47.87,0
8181,831.34,505.0,444.0,11.0,2.0,8.0,1.0,6.0,2.0,0.4795890689999999,476.0,2335.802147722097,17.0,6.0,177.0,15.0,8.0,1.0,12.0,40.0,Nicolò Barella,54.67077248779079,48.06697620708735,1.190848509635047,0.2165179108427358,0.8660716433709432,0.1082589554213679,0.6495537325282075,0.2165179108427358,0.0519198116414463,51.531262780571126,252.87150058338187,1.8404022421632544,0.6495537325282075,19.16183510958212,1.623884331320519,0.8660716433709432,0.1082589554213679,1.299107465056415,4.330358216854717,87.92079207920793,35.294117647058826,Right Center Midfield,Midfielder,True,76.05633802816901,33.80281690140845,21.12676056338028,77.46478873239437,81.69014084507043,77.46478873239437,85.91549295774648,69.01408450704226,43.66197183098591,64.7887323943662,49.29577464788733,47.88732394366197,8.450704225352112,29.577464788732392,59.15492957746479,67.6056338028169,87.32394366197182,95.77464788732394,11.267605633802818,43.66,78.87,66.2,43.19,65.49,59.48,1
8217,323.79,122.0,96.0,5.0,0.0,0.0,11.0,6.0,0.0,0.9745822013999998,142.0,1050.856415146488,18.0,13.0,59.0,5.0,3.0,1.0,4.0,16.0,Kingsley Coman,33.910868155285826,26.683961827110164,1.389789678495321,0.0,0.0,3.057537292689706,1.6677476141943852,0.0,0.2708928568701935,39.47002686926712,292.0938798702366,5.003242842583155,3.613453164087834,16.399518206244785,1.389789678495321,0.8338738070971926,0.2779579356990642,1.1118317427962567,4.447326971185027,78.68852459016394,72.22222222222221,Right Wing,Winger,True,17.741935483870968,68.81720430107528,40.86021505376344,65.59139784946237,67.74193548387096,67.74193548387096,81.72043010752688,82.79569892473118,95.6989247311828,59.13978494623656,62.36559139784946,74.19354838709677,43.01075268817204,37.634408602150536,70.96774193548387,65.59139784946237,24.193548387096776,20.43010752688172,82.79569892473118,42.47,67.03,86.74,57.89,48.25,60.47,0
8220,403.1,334.0,275.0,8.0,2.0,2.0,8.0,2.0,0.0,0.100635878,249.0,1692.2073399568849,3.0,3.0,54.0,4.0,9.0,12.0,5.0,27.0,David Olatukunbo Alaba,74.57206648474323,61.39915653683949,1.786157281071694,0.4465393202679235,0.4465393202679235,1.786157281071694,0.4465393202679235,0.0,0.0224689382783428,55.59414537335648,377.8185576683692,0.6698089804018853,0.6698089804018853,12.056561647233936,0.8930786405358471,2.009426941205656,2.679235921607541,1.116348300669809,6.028280823616968,82.33532934131736,100.0,Left Back,Full Back,True,37.24832214765101,44.966442953020135,46.97986577181208,97.31543624161074,95.9731543624161,68.45637583892618,95.3020134228188,99.32885906040268,68.45637583892618,55.033557046979865,8.724832214765101,91.94630872483222,77.85234899328859,9.395973154362416,96.64429530201345,95.3020134228188,99.32885906040268,93.28859060402684,53.02013422818792,43.06,87.25,87.7,56.6,85.23,71.97,1
8221,327.12,277.0,263.0,2.0,0.0,0.0,0.0,1.0,0.0,0.021546038,242.0,1154.317674364569,0.0,0.0,28.0,3.0,4.0,8.0,5.0,6.0,Jonathan Tah,76.2105649303008,72.35876742479824,0.5502567865003669,0.0,0.0,0.0,0.2751283932501834,0.0,0.0059279268158473,66.58107116654438,317.5855670482123,0.0,0.0,7.703595011005136,0.8253851797505503,1.1005135730007338,2.201027146001468,1.3756419662509172,1.6507703595011003,94.94584837545126,0.0,Left Center Back,Centre Back,True,34.023668639053255,17.75147928994083,34.319526627218934,95.85798816568048,97.0414201183432,98.81656804733728,97.63313609467455,89.3491124260355,22.7810650887574,63.31360946745562,26.035502958579883,52.66272189349112,6.508875739644971,37.278106508875744,12.42603550295858,94.67455621301777,44.67455621301775,30.17751479289941,26.035502958579883,28.7,97.24,69.92,33.04,48.89,55.56,1
8240,379.3,144.0,118.0,0.0,0.0,0.0,0.0,0.0,0.0,0.0,84.0,354.167405924258,0.0,0.0,0.0,0.0,0.0,0.0,0.0,11.0,Koen Casteels,34.16820458739784,27.99894542578434,0.0,0.0,0.0,0.0,0.0,0.0,0.0,19.931452675982072,84.03655822088905,0.0,0.0,0.0,0.0,0.0,0.0,0.0,2.610071183759557,81.94444444444444,0.0,Goalkeeper,Goalkeeper,True,50.0,49.28571428571429,49.28571428571429,92.85714285714286,98.57142857142858,90.0,87.14285714285714,81.42857142857143,45.0,30.714285714285715,50.0,50.71428571428571,38.57142857142858,45.71428571428572,12.857142857142856,46.42857142857143,50.0,47.85714285714286,50.0,49.52,93.81,71.19,38.1,48.57,60.24,2
8246,620.97,241.0,149.0,13.0,3.0,2.0,19.0,16.0,2.0,1.512568365,238.0,2212.401460985374,21.0,10.0,80.0,6.0,1.0,1.0,10.0,32.0,Christian Pulisic,34.92922363399198,21.595246147156868,1.8841489927049613,0.434803613701145,0.2898690758007633,2.753756220107252,2.3189526064061066,0.2898690758007633,0.2192233970240107,34.49442002029084,320.6533833980444,3.0436252959080146,1.4493453790038169,11.594763032030531,0.86960722740229,0.1449345379003816,0.1449345379003816,1.4493453790038169,4.637905212812213,61.82572614107884,47.61904761904761,Left Wing,Winger,True,66.66666666666666,56.98924731182796,70.96774193548387,72.04301075268818,39.784946236559136,5.376344086021505,65.59139784946237,89.24731182795699,60.215053763440864,21.50537634408602,37.634408602150536,8.60215053763441,21.50537634408602,52.68817204301075,77.41935483870968,83.87096774193549,93.5483870967742,76.34408602150538,76.34408602150538,64.87,39.07,71.68,36.56,82.53,58.94,0
8247,747.54,577.0,487.0,2.0,0.0,2.0,4.0,8.0,0.0,0.453388754,456.0,2299.847363077068,2.0,0.0,91.0,11.0,5.0,35.0,12.0,27.0,Joachim Andersen,69.46785456296654,58.632313989886825,0.2407897905128822,0.0,0.2407897905128822,0.4815795810257645,0.963159162051529,0.0,0.0545856915482783,54.90007223693716,276.889882383466,0.2407897905128822,0.0,10.955935468336143,1.3243438478208525,0.6019744762822057,4.21382133397544,1.4447387430772936,3.250662171923911,84.40207972270363,0.0,Right Center Back,Centre Back,True,34.023668639053255,58.57988165680473,91.1242603550296,91.1242603550296,85.20710059171599,33.72781065088758,88.75739644970415,82.24852071005917,22.7810650887574,90.53254437869822,54.4378698224852,20.118343195266277,57.396449704142015,40.23668639053255,74.55621301775149,69.8224852071006,44.67455621301775,84.61538461538461,90.53254437869822,61.24,70.02,64.6,56.21,72.41,64.9,1
8259,309.25,122.0,106.0,0.0,0.0,0.0,1.0,3.0,0.0,0.365418389,113.0,694.78782618752,7.0,4.0,30.0,2.0,1.0,1.0,2.0,9.0,Steven Bergwijn,35.50525464834276,30.848827809215845,0.0,0.0,0.0,0.2910266774454325,0.8730800323362976,0.0,0.1063464996281325,32.88601455133387,202.2017925848886,2.037186742118027,1.16410670978173,8.730800323362974,0.582053354890865,0.2910266774454325,0.2910266774454325,0.582053354890865,2.6192400970088925,86.88524590163934,57.14285714285714,Left Center Forward,Forward,True,12.048192771084338,6.024096385542169,4.819277108433735,92.7710843373494,95.18072289156626,98.79518072289156,90.36144578313254,87.95180722891565,72.28915662650603,8.433734939759036,44.57831325301205,66.26506024096386,25.301204819277107,15.66265060240964,43.373493975903614,2.409638554216868,27.710843373493976,29.518072289156628,24.09638554216868,7.63,95.58,83.53,33.94,20.93,48.32,1
8286,386.25,210.0,181.0,7.0,1.0,0.0,9.0,7.0,0.0,0.6236564849999999,172.0,1466.0115686162835,16.0,9.0,41.0,2.0,6.0,4.0,11.0,16.0,Leonardo Spinazzola,48.932038834951456,42.1747572815534,1.6310679611650485,0.233009708737864,0.0,2.0970873786407767,1.6310679611650485,0.0,0.14531801592233,40.07766990291262,341.59492860961944,3.728155339805826,2.0970873786407767,9.553398058252426,0.4660194174757281,1.3980582524271843,0.9320388349514565,2.563106796116505,3.728155339805826,86.19047619047619,56.25,Left Back,Full Back,True,37.24832214765101,91.2751677852349,96.64429530201345,54.36241610738255,68.45637583892618,88.59060402684564,77.18120805369128,97.98657718120806,98.65771812080536,24.16107382550336,0.6711409395973155,67.11409395973155,10.06711409395973,83.22147651006712,55.033557046979865,94.63087248322148,89.26174496644296,29.86577181208054,61.74496644295302,75.06,70.47,91.28,40.04,68.88,69.14,1
8307,403.1,254.0,215.0,0.0,0.0,0.0,3.0,3.0,0.0,0.1392669839999999,181.0,1298.5172819895972,1.0,0.0,42.0,13.0,9.0,13.0,7.0,11.0,Martin Hinteregger,56.710493674026296,48.002976928801786,0.0,0.0,0.0,0.6698089804018853,0.6698089804018853,0.0,0.0310940921855618,40.41180848424708,289.9195122278932,0.2232696601339617,0.0,9.377325725626395,2.9025055817415035,2.009426941205656,2.9025055817415035,1.5628876209377325,2.45596626147358,84.64566929133859,0.0,Left Center Back,Centre Back,True,34.023668639053255,42.60355029585799,73.96449704142012,71.59763313609467,66.27218934911244,37.278106508875744,61.53846153846154,85.20710059171599,22.7810650887574,80.4733727810651,97.0414201183432,92.3076923076923,21.89349112426036,47.33727810650888,43.78698224852072,19.230769230769237,44.67455621301775,30.17751479289941,95.26627218934912,50.2,58.38,56.51,63.81,47.34,55.25,1
8326,516.22,191.0,157.0,0.0,0.0,0.0,0.0,0.0,0.0,0.0,93.0,365.511514864301,0.0,0.0,0.0,0.0,0.0,0.0,0.0,26.0,Andries Noppert,33.29975591801945,27.37205067606834,0.0,0.0,0.0,0.0,0.0,0.0,0.0,16.214017279454495,63.72483890160608,0.0,0.0,0.0,0.0,0.0,0.0,0.0,4.532951067374375,82.19895287958116,0.0,Goalkeeper,Goalkeeper,True,50.0,49.28571428571429,49.28571428571429,84.28571428571429,92.85714285714286,92.85714285714286,74.28571428571429,47.14285714285714,45.0,30.714285714285715,50.0,50.71428571428571,38.57142857142858,45.71428571428572,84.28571428571429,46.42857142857143,50.0,47.85714285714286,50.0,49.52,90.0,55.48,50.0,48.57,58.71,2
8400,526.74,193.0,148.0,6.0,1.0,3.0,14.0,16.0,1.0,1.030432935,173.0,1043.5371693913628,15.0,8.0,77.0,11.0,8.0,3.0,6.0,31.0,Serge Gnabry,32.97642100467024,25.287618179747124,1.0251737099897482,0.1708622849982913,0.5125868549948741,2.3920719899760794,2.733796559972662,0.1708622849982913,0.1760621258115959,29.55917530470441,178.3011452428573,2.5629342749743707,1.366898279986331,13.156395944868436,1.8794851349812047,1.366898279986331,0.5125868549948741,1.0251737099897482,5.296730834947033,76.68393782383419,53.333333333333336,Center Forward,Forward,True,28.915662650602407,15.66265060240964,67.46987951807229,87.95180722891565,86.74698795180723,68.67469879518072,85.54216867469879,81.92771084337349,83.13253012048193,36.14457831325301,97.59036144578312,98.79518072289156,43.373493975903614,46.98795180722892,97.59036144578312,73.49397590361446,75.90361445783132,98.79518072289156,96.3855421686747,37.35,81.12,83.53,70.08,86.14,71.65,0
8454,397.98,66.0,39.0,1.0,0.0,1.0,3.0,9.0,3.0,1.769741011,54.0,152.78415402825777,2.0,1.0,48.0,2.0,0.0,2.0,5.0,3.0,Mohamed Bayo,14.925373134328357,8.819538670284938,0.2261420171867933,0.0,0.2261420171867933,0.6784260515603798,2.03527815468114,0.6784260515603798,0.4002128021257349,12.211668928086835,34.55091678612794,0.4522840343735866,0.2261420171867933,10.854816824966075,0.4522840343735866,0.0,0.4522840343735866,1.1307100859339665,0.6784260515603798,59.09090909090909,50.0,Center Forward,Forward,True,80.72289156626506,55.42168674698795,32.53012048192771,14.457831325301203,4.819277108433735,4.819277108433735,8.433734939759036,2.409638554216868,16.867469879518072,15.66265060240964,31.32530120481928,16.867469879518072,36.14457831325301,57.831325301204814,2.409638554216868,7.228915662650602,27.710843373493976,75.90361445783132,56.62650602409639,56.22,8.03,9.24,26.71,41.87,28.41,0
8506,621.24,240.0,193.0,5.0,0.0,4.0,4.0,4.0,0.0,0.39818523,218.0,1577.785474807435,11.0,6.0,222.0,15.0,4.0,4.0,11.0,29.0,Konrad Laimer,34.769171334749856,27.96020861502801,0.7243577361406219,0.0,0.5794861889124976,0.5794861889124976,0.5794861889124976,0.0,0.0576857103534865,31.58199729573112,228.576222929414,1.5935870195093684,0.8692292833687464,32.16148348464362,2.173073208421866,0.5794861889124976,0.5794861889124976,1.5935870195093684,4.201274869615607,80.41666666666667,54.54545454545454,Right Wing,Winger,True,17.741935483870968,8.60215053763441,6.451612903225806,70.96774193548387,74.19354838709677,78.49462365591397,50.53763440860215,53.76344086021505,24.731182795698924,98.9247311827957,91.39784946236558,49.46236559139785,68.81720430107528,61.29032258064516,63.44086021505376,22.58064516129032,24.193548387096776,89.24731182795699,8.60215053763441,10.93,74.55,43.01,72.22,36.16,47.37,1
8509,575.38,219.0,187.0,2.0,0.0,1.0,0.0,3.0,0.0,0.56790707,143.0,747.7367229338793,1.0,1.0,55.0,10.0,3.0,42.0,15.0,15.0,Willi Orban,34.255622371302444,29.25023462755049,0.3128367339844972,0.0,0.1564183669922486,0.0,0.4692551009767458,0.0,0.0888310964927526,22.36782647989155,116.95975714145284,0.1564183669922486,0.1564183669922486,8.603010184573673,1.564183669922486,0.4692551009767458,6.569571413674441,2.346275504883729,2.346275504883729,85.38812785388129,100.0,Center Back,Centre Back,True,34.023668639053255,73.37278106508876,56.80473372781065,17.75147928994083,19.526627218934912,39.64497041420118,13.6094674556213,13.017751479289942,55.02958579881657,73.37278106508876,72.7810650887574,13.017751479289942,90.53254437869822,82.24852071005917,39.64497041420118,79.88165680473372,44.67455621301775,73.37278106508876,26.035502958579883,54.73,25.64,27.22,61.93,55.99,45.1,1
8518,788.46,412.0,317.0,11.0,1.0,4.0,20.0,23.0,1.0,1.4363416319999998,344.0,1933.062031207948,13.0,6.0,101.0,7.0,8.0,1.0,10.0,41.0,Marcel Sabitzer,47.02838444562819,36.18446084772848,1.2556122060725972,0.1141465641884179,0.4565862567536717,2.282931283768358,2.625370976333612,0.1141465641884179,0.1639534622935849,39.26641808081577,220.6523892254716,1.4839053344494328,0.6848793851305076,11.52880298303021,0.7990259493189256,0.9131725135073434,0.1141465641884179,1.141465641884179,4.680009131725135,76.94174757281553,46.15384615384615,Center Attacking Midfield,Attacking Midfielder,True,36.84210526315789,55.26315789473685,92.10526315789474,78.94736842105263,73.68421052631578,50.0,71.05263157894737,57.89473684210527,34.21052631578947,10.526315789473683,15.789473684210526,71.05263157894737,34.21052631578947,26.31578947368421,63.1578947368421,55.26315789473685,44.73684210526316,78.94736842105263,81.57894736842105,61.4,67.54,54.39,36.84,65.13,57.06,0
8519,1126.86,708.0,640.0,4.0,0.0,1.0,0.0,3.0,0.0,0.227569786,576.0,3462.6755572107613,2.0,0.0,103.0,22.0,21.0,34.0,23.0,32.0,Dayotchanculle Upamecano,56.54650977051274,51.11548905809062,0.3194718066130664,0.0,0.0798679516532666,0.0,0.2396038549597997,0.0,0.0181755326659922,46.00394015228155,276.55680399425705,0.1597359033065332,0.0,8.22639902028646,1.757094936371865,1.6772269847185983,2.715510356211064,1.836962888025132,2.555774452904531,90.3954802259887,0.0,Right Center Back,Centre Back,True,34.023668639053255,31.360946745562128,30.76923076923077,69.8224852071006,72.18934911242604,72.18934911242604,76.92307692307693,81.06508875739645,22.7810650887574,69.23076923076923,80.4733727810651,86.3905325443787,16.56804733727811,63.905325443786985,47.92899408284024,81.06508875739645,44.67455621301775,63.905325443786985,26.035502958579883,32.05,71.4,60.26,60.75,53.92,55.68,1
8524,575.38,197.0,155.0,0.0,0.0,0.0,0.0,0.0,0.0,0.0,102.0,315.9466267252059,0.0,0.0,0.0,0.0,0.0,2.0,1.0,23.0,Péter Gulácsi,30.814418297472976,24.24484688379853,0.0,0.0,0.0,0.0,0.0,0.0,0.0,15.954673433209356,49.41985540906623,0.0,0.0,0.0,0.0,0.0,0.3128367339844972,0.1564183669922486,3.5976224408217177,78.68020304568529,0.0,Goalkeeper,Goalkeeper,True,50.0,49.28571428571429,49.28571428571429,77.14285714285715,82.85714285714286,80.0,72.85714285714285,21.428571428571427,45.0,30.714285714285715,50.0,50.71428571428571,100.0,98.57142857142858,48.57142857142857,46.42857142857143,50.0,47.85714285714286,50.0,49.52,80.0,46.43,63.1,48.57,57.52,2
8526,541.0699999999999,233.0,179.0,6.0,0.0,3.0,4.0,7.0,0.0,0.61308845,178.0,1341.9232941918697,6.0,4.0,76.0,2.0,2.0,8.0,13.0,24.0,Weston McKennie,38.75653797105736,29.77433603785093,0.9980224370229362,0.0,0.4990112185114681,0.6653482913486242,1.164359509860092,0.0,0.101979338163269,29.60799896501377,223.21159272786937,0.9980224370229362,0.6653482913486242,12.641617535623856,0.3326741456743121,0.3326741456743121,1.3306965826972483,2.1623819468830283,3.992089748091745,76.82403433476395,66.66666666666666,Right Center Midfield,Midfielder,True,26.05633802816901,52.11267605633802,47.88732394366197,42.25352112676056,36.61971830985916,23.943661971830984,29.577464788732392,59.15492957746479,45.07042253521127,15.492957746478872,1.4084507042253522,14.084507042253522,73.23943661971832,70.4225352112676,39.436619718309856,60.56338028169014,32.3943661971831,88.73239436619718,45.07042253521127,42.02,34.27,44.6,35.68,56.69,42.65,1
8553,621.38,327.0,269.0,3.0,0.0,0.0,2.0,3.0,0.0,0.199005158,230.0,1357.192288152184,0.0,0.0,49.0,8.0,3.0,17.0,8.0,9.0,Abdou Diallo,47.36232257233899,38.96166596929415,0.4345167208471466,0.0,0.0,0.2896778138980977,0.4345167208471466,0.0,0.0288236895619427,33.312948598281245,196.5742475356409,0.0,0.0,7.097106440503396,1.158711255592391,0.4345167208471466,2.462261418133831,1.158711255592391,1.30355016254144,82.26299694189603,0.0,Left Center Back,Centre Back,True,34.023668639053255,39.64497041420118,50.88757396449704,49.70414201183432,45.5621301775148,23.66863905325444,43.78698224852072,49.70414201183432,22.7810650887574,57.396449704142015,44.37869822485207,10.059171597633137,11.242603550295858,24.2603550295858,4.142011834319527,88.75739644970415,44.67455621301775,30.17751479289941,84.02366863905326,41.52,39.64,38.76,25.25,61.91,41.42,1
8673,313.86,62.0,49.0,1.0,0.0,0.0,0.0,11.0,3.0,1.883707936,41.0,144.5927968044983,1.0,0.0,48.0,1.0,2.0,3.0,0.0,6.0,Sébastien Haller,17.778627413496462,14.050850697763334,0.2867520550563945,0.0,0.0,0.0,3.15427260562034,0.8602561651691837,0.5401571217740394,11.756834257312176,41.46228163004157,0.2867520550563945,0.0,13.76409864270694,0.2867520550563945,0.5735041101127891,0.8602561651691837,0.0,1.7205123303383674,79.03225806451613,0.0,Center Forward,Forward,True,91.56626506024097,79.51807228915662,81.92771084337349,32.53012048192771,45.78313253012048,75.90361445783132,4.819277108433735,3.614457831325301,6.626506024096386,43.373493975903614,22.89156626506024,87.95180722891565,63.85542168674698,2.409638554216868,12.048192771084338,15.66265060240964,27.710843373493976,29.518072289156628,4.819277108433735,84.34,51.41,5.02,38.76,19.43,39.79,0
8769,375.29,155.0,126.0,5.0,0.0,1.0,0.0,5.0,0.0,0.171912611,140.0,745.5988204085317,3.0,3.0,99.0,12.0,5.0,2.0,4.0,27.0,Xaver Schlager,37.17125423006208,30.216632470889177,1.199072717098777,0.0,0.2398145434197553,0.0,1.199072717098777,0.0,0.041227144315063,33.57403607876575,178.8054406905802,0.719443630259266,0.719443630259266,23.74163979855578,2.877774521037064,1.199072717098777,0.4796290868395107,0.9592581736790214,6.474992672333396,81.29032258064515,100.0,Center Defensive Midfield,Defensive Midfielder,True,33.16831683168317,43.56435643564357,70.29702970297029,17.82178217821782,16.831683168316832,19.8019801980198,36.63366336633664,37.62376237623762,77.22772277227723,96.03960396039604,86.13861386138613,65.34653465346535,7.920792079207921,9.9009900990099,92.07920792079209,92.07920792079209,35.64356435643564,67.32673267326733,10.891089108910892,49.01,18.15,50.5,59.57,51.49,45.74,1
8779,395.07,230.0,175.0,0.0,0.0,0.0,13.0,3.0,1.0,0.252058487,166.0,720.1409128633734,8.0,3.0,80.0,11.0,12.0,19.0,21.0,14.0,Stefan Lainer,52.3957779633989,39.86635279823829,0.0,0.0,0.0,2.9615004935834155,0.683423190826942,0.2278077302756473,0.0574208718201837,37.81608322575746,164.05366683803783,1.822461842205179,0.683423190826942,18.224618422051787,2.505885033032121,2.733692763307768,4.3283468752373,4.783962335788594,3.189308223859063,76.08695652173914,37.5,Right Back,Full Back,True,95.3020134228188,64.42953020134227,67.11409395973155,67.78523489932886,59.06040268456376,31.543624161073826,65.77181208053692,41.61073825503356,69.12751677852349,93.28859060402684,82.5503355704698,97.98657718120806,98.65771812080536,99.32885906040268,36.91275167785235,2.348993288590604,33.89261744966443,29.86577181208054,83.22147651006712,75.62,52.8,58.84,84.79,37.33,61.87,1
8808,356.29,303.0,266.0,1.0,0.0,0.0,7.0,1.0,0.0,0.2693605,250.0,1100.95879135299,2.0,2.0,29.0,9.0,1.0,13.0,2.0,6.0,Matthias Ginter,76.53877459372983,67.19245558393443,0.2526032164809565,0.0,0.0,1.7682225153666955,0.2526032164809565,0.0,0.0680413286929186,63.15080412023912,278.1057319087515,0.505206432961913,0.505206432961913,7.325493277947738,2.2734289483286085,0.2526032164809565,3.283841814252434,0.505206432961913,1.5156192988857389,87.78877887788778,100.0,Right Center Back,Centre Back,True,34.023668639053255,67.45562130177515,31.360946745562128,96.44970414201184,93.49112426035504,55.62130177514793,97.0414201183432,83.4319526627219,92.89940828402366,59.76331360946746,91.1242603550296,5.9171597633136095,30.17751479289941,4.142011834319527,8.875739644970414,71.59763313609467,44.67455621301775,30.17751479289941,99.40828402366864,44.28,81.85,91.12,33.33,61.46,62.41,1
8814,729.8199999999999,384.0,351.0,0.0,0.0,1.0,0.0,4.0,0.0,0.51388709,300.0,1938.6728877788,1.0,1.0,72.0,12.0,18.0,46.0,8.0,21.0,Nico Elvedi,47.3541421172344,43.28464552903456,0.0,0.0,0.1233180784302978,0.0,0.4932723137211915,0.0,0.0633715684689375,36.99542352908937,239.0734152257981,0.1233180784302978,0.1233180784302978,8.878901646981447,1.4798169411635749,2.2197254117453618,5.672631607793703,0.986544627442383,2.589679647036256,91.40625,100.0,Right Center Back,Centre Back,True,34.023668639053255,62.721893491124256,58.57988165680473,49.11242603550296,54.4378698224852,78.69822485207101,54.4378698224852,68.63905325443787,51.4792899408284,76.92307692307693,68.63905325443787,96.44970414201184,85.20710059171599,17.159763313609467,51.4792899408284,19.230769230769237,44.67455621301775,68.63905325443787,26.035502958579883,51.78,60.75,58.19,65.98,39.64,55.27,1
8815,884.03,518.0,467.0,2.0,0.0,4.0,1.0,10.0,0.0,0.785828874,406.0,1964.4258008973927,3.0,2.0,60.0,12.0,11.0,49.0,16.0,24.0,Jannik Vestergaard,52.73576688573917,47.54363539698879,0.2036129995588385,0.0,0.407225999117677,0.1018064997794192,1.018064997794193,0.0,0.0800024870875422,41.333438910444215,199.9913148657459,0.3054194993382578,0.2036129995588385,6.108389986765156,1.2216779973530312,1.1198714975736117,4.988518489191543,1.628903996470708,2.4433559947060624,90.15444015444017,66.66666666666666,Left Center Back,Centre Back,True,34.023668639053255,69.8224852071006,92.3076923076923,60.35502958579882,65.08875739644971,69.8224852071006,63.31360946745562,52.071005917159766,61.53846153846154,43.78698224852072,48.5207100591716,55.02958579881657,74.55621301775149,53.25443786982249,42.60355029585799,59.76331360946746,44.67455621301775,97.0414201183432,56.213017751479285,65.38,65.09,58.97,52.96,64.42,61.37,1
8817,423.02,63.0,48.0,4.0,0.0,1.0,4.0,11.0,2.0,1.3676933399999998,53.0,422.2467286958191,6.0,2.0,74.0,4.0,0.0,7.0,10.0,12.0,Jhon Andrés Córdoba Copete,13.403621578175974,10.212283107181694,0.8510235922651411,0.0,0.2127558980662852,0.8510235922651411,2.340314878729138,0.4255117961325705,0.2909848248309772,11.27606259751312,89.83548196923012,1.2765353883977115,0.4255117961325705,15.74393645690511,0.8510235922651411,0.0,1.489291286463997,2.1275589806628528,2.5530707767954235,76.19047619047619,33.33333333333333,Right Center Forward,Forward,True,53.01204819277109,34.93975903614458,54.21686746987952,7.228915662650602,10.843373493975903,64.45783132530121,3.614457831325301,33.734939759036145,25.301204819277107,56.62650602409639,71.08433734939759,16.867469879518072,93.97590361445783,98.79518072289156,39.75903614457831,59.036144578313255,27.710843373493976,72.28915662650603,71.08433734939759,47.39,27.51,20.88,62.85,57.53,43.23,0
8819,328.59,69.0,51.0,3.0,2.0,1.0,1.0,8.0,0.0,0.65466658,84.0,579.2717051371167,15.0,12.0,43.0,2.0,3.0,2.0,5.0,8.0,Alexander Isak,18.898931799506983,13.968775677896469,0.8216926869350862,0.5477951246233909,0.2738975623116954,0.2738975623116954,2.1911804984935634,0.0,0.1793115803889345,23.00739523418241,158.66110795319548,4.108463434675431,3.286770747740345,11.777595179402905,0.5477951246233909,0.8216926869350862,0.5477951246233909,1.3694878115584772,2.1911804984935634,73.91304347826086,80.0,Left Center Forward,Forward,True,12.048192771084338,16.867469879518072,48.19277108433735,42.16867469879519,44.57831325301205,50.60240963855421,71.08433734939759,73.49397590361446,95.18072289156626,26.506024096385545,40.963855421686745,93.97590361445783,45.78313253012048,74.69879518072288,28.915662650602407,54.21686746987952,100.0,84.33734939759037,21.686746987951807,25.7,45.78,79.92,51.81,65.06,53.65,0
8830,564.52,211.0,151.0,4.0,2.0,5.0,14.0,14.0,2.0,2.352015116,205.0,1428.5684095651327,9.0,6.0,75.0,4.0,2.0,4.0,7.0,20.0,Andriy Yarmolenko,33.639197902642955,24.07354920994828,0.637709912846312,0.318854956423156,0.7971373910578899,2.231984694962092,2.231984694962092,0.318854956423156,0.3749758386593921,32.68263303337349,227.7530589896938,1.4348473039042018,0.956564869269468,11.957060865868348,0.637709912846312,0.318854956423156,0.637709912846312,1.1159923474810458,3.18854956423156,71.56398104265402,66.66666666666666,Right Wing,Winger,True,69.89247311827957,86.02150537634408,67.74193548387096,63.44086021505376,55.91397849462365,26.881720430107524,56.98924731182796,52.68817204301075,27.956989247311824,25.806451612903224,20.43010752688172,29.03225806451613,75.26881720430107,38.70967741935484,31.18279569892473,20.43010752688172,88.17204301075269,96.7741935483871,62.36559139784946,74.55,48.75,45.88,36.74,66.94,54.57,0
8836,320.64,56.0,37.0,3.0,0.0,1.0,4.0,7.0,0.0,0.6237915409999999,54.0,261.86332624530843,5.0,3.0,64.0,5.0,1.0,1.0,1.0,7.0,Karol Świderski,15.718562874251498,10.385479041916168,0.8420658682634732,0.0,0.280688622754491,1.122754491017964,1.9648203592814373,0.0,0.1750911885291916,15.157185628742516,73.50205639370559,1.4034431137724552,0.8420658682634732,17.964071856287426,1.4034431137724552,0.280688622754491,0.280688622754491,0.280688622754491,1.9648203592814373,66.07142857142857,60.0,Right Center Forward,Forward,True,12.048192771084338,14.457831325301203,26.506024096385545,19.27710843373494,12.048192771084338,19.27710843373494,25.301204819277107,18.072289156626507,54.21686746987952,77.10843373493977,90.36144578313254,62.65060240963856,24.09638554216868,7.228915662650602,21.686746987951807,56.62650602409639,27.710843373493976,86.74698795180723,79.51807228915662,17.67,16.87,32.53,47.19,62.65,35.38,0
8854,379.3,287.0,252.0,0.0,0.0,1.0,0.0,0.0,0.0,0.0,233.0,1109.6722058781745,1.0,1.0,40.0,10.0,3.0,9.0,10.0,10.0,Wout Faes,68.09912997627208,59.79435802794622,0.0,0.0,0.2372791985235961,0.0,0.0,0.0,0.0,55.28605325599789,263.30213163468414,0.2372791985235961,0.2372791985235961,9.491167940943845,2.372791985235961,0.7118375955707883,2.135512786712365,2.372791985235961,2.372791985235961,87.8048780487805,100.0,Right Center Back,Centre Back,True,34.023668639053255,7.396449704142012,7.396449704142012,88.16568047337277,86.98224852071006,56.213017751479285,89.94082840236686,76.92307692307693,69.8224852071006,81.06508875739645,94.0828402366864,30.17751479289941,5.325443786982249,84.02366863905326,40.23668639053255,19.230769230769237,44.67455621301775,83.4319526627219,26.035502958579883,16.27,77.12,78.9,55.82,43.34,54.29,1
8966,819.04,263.0,217.0,7.0,1.0,3.0,4.0,35.0,6.0,7.471793506,267.0,1705.194861556885,14.0,5.0,128.0,4.0,2.0,8.0,15.0,36.0,Kai Havertz,28.89968743895292,23.844989255714008,0.7691932017972261,0.1098847431138894,0.3296542293416682,0.4395389724555577,3.84596600898613,0.6593084586833365,0.8210361100068374,29.33922641140848,187.37489932130256,1.538386403594452,0.5494237155694471,14.065247118577847,0.4395389724555577,0.2197694862277788,0.8790779449111155,1.6482711467083415,3.95585075210002,82.50950570342205,35.714285714285715,Center Forward,Forward,True,77.10843373493977,98.79518072289156,92.7710843373494,84.33734939759037,84.33734939759037,91.56626506024097,84.33734939759037,85.54216867469879,39.75903614457831,44.57831325301205,30.120481927710845,49.39759036144578,65.06024096385542,81.92771084337349,80.72289156626506,53.01204819277109,62.65060240963856,87.95180722891565,33.734939759036145,89.56,86.75,69.88,58.63,59.34,72.83,0
8967,557.46,264.0,208.0,7.0,0.0,0.0,3.0,4.0,1.0,0.202899743,203.0,1015.7653331173606,8.0,7.0,148.0,11.0,6.0,10.0,14.0,20.0,Ondrej Duda,42.621892153697125,33.58088472715531,1.1301259283177267,0.0,0.0,0.48433968356474,0.6457862447529867,0.1614465611882466,0.032757465773329,32.773651921214075,163.99182000603173,1.2915724895059737,1.1301259283177267,23.894091055860507,1.7759121730707137,0.96867936712948,1.614465611882467,2.260251856635453,3.228931223764934,78.78787878787878,87.5,Left Center Midfield,Midfielder,True,63.38028169014085,21.12676056338028,19.718309859154928,56.33802816901409,47.88732394366197,26.76056338028169,42.25352112676056,26.76056338028169,69.01408450704226,87.32394366197182,61.97183098591549,59.15492957746479,81.69014084507043,77.46478873239437,21.12676056338028,63.38028169014085,32.3943661971831,27.464788732394368,36.61971830985916,34.74,43.66,46.01,64.79,39.96,45.83,1
9195,325.96000000000004,234.0,209.0,3.0,0.0,1.0,3.0,7.0,0.0,0.2757207579999999,186.0,659.7757445888408,0.0,0.0,65.0,11.0,2.0,10.0,4.0,14.0,Robert Andrich,64.60915449748435,57.70646705117191,0.8283224935574917,0.0,0.2761074978524972,0.8283224935574917,1.9327524849674804,0.0,0.0761285685973739,51.355994600564486,182.1690299821931,0.0,0.0,17.94698736041232,3.037182476377469,0.5522149957049944,2.761074978524972,1.1044299914099889,3.865504969934961,89.31623931623932,0.0,Right Defensive Midfield,Defensive Midfielder,True,33.16831683168317,64.35643564356435,92.07920792079209,85.14851485148515,86.13861386138613,75.24752475247524,83.16831683168317,41.58415841584159,5.445544554455446,66.33663366336634,89.10891089108911,18.81188118811881,95.04950495049503,13.861386138613865,34.65346534653465,77.22772277227723,35.64356435643564,73.26732673267327,81.1881188118812,63.2,82.18,43.4,52.97,66.83,61.72,1
9411,337.22,104.0,83.0,1.0,0.0,0.0,0.0,6.0,0.0,0.42129175,96.0,578.9255432563509,7.0,5.0,74.0,7.0,1.0,2.0,6.0,7.0,Daichi Kamada,27.756360832690824,22.15171104916672,0.2668880849297194,0.0,0.0,0.0,1.6013285095783167,0.0,0.1124377483541901,25.621256153253068,154.50832955658495,1.868216594508036,1.3344404246485972,19.74971828479924,1.868216594508036,0.2668880849297194,0.5337761698594389,1.6013285095783167,1.868216594508036,79.8076923076923,71.42857142857143,Left Wing,Winger,True,17.741935483870968,27.956989247311824,37.634408602150536,39.784946236559136,44.08602150537634,75.26881720430107,29.03225806451613,17.20430107526882,52.68817204301075,81.72043010752688,82.79569892473118,20.43010752688172,63.44086021505376,63.44086021505376,4.301075268817205,5.376344086021505,24.193548387096776,20.43010752688172,1.0752688172043012,27.78,53.05,32.97,52.69,12.77,35.85,0
9466,428.49,84.0,69.0,3.0,0.0,1.0,3.0,9.0,0.0,0.6145777329999998,89.0,590.019364991108,4.0,3.0,87.0,2.0,4.0,1.0,4.0,21.0,Che Adams,17.643352236925015,14.492753623188404,0.630119722747322,0.0,0.2100399075824406,0.630119722747322,1.8903591682419656,0.0,0.1290858502415458,18.693551774837218,123.92761289458264,0.8401596303297627,0.630119722747322,18.27347195967233,0.4200798151648813,0.8401596303297627,0.2100399075824406,0.8401596303297627,4.410838059231254,82.14285714285714,75.0,Right Center Forward,Forward,True,12.048192771084338,8.433734939759036,21.686746987951807,31.32530120481928,49.39759036144578,90.36144578313254,44.57831325301205,56.62650602409639,42.16867469879519,80.72289156626506,27.710843373493976,95.18072289156626,15.66265060240964,27.710843373493976,92.7710843373494,37.34939759036144,27.710843373493976,71.08433734939759,49.39759036144578,14.06,57.03,47.79,56.63,46.39,44.38,0
9481,463.74,225.0,196.0,1.0,0.0,0.0,0.0,3.0,0.0,0.42118684,167.0,685.2729185578728,2.0,2.0,48.0,8.0,11.0,34.0,10.0,20.0,Grant Campbell Hanley,43.66670979428128,38.0385560874628,0.1940742657523612,0.0,0.0,0.0,0.5822227972570837,0.0,0.0817415267175572,32.41040238064432,132.9938385090968,0.3881485315047224,0.3881485315047224,9.31556475611334,1.5525941260188898,2.1348169232759737,6.598525035580281,1.940742657523612,3.881485315047224,87.1111111111111,100.0,Center Back,Centre Back,True,34.023668639053255,70.41420118343196,69.8224852071006,40.23668639053255,43.19526627218935,51.4792899408284,41.42011834319527,20.710059171597635,86.98224852071006,79.88165680473372,72.18934911242604,94.0828402366864,91.1242603550296,69.8224852071006,86.3905325443787,58.57988165680473,44.67455621301775,30.17751479289941,26.035502958579883,58.09,44.97,49.7,82.25,39.87,54.98,1
9722,630.27,284.0,247.0,5.0,0.0,0.0,6.0,4.0,0.0,0.57090467,179.0,981.6689754008382,4.0,0.0,70.0,6.0,10.0,11.0,10.0,16.0,Peter Pekarík,40.55404826502927,35.27059831500785,0.7139797229758674,0.0,0.0,0.856775667571041,0.571183778380694,0.0,0.0815228716264458,25.560474082536057,140.17834862213883,0.571183778380694,0.0,9.995716121662143,0.856775667571041,1.4279594459517349,1.5707553905469087,1.4279594459517349,2.284735113522776,86.97183098591549,0.0,Right Back,Full Back,True,37.24832214765101,76.51006711409396,59.73154362416108,25.503355704697988,43.62416107382551,89.93288590604027,19.463087248322147,19.463087248322147,6.375838926174497,28.85906040268457,6.711409395973154,70.46979865771812,38.25503355704698,25.503355704697988,6.04026845637584,53.02013422818792,33.89261744966443,29.86577181208054,16.10738255033557,57.83,53.02,15.1,29.31,33.22,37.7,1
9731,385.36,145.0,119.0,0.0,0.0,0.0,0.0,0.0,0.0,0.0,101.0,324.89592085638617,0.0,0.0,1.0,0.0,0.0,0.0,0.0,14.0,Patrick Pentz,33.864438447166286,27.79219431181233,0.0,0.0,0.0,0.0,0.0,0.0,0.0,23.58833298733652,75.87874423156205,0.0,0.0,0.2335478513597674,0.0,0.0,0.0,0.0,3.269669919036745,82.06896551724138,0.0,Goalkeeper,Goalkeeper,True,50.0,49.28571428571429,49.28571428571429,90.0,94.28571428571428,91.42857142857144,100.0,62.85714285714285,45.0,92.85714285714286,50.0,50.71428571428571,38.57142857142858,45.71428571428572,28.57142857142857,46.42857142857143,50.0,47.85714285714286,50.0,49.52,91.9,69.29,51.07,48.57,62.07,2
9914,490.57,164.0,102.0,0.0,0.0,0.0,0.0,0.0,0.0,0.0,60.0,334.7285380034883,0.0,0.0,0.0,0.0,0.0,0.0,0.0,19.0,Daniel Ward,30.08744929367878,18.712925780214853,0.0,0.0,0.0,0.0,0.0,0.0,0.0,11.007603400126383,61.40931655077553,0.0,0.0,0.0,0.0,0.0,0.0,0.0,3.485741076706688,62.19512195121951,0.0,Goalkeeper,Goalkeeper,True,50.0,49.28571428571429,49.28571428571429,71.42857142857143,54.285714285714285,28.57142857142857,32.857142857142854,42.85714285714285,45.0,30.714285714285715,50.0,50.71428571428571,38.57142857142858,45.71428571428572,44.285714285714285,46.42857142857143,50.0,47.85714285714286,50.0,49.52,51.43,40.24,43.33,48.57,46.62,2
9927,440.44,386.0,346.0,4.0,0.0,1.0,4.0,4.0,0.0,0.123256779,313.0,1416.5789505275527,1.0,1.0,62.0,3.0,2.0,7.0,8.0,22.0,Rúben Diogo Da Silva Neves,78.87566978476069,70.7020252474798,0.81736445372809,0.0,0.2043411134320225,0.81736445372809,0.81736445372809,0.0,0.0251864274589047,63.958768504223045,289.46532001516607,0.2043411134320225,0.2043411134320225,12.669149032785397,0.6130233402960675,0.408682226864045,1.4303877940241576,1.63472890745618,4.495504495504496,89.63730569948186,100.0,Center Defensive Midfield,Defensive Midfielder,True,33.16831683168317,27.72277227722773,46.53465346534654,96.03960396039604,96.03960396039604,78.21782178217822,98.01980198019804,85.14851485148515,15.84158415841584,21.782178217821784,3.96039603960396,8.91089108910891,55.44554455445545,45.54455445544555,52.47524752475248,75.24752475247524,35.64356435643564,53.46534653465347,79.20792079207921,35.81,90.1,66.34,31.35,60.89,56.9,1
9929,439.6,143.0,112.0,6.0,1.0,1.0,5.0,10.0,1.0,2.285484892,143.0,975.5720928558172,13.0,6.0,83.0,7.0,3.0,1.0,5.0,11.0,Diogo José Teixeira da Silva,29.27661510464058,22.929936305732483,1.2283894449499544,0.2047315741583257,0.2047315741583257,1.0236578707916286,2.047315741583257,0.2047315741583257,0.4679109196542311,29.27661510464058,199.7304102753038,2.6615104640582348,1.2283894449499544,16.992720655141035,1.4331210191082802,0.6141947224749772,0.2047315741583257,1.0236578707916286,2.2520473157415832,78.32167832167832,46.15384615384615,Left Wing,Winger,True,53.76344086021505,91.39784946236558,61.29032258064516,45.16129032258064,47.31182795698925,60.215053763440864,45.16129032258064,38.70967741935484,45.16129032258064,63.44086021505376,63.44086021505376,53.76344086021505,30.107526881720432,31.18279569892473,6.451612903225806,53.76344086021505,72.04301075268818,56.98924731182796,17.20430107526882,68.82,50.9,43.01,41.4,50.0,50.82,0
9974,512.66,127.0,96.0,2.0,0.0,0.0,4.0,7.0,0.0,0.6026183469999999,121.0,762.8300499951745,12.0,9.0,114.0,7.0,10.0,3.0,5.0,19.0,John McGinn,22.29547848476573,16.85327507509851,0.3511098973978855,0.0,0.0,0.7022197947957711,1.2288846408925995,0.0,0.1057926329926266,21.24214879257208,133.9185902929148,2.1066593843873136,1.5799945382904852,20.01326415167948,1.2288846408925995,1.7555494869894277,0.5266648460968284,0.8777747434947138,3.3355440252799125,75.59055118110236,75.0,Right Center Midfield,Midfielder,True,26.05633802816901,54.929577464788736,54.929577464788736,5.633802816901409,4.225352112676056,19.718309859154928,7.042253521126761,11.267605633802818,84.50704225352112,73.23943661971832,35.2112676056338,91.54929577464787,38.0281690140845,8.450704225352112,26.76056338028169,11.267605633802818,32.3943661971831,27.464788732394368,49.29577464788733,45.31,9.86,34.27,45.54,30.11,33.02,0
10039,683.4300000000001,394.0,325.0,5.0,0.0,0.0,12.0,1.0,0.0,0.052294273,300.0,1750.9875461840911,8.0,5.0,66.0,19.0,8.0,15.0,12.0,41.0,Ghislain Konan,51.88534304903208,42.79882358105439,0.658443439708529,0.0,0.0,1.5802642553004695,0.1316886879417058,0.0,0.0068865641982353,39.50660638251173,230.58525255925,1.0535095035336464,0.658443439708529,8.691453404152583,2.50208507089241,1.0535095035336464,1.975330319125587,1.5802642553004695,5.399236205609938,82.48730964467005,62.5,Left Back,Full Back,True,37.24832214765101,20.80536912751678,11.409395973154362,66.44295302013423,71.81208053691275,69.79865771812081,73.8255033557047,77.18120805369128,66.44295302013423,13.422818791946307,81.20805369127517,52.348993288590606,51.006711409395976,33.557046979865774,91.2751677852349,49.66442953020135,33.89261744966443,29.86577181208054,40.939597315436245,23.15,69.35,72.48,53.8,38.59,51.48,1
10287,876.15,565.0,512.0,4.0,1.0,4.0,1.0,15.0,2.0,2.036359021,484.0,2345.783115265346,6.0,3.0,127.0,13.0,4.0,2.0,8.0,48.0,İlkay Gündoğan,58.03800719054957,52.59373394966616,0.4108885464817668,0.1027221366204417,0.4108885464817668,0.1027221366204417,1.540832049306626,0.2054442732408834,0.2091791495634309,49.717514124293785,240.96385364821225,0.6163328197226502,0.3081664098613251,13.045711350796095,1.3353877760657422,0.4108885464817668,0.2054442732408834,0.8217770929635337,4.9306625577812015,90.61946902654869,50.0,Center Attacking Midfield,Attacking Midfielder,True,60.526315789473685,68.42105263157895,50.0,97.36842105263158,100.0,100.0,97.36842105263158,65.78947368421053,13.157894736842104,23.684210526315788,42.10526315789473,26.31578947368421,42.10526315789473,15.789473684210526,65.78947368421053,10.526315789473683,42.10526315789473,68.42105263157895,2.631578947368421,59.65,99.12,58.77,35.96,30.92,56.89,1
10337,376.83,213.0,189.0,1.0,0.0,0.0,1.0,3.0,0.0,0.69815016,149.0,827.470620233056,2.0,0.0,25.0,7.0,3.0,18.0,4.0,17.0,Yordan Hernando Osorio Paredes,50.871745880105095,45.13971817530452,0.2388344877000238,0.0,0.0,0.2388344877000238,0.7165034631000717,0.0,0.1667423358012897,35.58633866730356,197.6285216701829,0.4776689754000477,0.0,5.970862192500598,1.6718414139001672,0.7165034631000717,4.29902077860043,0.9553379508000956,4.060186290900406,88.73239436619718,0.0,Left Center Back,Centre Back,True,34.023668639053255,89.3491124260355,78.69822485207101,58.57988165680473,59.171597633136095,60.35502958579882,52.071005917159766,50.88757396449704,22.7810650887574,40.23668639053255,78.10650887573965,32.544378698224854,59.76331360946746,14.201183431952662,91.71597633136096,69.23076923076923,44.67455621301775,30.17751479289941,77.51479289940828,67.36,59.37,41.91,52.76,55.4,55.36,1
10349,405.58,216.0,176.0,5.0,0.0,2.0,8.0,2.0,0.0,0.27110512,149.0,662.6518089220896,2.0,2.0,81.0,7.0,10.0,5.0,11.0,19.0,Mehmet Zeki Çelik,47.93135756200997,39.05518023571182,1.1095221657872676,0.0,0.443808866314907,1.7752354652596285,0.443808866314907,0.0,0.0601594279796834,33.06376054046058,147.04537403961749,0.443808866314907,0.443808866314907,17.974259085753737,1.553331032102175,2.219044331574535,1.1095221657872676,2.440948764731989,4.216184229991617,81.48148148148148,100.0,Right Back,Full Back,True,37.24832214765101,65.77181208053692,45.63758389261745,51.67785234899329,56.375838926174495,64.42953020134227,44.966442953020135,26.845637583892614,45.63758389261745,92.61744966442951,34.22818791946309,93.95973154362416,17.449664429530202,77.85234899328859,69.12751677852349,79.86577181208054,33.89261744966443,92.61744966442951,52.348993288590606,49.55,57.49,39.15,64.21,64.68,55.02,1
10481,1156.61,851.0,785.0,11.0,0.0,4.0,3.0,19.0,1.0,1.587800443,718.0,3930.2311419384896,3.0,2.0,124.0,16.0,21.0,16.0,11.0,47.0,Aurélien Djani Tchouaméni,66.21938250577116,61.083684215076815,0.8559497151157259,0.0,0.311254441860264,0.233440831395198,1.478458598836254,0.077813610465066,0.1235524851678612,55.870172313917394,305.8254751164732,0.233440831395198,0.155627220930132,9.648887697668185,1.245017767441056,1.634085819766386,1.245017767441056,0.8559497151157259,3.657239691858102,92.24441833137486,66.66666666666666,Right Defensive Midfield,Defensive Midfielder,True,69.3069306930693,74.25742574257426,78.21782178217822,89.10891089108911,90.0990099009901,92.07920792079209,91.0891089108911,90.0990099009901,12.871287128712872,3.96039603960396,17.82178217821782,83.16831683168317,44.55445544554456,4.950495049504951,25.742574257425744,80.19801980198021,35.64356435643564,75.24752475247524,39.6039603960396,73.93,90.43,64.69,30.03,57.67,63.35,1
10530,349.81,190.0,152.0,3.0,1.0,1.0,2.0,6.0,0.0,0.1547309619999999,152.0,1034.4210850797558,3.0,3.0,47.0,4.0,2.0,6.0,5.0,17.0,Jules Olivier Ntcham,48.88367971184357,39.10694376947486,0.7718475743975302,0.2572825247991767,0.2572825247991767,0.5145650495983534,1.5436951487950603,0.0,0.0398095725679654,39.10694376947486,266.1384684748235,0.7718475743975302,0.7718475743975302,12.092278665561304,1.0291300991967067,0.5145650495983534,1.5436951487950603,1.2864126239958835,4.373802921586004,80.0,100.0,Left Defensive Midfield,Defensive Midfielder,True,33.16831683168317,40.5940594059406,83.16831683168317,54.45544554455446,48.51485148514851,16.831683168316832,52.47524752475248,78.21782178217822,80.19801980198021,15.84158415841584,8.91089108910891,15.84158415841584,58.415841584158414,24.752475247524757,48.51485148514851,73.26732673267327,94.05940594059405,70.29702970297029,65.34653465346535,52.31,39.93,70.3,28.71,75.74,53.4,1
10534,476.35,204.0,191.0,3.0,1.0,0.0,1.0,5.0,1.0,0.227321993,177.0,831.0307273725225,4.0,1.0,94.0,3.0,6.0,7.0,9.0,23.0,Callum McGregor,38.54308806549805,36.08691088485357,0.5668101186102655,0.1889367062034218,0.0,0.1889367062034218,0.9446835310171092,0.1889367062034218,0.0429494686050173,33.441796998005664,157.01220838359825,0.7557468248136874,0.1889367062034218,17.76005038312165,0.5668101186102655,1.133620237220531,1.322556943423953,1.7004303558307967,4.345544242678702,93.62745098039215,25.0,Left Defensive Midfield,Defensive Midfielder,True,81.1881188118812,45.54455445544555,55.44554455445545,19.8019801980198,36.63366336633664,98.01980198019804,35.64356435643564,25.742574257425744,13.861386138613865,63.366336633663366,1.98019801980198,60.3960396039604,51.48514851485149,51.48514851485149,47.52475247524752,52.47524752475248,86.13861386138613,19.306930693069308,29.7029702970297,60.73,51.49,25.08,46.04,46.91,46.05,1
10540,323.33,181.0,141.0,1.0,0.0,0.0,7.0,1.0,0.0,0.013106313,132.0,694.1744548862556,0.0,0.0,41.0,3.0,4.0,9.0,5.0,11.0,Kieran Tierney,50.3819627006464,39.24782729718863,0.2783533850864442,0.0,0.0,1.9484736956051096,0.2783533850864442,0.0,0.0036481865895524,36.74264683141064,193.2258093581264,0.0,0.0,11.412488788544213,0.8350601552593326,1.1134135403457768,2.5051804657779977,1.391766925432221,3.0618872359508864,77.90055248618785,0.0,Left Center Back,Centre Back,True,34.023668639053255,15.384615384615383,36.09467455621302,56.80473372781065,47.33727810650888,9.467455621301776,53.84615384615385,48.5207100591716,22.7810650887574,92.3076923076923,27.2189349112426,54.4378698224852,12.42603550295858,37.8698224852071,67.45562130177515,76.92307692307693,44.67455621301775,30.17751479289941,100.0,28.5,37.87,41.72,48.62,62.94,43.93,1
10573,386.25,143.0,119.0,0.0,0.0,0.0,0.0,3.0,0.0,0.5680032899999999,97.0,542.4381541592675,0.0,0.0,39.0,6.0,3.0,22.0,9.0,12.0,Jonathan Buatu Mananga,33.32038834951456,27.728155339805827,0.0,0.0,0.0,0.0,0.6990291262135923,0.0,0.1323502811650485,22.601941747572816,126.39335630895552,0.0,0.0,9.0873786407767,1.3980582524271843,0.6990291262135923,5.12621359223301,2.0970873786407767,2.796116504854369,83.21678321678321,0.0,Left Center Back,Centre Back,True,34.023668639053255,83.4319526627219,76.92307692307693,15.384615384615383,15.976331360946746,29.585798816568047,14.201183431952662,17.159763313609467,22.7810650887574,78.69822485207101,61.53846153846154,27.2189349112426,76.33136094674556,75.14792899408283,59.171597633136095,19.230769230769237,44.67455621301775,30.17751479289941,26.035502958579883,64.79,20.32,18.05,63.02,30.03,39.24,1
10577,397.89,83.0,58.0,9.0,1.0,1.0,8.0,9.0,4.0,1.521691062,112.0,1026.0317910285344,10.0,7.0,51.0,5.0,2.0,2.0,4.0,18.0,Jacinto Muondo Dala,18.77403302420267,13.11920380004524,2.035738520696675,0.2261931689662972,0.2261931689662972,1.809545351730378,2.035738520696675,0.904772675865189,0.3441961235014703,25.33363492422529,232.08138227290985,2.261931689662972,1.5833521827640806,11.53585161728116,1.130965844831486,0.4523863379325945,0.4523863379325945,0.904772675865189,4.07147704139335,69.87951807228916,70.0,Left Wing,Winger,True,98.9247311827957,81.72043010752688,60.215053763440864,5.376344086021505,5.376344086021505,19.35483870967742,26.881720430107524,58.06451612903226,63.44086021505376,20.43010752688172,51.61290322580645,37.634408602150536,59.13978494623656,22.58064516129032,58.06451612903226,90.32258064516128,73.11827956989248,60.215053763440864,45.16129032258064,80.29,10.04,49.46,41.58,67.2,49.71,0
10595,599.91,258.0,187.0,12.0,0.0,0.0,21.0,16.0,1.0,1.759683473,245.0,1684.1573453650287,22.0,13.0,91.0,14.0,4.0,3.0,4.0,27.0,Raphael Dias Belloli,38.70580587088063,28.054208131219685,1.800270040506076,0.0,0.0,3.150472570885633,2.400360054008101,0.1500225033755063,0.2639921197679652,36.75551332699905,252.6615010299088,3.30049507426114,1.9502925438815824,13.652047807171076,2.1003150472570886,0.6000900135020253,0.450067510126519,0.6000900135020253,4.050607591138671,72.48062015503875,59.09090909090909,Right Wing,Winger,True,43.01075268817204,66.66666666666666,73.11827956989248,82.79569892473118,76.34408602150538,32.25806451612903,72.04301075268818,72.04301075268818,75.26881720430107,37.634408602150536,90.32258064516128,52.68817204301075,58.06451612903226,9.67741935483871,56.98924731182796,81.72043010752688,24.193548387096776,20.43010752688172,84.94623655913979,60.93,63.8,73.12,50.9,52.82,60.31,0
10598,328.36,113.0,90.0,2.0,0.0,1.0,4.0,9.0,0.0,0.724079656,122.0,802.6695535715304,10.0,5.0,67.0,7.0,2.0,0.0,5.0,21.0,Jovane Eduardo Borges Cabral,30.97210378852479,24.668047265196737,0.548178828115483,0.0,0.2740894140577415,1.096357656230966,2.466804726519673,0.0,0.198462568644171,33.43890851504446,220.0032276204097,2.740894140577415,1.3704470702887075,18.36399074186868,1.9186258984041904,0.548178828115483,0.0,1.3704470702887075,5.755877695212571,79.64601769911505,50.0,Left Wing,Winger,True,17.741935483870968,52.68817204301075,74.19354838709677,51.61290322580645,61.29032258064516,74.19354838709677,61.29032258064516,49.46236559139785,54.83870967741935,72.04301075268818,84.94623655913979,46.236559139784944,9.13978494623656,49.46236559139785,93.5483870967742,12.903225806451612,24.193548387096776,70.96774193548387,24.731182795698924,48.21,62.37,55.2,59.23,33.2,51.64,0
10826,477.26,230.0,183.0,2.0,0.0,0.0,5.0,7.0,1.0,0.917829236,193.0,1173.4763390417138,10.0,6.0,50.0,15.0,10.0,13.0,13.0,19.0,Mert Müldür,43.37258517369988,34.50949168168294,0.3771529145539119,0.0,0.0,0.9428822863847798,1.3200352009386918,0.1885764572769559,0.1730809857100951,36.3952562544525,221.29001071481844,1.88576457276956,1.1314587436617358,9.4288228638478,2.828646859154339,1.88576457276956,2.451493944600428,2.451493944600428,3.582952688262163,79.56521739130434,60.0,Right Back,Full Back,True,90.6040268456376,92.61744966442951,94.63087248322148,36.91275167785235,40.26845637583892,53.02013422818792,59.73154362416108,70.46979865771812,87.24832214765101,21.47651006711409,91.94630872483222,89.26174496644296,71.14093959731544,79.19463087248322,50.33557046979866,22.14765100671141,33.89261744966443,29.86577181208054,20.80536912751678,92.62,43.4,72.48,67.23,26.68,60.48,1
10844,384.34,196.0,146.0,10.0,3.0,0.0,4.0,4.0,0.0,0.3972700339999999,128.0,814.0818546418491,5.0,1.0,103.0,10.0,4.0,7.0,10.0,20.0,Alfredo Kulembe Ribeiro,45.89686215330177,34.18847895092886,2.34167664047458,0.7025029921423739,0.0,0.936670656189832,0.936670656189832,0.0,0.0930277958578341,29.97346099807462,190.631646244904,1.1708383202372898,0.2341676640474579,24.11926939688817,2.34167664047458,0.936670656189832,1.6391736483322057,2.34167664047458,4.683353280949159,74.48979591836735,20.0,Right Defensive Midfield,Defensive Midfielder,True,33.16831683168317,71.28712871287128,54.45544554455446,44.55445544554456,25.742574257425744,3.96039603960396,17.82178217821782,48.51485148514851,23.76237623762376,97.02970297029702,72.27722772277228,43.56435643564357,65.34653465346535,77.22772277227723,55.44554455445545,100.0,100.0,19.306930693069308,85.14851485148515,52.97,24.75,30.03,68.48,76.11,50.47,0
10916,362.16,115.0,85.0,5.0,0.0,0.0,5.0,5.0,1.0,0.134753869,82.0,394.9311393471951,3.0,2.0,67.0,2.0,4.0,4.0,2.0,10.0,Nicolae Claudiu Stanciu,28.57852882703777,21.123260437375745,1.242544731610338,0.0,0.0,1.242544731610338,1.242544731610338,0.2485089463220676,0.0334875419980119,20.37773359840954,98.14392130894512,0.7455268389662028,0.4970178926441352,16.65009940357853,0.4970178926441352,0.9940357852882704,0.9940357852882704,0.4970178926441352,2.485089463220676,73.91304347826086,66.66666666666666,Left Center Midfield,Midfielder,True,83.09859154929578,22.53521126760564,56.33802816901409,15.492957746478872,12.676056338028168,16.901408450704224,5.633802816901409,1.4084507042253522,33.80281690140845,43.66197183098591,2.8169014084507045,61.97183098591549,61.97183098591549,1.4084507042253522,2.8169014084507045,71.83098591549296,32.3943661971831,27.464788732394368,70.4225352112676,53.99,15.02,13.62,29.11,50.53,32.45,0
10919,653.22,232.0,178.0,4.0,1.0,0.0,2.0,13.0,0.0,0.6884488034999999,178.0,838.5805392574409,8.0,2.0,149.0,8.0,10.0,14.0,15.0,29.0,Juraj Kucka,31.964728575365115,24.52466244144393,0.5511160099200881,0.137779002480022,0.0,0.275558004960044,1.7911270322402866,0.0,0.0948537894047947,24.52466244144393,115.53879019804916,1.1022320198401765,0.275558004960044,20.529071369523283,1.1022320198401765,1.3777900248002204,1.9289060347203089,2.0666850372003305,3.9955910719206393,76.72413793103449,25.0,Right Center Midfield,Midfielder,True,26.05633802816901,50.70422535211267,83.09859154929578,18.30985915492958,21.12676056338028,22.53521126760564,11.267605633802818,9.859154929577464,16.901408450704224,77.46478873239437,25.352112676056336,76.05633802816901,91.54929577464787,60.56338028169014,40.845070422535215,28.169014084507044,71.83098591549296,27.464788732394368,25.352112676056336,53.29,20.66,12.68,61.97,38.2,37.36,1
10931,456.12,166.0,143.0,2.0,0.0,0.0,0.0,4.0,0.0,0.142291298,113.0,643.0962680414467,2.0,1.0,78.0,8.0,8.0,12.0,4.0,24.0,Joe Allen,32.75453827940016,28.216258879242304,0.3946329913180742,0.0,0.0,0.0,0.7892659826361484,0.0,0.0280764202841357,22.29676400947119,126.89350198134308,0.3946329913180742,0.1973164956590371,15.390686661404892,1.5785319652722969,1.5785319652722969,2.367797947908445,0.7892659826361484,4.73559589581689,86.14457831325302,50.0,Left Defensive Midfield,Defensive Midfielder,True,33.16831683168317,32.67326732673268,44.55445544554456,11.88118811881188,11.88118811881188,50.0,7.920792079207921,8.91089108910891,14.85148514851485,44.55445544554456,34.65346534653465,78.21782178217822,90.0990099009901,2.9702970297029703,59.4059405940594,34.65346534653465,35.64356435643564,19.306930693069308,10.891089108910892,36.8,24.59,10.56,51.65,25.12,29.74,1
10955,2293.77,513.0,345.0,14.0,3.0,5.0,17.0,62.0,17.0,14.329661039,503.0,2953.13111660156,27.0,12.0,335.0,7.0,5.0,12.0,26.0,69.0,Harry Kane,20.128434847434573,13.536666710263018,0.549314011430963,0.1177101453066349,0.1961835755110582,0.667024156737598,2.432676336337122,0.667024156737598,0.562248827698505,19.73606769641245,115.87116428157152,1.0593913077597144,0.4708405812265397,13.1442995592409,0.2746570057154815,0.1961835755110582,0.4708405812265397,1.0201545926575026,2.707333342052604,67.2514619883041,44.44444444444444,Center Forward,Forward,True,78.3132530120482,81.92771084337349,59.036144578313255,49.39759036144578,42.16867469879519,24.09638554216868,48.19277108433735,49.39759036144578,28.915662650602407,34.93975903614458,21.686746987951807,45.78313253012048,38.55421686746988,43.373493975903614,45.78313253012048,32.53012048192771,65.06024096385542,68.67469879518072,55.42168674698795,73.09,38.55,42.17,38.35,55.42,49.52,0
10956,326.02,236.0,212.0,0.0,0.0,0.0,0.0,6.0,1.0,1.5073352509999998,199.0,998.0781933111002,3.0,1.0,64.0,5.0,1.0,3.0,2.0,12.0,Eric Dier,65.14937733881357,58.5240169314766,0.0,0.0,0.0,0.0,1.6563401018342434,0.2760566836390405,0.4161099705232807,54.93528004416908,275.52615605790754,0.8281700509171217,0.2760566836390405,17.667627752898596,1.3802834181952028,0.2760566836390405,0.8281700509171217,0.5521133672780811,3.312680203668487,89.83050847457628,33.33333333333333,Center Defensive Midfield,Defensive Midfielder,True,89.10891089108911,98.01980198019804,86.13861386138613,86.13861386138613,88.11881188118812,79.20792079207921,89.10891089108911,81.1881188118812,31.683168316831683,62.37623762376238,27.72277227722773,5.9405940594059405,21.782178217821784,0.99009900990099,18.81188118811881,3.4653465346534658,35.64356435643564,19.306930693069308,10.891089108910892,91.09,84.49,67.33,22.94,17.33,56.63,1
11098,623.03,128.0,85.0,3.0,0.0,0.0,1.0,17.0,0.0,3.240580264,87.0,363.0473560570848,2.0,0.0,184.0,9.0,5.0,3.0,11.0,9.0,Marcus Berg,18.49028136686837,12.278702470186028,0.4333659695359774,0.0,0.0,0.1444553231786591,2.4557404940372054,0.0,0.4681190693225046,12.567613116543344,52.44412314838392,0.2889106463573183,0.0,26.57977946487328,1.3000979086079325,0.7222766158932956,0.4333659695359774,1.5890085549652506,1.3000979086079325,66.40625,0.0,Right Center Forward,Forward,True,12.048192771084338,72.28915662650603,60.24096385542169,38.55421686746988,31.32530120481928,21.686746987951807,12.048192771084338,8.433734939759036,6.626506024096386,98.79518072289156,86.74698795180723,91.56626506024097,34.93975903614458,79.51807228915662,7.228915662650602,25.301204819277107,27.710843373493976,29.518072289156628,9.63855421686747,48.19,30.52,9.04,66.47,23.04,35.45,0
11116,355.64,151.0,123.0,0.0,0.0,0.0,0.0,3.0,0.0,0.148283305,110.0,454.1398675787242,1.0,1.0,35.0,2.0,3.0,15.0,5.0,5.0,Jack Hendry,38.212799460128224,31.12698234169385,0.0,0.0,0.0,0.0,0.7591946912608256,0.0,0.0375252993195366,27.837138679563605,114.92685885188725,0.2530648970869418,0.2530648970869418,8.857271398042965,0.5061297941738837,0.7591946912608256,3.795973456304128,1.2653244854347092,1.2653244854347092,81.45695364238411,100.0,Right Center Back,Centre Back,True,34.023668639053255,46.74556213017752,81.06508875739645,26.627218934911244,23.66863905325444,19.526627218934912,27.2189349112426,12.42603550295858,72.7810650887574,76.33136094674556,8.875739644970414,33.72781065088758,46.74556213017752,30.76923076923077,3.5502958579881656,19.230769230769237,44.67455621301775,30.17751479289941,26.035502958579883,53.94,23.27,37.48,33.33,30.03,35.61,1
11135,332.67,228.0,209.0,2.0,0.0,1.0,0.0,2.0,0.0,0.17601235,195.0,1222.8694291153015,0.0,0.0,16.0,13.0,9.0,15.0,6.0,15.0,Ibrahima Konaté,61.682748669853005,56.54251961403192,0.5410767427180089,0.0,0.2705383713590044,0.0,0.5410767427180089,0.0,0.047618094508071,52.754982415005856,330.8331037375692,0.0,0.0,4.328613941744071,3.516998827667057,2.43484534223104,4.058075570385066,1.6232302281540265,4.058075570385066,91.66666666666666,0.0,Left Center Back,Centre Back,True,34.023668639053255,52.071005917159766,65.08875739644971,82.24852071005917,81.65680473372781,80.4733727810651,86.98224852071006,91.1242603550296,22.7810650887574,8.284023668639055,99.40828402366864,98.81656804733728,54.4378698224852,52.66272189349112,91.1242603550296,94.0828402366864,44.67455621301775,88.16568047337277,26.035502958579883,50.39,81.46,66.96,67.46,63.24,65.9,1
11187,616.3299999999999,371.0,310.0,5.0,0.0,0.0,4.0,7.0,0.0,1.351796204,264.0,871.9900417139856,7.0,4.0,116.0,13.0,8.0,17.0,12.0,29.0,Stephen Antunes Eustáquio,54.17552285301706,45.26795710090374,0.7301283403371572,0.0,0.0,0.5841026722697257,1.02217967647202,0.0,0.1973969437801178,38.550776369801895,127.33292838943215,1.02217967647202,0.5841026722697257,16.938977495822044,1.8983336848766088,1.1682053445394514,2.482436357146334,1.7523080168091771,4.234744373955511,83.55795148247978,57.14285714285714,Left Defensive Midfield,Defensive Midfielder,True,33.16831683168317,88.11881188118812,59.4059405940594,64.35643564356435,60.3960396039604,33.663366336633665,49.50495049504951,9.9009900990099,66.33663366336634,53.46534653465347,53.46534653465347,62.37623762376238,92.07920792079209,55.44554455445545,46.53465346534654,69.3069306930693,35.64356435643564,19.306930693069308,70.29702970297029,60.23,52.81,41.91,60.56,48.64,52.83,1
11250,677.95,279.0,249.0,1.0,0.0,1.0,1.0,1.0,0.0,0.020250915,209.0,1030.6846419086437,0.0,0.0,65.0,5.0,12.0,40.0,14.0,9.0,Joe Rodon,37.03812965557932,33.05553506895789,0.132753152887381,0.0,0.132753152887381,0.132753152887381,0.132753152887381,0.0,0.0026883728151043,27.745408953462643,136.82663584597378,0.0,0.0,8.628954937679769,0.6637657644369054,1.593037834648573,5.310126115495243,1.858544140423335,1.1947783759864297,89.24731182795699,0.0,Left Center Back,Centre Back,True,34.023668639053255,14.792899408284024,15.976331360946746,23.66863905325444,27.2189349112426,62.721893491124256,26.035502958579883,23.66863905325444,22.7810650887574,73.96449704142012,17.75147928994083,81.65680473372781,81.06508875739645,65.68047337278107,2.9585798816568047,49.70414201183432,44.67455621301775,70.41420118343196,60.946745562130175,21.6,37.87,24.16,53.85,56.43,38.78,1
11252,485.93,106.0,76.0,11.0,0.0,0.0,15.0,4.0,0.0,0.216348559,102.0,862.7399412681208,10.0,7.0,76.0,6.0,2.0,1.0,6.0,19.0,Daniel James,19.632457349824048,14.07610149610026,2.037330479698722,0.0,0.0,2.778177926861894,0.7408474471631716,0.0,0.0400703194081452,18.89160990266088,159.78967076354795,1.8521186179079288,1.2964830325355503,14.07610149610026,1.1112711707447576,0.3704237235815858,0.1852118617907929,1.1112711707447576,3.519025374025065,71.69811320754717,70.0,Left Wing,Winger,True,17.741935483870968,6.451612903225806,7.526881720430108,7.526881720430108,11.827956989247312,29.03225806451613,2.1505376344086025,21.50537634408602,49.46236559139785,41.935483870967744,46.236559139784944,32.25806451612903,26.881720430107524,36.55913978494624,43.01075268817204,91.39784946236558,24.193548387096776,20.43010752688172,77.41935483870968,10.57,16.13,24.37,37.81,53.36,28.45,0
11268,460.29,159.0,115.0,1.0,0.0,1.0,3.0,2.0,1.0,0.51909256,115.0,587.3290080700725,7.0,3.0,90.0,12.0,1.0,16.0,22.0,12.0,Attila Fiola,31.089096004692696,22.48582415433748,0.1955289056898911,0.0,0.1955289056898911,0.5865867170696734,0.3910578113797823,0.1955289056898911,0.1014976002085641,22.48582415433748,114.83979822787052,1.3687023398292382,0.5865867170696734,17.597601512090204,2.346346868278693,0.1955289056898911,3.1284624910382584,4.301635925177606,2.346346868278693,72.32704402515722,42.85714285714285,Left Wing Back,Full Back,True,91.2751677852349,81.87919463087249,38.92617449664429,6.04026845637584,6.04026845637584,13.422818791946307,11.409395973154362,8.053691275167784,60.40268456375839,91.2751677852349,71.14093959731544,2.013422818791946,87.24832214765101,97.98657718120806,8.724832214765101,6.04026845637584,33.89261744966443,70.46979865771812,9.395973154362416,70.69,8.5,26.62,59.73,29.95,39.1,1
11277,678.28,87.0,54.0,4.0,1.0,3.0,5.0,24.0,1.0,3.1125595417,100.0,662.9491610293484,13.0,6.0,92.0,3.0,1.0,7.0,2.0,23.0,Victor James Osimhen,11.543905171905408,7.165182520493011,0.5307542607772602,0.132688565194315,0.3980656955829451,0.6634428259715752,3.1845255646635606,0.132688565194315,0.4130010596700478,13.268856519431504,87.96577297375914,1.7249513475260956,0.7961313911658902,12.207347997876983,0.3980656955829451,0.132688565194315,0.9288199563602052,0.2653771303886301,3.0518369994692462,62.06896551724138,46.15384615384615,Center Forward,Forward,True,24.09638554216868,57.831325301204814,84.33734939759037,3.614457831325301,3.614457831325301,7.228915662650602,15.66265060240964,28.915662650602407,53.01204819277109,28.915662650602407,25.301204819277107,37.34939759036144,72.28915662650603,6.024096385542169,54.21686746987952,30.120481927710845,67.46987951807229,91.56626506024097,54.21686746987952,55.42,4.82,32.53,37.35,60.84,38.19,0
11396,430.08,332.0,286.0,1.0,1.0,1.0,4.0,6.0,0.0,0.214958926,261.0,1709.315024199177,3.0,2.0,90.0,5.0,9.0,5.0,11.0,30.0,Florian Grillitsch,69.47544642857143,59.84933035714286,0.2092633928571428,0.2092633928571428,0.2092633928571428,0.8370535714285714,1.2555803571428572,0.0,0.0449830341796875,54.617745535714285,357.69706142560904,0.6277901785714286,0.4185267857142857,18.833705357142858,1.0463169642857144,1.8833705357142856,1.0463169642857144,2.301897321428571,6.277901785714286,86.14457831325302,66.66666666666666,Left Defensive Midfield,Defensive Midfielder,True,33.16831683168317,46.53465346534654,74.25742574257426,91.0891089108911,89.10891089108911,50.0,88.11881188118812,96.03960396039604,48.51485148514851,73.26732673267327,9.9009900990099,89.10891089108911,38.613861386138616,75.24752475247524,89.10891089108911,14.85148514851485,89.10891089108911,55.44554455445545,82.17821782178217,51.32,76.73,77.56,62.54,60.4,65.71,1
11456,528.1,102.0,77.0,0.0,0.0,0.0,0.0,26.0,6.0,5.793486495,116.0,496.4923974262207,15.0,4.0,60.0,4.0,3.0,3.0,10.0,15.0,Lautaro Javier Martínez,17.383071387994697,13.1225146752509,0.0,0.0,0.0,0.0,4.43097898125355,1.0225336110585117,0.9873391110585116,19.768983147131223,84.61336066722185,2.556334027646279,0.6816890740390077,10.225336110585117,0.6816890740390077,0.5112668055292559,0.5112668055292559,1.7042226850975193,2.556334027646279,75.49019607843137,26.666666666666668,Left Center Forward,Forward,True,97.59036144578312,100.0,98.79518072289156,25.301204819277107,36.14457831325301,61.44578313253012,49.39759036144578,25.301204819277107,48.19277108433735,13.253012048192772,54.21686746987952,83.13253012048193,42.16867469879519,85.54216867469879,40.963855421686745,2.409638554216868,27.710843373493976,29.518072289156628,4.819277108433735,98.8,40.96,40.96,53.21,16.11,50.01,0
11492,697.85,289.0,202.0,9.0,0.0,2.0,20.0,4.0,0.0,1.098638466,188.0,1292.6871007917655,7.0,3.0,86.0,18.0,7.0,17.0,13.0,29.0,Temitayo Olufisayo Olaoluwa Aina,37.27161997563946,26.05144371999713,1.1607078885147235,0.0,0.2579350863366053,2.5793508633660527,0.5158701726732106,0.0,0.1416887037902127,24.24589811564089,166.71467947447005,0.9027728021781184,0.3869026295049079,11.091208712474028,2.3214157770294475,0.9027728021781184,2.192448233861145,1.6765780611879342,3.7400587518807766,69.8961937716263,42.85714285714285,Right Wing Back,Full Back,True,37.24832214765101,89.26174496644296,53.02013422818792,16.778523489932887,14.093959731543624,8.724832214765101,16.778523489932887,43.62416107382551,42.28187919463088,40.26845637583892,67.11409395973155,41.61073825503356,58.38926174496645,38.25503355704698,55.70469798657718,83.89261744966443,33.89261744966443,82.5503355704698,73.8255033557047,59.84,13.2,34.23,50.22,68.54,45.21,1
11514,995.78,667.0,583.0,4.0,0.0,5.0,9.0,7.0,0.0,0.70462823,493.0,2221.0192640494147,3.0,0.0,160.0,32.0,18.0,29.0,27.0,31.0,Giovanni Di Lorenzo,60.28440016871197,52.69236176665528,0.3615256381931752,0.0,0.451907047741469,0.8134326859346442,0.6326698668380566,0.0,0.0636852926349193,44.55803490730885,200.73885171870023,0.2711442286448814,0.0,14.461025527727008,2.892205105545401,1.6268653718692885,2.62106087690052,2.4402980578039326,2.801823695997108,87.40629685157421,0.0,Right Back,Full Back,True,37.24832214765101,68.45637583892618,65.1006711409396,87.91946308724832,89.93288590604027,90.6040268456376,88.59060402684564,60.40268456375839,6.375838926174497,77.85234899328859,92.61744966442951,79.19463087248322,75.83892617449665,77.18120805369128,22.818791946308725,20.13422818791946,33.89261744966443,94.63087248322148,14.76510067114094,56.94,89.49,51.79,70.92,40.86,62.0,1
11541,472.9,152.0,89.0,0.0,0.0,0.0,0.0,0.0,0.0,0.0,78.0,435.8491611064577,0.0,0.0,1.0,0.0,0.0,0.0,0.0,20.0,Tomáš Vaclík,28.92789173186721,16.938041869316983,0.0,0.0,0.0,0.0,0.0,0.0,0.0,14.844576020300275,82.94866673626812,0.0,0.0,0.1903150771833368,0.0,0.0,0.0,0.0,3.806301543666737,58.55263157894737,0.0,Goalkeeper,Goalkeeper,True,50.0,49.28571428571429,49.28571428571429,62.85714285714285,40.0,20.0,62.85714285714285,78.57142857142857,45.0,84.28571428571429,50.0,50.71428571428571,38.57142857142858,45.71428571428572,55.71428571428572,46.42857142857143,50.0,47.85714285714286,50.0,49.52,40.95,62.14,54.17,48.57,51.07,2
11603,476.12,160.0,137.0,3.0,0.0,2.0,2.0,9.0,2.0,1.5258281,140.0,807.2861217497044,7.0,2.0,82.0,12.0,5.0,5.0,10.0,21.0,Mario Pašalić,30.244476182475005,25.896832731244224,0.5670839284214064,0.0,0.3780559522809376,0.3780559522809376,1.701251785264219,0.3780559522809376,0.2884241976812568,26.46391665966563,152.59966176063472,1.3231958329832814,0.3780559522809376,15.50029404351844,2.2683357136856257,0.945139880702344,0.945139880702344,1.890279761404688,3.9695874989498448,85.625,28.57142857142857,Right Wing,Winger,True,77.41935483870968,72.04301075268818,43.01075268817204,49.46236559139785,64.51612903225806,97.8494623655914,31.18279569892473,16.129032258064516,8.60215053763441,51.61290322580645,92.47311827956987,78.49462365591397,90.32258064516128,79.56989247311827,52.68817204301075,15.053763440860216,24.193548387096776,82.79569892473118,6.451612903225806,64.16,70.61,18.64,74.19,32.12,51.94,0
11748,1676.73,629.0,544.0,0.0,0.0,0.0,0.0,0.0,0.0,0.0,429.0,1433.7624626104716,0.0,0.0,0.0,0.0,0.0,1.0,0.0,72.0,Unai Simón Mendibil,33.76214417348052,29.19969225814532,0.0,0.0,0.0,0.0,0.0,0.0,0.0,23.026963196221217,76.95849757262198,0.0,0.0,0.0,0.0,0.0,0.0536759048862965,0.0,3.8646651518133512,86.48648648648648,0.0,Goalkeeper,Goalkeeper,True,50.0,49.28571428571429,49.28571428571429,88.57142857142857,100.0,97.14285714285714,98.57142857142858,67.14285714285714,45.0,30.714285714285715,50.0,50.71428571428571,78.57142857142857,45.71428571428572,61.42857142857143,46.42857142857143,50.0,47.85714285714286,50.0,49.52,95.24,70.24,52.86,48.57,63.29,2
11821,385.36,210.0,160.0,6.0,0.0,1.0,8.0,7.0,0.0,0.339010738,163.0,953.7541559359104,4.0,1.0,67.0,13.0,6.0,8.0,20.0,14.0,Stefan Posch,49.04504878555117,37.3676562175628,1.401287108158605,0.0,0.2335478513597674,1.86838281087814,1.6348349595183724,0.0,0.079175229447789,38.0682997716421,222.7472338442805,0.93419140543907,0.2335478513597674,15.647706041104422,3.0361220676769776,1.401287108158605,1.86838281087814,4.6709570271953496,3.269669919036745,76.19047619047619,25.0,Right Back,Full Back,True,37.24832214765101,75.16778523489933,97.31543624161074,55.033557046979865,46.97986577181208,32.21476510067114,68.45637583892618,71.81208053691275,24.832214765100677,84.56375838926175,93.95973154362416,68.45637583892618,45.63758389261745,98.65771812080536,40.26845637583892,90.6040268456376,33.89261744966443,80.53691275167785,55.033557046979865,69.91,44.74,55.03,71.92,65.02,61.33,1
11990,320.11,142.0,120.0,1.0,0.0,0.0,1.0,6.0,1.0,0.972111219,115.0,798.914958768901,2.0,1.0,76.0,8.0,4.0,0.0,8.0,14.0,Youssouf Fofana,39.923776201930586,33.73840242416669,0.2811533535347224,0.0,0.0,0.2811533535347224,1.686920121208335,0.2811533535347224,0.2733123292305769,32.33263565649308,224.6176198469309,0.5623067070694449,0.2811533535347224,21.367654868638905,2.2492268282777794,1.1246134141388897,0.0,2.2492268282777794,3.9361469494861137,84.50704225352112,50.0,Left Defensive Midfield,Defensive Midfielder,True,92.07920792079209,92.07920792079209,88.11881188118812,25.742574257425744,23.76237623762376,40.5940594059406,26.73267326732673,62.37623762376238,32.67326732673268,88.11881188118812,68.31683168316832,59.4059405940594,0.99009900990099,73.26732673267327,35.64356435643564,25.742574257425744,35.64356435643564,19.306930693069308,45.54455445544555,90.76,30.03,40.59,54.29,31.56,49.45,1
12034,420.0700000000001,295.0,229.0,10.0,2.0,2.0,22.0,1.0,0.0,0.024444293,194.0,1104.2008313543076,5.0,4.0,62.0,13.0,6.0,5.0,16.0,20.0,David Raum,63.20375175565976,49.06325136286809,2.1425000595138903,0.428500011902778,0.428500011902778,4.713500130930559,0.214250005951389,0.0,0.0052371899207274,41.56450115456947,236.57503468918912,1.0712500297569452,0.8570000238055561,13.28350036898612,2.7852500773680573,1.2855000357083342,1.0712500297569452,3.4280000952222243,4.285000119027781,77.62711864406779,80.0,Left Back,Full Back,True,37.24832214765101,14.093959731543624,17.449664429530202,90.6040268456376,85.23489932885906,39.59731543624161,80.53691275167785,79.86577181208054,75.83892617449665,67.78523489932886,88.59060402684564,63.758389261744966,16.778523489932887,96.64429530201345,70.46979865771812,97.31543624161074,98.65771812080536,91.94630872483222,97.31543624161074,22.93,71.81,78.75,67.34,96.31,67.43,1
12041,497.15,218.0,176.0,5.0,2.0,4.0,9.0,19.0,1.0,1.766267302,216.0,1266.6260024325138,16.0,8.0,62.0,4.0,1.0,2.0,5.0,13.0,João Félix Sequeira,39.46495021623252,31.86161118374736,0.9051594086291864,0.3620637634516745,0.7241275269033491,1.6292869355325357,3.4396057527909085,0.1810318817258372,0.3197506933118776,39.10288645278086,229.2996886632329,2.896510107613397,1.4482550538066985,11.22397666700191,0.7241275269033491,0.1810318817258372,0.3620637634516745,0.9051594086291864,2.3534144624358846,80.73394495412845,50.0,Left Wing,Winger,True,48.38709677419355,77.41935483870968,96.7741935483871,83.87096774193549,88.17204301075269,81.72043010752688,79.56989247311827,54.83870967741935,58.06451612903226,13.978494623655912,27.956989247311824,13.978494623655912,51.61290322580645,23.655913978494624,8.60215053763441,36.55913978494624,89.24731182795699,94.6236559139785,39.784946236559136,74.19,84.59,64.16,23.3,65.05,62.26,0
12149,762.17,423.0,382.0,2.0,0.0,0.0,0.0,2.0,0.0,0.3154273549999999,316.0,1443.9216208331611,0.0,0.0,34.0,12.0,6.0,28.0,6.0,19.0,Nayef Aguerd,49.9494863350696,45.10804676122125,0.2361677840901636,0.0,0.0,0.0,0.2361677840901636,0.0,0.0372468897358856,37.31450988624585,170.5038847960226,0.0,0.0,4.014852329532782,1.4170067045409815,0.7085033522704908,3.306348977262291,0.7085033522704908,2.2435939488565544,90.30732860520094,0.0,Right Center Back,Centre Back,True,34.023668639053255,46.15384615384615,28.99408284023669,55.62130177514793,58.57988165680473,71.59763313609467,55.62130177514793,37.278106508875744,22.7810650887574,2.9585798816568047,64.49704142011834,28.99408284023669,31.360946745562128,5.325443786982249,31.952662721893493,68.04733727810651,44.67455621301775,30.17751479289941,26.035502958579883,36.39,61.93,38.56,27.51,42.23,41.33,1
12169,496.62,269.0,241.0,3.0,0.0,0.0,0.0,11.0,0.0,0.383499961,221.0,849.1370714275992,6.0,4.0,119.0,26.0,7.0,10.0,15.0,26.0,João Maria Lobo Alves Palhinha Gonçalves,48.74954693729613,43.67524465386009,0.5436752446538601,0.0,0.0,0.0,1.9934758970641533,0.0,0.0694998117071402,40.05074302283436,153.8849350176874,1.0873504893077202,0.7249003262051468,21.565784704603114,4.711852120333455,1.268575570859007,1.812250815512867,2.7183762232693005,4.711852120333455,89.59107806691449,66.66666666666666,Left Defensive Midfield,Defensive Midfielder,True,33.16831683168317,60.3960396039604,93.06930693069307,53.46534653465347,58.415841584158414,77.22772277227723,56.43564356435643,21.782178217821784,78.21782178217822,90.0990099009901,100.0,66.33663366336634,73.26732673267327,89.10891089108911,57.42574257425742,51.48514851485149,35.64356435643564,19.306930693069308,10.891089108910892,62.21,63.04,52.15,79.37,29.33,57.22,1
12293,560.68,313.0,280.0,5.0,1.0,1.0,3.0,6.0,0.0,0.402293219,241.0,949.2326654350518,3.0,2.0,58.0,7.0,8.0,18.0,10.0,14.0,Kaan Ayhan,50.242562602554045,44.94542341442535,0.8025968466861668,0.1605193693372333,0.1605193693372333,0.4815581080117001,0.9631162160234004,0.0,0.0645758538025255,38.685168010273244,152.37022880993555,0.4815581080117001,0.3210387386744667,9.310123421559537,1.1236355853606337,1.284154954697867,2.8893486480702006,1.6051936933723336,2.247271170721268,89.45686900958466,66.66666666666666,Right Center Back,Centre Back,True,34.023668639053255,65.08875739644971,90.53254437869822,56.213017751479285,57.98816568047337,66.27218934911244,58.57988165680473,29.585798816568047,81.06508875739645,79.28994082840237,42.60355029585799,66.27218934911244,21.301775147929,50.29585798816568,33.13609467455622,97.63313609467455,96.44970414201184,75.14792899408283,89.94082840236686,63.21,60.16,56.41,48.82,89.79,63.68,1
12352,626.5,214.0,149.0,1.0,0.0,0.0,0.0,0.0,0.0,0.0,119.0,603.9193020438597,0.0,0.0,0.0,0.0,0.0,0.0,0.0,23.0,Matthew Charles Turner,30.74221867517957,21.40462889066241,0.1436552274541101,0.0,0.0,0.0,0.0,0.0,0.0,17.094972067039105,86.75616469903811,0.0,0.0,0.0,0.0,0.0,0.0,0.0,3.304070231444533,69.62616822429906,0.0,Goalkeeper,Goalkeeper,True,50.0,49.28571428571429,49.28571428571429,74.28571428571429,67.14285714285714,52.85714285714286,77.14285714285715,84.28571428571429,45.0,30.714285714285715,50.0,50.71428571428571,38.57142857142858,45.71428571428572,32.857142857142854,97.14285714285714,50.0,47.85714285714286,50.0,49.52,64.76,68.81,41.43,61.25,57.15,2
12365,841.76,331.0,250.0,7.0,0.0,3.0,14.0,12.0,2.0,2.896069574,296.0,2707.9890921262418,43.0,21.0,104.0,9.0,12.0,9.0,20.0,59.0,Alphonso Davies,35.39013495533169,26.729709180764115,0.7484318570613953,0.0,0.3207565101691693,1.4968637141227903,1.2830260406766774,0.2138376734461129,0.3096443899211176,31.64797567002471,289.5350435888635,4.597509979091428,2.2452955711841853,11.11955901919787,0.9622695305075082,1.2830260406766774,0.9622695305075082,2.1383767344611293,6.308211366660331,75.52870090634441,48.837209302325576,Left Back,Full Back,True,93.28859060402684,99.32885906040268,93.95973154362416,14.093959731543624,16.10738255033557,27.516778523489933,39.59731543624161,93.28859060402684,99.32885906040268,40.939597315436245,10.738255033557047,63.08724832214765,14.76510067114094,66.44295302013423,97.31543624161074,54.36241610738255,33.89261744966443,87.24832214765101,37.58389261744966,95.53,19.24,77.4,48.88,53.27,58.86,0
12407,317.35,221.0,186.0,3.0,1.0,0.0,20.0,5.0,0.0,0.145366151,191.0,849.3825995655276,2.0,1.0,33.0,4.0,2.0,5.0,8.0,23.0,Maximilian Mittelstädt,62.675279659681735,52.74933039231133,0.8507956514888924,0.2835985504962974,0.0,5.671971009925949,1.4179927524814873,0.0,0.0412256297148259,54.16732314479281,240.88367405356067,0.5671971009925949,0.2835985504962974,9.358752166377815,1.1343942019851898,0.5671971009925949,1.4179927524814873,2.26878840397038,6.522766661414841,84.16289592760181,50.0,Left Back,Full Back,True,37.24832214765101,56.375838926174495,95.3020134228188,89.93288590604027,90.6040268456376,79.19463087248322,94.63087248322148,83.22147651006712,32.88590604026846,20.80536912751678,16.10738255033557,14.093959731543624,32.21476510067114,71.14093959731544,98.65771812080536,61.74496644295302,93.28859060402684,29.86577181208054,100.0,62.98,86.58,70.25,42.17,71.22,66.64,1
12524,310.07,233.0,212.0,0.0,0.0,1.0,0.0,1.0,0.0,0.05674074,186.0,753.944386694888,0.0,0.0,17.0,1.0,5.0,23.0,5.0,6.0,Walker Zimmerman,67.6298900248331,61.53449221143613,0.0,0.0,0.2902570387331892,0.0,0.2902570387331892,0.0,0.0164693991679298,53.987809204373214,218.8376650515688,0.0,0.0,4.934369658464218,0.2902570387331892,1.4512851936659463,6.675911890863354,1.4512851936659463,1.741542232399136,90.98712446351932,0.0,Right Center Back,Centre Back,True,34.023668639053255,28.402366863905325,37.8698224852071,87.57396449704143,88.16568047337277,75.7396449704142,88.16568047337277,57.396449704142015,22.7810650887574,18.34319526627219,3.5502958579881656,73.96449704142012,92.3076923076923,40.82840236686391,14.201183431952662,19.230769230769237,44.67455621301775,89.3491124260355,26.035502958579883,33.43,83.83,56.11,40.53,44.82,51.75,1
12557,416.48,245.0,201.0,4.0,0.0,0.0,3.0,0.0,0.0,0.0,176.0,1043.062880490061,5.0,3.0,67.0,5.0,4.0,9.0,7.0,21.0,Falaye Sacko,52.94371878601613,43.43545908567038,0.8643872454859776,0.0,0.0,0.6482904341144833,0.0,0.0,0.0,38.033038801383015,225.40256253386832,1.080484056857472,0.6482904341144833,14.478486361890129,1.080484056857472,0.8643872454859776,1.9448713023434496,1.5126776796004608,4.538033038801383,82.0408163265306,60.0,Left Back,Full Back,True,37.24832214765101,5.369127516778524,5.369127516778524,71.81208053691275,73.15436241610739,65.77181208053692,67.78523489932886,73.8255033557047,65.77181208053692,78.52348993288591,13.422818791946307,35.57046979865772,50.33557046979866,29.53020134228188,77.85234899328859,62.41610738255034,33.89261744966443,29.86577181208054,12.08053691275168,16.0,70.25,69.13,47.54,34.56,47.49,1
12625,455.39,278.0,223.0,2.0,0.0,0.0,19.0,2.0,0.0,0.048374664,213.0,1105.6286465396377,7.0,3.0,47.0,9.0,4.0,16.0,9.0,14.0,Borna Sosa,54.94191791651113,44.0721140121654,0.3952655965216627,0.0,0.0,3.755023166955796,0.3952655965216627,0.0,0.0095604202112475,42.09578602955709,218.50848325296425,1.3834295878258196,0.5928983947824942,9.288741518259076,1.7786951843474823,0.7905311930433255,3.162124772173302,1.7786951843474823,2.766859175651639,80.2158273381295,42.85714285714285,Left Back,Full Back,True,37.24832214765101,26.845637583892614,40.26845637583892,77.18120805369128,75.83892617449665,57.71812080536913,85.23489932885906,69.12751677852349,61.07382550335571,20.13422818791946,42.28187919463088,29.53020134228188,89.26174496644296,44.966442953020135,20.80536912751678,24.16107382550336,33.89261744966443,29.86577181208054,93.95973154362416,34.79,70.25,71.81,41.16,45.47,52.7,1
12751,577.4,355.0,314.0,2.0,0.0,0.0,0.0,1.0,0.0,0.019808901,252.0,1363.986596900116,3.0,3.0,115.0,15.0,7.0,10.0,19.0,42.0,Tyler Adams,55.3342570142016,48.943540006927606,0.3117422930377554,0.0,0.0,0.0,0.1558711465188777,0.0,0.0030876361101489,39.27952892275719,212.60615469520337,0.4676134395566332,0.4676134395566332,17.92518184967094,2.338067197783166,1.091098025632144,1.5587114651887772,2.9615517838586767,6.5465881537928645,88.45070422535211,100.0,Center Defensive Midfield,Defensive Midfielder,True,33.16831683168317,2.9702970297029703,2.9702970297029703,69.3069306930693,71.28712871287128,68.31683168316832,54.45544554455446,60.3960396039604,56.43564356435643,65.34653465346535,70.29702970297029,54.45544554455446,61.38613861386138,97.02970297029702,93.06930693069307,28.71287128712871,35.64356435643564,19.306930693069308,10.891089108910892,13.04,69.64,57.1,73.6,23.64,47.4,1
12770,471.64,215.0,183.0,1.0,0.0,2.0,2.0,3.0,0.0,0.71384957,165.0,763.5929495712771,5.0,2.0,100.0,9.0,1.0,5.0,13.0,16.0,Jonathan Osorio,41.02705453311848,34.9207022305148,0.190823509456365,0.0,0.38164701891273,0.38164701891273,0.5724705283690951,0.0,0.1362192801713171,31.48587906030023,145.71148643332828,0.9541175472818252,0.38164701891273,19.082350945636502,1.7174115851072853,0.190823509456365,0.9541175472818252,2.4807056229327453,3.0531761513018405,85.11627906976744,40.0,Right Defensive Midfield,Defensive Midfielder,True,33.16831683168317,79.20792079207921,34.65346534653465,30.69306930693069,32.67326732673268,44.55445544554456,23.76237623762376,19.8019801980198,43.56435643564357,74.25742574257426,41.58415841584159,3.96039603960396,31.683168316831683,84.15841584158416,9.9009900990099,8.91089108910891,35.64356435643564,78.21782178217822,54.45544554455446,49.01,35.97,29.04,40.92,44.31,39.85,1
13197,472.9,191.0,164.0,0.0,1.0,0.0,1.0,1.0,0.0,0.0929399,147.0,641.2669814521054,1.0,1.0,35.0,3.0,8.0,43.0,14.0,14.0,Tomáš Kalas,36.35017974201734,31.211672658067243,0.0,0.1903150771833368,0.0,0.1903150771833368,0.1903150771833368,0.0,0.0176878642419116,27.97631634595052,122.04277507018288,0.1903150771833368,0.1903150771833368,6.66102770141679,0.5709452315500105,1.5225206174666948,8.183548318883485,2.6644110805667163,2.6644110805667163,85.86387434554975,100.0,Left Center Back,Centre Back,True,34.023668639053255,30.76923076923077,20.710059171597635,21.301775147929,24.2603550295858,42.01183431952663,28.402366863905325,14.792899408284024,60.35502958579882,50.88757396449704,13.017751479289942,76.92307692307693,98.22485207100593,91.71597633136096,53.25443786982249,19.230769230769237,99.40828402366864,30.17751479289941,69.23076923076923,28.5,29.19,34.52,64.0,54.51,42.14,1
13454,591.46,211.0,168.0,0.0,0.0,0.0,8.0,3.0,0.0,0.137241428,140.0,985.5377073208986,6.0,4.0,66.0,11.0,12.0,24.0,14.0,22.0,Nouhou Tolo,32.10698948365063,25.563858925371115,0.0,0.0,0.0,1.2173266154938625,0.4564974808101984,0.0,0.020883455381598,21.3032157711426,149.96516021181628,0.9129949616203968,0.6086633077469312,10.042944577824366,1.673824096304061,1.8259899232407937,3.6519798464815874,2.1303215771142594,3.347648192608122,79.62085308056872,66.66666666666666,Left Back,Full Back,True,37.24832214765101,41.61073825503356,47.651006711409394,7.38255033557047,12.751677852348994,53.69127516778524,8.053691275167784,29.53020134228188,63.08724832214765,29.53020134228188,38.92617449664429,86.57718120805369,94.63087248322148,65.1006711409396,43.62416107382551,2.348993288590604,33.89261744966443,29.86577181208054,30.2013422818792,42.17,24.61,33.56,59.73,24.08,36.83,1
13581,355.62,59.0,47.0,1.0,0.0,0.0,0.0,9.0,5.0,2.952051287,50.0,178.00118827259257,2.0,2.0,34.0,1.0,0.0,4.0,3.0,4.0,Emilio Nsue López,14.931668635059896,11.894719082166356,0.2530791294077948,0.0,0.0,0.0,2.2777121646701537,1.265395647038974,0.7471025696811203,12.653956470389742,45.048385761580704,0.5061582588155896,0.5061582588155896,8.604690399865024,0.2530791294077948,0.0,1.0123165176311792,0.7592373882233845,1.0123165176311792,79.66101694915254,100.0,Center Forward,Forward,True,100.0,96.3855421686747,53.01204819277109,15.66265060240964,25.301204819277107,79.51807228915662,13.253012048192772,4.819277108433735,36.14457831325301,7.228915662650602,15.66265060240964,16.867469879518072,77.10843373493977,21.686746987951807,4.819277108433735,12.048192771084338,27.710843373493976,29.518072289156628,4.819277108433735,83.13,40.16,18.07,23.9,18.52,36.76,0
13620,767.3299999999999,489.0,441.0,1.0,0.0,2.0,3.0,7.0,0.0,1.1072848789999998,378.0,2135.718888863697,2.0,1.0,81.0,17.0,13.0,22.0,14.0,31.0,Éder Gabriel Militão,57.35472352182244,51.72481201047789,0.1172898231530111,0.0,0.2345796463060222,0.3518694694590333,0.8210287620710777,0.0,0.1298732476379132,44.33555315183819,250.4980907793684,0.2345796463060222,0.1172898231530111,9.5004756753939,1.9939269936011887,1.5247677009891445,2.5803761093662443,1.6420575241421551,3.635984517743344,90.1840490797546,50.0,Right Center Back,Centre Back,True,34.023668639053255,82.24852071005917,84.61538461538461,72.18934911242604,73.37278106508876,70.41420118343196,72.7810650887574,71.59763313609467,50.88757396449704,82.24852071005917,87.57396449704143,77.51479289940828,13.6094674556213,54.4378698224852,83.4319526627219,47.92899408284024,44.67455621301775,82.84023668639054,86.98224852071006,66.96,71.99,65.09,66.47,65.61,67.22,1
13621,446.11,298.0,278.0,1.0,0.0,0.0,0.0,2.0,0.0,0.43871185,247.0,1304.8774700286724,3.0,3.0,40.0,9.0,8.0,9.0,4.0,26.0,Danilo Luís Hélio Pereira,60.11970141893255,56.084822129071306,0.2017439644930622,0.0,0.0,0.0,0.4034879289861245,0.0,0.0885074678890856,49.83075922978638,263.2511539812614,0.6052318934791867,0.6052318934791867,8.06975857972249,1.81569568043756,1.613951715944498,1.81569568043756,0.806975857972249,5.245343076819618,93.28859060402684,100.0,Center Defensive Midfield,Defensive Midfielder,True,33.16831683168317,68.31683168316832,19.8019801980198,78.21782178217822,81.1881188118812,95.04950495049503,79.20792079207921,77.22772277227723,68.31683168316832,1.98019801980198,48.51485148514851,81.1881188118812,74.25742574257426,3.96039603960396,72.27722772277228,11.88118811881188,35.64356435643564,19.306930693069308,10.891089108910892,40.43,84.82,74.92,47.03,19.43,53.33,1
15503,523.99,328.0,304.0,3.0,0.0,0.0,2.0,1.0,0.0,0.07204104,251.0,1045.2591242882347,4.0,4.0,66.0,7.0,6.0,5.0,5.0,28.0,Jerdy Schouten,56.33695299528617,52.214736922460354,0.5152770091032272,0.0,0.0,0.3435180060688181,0.171759003034409,0.0,0.0123736972079619,43.11150976163668,179.53266510036664,0.6870360121376362,0.6870360121376362,11.336094200270995,1.2023130212408637,1.0305540182064543,0.8587950151720453,0.8587950151720453,4.809252084963454,92.6829268292683,100.0,Right Defensive Midfield,Defensive Midfielder,True,33.16831683168317,16.831683168316832,3.96039603960396,71.28712871287128,78.21782178217822,93.06930693069307,64.35643564356435,38.613861386138616,73.26732673267327,10.891089108910892,15.84158415841584,48.51485148514851,25.742574257425744,6.930693069306932,62.37623762376238,47.52475247524752,35.64356435643564,19.306930693069308,50.495049504950494,17.99,80.86,58.75,28.38,38.24,44.84,1
15582,356.96000000000004,112.0,90.0,7.0,2.0,0.0,5.0,9.0,2.0,1.640407528,132.0,1154.6688175863387,17.0,10.0,32.0,0.0,3.0,3.0,3.0,7.0,Donyell Malen,28.238458090542355,22.69161810847153,1.7649036306588972,0.5042581801882564,0.0,1.2606454504706408,2.2691618108471534,0.5042581801882564,0.413594457418198,33.28103989242492,291.12559833810644,4.286194531600179,2.5212909009412816,8.068130883012103,0.0,0.7563872702823844,0.7563872702823844,0.7563872702823844,1.7649036306588972,80.35714285714286,58.82352941176471,Right Wing,Winger,True,88.17204301075269,89.24731182795699,68.81720430107528,43.01075268817204,46.236559139784944,77.41935483870968,60.215053763440864,81.72043010752688,88.17204301075269,4.301075268817205,1.0752688172043012,67.74193548387096,80.64516129032258,15.053763440860216,3.225806451612903,79.56989247311827,95.6989247311828,20.43010752688172,29.03225806451613,82.08,55.56,76.7,28.67,56.18,59.84,0
15890,452.0,155.0,130.0,2.0,0.0,0.0,6.0,4.0,0.0,0.151342469,106.0,487.44823270283007,2.0,0.0,49.0,17.0,1.0,18.0,11.0,16.0,Noussair Mazraoui,30.86283185840708,25.884955752212388,0.3982300884955752,0.0,0.0,1.1946902654867255,0.7964601769911505,0.0,0.0301345624115044,21.10619469026549,97.05827642312988,0.3982300884955752,0.0,9.756637168141593,3.38495575221239,0.1991150442477876,3.584070796460177,2.190265486725664,3.185840707964602,83.87096774193549,0.0,Left Back,Full Back,True,37.24832214765101,48.32214765100672,75.16778523489933,5.369127516778524,13.422818791946307,75.83892617449665,7.38255033557047,4.026845637583892,6.375838926174497,27.516778523489933,95.9731543624161,2.684563758389262,93.28859060402684,67.78523489932886,35.57046979865772,24.832214765100677,33.89261744966443,29.86577181208054,29.53020134228188,53.58,31.54,5.93,53.8,29.53,34.88,1
15896,364.68,117.0,88.0,2.0,1.0,0.0,4.0,3.0,0.0,0.215370969,102.0,778.2238924650401,7.0,4.0,75.0,13.0,7.0,4.0,8.0,21.0,Timi Elšnik,28.874629812438304,21.71767028627838,0.4935834155972359,0.2467917077986179,0.0,0.987166831194472,0.7403751233958539,0.0,0.0531517692497532,25.172754195459035,192.05920347113525,1.7275419545903257,0.987166831194472,18.509378084896348,3.208292201382034,1.7275419545903257,0.987166831194472,1.974333662388944,5.182625863770977,75.21367521367522,57.14285714285714,Left Defensive Midfield,Defensive Midfielder,True,33.16831683168317,53.46534653465347,40.5940594059406,4.950495049504951,3.96039603960396,4.950495049504951,11.88118811881188,50.495049504950494,91.0891089108911,70.29702970297029,93.06930693069307,86.13861386138613,32.67326732673268,64.35643564356435,70.29702970297029,45.54455445544555,93.06930693069307,19.306930693069308,87.12871287128714,42.41,4.62,51.16,69.47,61.26,45.78,1
16016,515.1899999999999,252.0,224.0,4.0,2.0,2.0,2.0,2.0,1.0,0.0904426959999999,206.0,828.0909057084796,4.0,1.0,95.0,6.0,3.0,7.0,10.0,21.0,Michel Aebischer,44.02259360624236,39.13119431665988,0.6987713270832121,0.349385663541606,0.349385663541606,0.349385663541606,0.349385663541606,0.174692831770803,0.0157996906772258,35.986723344785425,144.6615452818633,0.6987713270832121,0.174692831770803,16.595819018226287,1.0481569906248185,0.5240784953124091,1.2228498223956212,1.7469283177080304,3.668549467186864,88.88888888888889,25.0,Left Wing Back,Full Back,True,87.91946308724832,33.557046979865774,34.22818791946309,38.25503355704698,57.04697986577181,95.9731543624161,57.71812080536913,24.832214765100677,16.778523489932887,88.59060402684564,12.751677852348994,12.751677852348994,22.14765100671141,42.95302013422819,53.02013422818792,52.348993288590606,96.64429530201345,89.26174496644296,4.026845637583892,51.9,63.76,33.11,38.7,60.57,49.61,1
16026,323.47,111.0,95.0,2.0,1.0,1.0,2.0,3.0,0.0,0.186624134,88.0,653.9432813707816,1.0,0.0,61.0,5.0,3.0,2.0,7.0,13.0,Djibril Sow,30.883853216681608,26.43212662688967,0.556465823723993,0.2782329118619965,0.2782329118619965,0.556465823723993,0.8346987355859895,0.0,0.0519249762265434,24.48449624385569,181.94854336838145,0.2782329118619965,0.0,16.972207623581784,1.3911645593099826,0.8346987355859895,0.556465823723993,1.947630383033976,3.617027854205954,85.58558558558559,0.0,Center Attacking Midfield,Attacking Midfielder,True,18.421052631578945,15.789473684210526,13.157894736842104,18.421052631578945,42.10526315789473,92.10526315789474,10.526315789473683,39.47368421052632,3.947368421052632,47.368421052631575,47.368421052631575,60.526315789473685,71.05263157894737,71.05263157894737,28.947368421052637,13.157894736842104,78.94736842105263,50.0,23.684210526315788,15.79,50.88,17.98,54.39,41.45,36.1,1
16028,538.66,319.0,273.0,5.0,1.0,0.0,10.0,4.0,0.0,0.1084667709999999,247.0,1065.1294220545292,9.0,5.0,49.0,13.0,5.0,9.0,15.0,19.0,José Diogo Dalot Teixeira,53.29892696691791,45.61318828203319,0.8354063787918169,0.1670812757583633,0.0,1.6708127575836338,0.6683251030334535,0.0,0.0181227664760702,41.26907511231575,177.96318268463898,1.5037314818252705,0.8354063787918169,8.186982512159805,2.172056584858724,0.8354063787918169,1.5037314818252705,2.5062191363754502,3.174544239408904,85.57993730407524,55.55555555555556,Right Back,Full Back,True,37.24832214765101,37.58389261744966,66.44295302013423,73.8255033557047,80.53691275167785,85.23489932885906,79.19463087248322,51.006711409395976,75.16778523489933,9.395973154362416,61.07382550335571,32.21476510067114,36.24161073825504,80.53691275167785,34.899328859060404,60.40268456375839,82.5503355704698,29.86577181208054,46.30872483221477,47.09,79.87,68.46,42.39,54.78,58.52,1
16047,409.18,137.0,110.0,1.0,0.0,0.0,1.0,1.0,0.0,0.036003575,95.0,503.283152821347,1.0,1.0,46.0,13.0,5.0,32.0,15.0,7.0,Jaka Bijol,30.13343760692116,24.19473092526517,0.2199520993205923,0.0,0.0,0.2199520993205923,0.2199520993205923,0.0,0.0079190619042963,20.89544943545628,110.6981860157418,0.2199520993205923,0.2199520993205923,10.11779656874725,2.859377291167701,1.099760496602962,7.038467178258956,3.299281489808886,1.5396646952441468,80.2919708029197,100.0,Left Center Back,Centre Back,True,34.023668639053255,21.301775147929,24.2603550295858,10.059171597633137,11.242603550295858,15.384615384615383,11.242603550295858,9.467455621301776,63.905325443786985,86.98224852071006,96.15384615384616,52.071005917159766,93.49112426035504,98.22485207100593,10.650887573964498,61.834319526627226,44.67455621301775,30.17751479289941,71.89349112426035,26.53,12.23,28.21,72.93,52.14,38.41,1
16120,573.93,140.0,107.0,7.0,0.0,0.0,8.0,6.0,0.0,0.1985023179999999,140.0,921.9334290989332,11.0,4.0,95.0,14.0,3.0,6.0,12.0,34.0,Richie Laryea,21.953896816684964,16.779049709894934,1.0976948408342482,0.0,0.0,1.254508389524855,0.9408812921436414,0.0,0.0311278529088913,21.953896816684964,144.5716526735037,1.7249490355966757,0.6272541947624275,14.897287125607654,2.1953896816684964,0.4704406460718207,0.9408812921436414,1.8817625842872827,5.331660655480634,76.42857142857142,36.36363636363637,Left Back,Full Back,True,37.24832214765101,48.99328859060403,81.20805369127517,0.6711409395973155,1.342281879194631,33.557046979865774,9.395973154362416,23.48993288590604,63.758389261744966,81.87919463087249,61.74496644295302,10.06711409395973,11.409395973154362,49.66442953020135,90.6040268456376,79.19463087248322,33.89261744966443,29.86577181208054,30.87248322147651,55.82,11.86,32.21,50.89,43.46,38.85,0
16249,369.1,182.0,146.0,2.0,1.0,0.0,2.0,8.0,0.0,1.0905576786999998,145.0,993.7232515540016,9.0,5.0,63.0,9.0,3.0,3.0,6.0,14.0,Yangel Clemente Herrera Ravelo,44.378217285288535,35.60010837171498,0.4876727174207531,0.2438363587103765,0.0,0.4876727174207531,1.9506908696830123,0.0,0.2659176133378487,35.356272013004606,242.30585922476328,2.194527228393389,1.219181793551883,15.361690598753723,2.194527228393389,0.7315090761311297,0.7315090761311297,1.4630181522622594,3.413709021945272,80.21978021978022,55.55555555555556,Left Center Midfield,Midfielder,True,26.05633802816901,90.14084507042254,85.91549295774648,60.56338028169014,54.929577464788736,30.985915492957744,54.929577464788736,66.19718309859155,77.46478873239437,29.577464788732392,87.32394366197182,36.61971830985916,50.70422535211267,39.436619718309856,28.169014084507044,18.30985915492958,91.54929577464787,27.464788732394368,39.436619718309856,67.37,48.83,66.2,45.31,44.19,54.38,0
16298,408.75,263.0,211.0,0.0,0.0,0.0,1.0,3.0,0.0,0.0545582354,188.0,1001.0856895610168,0.0,0.0,18.0,4.0,2.0,15.0,8.0,12.0,Denis Vavro,57.90825688073394,46.45871559633027,0.0,0.0,0.0,0.2201834862385321,0.6605504587155964,0.0,0.0120128224733944,41.39449541284404,220.4225371510496,0.0,0.0,3.963302752293578,0.8807339449541284,0.4403669724770642,3.302752293577982,1.7614678899082568,2.642201834862385,80.22813688212928,0.0,Right Center Back,Centre Back,True,34.023668639053255,23.07692307692308,73.37278106508876,72.7810650887574,62.1301775147929,13.6094674556213,63.905325443786985,57.98816568047337,22.7810650887574,2.366863905325444,28.99408284023669,11.242603550295858,30.76923076923077,61.53846153846154,52.071005917159766,19.230769230769237,44.67455621301775,30.17751479289941,72.7810650887574,43.49,49.51,48.22,31.16,41.72,42.82,1
16308,424.94,379.0,354.0,3.0,0.0,1.0,0.0,7.0,2.0,2.4199799008,298.0,1334.8105409125253,0.0,0.0,65.0,18.0,5.0,9.0,7.0,15.0,Leandro Daniel Paredes,80.27015578669929,74.97529062926532,0.6353838188920788,0.0,0.2117946062973596,0.0,1.4825622440815174,0.4235892125947192,0.5125386903374595,63.11479267661317,282.705672994134,0.0,0.0,13.766649409328377,3.812302913352473,1.0589730314867982,1.9061514566762363,1.4825622440815174,3.1769190944603944,93.4036939313984,0.0,Center Defensive Midfield,Defensive Midfielder,True,100.0,100.0,79.20792079207921,98.01980198019804,99.009900990099,96.03960396039604,97.02970297029702,84.15841584158416,5.445544554455446,32.67326732673268,96.03960396039604,51.48514851485149,79.20792079207921,31.683168316831683,14.85148514851485,56.43564356435643,35.64356435643564,56.43564356435643,10.891089108910892,93.07,97.69,62.21,50.99,39.85,68.76,1
16335,301.07,76.0,47.0,4.0,0.0,3.0,7.0,4.0,0.0,0.117304772,84.0,523.3091033275168,11.0,6.0,42.0,2.0,1.0,1.0,3.0,14.0,Samuel Chimerenka Chukwueze,22.71896901052911,14.049888730195637,1.1957352110804795,0.0,0.8968014083103597,2.0925366193908395,1.1957352110804795,0.0,0.0350663615770418,25.11043943269007,156.4347802819162,3.288271830471319,1.7936028166207194,12.555219716345036,0.5978676055402398,0.2989338027701199,0.2989338027701199,0.8968014083103597,4.185073238781679,61.8421052631579,54.54545454545454,Right Wing,Winger,True,17.741935483870968,4.301075268817205,16.129032258064516,19.35483870967742,9.67741935483871,6.451612903225806,24.731182795698924,19.35483870967742,73.11827956989248,27.956989247311824,18.27956989247312,25.806451612903224,46.236559139784944,21.50537634408602,62.36559139784946,50.53763440860215,24.193548387096776,97.8494623655914,56.98924731182796,12.72,11.83,39.07,33.69,57.39,30.94,0
16344,367.9,110.0,89.0,2.0,0.0,3.0,3.0,6.0,2.0,0.8902647659999999,98.0,472.2395986299273,4.0,2.0,43.0,5.0,0.0,6.0,6.0,12.0,Răzvan Gabriel Marin,26.909486273443875,21.772220712150045,0.4892633867898885,0.0,0.733895080184833,0.733895080184833,1.467790160369666,0.4892633867898885,0.2177869772764337,23.97390595270454,115.52477270098792,0.9785267735797772,0.4892633867898885,10.519162815982604,1.2231584669747215,0.0,1.467790160369666,1.467790160369666,2.935580320739332,80.9090909090909,50.0,Right Center Midfield,Midfielder,True,97.1830985915493,83.09859154929578,67.6056338028169,12.676056338028168,15.492957746478872,38.0281690140845,9.859154929577464,8.450704225352112,30.985915492957744,5.633802816901409,33.80281690140845,2.112676056338028,77.46478873239437,40.845070422535215,11.267605633802818,19.718309859154928,32.3943661971831,92.95774647887325,52.11267605633802,82.63,22.07,16.43,28.52,49.3,39.79,0
16459,544.1800000000001,105.0,73.0,7.0,0.0,0.0,3.0,10.0,0.0,0.881758093,102.0,608.4790040551692,10.0,3.0,79.0,1.0,0.0,7.0,7.0,19.0,Cyle Larin,17.36557756624646,12.073211069866586,1.1577051710830977,0.0,0.0,0.4961593590356131,1.6538645301187107,0.0,0.1458308434157815,16.86941820721085,100.63418421288031,1.6538645301187107,0.4961593590356131,13.065529787937813,0.165386453011871,0.0,1.1577051710830977,1.1577051710830977,3.14234260722555,69.52380952380952,30.0,Center Forward,Forward,True,12.048192771084338,13.253012048192772,15.66265060240964,24.09638554216868,27.710843373493976,30.120481927710845,34.93975903614458,37.34939759036144,33.734939759036145,33.734939759036145,12.048192771084338,16.867469879518072,86.74698795180723,61.44578313253012,59.036144578313255,78.3132530120482,27.710843373493976,29.518072289156628,40.963855421686745,13.65,27.31,35.34,44.98,44.13,33.08,0
16469,589.49,222.0,176.0,2.0,1.0,2.0,5.0,7.0,1.0,0.6380956619999998,169.0,874.5731042125183,2.0,2.0,87.0,22.0,14.0,24.0,13.0,22.0,Tomáš Holeš,33.893704727815575,26.870684829259183,0.3053486912415817,0.1526743456207908,0.3053486912415817,0.7633717281039543,1.068720419345536,0.1526743456207908,0.0974208376393153,25.80196440991365,133.52487638318993,0.3053486912415817,0.3053486912415817,13.282668069008803,3.3588356036573983,2.137440838691072,3.664184294898981,1.984766493070281,3.3588356036573983,79.27927927927928,100.0,Right Center Back,Centre Back,True,81.06508875739645,74.55621301775149,93.49112426035504,17.159763313609467,14.792899408284024,11.83431952662722,21.301775147929,21.301775147929,79.28994082840237,96.44970414201184,98.81656804733728,94.67455621301777,43.78698224852072,71.00591715976331,78.10650887573965,78.69822485207101,95.26627218934912,90.53254437869822,96.44970414201184,83.04,14.6,40.63,80.47,90.24,61.79,1
16472,321.84000000000003,110.0,87.0,3.0,0.0,2.0,7.0,1.0,0.0,0.027168173,110.0,567.9509298609519,7.0,4.0,79.0,6.0,5.0,3.0,7.0,13.0,Lukáš Masopust,30.760626398210288,24.328859060402685,0.8389261744966442,0.0,0.5592841163310962,1.9574944071588365,0.2796420581655481,0.0,0.0075973638143176,30.760626398210288,158.82296696335342,1.9574944071588365,1.1185682326621924,22.09172259507829,1.6778523489932884,1.3982102908277405,0.8389261744966442,1.9574944071588365,3.6353467561521247,79.0909090909091,57.14285714285714,Right Wing,Winger,True,17.741935483870968,1.0752688172043012,1.0752688172043012,50.53763440860215,58.06451612903226,72.04301075268818,47.31182795698925,20.43010752688172,36.55913978494624,92.47311827956987,75.26881720430107,92.47311827956987,86.02150537634408,80.64516129032258,47.31182795698925,33.33333333333333,24.193548387096776,88.17204301075269,47.31182795698925,6.63,60.22,34.77,79.03,48.25,45.78,1
16502,308.7,76.0,59.0,2.0,0.0,0.0,3.0,1.0,0.0,0.026023796,88.0,626.6012620587273,8.0,6.0,62.0,7.0,9.0,6.0,4.0,17.0,László Kleinheisler,22.157434402332363,17.20116618075802,0.5830903790087464,0.0,0.0,0.8746355685131195,0.2915451895043732,0.0,0.0075871125364431,25.65597667638484,182.6825836905911,2.332361516034985,1.749271137026239,18.07580174927114,2.0408163265306123,2.623906705539359,1.749271137026239,1.1661807580174928,4.956268221574344,77.63157894736842,75.0,Right Center Midfield,Midfielder,True,26.05633802816901,5.633802816901409,8.450704225352112,4.225352112676056,5.633802816901409,25.352112676056336,15.492957746478872,33.80281690140845,88.73239436619718,54.929577464788736,83.09859154929578,100.0,85.91549295774648,21.12676056338028,81.69014084507043,30.985915492957744,32.3943661971831,27.464788732394368,60.56338028169014,13.38,11.74,46.01,71.13,37.85,36.02,1
16514,396.13,193.0,167.0,1.0,0.0,0.0,1.0,2.0,0.0,0.116618086,158.0,851.8490401541545,4.0,4.0,75.0,8.0,9.0,3.0,5.0,13.0,Serhii Sydorchuk,43.84924141064802,37.94208971802186,0.2271981420240829,0.0,0.0,0.2271981420240829,0.4543962840481659,0.0,0.0264954124656047,35.897306439805114,193.5385192080224,0.908792568096332,0.908792568096332,17.039860651806226,1.817585136192664,2.0447832782167468,0.6815944260722491,1.135990710120415,2.953575846313079,86.52849740932642,100.0,Center Defensive Midfield,Defensive Midfielder,True,33.16831683168317,28.71287128712871,24.752475247524757,40.5940594059406,42.57425742574257,55.44554455445545,44.55445544554456,52.47524752475248,86.13861386138613,56.43564356435643,49.50495049504951,91.0891089108911,15.84158415841584,16.831683168316832,5.9405940594059405,18.81188118811881,35.64356435643564,19.306930693069308,36.63366336633664,28.88,46.2,61.06,39.27,27.6,40.6,1
16528,322.37,110.0,79.0,3.0,0.0,0.0,3.0,1.0,0.0,0.023205703,107.0,1003.1703060613404,12.0,4.0,47.0,5.0,2.0,3.0,10.0,22.0,Petar Stojanović,30.710053665043272,22.05540217762199,0.8375469181375438,0.0,0.0,0.8375469181375438,0.2791823060458479,0.0,0.006478621676955,29.87250674690573,280.0673994029241,3.350187672550175,1.1167292241833915,13.121568384154854,1.3959115302292395,0.5583646120916959,0.8375469181375438,2.791823060458479,6.142010733008654,71.81818181818181,33.33333333333333,Right Midfield,Midfielder,True,26.05633802816901,2.8169014084507045,5.633802816901409,16.901408450704224,16.901408450704224,9.859154929577464,32.3943661971831,76.05633802816901,66.19718309859155,18.30985915492958,42.25352112676056,21.12676056338028,54.929577464788736,91.54929577464787,98.59154929577466,47.88732394366197,32.3943661971831,27.464788732394368,59.15492957746479,11.5,14.55,58.22,54.46,41.73,36.09,1
16531,1421.81,449.0,354.0,0.0,0.0,0.0,0.0,0.0,0.0,0.0,231.0,906.7539674763136,0.0,0.0,3.0,0.0,0.0,1.0,0.0,55.0,Dominik Livaković,28.42151904966205,22.4080573353683,0.0,0.0,0.0,0.0,0.0,0.0,0.0,14.622206905282702,57.39716071266078,0.0,0.0,0.1898987909776974,0.0,0.0,0.0632995969925658,0.0,3.48147783459112,78.84187082405344,0.0,Goalkeeper,Goalkeeper,True,50.0,49.28571428571429,49.28571428571429,60.0,75.71428571428571,82.85714285714286,58.57142857142858,34.285714285714285,45.0,82.85714285714286,50.0,50.71428571428571,81.42857142857143,45.71428571428572,42.85714285714285,46.42857142857143,50.0,47.85714285714286,50.0,49.52,72.86,45.95,58.93,48.57,55.17,2
16532,1231.01,581.0,456.0,19.0,6.0,8.0,28.0,53.0,5.0,5.6702957312,605.0,3432.1202199968084,57.0,26.0,196.0,15.0,12.0,8.0,22.0,61.0,Daniel Olmo Carvajal,42.47731537517973,33.33847816020991,1.389103256675413,0.4386641863185514,0.5848855817580686,2.0470995361532403,3.874866979147204,0.3655534885987929,0.4145592771854006,44.23197212045394,250.924703942058,4.167309770026239,1.900878140713723,14.32969675307268,1.0966604657963783,0.8773283726371028,0.5848855817580686,1.6084353498346886,4.459752560905273,78.48537005163512,45.614035087719294,Left Wing,Winger,True,74.19354838709677,90.32258064516128,98.9247311827957,88.17204301075269,90.32258064516128,63.44086021505376,89.24731182795699,68.81720430107528,74.19354838709677,44.08602150537634,45.16129032258064,76.34408602150538,72.04301075268818,64.51612903225806,72.04301075268818,64.51612903225806,94.6236559139785,90.32258064516128,51.61290322580645,87.81,80.65,77.42,62.37,75.27,76.7,0
16554,1161.63,640.0,535.0,8.0,1.0,1.0,27.0,13.0,2.0,1.086697794,541.0,3286.840787668746,37.0,15.0,135.0,30.0,16.0,17.0,23.0,57.0,Joakim Mæhle,49.58549624234912,41.45037576508872,0.619818703029364,0.0774773378786705,0.0774773378786705,2.091888122724104,1.0072053924227165,0.154954675757341,0.0841944521577438,41.91523979236074,254.6556742596069,2.866661501510808,1.1621600681800577,10.459440613620515,2.324320136360115,1.239637406058728,1.3171147439373985,1.7819787712094213,4.416208259084218,83.59375,40.54054054054054,Left Wing Back,Full Back,True,83.22147651006712,77.18120805369128,82.5503355704698,57.04697986577181,66.44295302013423,73.8255033557047,83.22147651006712,86.57718120805369,88.59060402684564,36.24161073825504,67.78523489932886,61.74496644295302,28.187919463087248,46.30872483221477,74.49664429530202,45.63758389261745,67.78523489932886,60.40268456375839,61.07382550335571,80.98,65.77,86.13,52.46,58.72,68.81,1
16557,342.63,151.0,123.0,10.0,1.0,5.0,1.0,12.0,0.0,1.327137088,138.0,973.0472278325002,7.0,4.0,94.0,9.0,5.0,1.0,8.0,16.0,Ruslan Malinovskiy,39.66377725242974,32.30890464933018,2.6267402153926978,0.2626740215392698,1.3133701076963489,0.2626740215392698,3.1520882584712373,0.0,0.3486044360388757,36.24901497241923,255.5942284824009,1.8387181507748884,1.050696086157079,24.69135802469136,2.364066193853428,1.3133701076963489,0.2626740215392698,2.101392172314158,4.202784344628316,81.45695364238411,57.14285714285714,Left Wing,Winger,True,17.741935483870968,83.87096774193549,89.24731182795699,84.94623655913979,89.24731182795699,86.02150537634408,69.89247311827957,73.11827956989248,33.33333333333333,95.6989247311828,94.6236559139785,88.17204301075269,38.70967741935484,87.09677419354838,64.51612903225806,98.9247311827957,81.72043010752688,98.9247311827957,3.225806451612903,63.62,86.74,58.78,78.14,70.7,71.59,0
16559,361.16,186.0,150.0,5.0,0.0,1.0,9.0,5.0,0.0,0.2469781409999999,179.0,1224.4551982860446,6.0,1.0,60.0,7.0,3.0,2.0,9.0,20.0,Leandro Trossard,46.350647912282646,37.37955476796988,1.2459851589323292,0.0,0.2491970317864658,2.242773286078193,1.2459851589323292,0.0,0.0615462196533392,44.60626868977739,305.1306009683908,1.495182190718795,0.2491970317864658,14.951821907187952,1.744379222505261,0.7475910953593975,0.4983940635729317,2.242773286078193,4.983940635729317,80.64516129032258,16.666666666666664,Right Wing,Winger,True,17.741935483870968,9.67741935483871,19.35483870967742,91.39784946236558,92.47311827956987,80.64516129032258,90.32258064516128,87.09677419354838,3.225806451612903,46.236559139784944,79.56989247311827,66.66666666666666,62.36559139784946,92.47311827956987,84.94623655913979,54.83870967741935,24.193548387096776,65.59139784946237,63.44086021505376,15.59,88.17,60.22,72.04,52.02,57.61,1
16570,760.78,479.0,344.0,12.0,3.0,1.0,32.0,3.0,0.0,0.1105929019999999,318.0,1933.957203492419,15.0,8.0,105.0,17.0,26.0,27.0,21.0,42.0,Vladimír Coufal,56.66552748494966,40.69507610610164,1.4195956781198245,0.3548989195299561,0.1182996398433187,3.785588474986199,0.3548989195299561,0.0,0.0130831004758274,37.61928547017534,228.78644064554496,1.7744945976497806,0.9463971187465496,12.421462183548464,2.011093877336418,3.0757906359262863,3.1940902757696046,2.484292436709693,4.968584873419386,71.81628392484343,53.333333333333336,Right Back,Full Back,True,37.24832214765101,31.543624161073826,34.899328859060404,83.89261744966443,62.41610738255034,12.751677852348994,64.42953020134227,76.51006711409396,82.5503355704698,59.06040268456376,54.36241610738255,99.32885906040268,89.93288590604027,79.86577181208054,87.24832214765101,91.94630872483222,97.31543624161074,63.758389261744966,94.63087248322148,34.56,53.02,74.5,78.3,86.91,65.46,1
16879,392.15,198.0,144.0,1.0,0.0,0.0,9.0,7.0,0.0,0.435917087,130.0,617.3801086180739,4.0,1.0,57.0,10.0,3.0,8.0,10.0,14.0,Dávid Hancko,45.44179523141655,33.048578350121126,0.2295040163202856,0.0,0.0,2.0655361468825704,1.6065281142419992,0.0,0.1000447222491393,29.835522121637133,141.69121452410212,0.9180160652811424,0.2295040163202856,13.08172893025628,2.2950401632028563,0.6885120489608568,1.836032130562285,2.2950401632028563,3.2130562284839983,72.72727272727273,25.0,Left Back,Full Back,True,37.24832214765101,80.53691275167785,95.9731543624161,44.966442953020135,35.57046979865772,17.449664429530202,31.543624161073826,20.13422818791946,23.48993288590604,66.44295302013423,65.1006711409396,22.818791946308725,43.62416107382551,71.81208053691275,37.58389261744966,9.395973154362416,33.89261744966443,29.86577181208054,59.73154362416108,71.25,32.66,25.06,51.23,33.22,42.68,1
17033,440.83,135.0,105.0,1.0,0.0,1.0,4.0,17.0,4.0,1.068368666,169.0,1259.5353634972578,23.0,19.0,67.0,9.0,1.0,0.0,6.0,41.0,Mohammed Kudus,27.561645078601728,21.43683506113468,0.2041603339155683,0.0,0.2041603339155683,0.8166413356622735,3.4707256765646624,0.8166413356622735,0.2181185035954903,34.50309643173105,257.1471603900669,4.6956876800580725,3.879046344395799,13.67874237234308,1.8374430052401152,0.2041603339155683,0.0,1.2249620034934103,8.370573690538304,77.77777777777779,82.6086956521739,Center Attacking Midfield,Attacking Midfielder,True,100.0,71.05263157894737,100.0,15.789473684210526,13.157894736842104,57.89473684210527,57.89473684210527,78.94736842105263,97.36842105263158,26.31578947368421,78.94736842105263,10.526315789473683,14.473684210526317,36.84210526315789,100.0,5.263157894736842,19.73684210526316,36.84210526315789,31.57894736842105,90.35,28.95,78.07,44.52,23.36,53.05,0
17042,306.70000000000005,121.0,90.0,3.0,0.0,1.0,6.0,5.0,0.0,0.351544367,117.0,660.7984881251974,7.0,3.0,39.0,3.0,1.0,0.0,8.0,5.0,Andreas Skov Olsen,35.507010107597,26.41017280730356,0.8803390935767851,0.0,0.293446364525595,1.7606781871535702,1.4672318226279748,0.0,0.1031594164656015,34.33322464949462,193.90891402434875,2.0541245516791653,0.8803390935767851,11.444408216498204,0.8803390935767851,0.293446364525595,0.0,2.34757091620476,1.4672318226279748,74.3801652892562,42.85714285714285,Right Attacking Midfield,Attacking Midfielder,True,18.421052631578945,39.47368421052632,44.73684210526316,52.63157894736842,39.47368421052632,26.31578947368421,55.26315789473685,44.73684210526316,52.63157894736842,7.894736842105263,26.31578947368421,21.052631578947366,14.473684210526317,86.8421052631579,2.631578947368421,34.21052631578947,19.73684210526316,57.89473684210527,60.526315789473685,34.21,39.47,50.88,26.54,43.09,38.84,0
17592,646.89,402.0,386.0,2.0,0.0,0.0,1.0,2.0,0.0,0.114125953,299.0,1531.4815894937724,3.0,3.0,54.0,7.0,6.0,24.0,7.0,20.0,William Saliba,55.92913787506377,53.703102536752766,0.2782544172888744,0.0,0.0,0.1391272086444372,0.2782544172888744,0.0,0.0158780252747762,41.59903538468673,213.07075863661444,0.4173816259333117,0.4173816259333117,7.512869266799611,0.9738904605110608,0.8347632518666235,3.339053007466494,0.9738904605110608,2.782544172888745,96.01990049751244,100.0,Left Center Back,Centre Back,True,34.023668639053255,27.810650887573964,35.50295857988166,67.45562130177515,78.10650887573965,99.40828402366864,65.08875739644971,55.02958579881657,88.75739644970415,60.946745562130175,35.50295857988166,36.09467455621302,32.544378698224854,15.976331360946746,58.57988165680473,76.33136094674556,44.67455621301775,30.17751479289941,61.53846153846154,32.45,81.66,69.63,39.94,53.18,55.37,1
17618,371.0,111.0,83.0,1.0,1.0,0.0,2.0,0.0,0.0,0.0,71.0,616.8484354675983,8.0,3.0,59.0,10.0,4.0,13.0,8.0,8.0,Carlos Akapo Martínez,26.92722371967655,20.13477088948787,0.2425876010781671,0.2425876010781671,0.0,0.4851752021563342,0.0,0.0,0.0,17.223719676549866,149.63978218890526,1.940700808625337,0.7277628032345014,14.31266846361186,2.425876010781672,0.9703504043126684,3.1536388140161726,1.940700808625337,1.940700808625337,74.77477477477478,37.5,Right Back,Full Back,True,37.24832214765101,5.369127516778524,5.369127516778524,2.684563758389262,3.355704697986577,24.16107382550336,1.342281879194631,28.85906040268457,70.46979865771812,76.51006711409396,77.18120805369128,46.30872483221477,87.91946308724832,52.348993288590606,3.355704697986577,12.751677852348994,89.93288590604027,29.86577181208054,6.711409395973154,16.0,10.07,33.56,57.27,34.82,30.34,1
17620,573.21,368.0,336.0,5.0,1.0,0.0,8.0,1.0,0.0,0.015615603,276.0,1194.330194863316,3.0,0.0,90.0,14.0,11.0,8.0,21.0,16.0,Marc Cucurella Saseta,57.77987125137384,52.75553462081959,0.785052598524101,0.1570105197048202,0.0,1.2560841576385615,0.1570105197048202,0.0,0.0024518139425341,43.334903438530375,187.52240459464844,0.4710315591144606,0.0,14.13094677343382,2.198147275867483,1.7271157167530224,1.2560841576385615,3.2972209138012243,2.5121683152771235,91.30434782608695,0.0,Left Back,Full Back,True,37.24832214765101,12.08053691275168,12.751677852348994,84.56375838926175,91.2751677852349,100.0,87.24832214765101,55.70469798657718,6.375838926174497,74.49664429530202,62.41610738255034,84.56375838926175,24.16107382550336,95.3020134228188,12.751677852348994,58.38926174496645,80.53691275167785,29.86577181208054,32.21476510067114,20.69,91.95,49.78,58.95,50.25,54.32,1
18163,490.46,122.0,79.0,4.0,1.0,2.0,14.0,5.0,0.0,0.4594232695,153.0,1433.858359120602,20.0,6.0,74.0,10.0,4.0,2.0,7.0,18.0,Moses Daddy-Ajala Simon,22.38714676018432,14.496595033234108,0.7340048118093219,0.1835012029523304,0.3670024059046609,2.569016841332626,0.9175060147616524,0.0,0.0843047226175427,28.07568405170656,263.11473376188513,3.6700240590466096,1.101007217713983,13.579089018472455,1.8350120295233048,0.7340048118093219,0.3670024059046609,1.284508420666313,3.3030216531419487,64.75409836065575,30.0,Right Wing,Winger,True,17.741935483870968,16.129032258064516,11.827956989247312,17.20430107526882,13.978494623655912,9.67741935483871,37.634408602150536,77.41935483870968,35.483870967741936,36.55913978494624,81.72043010752688,65.59139784946237,52.68817204301075,46.236559139784944,38.70967741935484,23.655913978494624,66.66666666666666,80.64516129032258,72.04301075268818,15.23,13.62,50.18,53.58,60.75,38.67,0
18242,659.43,402.0,348.0,0.0,0.0,0.0,0.0,1.0,0.0,0.2582279,305.0,2136.250474186051,1.0,1.0,44.0,4.0,11.0,27.0,7.0,22.0,Tim Ream,54.86556571584551,47.49556435103044,0.0,0.0,0.0,0.0,0.1364815067558346,0.0,0.0352433328783949,41.62685956052955,291.5586835247784,0.1364815067558346,0.1364815067558346,6.0051862972567225,0.5459260270233384,1.5012965743141806,3.685000682407534,0.955370547290842,3.002593148628361,86.56716417910447,100.0,Left Center Back,Centre Back,True,34.023668639053255,44.97041420118343,16.56804733727811,65.08875739644971,63.905325443786985,47.33727810650888,65.68047337278107,86.3905325443787,53.84615384615385,42.01183431952663,10.650887573964498,75.14792899408283,44.97041420118343,14.792899408284024,63.31360946745562,19.230769230769237,44.67455621301775,30.17751479289941,26.035502958579883,31.85,58.78,68.64,41.81,30.03,46.22,1
18360,412.48,158.0,119.0,6.0,0.0,1.0,23.0,8.0,2.0,0.430520811,180.0,1834.7592050784776,21.0,11.0,27.0,2.0,1.0,2.0,5.0,13.0,Rafael Alexandre Conceição Leão,34.474398758727695,25.96489526764934,1.3091543832428238,0.0,0.2181923972071373,5.018425135764158,1.7455391776570983,0.4363847944142746,0.0939363677996509,39.27463149728472,400.33050925393474,4.582040341349884,2.4001163692785106,5.891194724592707,0.4363847944142746,0.2181923972071373,0.4363847944142746,1.0909619860356865,2.8365011636927853,75.31645569620254,52.38095238095239,Left Wing,Winger,True,81.72043010752688,21.50537634408602,46.236559139784944,68.81720430107528,65.59139784946237,47.8494623655914,80.64516129032258,96.7741935483871,82.79569892473118,1.0752688172043012,7.526881720430108,16.129032258064516,55.91397849462365,35.483870967741936,22.58064516129032,58.06451612903226,24.193548387096776,59.13978494623656,100.0,49.82,60.75,86.74,23.12,60.35,56.16,0
18395,565.06,158.0,119.0,11.0,2.0,1.0,18.0,13.0,3.0,1.543451346,234.0,2190.327608582318,38.0,16.0,72.0,7.0,1.0,0.0,10.0,27.0,Vinícius José Paixão de Oliveira Júnior,25.165469153718192,18.95373942590168,1.7520263334867097,0.318550242452129,0.1592751212260645,2.866952182069161,2.0705765759388384,0.4778253636781935,0.2458334002406824,37.270378366899095,348.8646953817447,6.052454606590452,2.548401939617032,11.467808728276644,1.1149258485824516,0.1592751212260645,0.0,1.5927512122606449,4.3004282731037415,75.31645569620254,42.10526315789473,Left Wing,Winger,True,87.09677419354838,62.36559139784946,62.36559139784946,31.18279569892473,34.40860215053764,47.8494623655914,73.11827956989248,92.47311827956987,89.24731182795699,18.27956989247312,47.31182795698925,10.75268817204301,9.13978494623656,60.215053763440864,66.66666666666666,78.49462365591397,87.09677419354838,49.46236559139785,78.49462365591397,70.61,37.81,84.95,35.39,73.39,60.43,0
18617,781.1,606.0,562.0,4.0,0.0,1.0,3.0,0.0,0.0,0.0,500.0,3363.56640192758,2.0,2.0,67.0,11.0,15.0,41.0,21.0,20.0,Mykola Matviyenko,69.82460632441429,64.75483292792217,0.4608884905901933,0.0,0.1152221226475483,0.345666367942645,0.0,0.0,0.0,57.61106132377416,387.5572604960725,0.2304442452950966,0.2304442452950966,7.719882217385738,1.2674433491230317,1.728331839713225,4.724107028549481,2.419664575598515,2.3044424529509664,92.73927392739274,100.0,Left Center Back,Centre Back,True,34.023668639053255,7.396449704142012,7.396449704142012,91.71597633136096,91.1242603550296,87.57396449704143,92.3076923076923,97.0414201183432,66.5680473372781,63.905325443786985,51.4792899408284,88.16568047337277,67.45562130177515,85.50295857988166,35.50295857988166,91.1242603550296,44.67455621301775,68.04733727810651,86.3905325443787,16.27,90.14,85.31,65.34,72.56,65.92,1
19316,530.85,128.0,96.0,6.0,2.0,3.0,11.0,16.0,0.0,1.1096626559999998,135.0,1289.1154441024437,10.0,7.0,84.0,5.0,1.0,1.0,4.0,29.0,Roland Sallai,21.70104549307714,16.275784119807856,1.017236507487991,0.3390788358293303,0.5086182537439955,1.8649335970613168,2.7126306866346424,0.0,0.1881315607798812,22.8878214184798,218.55588201793336,1.6953941791466516,1.186775925402656,14.241311104831874,0.8476970895733258,0.1695394179146651,0.1695394179146651,0.6781576716586606,4.91664311952529,75.0,70.0,Right Center Forward,Forward,True,12.048192771084338,20.48192771084337,66.26506024096386,57.831325301204814,63.85542168674698,57.831325301204814,69.87951807228916,90.36144578313254,75.90361445783132,46.98795180722892,68.67469879518072,43.373493975903614,13.253012048192772,18.072289156626507,95.18072289156626,69.87951807228916,95.18072289156626,97.59036144578312,93.97590361445783,32.93,59.84,78.71,47.59,89.16,61.65,0
19597,595.89,329.0,250.0,6.0,0.0,1.0,22.0,4.0,0.0,0.137219389,257.0,1360.2434569280645,11.0,4.0,82.0,16.0,3.0,8.0,17.0,30.0,Marcos Javier Acuña,49.69037909681317,37.7586467301012,0.9062075215224288,0.0,0.1510345869204047,3.322760912248905,0.6041383476816191,0.0,0.0207248737350853,38.815888838544026,205.4438086283136,1.6613804561244525,0.6041383476816191,12.384836127473193,2.4165533907264765,0.4531037607612143,1.2082766953632382,2.5675879776468813,4.531037607612143,75.98784194528876,36.36363636363637,Left Back,Full Back,True,37.24832214765101,40.939597315436245,63.758389261744966,59.06040268456376,51.006711409395976,30.87248322147651,72.48322147651007,63.08724832214765,62.41610738255034,58.38926174496645,75.16778523489933,8.053691275167784,20.13422818791946,83.89261744966443,77.18120805369128,65.1006711409396,33.89261744966443,67.11409395973155,87.91946308724832,47.32,46.98,66.0,53.8,63.51,55.52,1
19677,351.7,138.0,121.0,3.0,0.0,0.0,3.0,11.0,4.0,2.523310791,124.0,635.2587134471129,13.0,6.0,33.0,1.0,2.0,1.0,4.0,17.0,Karim Benzema,35.314188228603925,30.96388967870344,0.7676997441000852,0.0,0.0,0.7676997441000852,2.814899061700313,1.0235996588001135,0.6457150161785613,31.731589422803527,162.56265058356598,3.32669889110037,1.5353994882001705,8.444697185100939,0.2558999147000284,0.5117998294000569,0.2558999147000284,1.0235996588001135,4.350298549900483,87.68115942028986,46.15384615384615,Center Forward,Forward,True,98.79518072289156,90.36144578313254,69.87951807228916,90.36144578313254,96.3855421686747,100.0,89.1566265060241,74.69879518072288,86.74698795180723,4.819277108433735,16.867469879518072,84.33734939759037,21.686746987951807,44.57831325301205,91.56626506024097,51.80722891566265,27.710843373493976,29.518072289156628,62.65060240963856,86.35,95.58,83.53,43.98,42.92,70.47,0
20004,962.19,591.0,489.0,16.0,1.0,10.0,4.0,16.0,3.0,1.5684967725,557.0,3107.561553492139,25.0,17.0,213.0,20.0,12.0,13.0,10.0,51.0,Paul Pogba,55.280142175661766,45.73940697783182,1.49658591338509,0.0935366195865681,0.9353661958656811,0.3741464783462725,1.49658591338509,0.2806098587597044,0.1467118859320924,52.099897109718455,290.6708028708389,2.338415489664204,1.5901225329716584,19.923299971939013,1.8707323917313623,1.1224394350388176,1.2159760546253855,0.9353661958656811,4.770367598914975,82.74111675126903,68.0,Right Defensive Midfield,Defensive Midfielder,True,91.0891089108911,81.1881188118812,80.19801980198021,68.31683168316832,63.366336633663366,31.683168316831683,85.14851485148515,86.13861386138613,98.01980198019804,81.1881188118812,52.47524752475248,58.415841584158414,43.56435643564357,7.920792079207921,61.38613861386138,96.03960396039604,78.21782178217822,99.009900990099,53.46534653465347,84.16,54.46,89.77,50.83,81.68,72.18,1
20005,1230.96,1019.0,910.0,0.0,2.0,6.0,2.0,7.0,0.0,0.423968878,853.0,4580.775997596201,1.0,0.0,75.0,9.0,7.0,50.0,25.0,37.0,Toby Alderweireld,74.50282706180542,66.53343731721583,0.0,0.1462273347631117,0.4386820042893351,0.1462273347631117,0.511795671670891,0.0,0.0309979195262234,62.365958276467154,334.9173326376633,0.0731136673815558,0.0,5.483525053616689,0.6580230064340027,0.511795671670891,3.655683369077793,1.8278416845388965,2.7052056931175668,89.30323846908735,0.0,Right Center Back,Centre Back,True,34.023668639053255,42.01183431952663,60.946745562130175,94.67455621301777,92.89940828402366,63.905325443786985,95.85798816568048,92.89940828402366,22.7810650887574,28.99408284023669,17.159763313609467,14.792899408284024,43.19526627218935,62.721893491124256,56.213017751479285,19.230769230769237,94.0828402366864,97.63313609467455,62.1301775147929,45.66,83.83,70.51,37.18,68.27,61.09,1
20016,1573.35,1142.0,1008.0,1.0,0.0,8.0,3.0,8.0,2.0,0.834452026,913.0,4578.026587465984,5.0,4.0,116.0,26.0,25.0,68.0,26.0,69.0,Kléper Laveran Lima Ferreira,65.32557917818669,57.66040613976547,0.0572027838688149,0.0,0.4576222709505196,0.1716083516064448,0.4576222709505196,0.1144055677376299,0.0477329788921727,52.22614167222805,261.8758654285052,0.2860139193440748,0.2288111354752598,6.635522928782534,1.4872723805891883,1.4300695967203738,3.8897893030794166,1.4872723805891883,3.946992086948232,88.2661996497373,80.0,Right Center Back,Centre Back,True,76.92307692307693,52.66272189349112,54.4378698224852,84.61538461538461,82.24852071005917,58.57988165680473,86.3905325443787,75.7396449704142,65.68047337278107,50.29585798816568,69.8224852071006,73.37278106508876,48.5207100591716,42.60355029585799,88.75739644970415,39.05325443786983,44.67455621301775,98.22485207100593,67.45562130177515,61.34,75.15,75.94,62.23,62.35,67.4,1
20201,379.98,141.0,94.0,0.0,0.0,0.0,0.0,0.0,0.0,0.0,91.0,311.7674526335552,0.0,0.0,0.0,0.0,0.0,0.0,0.0,19.0,Maarten Stekelenburg,33.39649455234486,22.26432970156324,0.0,0.0,0.0,0.0,0.0,0.0,0.0,21.55376598768356,73.84354633670185,0.0,0.0,0.0,0.0,0.0,0.0,0.0,4.500236854571293,66.66666666666666,0.0,Goalkeeper,Goalkeeper,True,50.0,49.28571428571429,49.28571428571429,85.71428571428571,74.28571428571429,38.57142857142858,95.71428571428572,61.42857142857143,45.0,30.714285714285715,50.0,50.71428571428571,38.57142857142858,45.71428571428572,82.85714285714286,46.42857142857143,50.0,47.85714285714286,50.0,49.52,66.19,67.38,49.76,48.57,56.29,2
20572,1114.76,726.0,658.0,1.0,0.0,0.0,2.0,1.0,0.0,0.084791526,582.0,3106.059940779145,2.0,2.0,107.0,23.0,17.0,42.0,20.0,30.0,Cristian Gabriel Romero,58.61351322257706,53.12354228712907,0.0807348666977645,0.0,0.0,0.161469733395529,0.0807348666977645,0.0,0.00684563254871,46.987692418098966,250.76733527407072,0.161469733395529,0.161469733395529,8.638630736660806,1.8569019340485844,1.3724927338619972,3.3908644013061107,1.6146973339552908,2.4220460009329363,90.633608815427,100.0,Right Center Back,Centre Back,True,34.023668639053255,18.93491124260355,14.792899408284024,74.55621301775149,76.33136094674556,73.37278106508876,79.88165680473372,72.18934911242604,55.62130177514793,74.55621301775149,84.61538461538461,71.00591715976331,33.72781065088758,50.88757396449704,42.01183431952663,42.60355029585799,44.67455621301775,30.17751479289941,65.08875739644971,22.58,74.75,69.23,59.47,45.64,54.33,1
20611,330.05,53.0,39.0,1.0,0.0,1.0,1.0,8.0,1.0,0.6622403509999999,57.0,379.1041628265735,6.0,4.0,31.0,0.0,1.0,3.0,3.0,9.0,Boulaye Dia,14.452355703681262,10.63475231025602,0.2726859566732313,0.0,0.2726859566732313,0.2726859566732313,2.1814876533858505,0.2726859566732313,0.1805836436600514,15.543099530374183,103.37638131916864,1.636115740039388,1.0907438266929252,8.453264656870171,0.0,0.2726859566732313,0.818057870019694,0.818057870019694,2.454173610059082,73.58490566037736,66.66666666666666,Center Forward,Forward,True,39.75903614457831,18.072289156626507,45.78313253012048,10.843373493975903,13.253012048192772,48.19277108433735,26.506024096385545,39.75903614457831,65.06024096385542,6.024096385542169,4.216867469879518,60.24096385542169,59.036144578313255,26.506024096385545,37.34939759036144,14.457831325301203,27.710843373493976,83.13253012048193,19.27710843373494,34.54,24.1,43.78,32.23,36.14,34.16,0
20687,303.84000000000003,88.0,65.0,4.0,0.0,0.0,3.0,5.0,0.0,0.661967284,85.0,534.8804155810069,5.0,1.0,29.0,6.0,4.0,4.0,7.0,11.0,Nicolás Iván González,26.06635071090048,19.253554502369667,1.1848341232227486,0.0,0.0,0.8886255924170615,1.481042654028436,0.0,0.1960803566350711,25.17772511848341,158.43614205598544,1.481042654028436,0.2962085308056871,8.590047393364927,1.777251184834123,1.1848341232227486,1.1848341232227486,2.0734597156398102,3.258293838862559,73.86363636363636,20.0,Left Midfield,Midfielder,True,26.05633802816901,78.87323943661971,69.01408450704226,7.042253521126761,11.267605633802818,15.492957746478872,14.084507042253522,21.12676056338028,21.12676056338028,2.8169014084507045,63.38028169014085,70.4225352112676,70.4225352112676,61.97183098591549,23.943661971830984,66.19718309859155,32.3943661971831,27.464788732394368,61.97183098591549,57.98,11.27,18.78,48.83,47.01,36.77,0
20750,1023.31,295.0,196.0,21.0,1.0,2.0,35.0,18.0,6.0,1.447307735,283.0,2138.490577558901,25.0,14.0,126.0,17.0,13.0,13.0,18.0,37.0,Cody Mathès Gakpo,25.94521699191838,17.23817806920679,1.846947650272156,0.0879498881081979,0.1758997762163958,3.0782460837869268,1.5830979859475622,0.5276993286491873,0.1272905533513793,24.889818334620006,188.08000701674084,2.1987472027049475,1.2312984335147703,11.081685901632936,1.495148097839364,1.1433485454065728,1.1433485454065728,1.5830979859475622,3.254145860003322,66.44067796610169,56.00000000000001,Left Wing,Winger,True,89.24731182795699,35.483870967741936,35.483870967741936,33.33333333333333,23.655913978494624,10.75268817204301,21.50537634408602,33.33333333333333,46.236559139784944,11.827956989247312,66.66666666666666,82.79569892473118,93.5483870967742,59.13978494623656,36.55913978494624,82.79569892473118,49.46236559139785,53.76344086021505,83.87096774193549,53.41,22.58,33.69,58.42,67.47,47.11,0
20758,602.04,251.0,202.0,7.0,1.0,3.0,13.0,5.0,0.0,0.217227497,186.0,1350.7819955894215,10.0,3.0,94.0,15.0,5.0,9.0,8.0,22.0,Krépin Diatta,37.52242375921866,30.19732908112418,1.0464420968706398,0.1494917281243771,0.4484751843731314,1.9433924656169024,0.7474586406218856,0.0,0.0324737139226629,27.805461431134145,201.93073483995727,1.4949172812437712,0.4484751843731314,14.05222244369145,2.2423759218656567,0.7474586406218856,1.3454255531193942,1.195933824995017,3.2888180187362965,80.47808764940238,30.0,Right Back,Full Back,True,37.24832214765101,51.006711409395976,70.46979865771812,18.12080536912752,24.16107382550336,59.73154362416108,25.503355704697988,61.74496644295302,46.30872483221477,73.15436241610739,63.758389261744966,26.174496644295303,28.85906040268457,15.436241610738255,40.939597315436245,75.16778523489933,77.85234899328859,93.95973154362416,55.70469798657718,52.91,34.0,44.52,41.39,75.67,49.7,1
20827,422.1,229.0,191.0,3.0,0.0,0.0,8.0,0.0,0.0,0.0,166.0,676.5762269325551,3.0,0.0,48.0,11.0,12.0,9.0,10.0,14.0,Vitalii Mykolenko,48.82729211087421,40.72494669509594,0.6396588486140725,0.0,0.0,1.7057569296375266,0.0,0.0,0.0,35.39445628997868,144.25932343977718,0.6396588486140725,0.0,10.23454157782516,2.345415778251599,2.55863539445629,1.9189765458422168,2.132196162046908,2.985074626865672,83.4061135371179,0.0,Left Back,Full Back,True,37.24832214765101,5.369127516778524,5.369127516778524,53.69127516778524,63.08724832214765,71.14093959731544,53.69127516778524,22.818791946308725,6.375838926174497,32.88590604026846,69.79865771812081,96.64429530201345,48.32214765100672,65.77181208053692,28.85906040268457,46.97986577181208,33.89261744966443,29.86577181208054,48.99328859060403,16.0,62.64,27.63,57.05,39.93,40.65,1
21026,420.04,206.0,168.0,3.0,0.0,2.0,3.0,6.0,1.0,0.2679993549999999,164.0,978.4974247789704,3.0,1.0,47.0,9.0,2.0,9.0,4.0,28.0,Pape Gueye,44.13865346157508,35.996571755070946,0.6427959241976955,0.0,0.4285306161317969,0.6427959241976955,1.285591848395391,0.2142653080658984,0.057422964360537,35.13951052280735,209.6580521619544,0.6427959241976955,0.2142653080658984,10.070469479097229,1.9283877725930865,0.4285306161317969,1.9283877725930865,0.8570612322635939,5.999428625845158,81.55339805825243,33.33333333333333,Center Defensive Midfield,Defensive Midfielder,True,84.15841584158416,55.44554455445545,75.24752475247524,41.58415841584159,35.64356435643564,22.77227722772277,41.58415841584159,57.42574257425742,17.82178217821782,4.950495049504951,55.44554455445545,10.891089108910892,80.19801980198021,5.9405940594059405,85.14851485148515,58.415841584158414,35.64356435643564,83.16831683168317,72.27722772277228,71.62,33.33,38.94,40.43,62.38,49.34,1
21294,549.87,354.0,318.0,5.0,1.0,3.0,4.0,4.0,1.0,0.377357992,314.0,2016.6312913305464,4.0,3.0,182.0,12.0,6.0,2.0,15.0,26.0,Mykola Shaparenko,57.94096786513176,52.0486660483387,0.8183752523323695,0.1636750504664739,0.4910251513994216,0.6547002018658956,0.6547002018658956,0.1636750504664739,0.0617640883845272,51.3939658464728,330.07222838079764,0.6547002018658956,0.4910251513994216,29.78885918489825,1.9641006055976864,0.9820503027988432,0.3273501009329478,2.4551257569971083,4.255551312128321,89.83050847457628,75.0,Right Center Midfield,Midfielder,True,64.7887323943662,36.61971830985916,22.53521126760564,84.50704225352112,84.50704225352112,84.50704225352112,84.50704225352112,85.91549295774648,32.3943661971831,97.1830985915493,76.05633802816901,60.56338028169014,23.943661971830984,84.50704225352112,53.52112676056338,46.478873239436616,77.46478873239437,83.09859154929578,43.66197183098591,41.31,84.51,67.61,65.96,62.68,64.41,1
21532,403.1,153.0,120.0,0.0,0.0,0.0,0.0,0.0,0.0,0.0,96.0,344.7385932103756,1.0,1.0,1.0,0.0,0.0,1.0,0.0,18.0,Daniel Bachmann,34.16025800049616,26.79235921607541,0.0,0.0,0.0,0.0,0.0,0.0,0.0,21.43388737286033,76.96966854114066,0.2232696601339617,0.2232696601339617,0.2232696601339617,0.0,0.0,0.2232696601339617,0.0,4.018853882411312,78.43137254901961,100.0,Goalkeeper,Goalkeeper,True,50.0,49.28571428571429,49.28571428571429,91.42857142857144,90.0,78.57142857142857,94.28571428571428,68.57142857142857,98.57142857142858,90.0,50.0,50.71428571428571,95.71428571428572,45.71428571428572,65.71428571428571,46.42857142857143,50.0,47.85714285714286,50.0,49.52,86.67,87.14,66.31,48.57,67.64,2
21582,517.4,270.0,249.0,2.0,0.0,3.0,2.0,10.0,0.0,0.63312077,251.0,1940.818547024624,7.0,2.0,50.0,7.0,3.0,6.0,10.0,22.0,Tijjani Reijnders,46.9655972168535,43.31271743332045,0.3478933127174333,0.0,0.52183996907615,0.3478933127174333,1.739466563587167,0.0,0.110129241012756,43.66061074603788,337.598896853916,1.2176265945110167,0.3478933127174333,8.697332817935834,1.2176265945110167,0.52183996907615,1.0436799381523,1.739466563587167,3.826826439891767,92.22222222222224,28.57142857142857,Left Defensive Midfield,Defensive Midfielder,True,33.16831683168317,73.26732673267327,89.10891089108911,47.52475247524752,55.44554455445545,91.0891089108911,65.34653465346535,93.06930693069307,39.6039603960396,2.9702970297029703,16.831683168316832,16.831683168316832,37.62376237623762,53.46534653465347,33.663366336633665,31.683168316831683,35.64356435643564,88.11881188118812,51.48514851485149,65.18,64.69,66.01,26.9,51.73,54.9,1
21809,568.8,425.0,389.0,0.0,0.0,1.0,0.0,1.0,0.0,0.025061166,359.0,1723.3172855396056,9.0,6.0,101.0,21.0,8.0,23.0,10.0,26.0,Jurriën David Norman Timber,67.24683544303798,61.55063291139241,0.0,0.0,0.1582278481012658,0.0,0.1582278481012658,0.0,0.0039653743670886,56.80379746835444,272.6767856866465,1.4240506329113924,0.949367088607595,15.981012658227847,3.3227848101265822,1.2658227848101269,3.639240506329114,1.5822784810126584,4.113924050632911,91.52941176470588,66.66666666666666,Right Center Back,Centre Back,True,34.023668639053255,15.976331360946746,17.75147928994083,86.98224852071006,88.75739644970415,79.28994082840237,90.53254437869822,80.4733727810651,98.22485207100593,100.0,98.22485207100593,65.08875739644971,42.60355029585799,49.11242603550296,92.3076923076923,19.230769230769237,44.67455621301775,74.55621301775149,26.035502958579883,22.58,85.01,89.74,74.56,41.12,62.6,1
21881,307.57,201.0,174.0,2.0,1.0,0.0,8.0,6.0,0.0,0.2518676686,184.0,1312.2931447175988,8.0,4.0,43.0,5.0,3.0,8.0,8.0,17.0,Sergino Dest,58.81587931202653,50.91523880742596,0.5852326299704133,0.2926163149852066,0.0,2.340930519881653,1.7556978899112397,0.0,0.0737005890496472,53.841401957278016,383.99838418761226,2.340930519881653,1.1704652599408265,12.582501544363886,1.463081574926033,0.8778489449556198,2.340930519881653,2.340930519881653,4.974477354748513,86.56716417910447,50.0,Right Back,Full Back,True,37.24832214765101,71.81208053691275,98.65771812080536,85.90604026845638,87.91946308724832,89.26174496644296,93.95973154362416,100.0,89.26174496644296,60.40268456375839,30.2013422818792,36.91275167785235,65.77181208053692,75.16778523489933,87.91946308724832,42.28187919463088,95.3020134228188,29.86577181208054,68.45637583892618,69.24,87.7,94.41,59.4,58.98,73.94,1
22074,351.3,132.0,115.0,3.0,1.0,0.0,0.0,1.0,0.0,0.025420392,101.0,619.7854985994289,0.0,0.0,101.0,10.0,7.0,9.0,9.0,16.0,Joseff Morrell,33.81725021349274,29.46199829205807,0.7685738684884713,0.2561912894961571,0.0,0.0,0.2561912894961571,0.0,0.0065124830059777,25.875320239111872,158.7836460972064,0.0,0.0,25.875320239111872,2.561912894961571,1.7933390264731,2.3057216054654144,2.3057216054654144,4.0990606319385146,87.12121212121212,0.0,Right Center Midfield,Midfielder,True,26.05633802816901,4.225352112676056,4.225352112676056,25.352112676056336,35.2112676056338,70.4225352112676,18.30985915492958,22.53521126760564,2.112676056338028,90.14084507042254,92.95774647887325,94.3661971830986,94.3661971830986,78.87323943661971,47.88732394366197,42.25352112676056,95.77464788732394,27.464788732394368,4.929577464788732,11.5,43.66,14.32,83.1,42.61,39.04,1
22084,1218.49,468.0,376.0,13.0,0.0,0.0,34.0,17.0,5.0,2.663456206,493.0,3468.1009498052463,31.0,16.0,176.0,18.0,6.0,10.0,20.0,56.0,Bukayo Saka,34.56737437319962,27.772078556245845,0.9602048436999892,0.0,0.0,2.511304975830741,1.2556524879153708,0.3693095552692267,0.1967279653833843,36.41392214954575,256.16056388027164,2.289719242669205,1.181790576861525,12.999696345476778,1.329514398969216,0.443171466323072,0.7386191105384534,1.4772382210769068,4.136267019015339,80.34188034188034,51.61290322580645,Right Wing,Winger,True,75.26881720430107,51.61290322580645,20.43010752688172,69.89247311827957,73.11827956989248,76.34408602150538,70.96774193548387,74.19354838709677,41.935483870967744,33.33333333333333,60.215053763440864,36.55913978494624,79.56989247311827,53.76344086021505,59.13978494623656,38.70967741935484,24.193548387096776,20.43010752688172,69.89247311827957,49.1,73.12,62.37,53.76,38.31,55.33,0
22097,424.53,77.0,55.0,1.0,0.0,0.0,4.0,8.0,3.0,2.501301429,84.0,560.2476344992668,11.0,4.0,117.0,11.0,2.0,4.0,4.0,10.0,Randal Kolo Muani,16.32393470426118,11.65995336018656,0.2119991520033919,0.0,0.0,0.8479966080135678,1.6959932160271356,0.635997456010176,0.5302737818528727,17.807928768284924,118.77202342575086,2.331990672037312,0.8479966080135678,24.803900784396863,2.331990672037312,0.4239983040067839,0.8479966080135678,0.8479966080135678,2.11999152003392,71.42857142857143,36.36363636363637,Center Forward,Forward,True,72.28915662650603,78.3132530120482,16.867469879518072,20.48192771084337,21.686746987951807,40.963855421686745,39.75903614457831,51.80722891566265,55.42168674698795,93.97590361445783,100.0,78.3132530120482,61.44578313253012,30.120481927710845,26.506024096385545,4.819277108433735,27.710843373493976,29.518072289156628,69.87951807228916,55.82,27.71,49.0,65.06,32.98,46.11,0
22128,461.71,351.0,325.0,1.0,0.0,1.0,0.0,3.0,0.0,0.295916775,294.0,1738.99880760378,0.0,0.0,22.0,4.0,1.0,11.0,6.0,12.0,Robin Aime Robert Le Normand,68.41957072621341,63.351454376123534,0.1949275519265339,0.0,0.1949275519265339,0.0,0.5847826557796019,0.0,0.0576823325247449,57.30870026640098,338.97878036936646,0.0,0.0,4.288406142383747,0.7797102077061359,0.1949275519265339,2.1442030711918734,1.1695653115592035,2.3391306231184075,92.5925925925926,0.0,Right Center Back,Centre Back,True,34.023668639053255,59.76331360946746,70.41420118343196,89.3491124260355,89.94082840236686,86.98224852071006,91.1242603550296,94.67455621301777,22.7810650887574,7.100591715976331,24.2603550295858,2.9585798816568047,5.9171597633136095,27.2189349112426,38.46153846153847,59.171597633136095,44.67455621301775,79.28994082840237,26.035502958579883,54.73,88.76,69.53,17.65,52.29,56.59,1
22243,497.69,145.0,103.0,0.0,0.0,0.0,0.0,0.0,0.0,0.0,68.0,278.5981070594243,0.0,0.0,1.0,0.0,0.0,1.0,0.0,17.0,Heorhii Bushchan,26.22114167453636,18.62605236191204,0.0,0.0,0.0,0.0,0.0,0.0,0.0,12.29681126805843,50.38041679629526,0.0,0.0,0.1808354598243886,0.0,0.0,0.1808354598243886,0.0,3.074202817014608,71.03448275862068,0.0,Goalkeeper,Goalkeeper,True,50.0,49.28571428571429,49.28571428571429,41.42857142857143,52.85714285714286,61.42857142857143,44.285714285714285,22.857142857142858,45.0,81.42857142857143,50.0,50.71428571428571,92.85714285714286,45.71428571428572,22.857142857142858,46.42857142857143,50.0,47.85714285714286,50.0,49.52,51.9,37.38,57.26,48.57,48.93,2
22293,386.92,163.0,135.0,1.0,0.0,0.0,0.0,1.0,0.0,0.06809473,109.0,476.4303075415668,0.0,0.0,28.0,7.0,3.0,22.0,12.0,10.0,Harry Souttar,37.91481443192392,31.40184017367931,0.2326062235087356,0.0,0.0,0.0,0.2326062235087356,0.0,0.015839257986147,25.354078362452185,110.82065460234936,0.0,0.0,6.512974258244599,1.6282435645611495,0.6978186705262069,5.117336917192184,2.791274682104828,2.3260622350873565,82.82208588957054,0.0,Right Center Back,Centre Back,True,34.023668639053255,27.2189349112426,27.810650887573964,24.85207100591716,25.44378698224852,26.035502958579883,20.710059171597635,10.059171597633137,22.7810650887574,47.92899408284024,74.55621301775149,26.627218934911244,75.7396449704142,94.0828402366864,37.8698224852071,65.68047337278107,44.67455621301775,30.17751479289941,26.035502958579883,29.68,25.44,17.85,59.47,41.64,34.82,1
22600,619.82,347.0,284.0,8.0,1.0,7.0,4.0,15.0,2.0,2.917482796,271.0,986.3351342642592,9.0,3.0,132.0,23.0,5.0,8.0,11.0,26.0,Lucas Tolentino Coelho de Lima,50.38559581814074,41.237778709948046,1.161627569294311,0.1452034461617888,1.0164241231325222,0.5808137846471555,2.178051692426833,0.2904068923235777,0.4236285560969313,39.35013390984479,143.2192605656212,1.3068310154561,0.4356103384853667,19.16685489335613,3.339679261721145,0.7260172308089445,1.161627569294311,1.597237907779678,3.775289600206511,81.84438040345822,33.33333333333333,Right Defensive Midfield,Defensive Midfielder,True,94.05940594059405,99.009900990099,95.04950495049503,58.415841584158414,51.48514851485149,24.752475247524757,55.44554455445545,18.81188118811881,51.48514851485149,76.23762376237624,94.05940594059405,29.7029702970297,41.58415841584159,42.57425742574257,32.67326732673268,89.10891089108911,84.15841584158416,100.0,68.31683168316832,96.04,44.88,41.91,52.81,85.4,64.21,0
23331,510.65,312.0,285.0,0.0,0.0,0.0,0.0,2.0,0.0,0.25937209,250.0,1350.185023924435,0.0,0.0,31.0,5.0,2.0,43.0,8.0,11.0,Boubakar Kouyate,54.98873984137864,50.23009889356703,0.0,0.0,0.0,0.0,0.3524919220601195,0.0,0.0457132832664251,44.06149025751493,237.96465710995625,0.0,0.0,5.463624791931852,0.8812298051502987,0.3524919220601195,7.578576324292569,1.409967688240478,1.938705571330657,91.34615384615384,0.0,Right Center Back,Centre Back,True,34.023668639053255,51.4792899408284,46.15384615384615,65.68047337278107,69.8224852071006,78.10650887573965,72.18934911242604,66.27218934911244,22.7810650887574,27.810650887573964,29.585798816568047,8.284023668639055,97.63313609467455,39.64497041420118,18.93491124260355,19.230769230769237,44.67455621301775,30.17751479289941,26.035502958579883,43.89,71.2,53.75,36.98,30.03,47.17,1
23363,336.5,91.0,68.0,1.0,0.0,0.0,3.0,6.0,0.0,0.962323191,94.0,886.6078343561812,15.0,4.0,69.0,3.0,0.0,3.0,8.0,10.0,Liam Millar,24.338781575037142,18.18722139673105,0.2674591381872214,0.0,0.0,0.8023774145616641,1.6047548291233282,0.0,0.2573821313224368,25.14115898959881,237.1313672869429,4.011887072808321,1.0698365527488856,18.454680534918275,0.8023774145616641,0.0,0.8023774145616641,2.139673105497771,2.674591381872214,74.72527472527473,26.666666666666668,Left Wing,Winger,True,17.741935483870968,63.44086021505376,38.70967741935484,26.881720430107524,26.881720430107524,45.16129032258064,25.806451612903224,59.13978494623656,34.40860215053764,73.11827956989248,32.25806451612903,3.763440860215054,82.79569892473118,88.17204301075269,17.20430107526882,6.451612903225806,24.193548387096776,20.43010752688172,13.978494623655912,39.96,32.97,39.78,49.55,16.26,35.71,0
23444,342.33,153.0,135.0,0.0,0.0,0.0,2.0,1.0,0.0,0.036789197,129.0,798.0040041010459,4.0,3.0,62.0,4.0,11.0,5.0,6.0,15.0,Kristoffer Olsson,40.22434493033038,35.49206905617387,0.0,0.0,0.0,0.5258084304618351,0.2629042152309175,0.0,0.0096720349662606,33.914643764788366,209.7986164493153,1.0516168609236702,0.7887126456927526,16.300061344316887,1.0516168609236702,2.891946367540093,1.3145210761545876,1.5774252913855051,3.943563228463763,88.23529411764706,75.0,Right Defensive Midfield,Defensive Midfielder,True,33.16831683168317,15.84158415841584,15.84158415841584,26.73267326732673,34.65346534653465,67.32673267326733,37.62376237623762,58.415841584158414,81.1881188118812,51.48514851485149,10.891089108910892,99.009900990099,50.495049504950494,38.613861386138616,36.63366336633664,3.4653465346534658,35.64356435643564,19.306930693069308,66.33663366336634,21.62,42.9,59.08,47.85,31.19,40.53,1
23527,349.84000000000003,98.0,63.0,3.0,1.0,0.0,7.0,2.0,0.0,0.11059656,78.0,648.761704393049,6.0,3.0,46.0,5.0,5.0,6.0,9.0,15.0,Junya Ito,25.21152526869426,16.20740910130345,0.7717813857763548,0.2572604619254516,0.0,1.800823233478161,0.5145209238509032,0.0,0.0284521221129659,20.066316030185224,166.90073575169905,1.5435627715527096,0.7717813857763548,11.833981248570774,1.286302309627258,1.286302309627258,1.5435627715527096,2.3153441573290645,3.858906928881774,64.28571428571429,50.0,Right Wing Back,Full Back,True,37.24832214765101,46.97986577181208,52.348993288590606,2.013422818791946,0.6711409395973155,5.369127516778524,4.026845637583892,44.29530201342282,73.15436241610739,51.67785234899329,22.818791946308725,64.42953020134227,37.58389261744966,73.15436241610739,60.40268456375839,56.375838926174495,91.2751677852349,29.86577181208054,53.69127516778524,45.53,2.68,40.49,51.68,57.8,39.64,0
23558,470.22,236.0,207.0,2.0,0.0,1.0,2.0,6.0,2.0,0.86157894,178.0,878.1985654442171,0.0,0.0,63.0,7.0,17.0,39.0,15.0,14.0,Merih Demiral,45.17034579558505,39.61975245629706,0.3827995406405513,0.0,0.1913997703202756,0.3827995406405513,1.1483986219216538,0.3827995406405513,0.1649060112287865,34.06915911700906,168.08700372161871,0.0,0.0,12.058185530177363,1.3397983922419294,3.2537960954446854,7.464591042490749,2.8709965548041345,2.679596784483859,87.71186440677965,0.0,Right Center Back,Centre Back,True,98.22485207100593,88.75739644970415,95.85798816568048,46.15384615384615,48.5207100591716,54.4378698224852,48.5207100591716,35.50295857988166,22.7810650887574,94.67455621301777,56.213017751479285,100.0,95.85798816568048,95.85798816568048,55.62130177514793,86.3905325443787,44.67455621301775,78.10650887573965,88.16568047337277,94.28,49.7,35.6,83.04,74.33,67.39,1
23559,365.83,126.0,101.0,3.0,3.0,2.0,2.0,2.0,0.0,0.05297129,112.0,569.893114211764,2.0,0.0,52.0,2.0,0.0,0.0,7.0,14.0,José Ndong Machín Dicombo,30.99800453762677,24.84760681190717,0.7380477270863517,0.7380477270863517,0.4920318180575677,0.4920318180575677,0.4920318180575677,0.0,0.0130317800617773,27.5537818112238,140.20277254205166,0.4920318180575677,0.0,12.792827269496762,0.4920318180575677,0.0,0.0,1.7221113632014873,3.4442227264029746,80.15873015873017,0.0,Center Attacking Midfield,Attacking Midfielder,True,18.421052631578945,5.263157894736842,5.263157894736842,21.052631578947366,34.21052631578947,69.73684210526315,21.052631578947366,10.526315789473683,3.947368421052632,21.052631578947366,7.894736842105263,5.263157894736842,14.473684210526317,60.526315789473685,26.31578947368421,23.684210526315788,97.36842105263158,84.21052631578947,18.421052631578945,9.65,41.67,11.84,22.59,55.92,28.33,0
23615,380.2,189.0,146.0,4.0,0.0,0.0,7.0,0.0,0.0,0.0,131.0,544.6722210348561,2.0,0.0,55.0,10.0,7.0,17.0,7.0,16.0,Gideon Mensah,44.73961073119411,34.560757496054705,0.9468700683850604,0.0,0.0,1.6570226196738558,0.0,0.0,0.0,31.00999473961073,128.93345579467925,0.4734350341925302,0.0,13.01946344029458,2.367175170962651,1.6570226196738558,4.024197790636507,1.6570226196738558,3.787480273540242,77.24867724867724,0.0,Left Back,Full Back,True,37.24832214765101,5.369127516778524,5.369127516778524,40.26845637583892,40.939597315436245,36.91275167785235,36.91275167785235,14.76510067114094,6.375838926174497,65.1006711409396,71.81208053691275,81.20805369127517,96.64429530201345,37.58389261744966,57.04697986577181,71.81208053691275,33.89261744966443,29.86577181208054,45.63758389261745,16.0,39.37,19.35,68.23,45.3,37.65,1
23640,742.66,194.0,156.0,6.0,0.0,2.0,2.0,18.0,4.0,3.716103876,188.0,1130.3496305193437,12.0,4.0,147.0,7.0,0.0,2.0,8.0,35.0,Jonathan David,23.510085368809413,18.905017100692103,0.7271160423343119,0.0,0.2423720141114373,0.2423720141114373,2.181348127002936,0.4847440282228746,0.4503397905367194,22.782969326475104,136.9825582995461,1.454232084668624,0.4847440282228746,17.81434303719064,0.8483020493900304,0.0,0.2423720141114373,0.9694880564457492,4.241510246950153,80.41237113402062,33.33333333333333,Right Center Forward,Forward,True,61.44578313253012,71.08433734939759,44.57831325301205,67.46987951807229,75.90361445783132,83.13253012048193,67.46987951807229,66.26506024096386,31.32530120481928,73.49397590361446,69.87951807228916,16.867469879518072,19.27710843373494,40.963855421686745,89.1566265060241,49.39759036144578,27.710843373493976,78.3132530120482,18.072289156626507,59.04,75.5,55.02,51.61,43.37,56.91,0
23649,568.33,143.0,120.0,3.0,1.0,1.0,2.0,17.0,3.0,1.7362492055,128.0,801.9048044387933,7.0,3.0,113.0,4.0,2.0,3.0,3.0,9.0,Roman Yaremchuk,22.645294107296817,19.003044006123204,0.4750761001530801,0.1583587000510266,0.1583587000510266,0.3167174001020533,2.692097900867453,0.4750761001530801,0.2749501671476079,20.26991360653141,126.9886023956001,1.1085109003571867,0.4750761001530801,17.894533105766016,0.6334348002041067,0.3167174001020533,0.4750761001530801,0.4750761001530801,1.42522830045924,83.91608391608392,42.85714285714285,Center Forward,Forward,True,60.24096385542169,30.120481927710845,65.06024096385542,62.65060240963856,77.10843373493977,95.18072289156626,53.01204819277109,59.036144578313255,30.120481927710845,75.90361445783132,46.98795180722892,67.46987951807229,39.75903614457831,10.843373493975903,9.63855421686747,27.710843373493976,71.08433734939759,66.26506024096386,26.506024096385545,51.81,78.31,47.39,41.77,47.89,53.43,0
23650,519.2,192.0,151.0,11.0,0.0,2.0,17.0,8.0,0.0,0.4490249859999999,278.0,2807.5923794376577,50.0,28.0,75.0,6.0,1.0,0.0,4.0,35.0,Jeremy Doku,33.281972265023114,26.174884437596297,1.906779661016949,0.0,0.3466872110939907,2.9468412942989213,1.3867488443759628,0.0,0.0778356100539291,48.18952234206471,486.6781859579915,8.667180277349768,4.85362095531587,13.000770416024652,1.0400616332819723,0.1733436055469953,0.0,0.6933744221879814,6.067026194144837,78.64583333333334,56.00000000000001,Left Wing,Winger,True,17.741935483870968,13.978494623655912,29.03225806451613,60.215053763440864,66.66666666666666,65.59139784946237,94.6236559139785,98.9247311827957,100.0,34.40860215053764,44.08602150537634,11.827956989247312,9.13978494623656,12.903225806451612,98.9247311827957,86.02150537634408,24.193548387096776,78.49462365591397,80.64516129032258,20.25,64.16,97.85,35.22,67.34,56.96,0
23721,329.52,187.0,153.0,4.0,0.0,1.0,0.0,6.0,0.0,0.1814009069999999,150.0,627.2467265066944,3.0,1.0,70.0,5.0,4.0,11.0,10.0,25.0,Wataru Endo,51.07428987618354,41.78805535324109,1.0924981791697013,0.0,0.2731245447924253,0.0,1.638747268754552,0.0,0.049545040149308,40.968681718863806,171.31647664967983,0.8193736343772761,0.2731245447924253,19.118718135469774,1.3656227239621268,1.0924981791697013,3.0043699927166787,2.7312454479242536,6.828113619810634,81.81818181818183,33.33333333333333,Right Defensive Midfield,Defensive Midfielder,True,33.16831683168317,49.50495049504951,85.14851485148515,59.4059405940594,53.46534653465347,23.76237623762376,59.4059405940594,33.663366336633665,30.69306930693069,75.24752475247524,24.752475247524757,55.44554455445545,98.01980198019804,91.0891089108911,96.03960396039604,88.11881188118812,35.64356435643564,72.27722772277228,10.891089108910892,55.94,45.54,41.25,73.43,51.73,53.58,1
23758,513.85,147.0,104.0,0.0,0.0,0.0,0.0,0.0,0.0,0.0,64.0,291.89009288897137,0.0,0.0,1.0,0.0,0.0,0.0,0.0,22.0,Maxime Crépeau,25.746813272355748,18.215432519217668,0.0,0.0,0.0,0.0,0.0,0.0,0.0,11.209496934903182,51.12407971199265,0.0,0.0,0.1751483896078622,0.0,0.0,0.0,0.0,3.8532645713729687,70.74829931972789,0.0,Goalkeeper,Goalkeeper,True,50.0,49.28571428571429,49.28571428571429,38.57142857142858,50.0,58.57142857142858,38.57142857142858,24.285714285714285,45.0,78.57142857142857,50.0,50.71428571428571,38.57142857142858,45.71428571428572,60.0,46.42857142857143,50.0,47.85714285714286,50.0,49.52,49.05,35.95,53.93,48.57,47.4,2
23760,522.28,183.0,149.0,2.0,0.0,0.0,0.0,1.0,0.0,0.042415738,129.0,610.4445492903772,0.0,0.0,37.0,8.0,8.0,28.0,11.0,12.0,Derek Cornelius,31.53480891475837,25.67588266830053,0.3446427203798729,0.0,0.0,0.0,0.1723213601899364,0.0,0.0073091376656199,22.229455464501804,105.19263505425047,0.0,0.0,6.375890327027649,1.3785708815194917,1.3785708815194917,4.824998085318221,1.8955349620893007,2.067856322279237,81.4207650273224,0.0,Left Center Back,Centre Back,True,34.023668639053255,20.118343195266277,18.93491124260355,12.42603550295858,13.017751479289942,18.93491124260355,12.42603550295858,8.875739644970414,22.7810650887574,46.74556213017752,60.35502958579882,71.59763313609467,69.8224852071006,66.86390532544378,24.85207100591716,84.61538461538461,44.67455621301775,30.17751479289941,26.035502958579883,24.36,14.79,14.69,56.71,46.38,31.39,1
23763,360.11,247.0,199.0,3.0,0.0,1.0,5.0,6.0,0.0,0.1977482769999999,206.0,1046.6642477003406,4.0,1.0,51.0,4.0,3.0,7.0,5.0,27.0,In-Beom Hwang,61.73113770792258,49.7348032545611,0.749770903335092,0.0,0.2499236344450306,1.2496181722251534,1.499541806670184,0.0,0.0494219680930826,51.48426869567632,261.58613282894294,0.9996945377801228,0.2499236344450306,12.746105356696566,0.9996945377801228,0.749770903335092,1.7494654411152148,1.2496181722251534,6.747938130015828,80.5668016194332,25.0,Left Defensive Midfield,Defensive Midfielder,True,33.16831683168317,48.51485148514851,81.1881188118812,81.1881188118812,73.26732673267327,17.82178217821782,84.15841584158416,74.25742574257426,27.72277227722773,22.77227722772277,7.920792079207921,32.67326732673268,69.3069306930693,22.77227722772277,95.04950495049503,70.29702970297029,35.64356435643564,69.3069306930693,95.04950495049503,54.29,57.43,62.05,41.75,67.57,56.62,1
23774,616.13,134.0,106.0,3.0,0.0,2.0,1.0,3.0,0.0,0.187052526,136.0,745.3457720809582,12.0,6.0,146.0,15.0,13.0,4.0,16.0,21.0,Selim Amallah,19.573791245354062,15.483745313489036,0.4382192069855387,0.0,0.2921461379903592,0.1460730689951796,0.4382192069855387,0.0,0.0273233365361206,19.865937383344423,108.8749443904472,1.752876827942155,0.8764384139710775,21.32666807329622,2.1910960349276936,1.8989498969373348,0.5842922759807184,2.3371691039228737,3.0675344488987712,79.1044776119403,50.0,Left Center Midfield,Midfielder,True,26.05633802816901,16.901408450704224,14.084507042253522,2.8169014084507045,2.8169014084507045,29.577464788732392,4.225352112676056,2.8169014084507045,56.33802816901409,81.69014084507043,85.91549295774648,97.1830985915493,40.845070422535215,80.28169014084507,16.901408450704224,16.901408450704224,32.3943661971831,77.46478873239437,14.084507042253522,19.01,11.74,21.13,67.14,35.21,30.85,1
23785,448.75,108.0,82.0,8.0,0.0,3.0,8.0,10.0,0.0,0.603812033,115.0,961.3990720836524,9.0,5.0,54.0,6.0,0.0,2.0,3.0,21.0,Théo Bongonda Mbul'Ofeko Batombo,21.66016713091922,16.445682451253482,1.6044568245125348,0.0,0.6016713091922006,1.6044568245125348,2.0055710306406684,0.0,0.1210987921337047,23.064066852367688,192.81541278557933,1.8050139275766013,1.0027855153203342,10.83008356545961,1.2033426183844012,0.0,0.4011142061281337,0.6016713091922006,4.211699164345404,75.92592592592592,55.55555555555556,Center Attacking Midfield,Attacking Midfielder,True,18.421052631578945,47.368421052631575,68.42105263157895,7.894736842105263,7.894736842105263,36.84210526315789,7.894736842105263,42.10526315789473,60.526315789473685,2.631578947368421,31.57894736842105,5.263157894736842,57.89473684210527,13.157894736842104,44.73684210526316,73.68421052631578,19.73684210526316,92.10526315789474,55.26315789473685,44.74,17.54,36.84,25.88,60.2,37.04,0
23828,340.8,230.0,207.0,0.0,0.0,0.0,0.0,0.0,0.0,0.0,179.0,719.9360960279145,2.0,2.0,21.0,7.0,9.0,16.0,1.0,14.0,Kamal Miller,60.73943661971831,54.66549295774648,0.0,0.0,0.0,0.0,0.0,0.0,0.0,47.27112676056338,190.12396902145628,0.528169014084507,0.528169014084507,5.545774647887324,1.8485915492957743,2.376760563380281,4.225352112676056,0.2640845070422535,3.697183098591549,90.0,100.0,Left Center Back,Centre Back,True,34.023668639053255,7.396449704142012,7.396449704142012,79.88165680473372,79.88165680473372,68.04733727810651,80.4733727810651,46.74556213017752,94.0828402366864,30.76923076923077,83.4319526627219,97.63313609467455,57.98816568047337,1.7751479289940828,84.61538461538461,19.230769230769237,44.67455621301775,30.17751479289941,26.035502958579883,16.27,75.94,73.77,59.37,30.03,51.07,1
23892,377.07,67.0,50.0,4.0,0.0,0.0,4.0,12.0,1.0,0.516851424,89.0,733.9657234765873,13.0,10.0,69.0,6.0,2.0,1.0,5.0,24.0,Aboubakary Koita,15.991725674277983,11.934123637520884,0.9547298910016708,0.0,0.0,0.9547298910016708,2.8641896730050123,0.2386824727504177,0.1233633759248945,21.24274007478717,175.18475379344116,3.10287214575543,2.3868247275041767,16.46909061977882,1.432094836502506,0.4773649455008354,0.2386824727504177,1.1934123637520884,5.7283793460100245,74.6268656716418,76.92307692307693,Center Attacking Midfield,Attacking Midfielder,True,68.42105263157895,52.63157894736842,97.36842105263158,2.631578947368421,2.631578947368421,28.947368421052637,5.263157894736842,34.21052631578947,92.10526315789474,42.10526315789473,50.0,31.57894736842105,44.73684210526316,34.21052631578947,92.10526315789474,39.47368421052632,19.73684210526316,9.210526315789473,34.21052631578947,72.81,11.4,43.86,49.12,25.66,40.57,0
23910,397.57,137.0,98.0,7.0,0.0,1.0,7.0,15.0,0.0,1.302369928,125.0,954.6735826913216,9.0,7.0,50.0,4.0,3.0,3.0,9.0,17.0,Youssef Msakni,31.0134064441482,22.18477249289433,1.5846266066353096,0.0,0.2263752295193299,1.5846266066353096,3.395628442789949,0.0,0.2948242913700732,28.29690368991624,216.11445139778888,2.0373770656739696,1.5846266066353096,11.3187614759665,0.9055009180773198,0.6791256885579898,0.6791256885579898,2.0373770656739696,3.848378901828609,71.53284671532847,77.77777777777779,Left Wing,Winger,True,17.741935483870968,75.26881720430107,94.6236559139785,52.68817204301075,45.16129032258064,25.806451612903224,38.70967741935484,45.16129032258064,64.51612903225806,17.20430107526882,38.70967741935484,56.98924731182796,77.41935483870968,82.79569892473118,49.46236559139785,75.26881720430107,24.193548387096776,61.29032258064516,36.55913978494624,62.54,41.22,49.46,53.76,49.33,51.26,0
24024,382.83,111.0,77.0,4.0,1.0,0.0,12.0,7.0,0.0,1.005919293,143.0,1353.3892530577443,26.0,13.0,59.0,3.0,4.0,1.0,7.0,20.0,Tajon Buchanan,26.095133610218635,18.10202962150301,0.940365175143014,0.2350912937857535,0.0,2.821095525429042,1.6456390565002743,0.0,0.2364828680354204,33.61805501136275,318.17003049707967,6.11237363842959,3.056186819214795,13.870386333359455,0.7052738813572605,0.940365175143014,0.2350912937857535,1.6456390565002743,4.70182587571507,69.36936936936937,50.0,Right Midfield,Midfielder,True,26.05633802816901,85.91549295774648,78.87323943661971,8.450704225352112,8.450704225352112,7.042253521126761,46.478873239436616,84.50704225352112,97.1830985915493,21.12676056338028,7.042253521126761,54.929577464788736,18.30985915492958,50.70422535211267,67.6056338028169,54.929577464788736,88.73239436619718,27.464788732394368,95.77464788732394,63.62,7.98,76.06,36.62,66.73,50.2,0
24105,345.61,170.0,158.0,0.0,0.0,0.0,0.0,0.0,0.0,0.0,130.0,981.9850257236698,1.0,1.0,17.0,0.0,4.0,9.0,8.0,12.0,Dylan Batubinsika,44.26955238563699,41.144642805474376,0.0,0.0,0.0,0.0,0.0,0.0,0.0,33.85318711842829,255.71786787167696,0.2604091316802175,0.2604091316802175,4.426955238563698,0.0,1.0416365267208705,2.3436821851219585,2.0832730534417405,3.124909580162611,92.94117647058825,100.0,Left Center Back,Centre Back,True,34.023668639053255,7.396449704142012,7.396449704142012,42.60355029585799,50.88757396449704,88.75739644970415,47.33727810650888,74.55621301775149,73.96449704142012,10.059171597633137,0.591715976331361,47.33727810650888,9.467455621301776,73.37278106508876,71.00591715976331,19.230769230769237,44.67455621301775,30.17751479289941,26.035502958579883,16.27,60.75,65.29,35.31,30.03,41.53,1
24443,527.67,210.0,160.0,8.0,1.0,0.0,9.0,10.0,2.0,0.7254410269999999,225.0,1099.097902756234,13.0,5.0,94.0,10.0,12.0,2.0,9.0,31.0,Mikkel Damsgaard,35.81784069588948,27.289783387344364,1.3644891693672183,0.1705611461709023,0.0,1.5350503155381203,1.7056114617090228,0.3411222923418046,0.1237320530445164,38.37625788845301,187.46339804813817,2.21729490022173,0.8528057308545114,16.032747740064814,1.7056114617090228,2.046733754050828,0.3411222923418046,1.5350503155381203,5.287395531297971,76.19047619047619,38.46153846153847,Left Wing,Winger,True,70.96774193548387,33.33333333333333,44.08602150537634,76.34408602150538,69.89247311827957,52.68817204301075,77.41935483870968,32.25806451612903,23.655913978494624,55.91397849462365,76.34408602150538,98.9247311827957,49.46236559139785,56.98924731182796,88.17204301075269,62.36559139784946,61.29032258064516,20.43010752688172,35.483870967741936,49.46,66.31,44.44,70.97,44.89,55.22,0
24467,632.85,196.0,162.0,2.0,0.0,1.0,4.0,6.0,0.0,0.358742458,154.0,1003.600772563586,5.0,2.0,141.0,22.0,12.0,12.0,10.0,34.0,Frank Onyeka,27.87390376866556,23.038634747570512,0.2844275894761792,0.0,0.1422137947380896,0.5688551789523584,0.8532827684285376,0.0,0.0510181262858497,21.9009243896658,142.72587426834596,0.711068973690448,0.2844275894761792,20.052145058070632,3.128703484237971,1.7065655368570751,1.7065655368570751,1.422137947380896,4.835269021095046,82.6530612244898,40.0,Right Defensive Midfield,Defensive Midfielder,True,33.16831683168317,52.47524752475248,49.50495049504951,2.9702970297029703,5.9405940594059405,28.71287128712871,5.9405940594059405,17.82178217821782,34.65346534653465,82.17821782178217,91.0891089108911,85.14851485148515,68.31683168316832,29.7029702970297,64.35643564356435,26.73267326732673,35.64356435643564,47.52475247524752,67.32673267326733,45.05,12.54,19.47,70.13,44.31,38.3,1
24547,344.98,215.0,167.0,2.0,0.0,0.0,9.0,4.0,0.0,0.297468181,153.0,571.9671612643065,4.0,4.0,56.0,10.0,3.0,11.0,4.0,15.0,Alexander Hartmann Bah,56.09020812800742,43.56774305756856,0.5217693779349527,0.0,0.0,2.347962200707287,1.0435387558699054,0.0,0.0776048938779059,39.91535741202388,149.217474966049,1.0435387558699054,1.0435387558699054,14.609542582178676,2.608846889674764,0.782654066902429,2.86973157864224,1.0435387558699054,3.913270334512145,77.67441860465117,100.0,Right Wing Back,Full Back,True,37.24832214765101,73.8255033557047,85.23489932885906,81.20805369127517,74.49664429530202,40.939597315436245,76.51006711409396,28.187919463087248,85.90604026845638,79.19463087248322,84.56375838926175,28.85906040268457,82.5503355704698,6.711409395973154,61.74496644295302,36.91275167785235,33.89261744966443,29.86577181208054,69.12751677852349,65.44,65.55,63.53,57.27,42.45,58.85,1
24778,346.85,190.0,170.0,5.0,0.0,1.0,2.0,2.0,0.0,0.257998171,167.0,795.540387826115,5.0,2.0,75.0,16.0,3.0,11.0,19.0,22.0,Eduardo Camavinga,49.30085051174859,44.111287299985584,1.2973908029407524,0.0,0.2594781605881505,0.518956321176301,0.518956321176301,0.0,0.0669448908461871,43.332852818221134,206.42535650670416,1.2973908029407524,0.518956321176301,19.460862044111284,4.151650569410408,0.7784344817644515,2.854259766469656,4.930085051174859,5.708519532939311,89.47368421052632,40.0,Left Back,Full Back,True,37.24832214765101,69.12751677852349,53.69127516778524,55.70469798657718,76.51006711409396,97.31543624161074,86.57718120805369,63.758389261744966,55.70469798657718,96.64429530201345,99.32885906040268,28.187919463087248,80.53691275167785,100.0,93.95973154362416,87.24832214765101,33.89261744966443,83.89261744966443,7.38255033557047,53.36,76.51,68.68,83.11,53.1,66.95,1
24861,371.47,124.0,102.0,2.0,0.0,0.0,2.0,3.0,0.0,0.1346145329999999,75.0,720.3953018253106,5.0,1.0,49.0,8.0,5.0,7.0,11.0,10.0,Andrei Florin Ratiu,30.04280291813605,24.712628206853854,0.4845613373892912,0.0,0.0,0.4845613373892912,0.7268420060839369,0.0,0.0326144990712574,18.17105015209842,174.53785545071733,1.211403343473228,0.2422806686946456,11.871752766037636,1.938245349557165,1.211403343473228,1.6959646808625195,2.6650873556411017,2.422806686946456,82.25806451612904,20.0,Right Back,Full Back,True,37.24832214765101,51.67785234899329,69.12751677852349,4.697986577181208,10.738255033557047,67.78523489932886,2.013422818791946,49.66442953020135,26.845637583892614,52.348993288590606,50.33557046979866,60.40268456375839,41.61073825503356,86.57718120805369,10.06711409395973,33.557046979865774,33.89261744966443,29.86577181208054,6.04026845637584,52.68,27.74,26.17,50.22,25.84,36.53,1
24977,557.56,200.0,147.0,6.0,1.0,5.0,8.0,11.0,2.0,1.815103949,208.0,1494.9100623244333,25.0,11.0,167.0,12.0,3.0,4.0,8.0,25.0,Christoph Baumgartner,32.28352105602985,23.72838797618194,0.9685056316808954,0.1614176052801492,0.8070880264007462,1.2913408422411938,1.7755936580816414,0.3228352105602984,0.2929897327821221,33.57486189827104,241.30480236960864,4.035440132003731,1.7755936580816414,26.95674008178492,1.9370112633617909,0.4842528158404477,0.6456704211205969,1.2913408422411938,4.035440132003731,73.5,44.0,Center Attacking Midfield,Attacking Midfielder,True,86.8421052631579,81.57894736842105,60.526315789473685,26.31578947368421,26.31578947368421,21.052631578947366,50.0,71.05263157894737,86.8421052631579,94.73684210526316,86.8421052631579,34.21052631578947,76.31578947368422,42.10526315789473,39.47368421052632,42.10526315789473,57.89473684210527,94.73684210526316,44.73684210526316,76.32,24.56,69.3,62.28,59.87,58.46,0
25036,380.24,172.0,125.0,2.0,0.0,0.0,7.0,1.0,0.0,0.012979693,123.0,610.8079985420486,7.0,1.0,40.0,9.0,4.0,4.0,9.0,19.0,Otar Kakabadze,40.71112981274984,29.58657689880076,0.4733852303808121,0.0,0.0,1.6568483063328423,0.236692615190406,0.0,0.0030721974805386,29.113191668419944,144.5737425541352,1.6568483063328423,0.236692615190406,9.46770460761624,2.1302335367136545,0.9467704607616242,0.9467704607616242,2.1302335367136545,4.497159688617716,72.67441860465115,14.285714285714285,Right Wing Back,Full Back,True,37.24832214765101,12.751677852348994,22.818791946308725,26.174496644295303,22.14765100671141,16.10738255033557,30.87248322147651,24.16107382550336,25.503355704697988,23.48993288590604,60.40268456375839,44.966442953020135,12.751677852348994,64.42953020134227,75.16778523489933,32.21476510067114,33.89261744966443,29.86577181208054,44.966442953020135,24.27,21.48,26.85,46.87,35.23,30.94,1
25104,535.08,225.0,176.0,9.0,1.0,2.0,10.0,17.0,0.0,2.148674198,225.0,1741.5641299034455,23.0,7.0,98.0,8.0,7.0,1.0,12.0,18.0,Rodrygo Silva de Goes,37.84480825297151,29.60305001121328,1.5137923301188605,0.1681991477909845,0.336398295581969,1.681991477909845,2.8593855124467367,0.0,0.361405168984077,37.84480825297151,292.92960247310697,3.868580399192644,1.1773940345368916,16.483516483516482,1.3455931823278762,1.1773940345368916,0.1681991477909845,2.018389773491814,3.027584660237721,78.22222222222223,30.434782608695656,Center Forward,Forward,True,12.048192771084338,46.98795180722892,71.08433734939759,93.97590361445783,92.7710843373494,72.28915662650603,95.18072289156626,96.3855421686747,73.49397590361446,62.65060240963856,87.95180722891565,96.3855421686747,12.048192771084338,93.97590361445783,51.80722891566265,90.36144578313254,74.69879518072288,89.1566265060241,90.36144578313254,43.37,86.35,88.35,67.47,86.14,74.34,0
25142,422.65,280.0,253.0,3.0,0.0,3.0,1.0,11.0,0.0,0.985595847,233.0,1489.7439094294225,5.0,3.0,77.0,12.0,2.0,2.0,6.0,37.0,Bruno Guimarães Rodriguez Moura,59.62380220040223,53.87436413107772,0.6388264521471667,0.0,0.6388264521471667,0.2129421507157222,2.3423636578729448,0.0,0.2098748993966639,49.61552111676328,317.2292720895493,1.0647107535786111,0.6388264521471667,16.396545605110614,2.555305808588667,0.4258843014314444,0.4258843014314444,1.2776529042943334,7.878859576481722,90.35714285714286,60.0,Right Defensive Midfield,Defensive Midfielder,True,33.16831683168317,89.10891089108911,96.03960396039604,77.22772277227723,79.20792079207921,84.15841584158416,77.22772277227723,91.0891089108911,71.28712871287128,52.47524752475248,80.19801980198021,9.9009900990099,5.9405940594059405,23.76237623762376,99.009900990099,57.42574257425742,35.64356435643564,93.06930693069307,33.663366336633665,72.77,80.2,79.87,45.21,54.95,66.6,1
25719,416.02,113.0,69.0,0.0,0.0,0.0,0.0,0.0,0.0,0.0,48.0,156.19843510851473,0.0,0.0,1.0,0.0,0.0,0.0,0.0,14.0,Shūichi Gonda,24.445940099033702,14.927166963126773,0.0,0.0,0.0,0.0,0.0,0.0,0.0,10.384116148262104,33.791306090491624,0.0,0.0,0.2163357530887938,0.0,0.0,0.0,0.0,3.0287005432431138,61.06194690265486,0.0,Goalkeeper,Goalkeeper,True,50.0,49.28571428571429,49.28571428571429,32.857142857142854,24.285714285714285,24.285714285714285,22.857142857142858,1.4285714285714286,45.0,85.71428571428571,50.0,50.71428571428571,38.57142857142858,45.71428571428572,20.0,46.42857142857143,50.0,47.85714285714286,50.0,49.52,27.14,23.1,48.45,48.57,39.36,2
26152,396.42,95.0,43.0,7.0,1.0,0.0,20.0,5.0,1.0,0.333211425,89.0,781.4242113984526,13.0,5.0,82.0,7.0,0.0,2.0,9.0,11.0,Jacob Shaffelburg,21.568033903435747,9.762373240502498,1.5892235507794763,0.2270319358256394,0.0,4.540638716512789,1.1351596791281973,0.2270319358256394,0.0756496348569698,20.20584228848191,177.4082514148144,2.951415165733313,1.1351596791281973,18.616618737702435,1.5892235507794763,0.0,0.4540638716512788,2.043287422430755,2.497351294082034,45.26315789473684,38.46153846153847,Left Wing,Winger,True,55.91397849462365,12.903225806451612,12.903225806451612,13.978494623655912,1.0752688172043012,1.0752688172043012,7.526881720430108,27.956989247311824,39.784946236559136,76.34408602150538,72.04301075268818,3.763440860215054,60.215053763440864,83.87096774193549,13.978494623655912,76.34408602150538,74.19354838709677,20.43010752688172,97.8494623655914,27.24,5.38,25.09,51.7,67.2,35.32,0
26368,529.94,346.0,287.0,2.0,1.0,1.0,1.0,4.0,0.0,0.241740552,248.0,1683.311557027934,2.0,2.0,29.0,7.0,5.0,32.0,5.0,19.0,César Jasib Montes Castro,58.76136921160886,48.74136694720156,0.3396610937087217,0.1698305468543608,0.1698305468543608,0.1698305468543608,0.6793221874174434,0.0,0.041054930143035,42.11797561988149,285.87772225631966,0.3396610937087217,0.3396610937087217,4.925085858776464,1.188813827980526,0.8491527342718044,5.434577499339548,0.8491527342718044,3.2267803902328565,82.94797687861272,100.0,Right Center Back,Centre Back,True,34.023668639053255,49.70414201183432,74.55621301775149,76.33136094674556,67.45562130177515,28.402366863905325,66.86390532544378,84.61538461538461,82.24852071005917,17.159763313609467,46.74556213017752,36.68639053254438,82.84023668639054,9.467455621301776,73.37278106508876,83.4319526627219,97.63313609467455,76.33136094674556,66.86390532544378,52.76,57.4,77.91,44.38,81.07,62.7,1
26406,474.0,250.0,197.0,3.0,0.0,1.0,9.0,4.0,0.0,0.1500537504,166.0,1039.4651643679094,11.0,5.0,61.0,8.0,13.0,10.0,14.0,22.0,Jorge Eduardo Sánchez Ramos,47.46835443037975,37.40506329113924,0.569620253164557,0.0,0.1898734177215189,1.7088607594936709,0.7594936708860759,0.0,0.0284912184303797,31.51898734177216,197.36680336099548,2.088607594936709,0.9493670886075948,11.58227848101266,1.5189873417721518,2.468354430379747,1.8987341772151896,2.6582278481012658,4.177215189873418,78.8,45.45454545454545,Right Back,Full Back,True,37.24832214765101,47.651006711409394,71.81208053691275,51.006711409395976,48.32214765100672,48.99328859060403,38.92617449664429,59.06040268456376,83.22147651006712,47.651006711409394,32.88590604026846,95.9731543624161,46.97986577181208,85.90604026845638,67.78523489932886,41.61073825503356,33.89261744966443,69.79865771812081,50.33557046979866,52.24,49.44,60.4,62.86,48.91,54.77,1
26875,411.65,152.0,131.0,0.0,0.0,0.0,1.0,1.0,0.0,0.18266396,113.0,582.1619218799309,1.0,1.0,31.0,1.0,11.0,43.0,5.0,8.0,Marcus Andreas Danielsson,33.23211466051257,28.64083566136281,0.0,0.0,0.0,0.2186323332928458,0.2186323332928458,0.0,0.039936247783311,24.705453662091585,127.27941933485675,0.2186323332928458,0.2186323332928458,6.777602332078223,0.2186323332928458,2.404955666221305,9.401190331592373,1.0931616664642294,1.749058666342767,86.18421052631578,100.0,Left Center Back,Centre Back,True,34.023668639053255,47.92899408284024,23.66863905325444,14.792899408284024,17.159763313609467,45.5621301775148,15.976331360946746,18.34319526627219,62.721893491124256,51.4792899408284,1.7751479289940828,98.22485207100593,100.0,19.526627218934912,14.792899408284024,19.230769230769237,44.67455621301775,30.17751479289941,70.41420118343196,35.21,25.84,32.35,47.63,41.12,36.43,1
27133,336.65,145.0,129.0,0.0,0.0,0.0,0.0,2.0,0.0,0.0504639449999999,118.0,1043.9581082667294,0.0,0.0,19.0,4.0,2.0,10.0,3.0,11.0,Odilon Kossonou,38.764295262141694,34.486855784939856,0.0,0.0,0.0,0.0,0.5346799346502302,0.0,0.0134910294073963,31.546116144363587,279.09172655281645,0.0,0.0,5.079459379177187,1.0693598693004605,0.5346799346502302,2.673399673251151,0.8020199019753453,2.9407396405762665,88.96551724137932,0.0,Right Center Back,Centre Back,True,34.023668639053255,24.2603550295858,63.31360946745562,27.2189349112426,31.952662721893493,61.53846153846154,38.46153846153847,84.02366863905326,22.7810650887574,20.118343195266277,40.23668639053255,15.976331360946746,15.976331360946746,6.508875739644971,60.946745562130175,19.230769230769237,44.67455621301775,30.17751479289941,26.035502958579883,40.53,40.24,48.42,26.63,30.03,37.17,1
27158,517.88,132.0,110.0,9.0,0.0,0.0,7.0,9.0,2.0,1.432039936,173.0,1582.7667794909726,24.0,14.0,67.0,4.0,0.0,0.0,6.0,23.0,Luis Fernando Díaz Marulanda,22.939677145284623,19.11639762107052,1.564068896269406,0.0,0.0,1.2164980304317603,1.564068896269406,0.3475708658376458,0.2488676802348034,30.06487989495636,275.06180998336976,4.17085039005175,2.4329960608635206,11.643624005561136,0.6951417316752916,0.0,0.0,1.0427125975129374,3.997064957132927,83.33333333333334,58.333333333333336,Left Center Forward,Forward,True,46.98795180722892,27.710843373493976,12.048192771084338,65.06024096385542,78.3132530120482,93.97590361445783,86.74698795180723,95.18072289156626,92.7710843373494,22.89156626506024,56.62650602409639,16.867469879518072,4.216867469879518,49.39759036144578,81.92771084337349,92.7710843373494,27.710843373493976,29.518072289156628,84.33734939759037,28.92,79.12,91.57,38.65,58.58,59.37,0
27163,383.38,126.0,99.0,0.0,0.0,0.0,0.0,1.0,0.0,0.18427365,75.0,373.0833584100761,2.0,2.0,37.0,8.0,5.0,23.0,15.0,13.0,Juan Pablo Vargas Campos,29.57900777296677,23.24064896447389,0.0,0.0,0.0,0.0,0.2347540299441807,0.0,0.0432589819500234,17.606552245813553,87.5828218918745,0.4695080598883615,0.4695080598883615,8.685899107934686,1.878032239553446,1.1737701497209034,5.399342688716157,3.5213104491627103,3.051802389274349,78.57142857142857,100.0,Center Back,Centre Back,True,34.023668639053255,50.29585798816568,28.402366863905325,9.467455621301776,7.6923076923076925,10.650887573964498,4.733727810650888,4.142011834319527,90.53254437869822,75.14792899408283,85.79881656804734,60.946745562130175,82.24852071005917,99.40828402366864,65.68047337278107,19.230769230769237,44.67455621301775,30.17751479289941,26.035502958579883,37.57,9.27,33.14,78.21,30.03,37.64,1
27225,601.09,214.0,144.0,0.0,0.0,0.0,0.0,0.0,0.0,0.0,96.0,377.80344872266846,0.0,0.0,1.0,0.0,0.0,0.0,1.0,25.0,Camilo Andrés Vargas Gil,32.04179074680996,21.560831156731936,0.0,0.0,0.0,0.0,0.0,0.0,0.0,14.37388743782129,56.56775255792005,0.0,0.0,0.1497279941439717,0.0,0.0,0.0,0.1497279941439717,3.743199853599294,67.28971962616822,0.0,Goalkeeper,Goalkeeper,True,50.0,49.28571428571429,49.28571428571429,80.0,68.57142857142857,44.285714285714285,55.71428571428572,30.0,45.0,75.71428571428571,50.0,50.71428571428571,38.57142857142858,97.14285714285714,51.42857142857142,46.42857142857143,50.0,47.85714285714286,50.0,49.52,64.29,43.57,60.6,48.57,53.31,2
27277,493.91,228.0,210.0,1.0,1.0,1.0,1.0,7.0,0.0,0.208733053,218.0,1193.2714035139709,7.0,3.0,101.0,10.0,3.0,2.0,14.0,42.0,Jhon Adolfo Arias Andrade,41.5460306533579,38.266080864934914,0.1822194326901662,0.1822194326901662,0.1822194326901662,0.1822194326901662,1.2755360288311637,0.0,0.0380352185013464,39.72383632645624,217.43723819371417,1.2755360288311637,0.5466582980704987,18.404162701706788,1.8221943269016625,0.5466582980704987,0.3644388653803325,2.551072057662328,7.6532161729869825,92.10526315789474,42.85714285714285,Left Center Midfield,Midfielder,True,26.05633802816901,28.169014084507044,59.15492957746479,50.70422535211267,64.7887323943662,95.77464788732394,64.7887323943662,53.52112676056338,38.0281690140845,57.74647887323944,69.01408450704226,19.718309859154928,26.76056338028169,85.91549295774648,100.0,4.225352112676056,81.69014084507043,64.7887323943662,18.30985915492958,37.79,70.42,52.11,59.86,42.25,52.49,1
27423,454.07,202.0,179.0,3.0,0.0,0.0,2.0,4.0,2.0,0.6057443129999999,136.0,736.746357464268,4.0,1.0,60.0,18.0,2.0,12.0,9.0,16.0,Daniel Muñoz Mejía,40.0378796220847,35.47911115026317,0.5946219745854163,0.0,0.0,0.3964146497236109,0.7928292994472218,0.3964146497236109,0.1200629598299821,26.95619618120554,146.02852461467202,0.7928292994472218,0.1982073248618054,11.892439491708329,3.567731847512498,0.3964146497236109,2.3784878983416653,1.783865923756249,3.171317197788887,88.61386138613861,25.0,Right Back,Full Back,True,99.32885906040268,84.56375838926175,74.49664429530202,23.48993288590604,44.29530201342282,94.63087248322148,23.48993288590604,26.174496644295303,20.13422818791946,53.02013422818792,96.64429530201345,6.04026845637584,68.45637583892618,46.97986577181208,34.22818791946309,42.95302013422819,33.89261744966443,29.86577181208054,4.697986577181208,86.13,54.14,23.27,50.89,27.85,48.46,1
27719,538.38,330.0,256.0,1.0,0.0,0.0,3.0,2.0,1.0,0.177865885,269.0,1609.4634589650389,6.0,6.0,80.0,16.0,7.0,26.0,11.0,26.0,Strahinja Pavlović,55.1654964894684,42.79505182213307,0.1671681711802073,0.0,0.0,0.5015045135406219,0.3343363423604146,0.1671681711802073,0.029733514710799,44.968238047475765,269.05106301655616,1.0030090270812435,1.0030090270812435,13.373453694416582,2.6746907388833168,1.170177198261451,4.346372450685389,1.83884988298228,4.346372450685389,77.57575757575758,100.0,Left Center Back,Centre Back,True,84.61538461538461,40.82840236686391,44.37869822485207,66.27218934911244,53.25443786982249,7.100591715976331,75.14792899408283,79.28994082840237,98.81656804733728,97.63313609467455,94.67455621301777,60.35502958579882,61.53846153846154,64.49704142011834,93.49112426035504,52.66272189349112,44.67455621301775,30.17751479289941,91.1242603550296,56.61,42.21,84.42,78.7,54.66,63.32,1
27768,821.91,482.0,434.0,3.0,0.0,2.0,1.0,6.0,1.0,0.90900597,384.0,2059.2289169385745,2.0,1.0,55.0,14.0,10.0,24.0,9.0,19.0,Lisandro Martínez,52.77950140526335,47.523451472789,0.3285031207796474,0.0,0.2190020805197649,0.1095010402598824,0.6570062415592948,0.1095010402598824,0.0995370993174435,42.04839945979487,225.48770853800505,0.2190020805197649,0.1095010402598824,6.022557214293537,1.5330145636383548,1.0950104025988248,2.628024966237179,0.9855093623389422,2.080519764937767,90.04149377593362,50.0,Left Center Back,Centre Back,True,75.7396449704142,77.51479289940828,72.18934911242604,60.946745562130175,64.49704142011834,68.63905325443787,66.27218934911244,60.35502958579882,50.29585798816568,42.60355029585799,71.00591715976331,50.88757396449704,15.384615384615383,16.56804733727811,26.035502958579883,81.65680473372781,44.67455621301775,81.06508875739645,57.98816568047337,75.15,64.69,58.97,37.08,66.35,60.45,1
27886,1051.4,489.0,440.0,10.0,3.0,0.0,4.0,14.0,2.0,1.910395487,423.0,2214.986877833336,11.0,8.0,155.0,23.0,8.0,10.0,33.0,50.0,Alexis Mac Allister,41.85847441506562,37.66406695834126,0.8560015217804832,0.2568004565341449,0.0,0.3424006087121932,1.1984021304926764,0.1712003043560966,0.1635301444074567,36.208864371314434,189.6032138149137,0.9416016739585314,0.6848012174243865,13.268023587597488,1.9688035000951112,0.6848012174243865,0.8560015217804832,2.8248050218755942,4.280007608902415,89.97955010224949,72.72727272727273,Left Center Midfield,Midfielder,True,67.6056338028169,71.83098591549296,53.52112676056338,53.52112676056338,61.97183098591549,87.32394366197182,61.97183098591549,36.61971830985916,47.88732394366197,19.718309859154928,77.46478873239437,26.76056338028169,56.33802816901409,92.95774647887325,56.33802816901409,49.29577464788733,97.1830985915493,27.464788732394368,30.985915492957744,64.32,67.61,48.83,54.93,51.23,57.38,1
28032,335.01,90.0,69.0,3.0,0.0,0.0,4.0,5.0,3.0,0.876865226,74.0,355.05546953903263,3.0,0.0,53.0,2.0,2.0,4.0,4.0,9.0,Ivan Schranz,24.178382734843733,18.53676009671353,0.8059460911614579,0.0,0.0,1.074594788215277,1.3432434852690964,0.8059460911614579,0.2355687004567028,19.880003581982628,95.38518927349314,0.8059460911614579,0.0,14.238380943852423,0.5372973941076387,0.5372973941076387,1.074594788215277,1.074594788215277,2.417838273484373,76.66666666666667,0.0,Right Wing,Winger,True,97.8494623655914,58.06451612903226,25.806451612903224,22.58064516129032,31.18279569892473,53.76344086021505,3.225806451612903,2.1505376344086025,1.6129032258064515,43.01075268817204,15.053763440860216,45.16129032258064,92.47311827956987,34.40860215053764,11.827956989247312,32.25806451612903,24.193548387096776,20.43010752688172,22.58064516129032,60.57,35.84,2.33,40.32,24.87,32.79,0
28242,376.7,149.0,84.0,0.0,0.0,0.0,0.0,0.0,0.0,0.0,65.0,544.8167665540327,0.0,0.0,0.0,0.0,0.0,0.0,0.0,21.0,Florin Constantin Niţă,35.598619591186626,20.069020440668968,0.0,0.0,0.0,0.0,0.0,0.0,0.0,15.529599150517654,130.1659383856197,0.0,0.0,0.0,0.0,0.0,0.0,0.0,5.017255110167242,56.375838926174495,0.0,Goalkeeper,Goalkeeper,True,50.0,49.28571428571429,49.28571428571429,94.28571428571428,62.85714285714285,14.285714285714285,70.0,100.0,45.0,30.714285714285715,50.0,50.71428571428571,38.57142857142858,45.71428571428572,90.0,46.42857142857143,50.0,47.85714285714286,50.0,49.52,57.14,71.67,50.95,48.57,55.57,2
28263,428.25,236.0,201.0,5.0,0.0,0.0,4.0,4.0,3.0,2.371104363,167.0,785.2227854417652,4.0,0.0,41.0,4.0,3.0,7.0,10.0,8.0,Gonzalo Ariel Montiel,49.597197898423815,42.2416812609457,1.0507880910683012,0.0,0.0,0.840630472854641,0.840630472854641,0.6304728546409808,0.498305645464098,35.09632224168126,165.02055035553732,0.840630472854641,0.0,8.61646234676007,0.840630472854641,0.6304728546409808,1.4711033274956218,2.1015761821366024,1.681260945709282,85.16949152542372,0.0,Right Back,Full Back,True,100.0,100.0,77.85234899328859,57.71812080536913,69.79865771812081,83.22147651006712,52.348993288590606,42.28187919463088,6.375838926174497,12.751677852348994,4.697986577181208,18.79194630872483,32.88590604026846,61.74496644295302,0.6711409395973155,75.83892617449665,33.89261744966443,29.86577181208054,15.436241610738255,92.62,70.25,33.67,21.92,38.76,51.44,0
28415,494.29,175.0,155.0,0.0,0.0,0.0,1.0,3.0,0.0,0.101846467,124.0,462.81157676943167,0.0,0.0,94.0,7.0,0.0,7.0,9.0,17.0,Charles Pickel,31.86388557324648,28.22229865058973,0.0,0.0,0.0,0.182079346132837,0.546238038398511,0.0,0.0185441381172995,22.57783892047179,84.26842928088541,0.0,0.0,17.115458536486678,1.274555422929859,0.0,1.274555422929859,1.6387141151955331,3.0953488842582293,88.57142857142857,0.0,Right Defensive Midfield,Defensive Midfielder,True,33.16831683168317,22.77227722772277,33.663366336633665,10.891089108910892,12.871287128712872,69.3069306930693,8.91089108910891,2.9702970297029703,5.445544554455446,57.42574257425742,18.81188118811881,1.4851485148514851,46.53465346534654,46.53465346534654,11.88118811881188,3.4653465346534658,35.64356435643564,19.306930693069308,28.71287128712871,29.87,31.02,5.78,30.45,21.78,23.78,1
28559,536.1800000000001,76.0,56.0,5.0,0.0,0.0,7.0,13.0,3.0,2.813788821,107.0,817.8607957836275,8.0,3.0,69.0,3.0,2.0,3.0,10.0,23.0,Enner Remberto Valencia Lastra,12.756909992912828,9.399828415830504,0.8392703942705807,0.0,0.0,1.174978551978813,2.1821030251035096,0.5035622365623484,0.4723059306389645,17.960386437390426,137.2812705071552,1.342832630832929,0.5035622365623484,11.581931440934012,0.5035622365623484,0.3357081577082322,0.5035622365623484,1.6785407885411614,3.860643813644671,73.68421052631578,37.5,Center Forward,Forward,True,63.85542168674698,73.49397590361446,46.98795180722892,6.024096385542169,7.228915662650602,49.39759036144578,40.963855421686745,67.46987951807229,34.93975903614458,20.48192771084337,36.14457831325301,72.28915662650603,40.963855421686745,83.13253012048193,79.51807228915662,55.42168674698795,27.710843373493976,29.518072289156628,81.92771084337349,61.45,20.88,47.79,55.42,48.64,46.84,0
28567,503.81,248.0,235.0,0.0,0.0,0.0,0.0,3.0,0.0,0.320038437,187.0,817.7127085235364,0.0,0.0,47.0,10.0,3.0,9.0,2.0,10.0,Carlos Eccehomo Cuesta Figueroa,44.302415593179965,41.98011154998908,0.0,0.0,0.0,0.0,0.535916317659435,0.0,0.057171273555507,33.40545046743812,146.0751945517522,0.0,0.0,8.396022309997818,1.7863877255314502,0.535916317659435,1.6077489529783051,0.35727754510629,1.7863877255314502,94.75806451612904,0.0,Left Center Back,Centre Back,True,34.023668639053255,59.171597633136095,63.905325443786985,43.19526627218935,52.071005917159766,98.22485207100593,44.37869822485207,27.810650887573964,22.7810650887574,72.18934911242604,81.65680473372781,16.56804733727811,1.7751479289940828,2.9585798816568047,15.976331360946746,19.230769230769237,44.67455621301775,30.17751479289941,26.035502958579883,52.37,64.5,31.66,31.85,30.03,42.08,1
28729,411.69,187.0,135.0,12.0,2.0,2.0,10.0,6.0,0.0,0.220358691,154.0,752.5284129859056,3.0,2.0,84.0,7.0,4.0,2.0,5.0,13.0,Diego Nicolás De La Cruz Arcosa,40.880273992567226,29.51249726736137,2.623333090432121,0.4372221817386869,0.4372221817386869,2.1861109086934345,1.3116665452160603,0.0,0.0481728538220505,33.66610799387889,164.51105727302462,0.6558332726080303,0.4372221817386869,18.36333163302485,1.530277636085404,0.8744443634773738,0.4372221817386869,1.0930554543467172,2.8419441813014643,72.19251336898395,66.66666666666666,Center Attacking Midfield,Attacking Midfielder,True,18.421052631578945,13.157894736842104,39.47368421052632,63.1578947368421,60.526315789473685,15.789473684210526,52.63157894736842,26.31578947368421,23.684210526315788,60.526315789473685,57.89473684210527,65.78947368421053,60.526315789473685,23.684210526315788,10.526315789473683,92.10526315789474,89.47368421052632,76.31578947368422,73.68421052631578,23.68,46.49,34.21,46.49,82.89,46.75,0
28825,565.59,279.0,205.0,8.0,0.0,1.0,16.0,17.0,1.0,0.5244541325,219.0,1357.4818483013375,4.0,3.0,80.0,7.0,6.0,9.0,10.0,34.0,Luis Gerardo Chávez Magallón,44.39611732880709,32.62080305521668,1.2730069484962605,0.0,0.1591258685620325,2.546013896992521,2.705139765554553,0.1591258685620325,0.0834542193550098,34.84856521508513,216.0104781681437,0.6365034742481303,0.4773776056860977,12.730069484962604,1.1138810799342278,0.9547552113721954,1.4321328170582932,1.5912586856203257,5.410279531109107,73.47670250896059,75.0,Left Center Midfield,Midfielder,True,60.56338028169014,46.478873239436616,97.1830985915493,61.97183098591549,46.478873239436616,12.676056338028168,49.29577464788733,50.70422535211267,29.577464788732392,16.901408450704224,28.169014084507044,57.74647887323944,76.05633802816901,46.478873239436616,88.73239436619718,73.23943661971832,32.3943661971831,59.15492957746479,91.54929577464787,68.08,40.38,43.19,52.35,64.08,53.62,0
28914,317.68,199.0,172.0,4.0,0.0,0.0,9.0,7.0,2.0,1.752137664,189.0,1332.077821661792,5.0,2.0,66.0,7.0,3.0,2.0,6.0,21.0,Lovro Majer,56.37748677914883,48.72828003021908,1.133215814656258,0.0,0.0,2.54973558297658,1.9831276756484515,0.5666079073281289,0.4963875275749181,53.54444724250818,377.3829134650002,1.4165197683203223,0.5666079073281289,18.698060941828253,1.9831276756484515,0.8499118609921934,0.5666079073281289,1.6998237219843868,5.949383026945354,86.4321608040201,40.0,Right Wing,Winger,True,90.32258064516128,95.6989247311828,58.06451612903226,96.7741935483871,97.8494623655914,100.0,97.8494623655914,94.6236559139785,15.053763440860216,77.41935483870968,87.09677419354838,75.26881720430107,67.74193548387096,68.81720430107528,97.8494623655914,47.31182795698925,24.193548387096776,20.43010752688172,70.96774193548387,81.36,98.21,69.18,79.03,40.73,73.7,0
29163,906.11,561.0,455.0,8.0,1.0,2.0,27.0,2.0,0.0,0.0553792989999999,423.0,1974.629214929976,7.0,4.0,80.0,16.0,9.0,22.0,17.0,42.0,Josip Juranović,55.72171149198221,45.19318846497666,0.794605511472117,0.0993256889340146,0.1986513778680292,2.681793601218395,0.1986513778680292,0.0,0.0055005870258577,42.01476641908819,196.13140716215227,0.6952798225381025,0.3973027557360585,7.946055114721171,1.589211022944234,0.8939312004061317,2.185165156548322,1.6885367118782488,4.171678935228615,81.10516934046346,57.14285714285714,Right Back,Full Back,True,37.24832214765101,16.10738255033557,15.436241610738255,79.19463087248322,79.86577181208054,62.41610738255034,84.56375838926175,58.38926174496645,42.95302013422819,6.711409395973154,36.24161073825504,38.92617449664429,57.71812080536913,38.92617449664429,66.44295302013423,59.06040268456376,69.12751677852349,71.81208053691275,78.52348993288591,22.93,73.83,61.97,40.83,69.63,53.84,1
29201,935.64,552.0,447.0,4.0,1.0,1.0,9.0,3.0,1.0,0.632434717,351.0,1598.7233090878708,8.0,1.0,109.0,20.0,13.0,10.0,21.0,28.0,Nahuel Molina Lucero,53.09734513274336,42.99730665640631,0.3847633705271258,0.0961908426317814,0.0961908426317814,0.8657175836860331,0.2885725278953444,0.0961908426317814,0.0608344283378222,33.76298576375529,153.78254223623227,0.7695267410542516,0.0961908426317814,10.484801846864178,1.923816852635629,1.250480954213159,0.9619084263178144,2.0200076952674104,2.693343593689881,80.97826086956522,12.5,Right Back,Full Back,True,76.51006711409396,66.44295302013423,27.516778523489933,73.15436241610739,72.48322147651007,61.74496644295302,47.651006711409394,32.21476510067114,12.751677852348994,37.58389261744966,48.99328859060403,62.41610738255034,14.093959731543624,55.033557046979865,17.449664429530202,23.48993288590604,68.45637583892618,61.07382550335571,16.778523489932887,56.82,69.13,30.87,39.26,42.45,47.71,1
29367,599.41,227.0,183.0,8.0,0.0,0.0,8.0,12.0,1.0,2.331767078,202.0,1077.5853175511384,9.0,5.0,135.0,11.0,1.0,2.0,8.0,18.0,Percy Tau,34.08351545686592,27.47701906875094,1.2011811614754508,0.0,0.0,1.2011811614754508,1.8017717422131765,0.1501476451844313,0.3501093358802823,30.32982432725513,161.79689791562112,1.3513288066598823,0.7507382259221569,20.269932099898234,1.651624097028745,0.1501476451844313,0.3002952903688627,1.2011811614754508,2.7026576133197646,80.61674008810573,55.55555555555556,Left Wing,Winger,True,44.08602150537634,84.94623655913979,50.53763440860215,66.66666666666666,70.96774193548387,79.56989247311827,46.236559139784944,23.655913978494624,19.35483870967742,83.87096774193549,74.19354838709677,9.67741935483871,47.31182795698925,40.86021505376344,18.27956989247312,51.61290322580645,24.193548387096776,20.43010752688172,26.881720430107524,59.86,72.4,29.75,45.7,30.78,47.7,0
29560,869.79,187.0,147.0,3.0,0.0,0.0,7.0,21.0,7.0,4.2340997614,171.0,1048.7060902516484,8.0,3.0,225.0,10.0,4.0,3.0,19.0,22.0,Julián Álvarez,19.349498154727005,15.210568068154382,0.3104197564929465,0.0,0.0,0.7243127651502087,2.172938295450626,0.7243127651502087,0.4381160723002104,17.693926120097956,108.51302972286226,0.8277860173145242,0.3104197564929465,23.281481736971,1.034732521643155,0.4138930086572621,0.3104197564929465,1.965991791121995,2.2764115476149414,78.6096256684492,37.5,Left Center Forward,Forward,True,84.33734939759037,66.26506024096386,43.373493975903614,45.78313253012048,56.62650602409639,73.49397590361446,37.34939759036144,42.16867469879519,21.686746987951807,90.36144578313254,79.51807228915662,75.90361445783132,27.710843373493976,90.36144578313254,32.53012048192771,16.867469879518072,27.710843373493976,29.518072289156628,59.036144578313255,64.66,58.63,33.73,66.06,33.28,51.28,0
30111,707.17,339.0,272.0,0.0,0.0,1.0,2.0,6.0,0.0,0.6163602970000001,231.0,1300.433404712201,3.0,1.0,45.0,10.0,7.0,35.0,10.0,16.0,Felix Eduardo Torres Caicedo,43.14379852086486,34.61685309048744,0.0,0.0,0.1272678422444391,0.2545356844888782,0.7636070534666346,0.0,0.0784428450443316,29.39887155846544,165.50335340031123,0.3818035267333173,0.1272678422444391,5.72705290099976,1.2726784224443912,0.8908748957110738,4.454374478555368,1.2726784224443912,2.0362854759110256,80.23598820058997,33.33333333333333,Right Center Back,Centre Back,True,34.023668639053255,68.63905325443787,81.65680473372781,39.05325443786983,32.544378698224854,14.201183431952662,32.544378698224854,33.72781065088758,52.66272189349112,33.13609467455622,52.071005917159766,39.64497041420118,65.08875739644971,31.360946745562128,23.07692307692308,19.230769230769237,44.67455621301775,69.8224852071006,79.88165680473372,61.44,28.6,39.64,40.73,53.4,44.76,1
30193,613.8299999999999,286.0,215.0,8.0,0.0,0.0,14.0,2.0,1.0,0.84531946,168.0,911.1097531508442,2.0,0.0,91.0,16.0,6.0,23.0,5.0,21.0,Gedeon Kalulu Kyatengwa,41.933434338497634,31.523385953765704,1.172963198279654,0.0,0.0,2.0526855969893947,0.2932407995699135,0.1466203997849567,0.1239410771712037,24.63222716387273,133.58727625495004,0.2932407995699135,0.0,13.342456380431065,2.345926396559308,0.8797223987097406,3.3722691950540056,0.7331019989247838,3.079028395484092,75.17482517482517,0.0,Right Back,Full Back,True,82.21476510067114,85.23489932885906,28.85906040268457,29.53020134228188,30.87248322147651,24.832214765100677,18.12080536912752,18.12080536912752,6.375838926174497,69.12751677852349,70.46979865771812,37.58389261744966,91.94630872483222,2.013422818791946,30.87248322147651,84.8993288590604,33.89261744966443,29.86577181208054,59.06040268456376,65.44,28.41,14.21,50.34,51.93,42.06,1
30310,386.54,128.0,83.0,0.0,0.0,0.0,0.0,0.0,0.0,0.0,52.0,238.67186875871167,0.0,0.0,0.0,0.0,0.0,0.0,0.0,14.0,Fehmi Mert Günok,29.80286645625291,19.325296217726496,0.0,0.0,0.0,0.0,0.0,0.0,0.0,12.107414497852744,55.57113930843912,0.0,0.0,0.0,0.0,0.0,0.0,0.0,3.259688518652662,64.84375,0.0,Goalkeeper,Goalkeeper,True,50.0,49.28571428571429,49.28571428571429,68.57142857142857,57.14285714285714,32.857142857142854,41.42857142857143,27.142857142857142,45.0,30.714285714285715,50.0,50.71428571428571,38.57142857142858,45.71428571428572,27.142857142857142,46.42857142857143,50.0,47.85714285714286,50.0,49.52,52.86,37.86,40.48,48.57,45.86,2
30328,441.25,176.0,149.0,0.0,0.0,0.0,0.0,0.0,0.0,0.0,130.0,691.2056719030173,0.0,0.0,54.0,4.0,6.0,36.0,5.0,15.0,Ondrej Celustka,35.89801699716714,30.390934844192632,0.0,0.0,0.0,0.0,0.0,0.0,0.0,26.515580736543907,140.98245999155026,0.0,0.0,11.01416430594901,0.8158640226628895,1.2237960339943343,7.342776203966006,1.019830028328612,3.059490084985836,84.6590909090909,0.0,Right Center Back,Centre Back,True,34.023668639053255,7.396449704142012,7.396449704142012,19.526627218934912,22.485207100591715,37.8698224852071,21.89349112426036,25.44378698224852,22.7810650887574,91.1242603550296,25.44378698224852,64.49704142011834,94.67455621301777,18.34319526627219,66.86390532544378,19.230769230769237,44.67455621301775,30.17751479289941,26.035502958579883,16.27,26.63,23.37,60.16,30.03,31.29,1
30401,788.12,294.0,215.0,13.0,2.0,1.0,19.0,11.0,2.0,2.61859679,271.0,1941.52831450712,12.0,3.0,125.0,11.0,12.0,11.0,18.0,30.0,Ruben Vargas,33.573567477033954,24.55209866517789,1.4845455006851749,0.2283916154900268,0.1141958077450134,2.1697203471552555,1.256153885195148,0.2283916154900268,0.2990327755925493,30.947063898898644,221.71439413495503,1.3703496929401615,0.3425874232350404,14.274475968126682,1.256153885195148,1.3703496929401615,1.256153885195148,2.0555245394102424,3.4258742323504032,73.12925170068027,25.0,Left Attacking Midfield,Attacking Midfielder,True,63.1578947368421,86.8421052631579,36.84210526315789,34.21052631578947,31.57894736842105,18.421052631578945,42.10526315789473,60.526315789473685,15.789473684210526,28.947368421052637,36.84210526315789,97.36842105263158,97.36842105263158,81.57894736842105,23.684210526315788,65.78947368421053,65.78947368421053,21.052631578947366,71.05263157894737,62.28,28.07,39.47,60.96,55.92,49.34,0
30423,347.65,102.0,71.0,3.0,0.0,0.0,3.0,2.0,1.0,0.096158169,89.0,474.31465363256495,3.0,2.0,79.0,11.0,1.0,3.0,9.0,18.0,Ibán Salvador Edu,26.405867970660147,18.38055515604775,0.7766431756076515,0.0,0.0,0.7766431756076515,0.5177621170717676,0.2588810585358838,0.0248935285775924,23.04041420969365,122.7910796114795,0.7766431756076515,0.5177621170717676,20.451603624334822,2.8476916438947217,0.2588810585358838,0.7766431756076515,2.3299295268229545,4.659859053645909,69.6078431372549,66.66666666666666,Right Wing,Winger,True,61.29032258064516,3.225806451612903,3.225806451612903,34.40860215053764,29.03225806451613,17.741935483870968,16.129032258064516,6.451612903225806,12.903225806451612,84.94623655913979,96.7741935483871,17.20430107526882,81.72043010752688,96.7741935483871,78.49462365591397,29.03225806451613,24.193548387096776,20.43010752688172,11.827956989247312,22.58,27.06,11.83,75.99,21.37,31.77,0
30438,481.62,283.0,240.0,12.0,0.0,2.0,3.0,2.0,0.0,0.055177824,228.0,1791.8237246084575,7.0,5.0,64.0,20.0,4.0,8.0,5.0,25.0,Ferdi Erenay Kadıoğlu,52.88401644449981,44.848635853992775,2.2424317926996387,0.0,0.3737386321166064,0.5606079481749097,0.3737386321166064,0.0,0.0103110422324654,42.606204061293134,334.83687391462394,1.3080852124081226,0.9343465802915162,11.959636227731409,3.7373863211660647,0.7474772642332129,1.4949545284664258,0.9343465802915162,4.671732901457581,84.80565371024736,71.42857142857143,Left Back,Full Back,True,37.24832214765101,28.187919463087248,36.24161073825504,71.14093959731544,78.52348993288591,81.87919463087249,85.90604026845638,97.31543624161074,80.53691275167785,54.36241610738255,97.98657718120806,26.845637583892614,34.22818791946309,3.355704697986577,82.5503355704698,97.98657718120806,33.89261744966443,90.6040268456376,8.724832214765101,33.89,77.18,87.92,49.89,57.8,61.34,1
30486,1215.68,980.0,903.0,24.0,1.0,11.0,4.0,6.0,0.0,0.851291269,891.0,4516.264063181542,23.0,8.0,219.0,15.0,15.0,2.0,22.0,64.0,Pedro González López,72.55198736509607,66.85147407212425,1.7767833640431692,0.0740326401684653,0.8143590418531192,0.2961305606738615,0.4441958410107923,0.0,0.0630233401964332,65.96308239010266,334.3509522952905,1.702750723874704,0.592261121347723,16.21314819689392,1.1104896025269808,1.1104896025269808,0.1480652803369307,1.6287180837062385,4.738088970781784,92.14285714285714,34.78260869565217,Left Center Midfield,Midfielder,True,26.05633802816901,39.436619718309856,15.492957746478872,94.3661971830986,95.77464788732394,97.1830985915493,95.77464788732394,87.32394366197182,40.845070422535215,39.436619718309856,26.76056338028169,69.01408450704226,11.267605633802818,49.29577464788733,69.01408450704226,91.54929577464787,64.7887323943662,94.3661971830986,26.76056338028169,27.0,95.77,74.65,44.13,69.37,62.18,1
30519,593.89,264.0,200.0,0.0,0.0,4.0,0.0,2.0,1.0,0.42841392,195.0,1264.9851596553003,2.0,2.0,42.0,8.0,7.0,49.0,17.0,18.0,Mohamed Salisu,40.0074087794036,30.30864301469969,0.0,0.0,0.6061728602939939,0.0,0.3030864301469969,0.1515432150734984,0.0649232228190405,29.5509269393322,191.699918114427,0.3030864301469969,0.3030864301469969,6.364815033086936,1.2123457205879875,1.0608025055144892,7.425617538601424,2.5762346562494742,2.727777871322972,75.75757575757575,100.0,Left Center Back,Centre Back,True,80.4733727810651,65.68047337278107,39.64497041420118,30.76923076923077,21.89349112426036,4.142011834319527,33.72781065088758,47.92899408284024,78.69822485207101,46.15384615384615,47.92899408284024,47.92899408284024,95.26627218934912,89.94082840236686,57.396449704142015,19.230769230769237,44.67455621301775,98.81656804733728,26.035502958579883,61.93,18.93,53.45,64.1,47.19,49.12,1
30606,395.39,197.0,160.0,1.0,0.0,1.0,1.0,4.0,0.0,0.260783739,147.0,1460.4543496679732,3.0,2.0,23.0,3.0,3.0,12.0,4.0,25.0,Edmond Fayçal Tapsoba,44.84180176534561,36.41973747439237,0.2276233592149523,0.0,0.2276233592149523,0.2276233592149523,0.9104934368598092,0.0,0.0593604706998153,33.460633804598,332.4335250515127,0.6828700776448571,0.4552467184299046,5.235337261943903,0.6828700776448571,0.6828700776448571,2.7314803105794283,0.9104934368598092,5.690583980373808,81.21827411167513,66.66666666666666,Left Center Back,Centre Back,True,34.023668639053255,60.946745562130175,88.16568047337277,44.97041420118343,40.82840236686391,17.75147928994083,44.97041420118343,92.3076923076923,89.94082840236686,23.07692307692308,18.93491124260355,25.44378698224852,17.159763313609467,12.42603550295858,100.0,64.20118343195266,44.67455621301775,82.24852071005917,75.44378698224851,61.05,34.52,75.74,32.84,66.64,54.16,1
30681,406.96,210.0,134.0,4.0,1.0,0.0,12.0,1.0,0.0,0.028933201,111.0,599.2124125386226,5.0,2.0,59.0,15.0,8.0,26.0,6.0,19.0,Ali Abdi,46.44191075289955,29.63436209946924,0.8846078238647535,0.2211519559661883,0.0,2.65382347159426,0.2211519559661883,0.0,0.0063986339935128,24.547867112246905,132.51699707213496,1.1057597798309418,0.4423039119323767,13.047965402005111,3.317279339492825,1.769215647729507,5.749950855120897,1.3269117357971298,4.201887163357578,63.8095238095238,40.0,Left Back,Full Back,True,37.24832214765101,19.463087248322147,19.463087248322147,47.651006711409394,22.818791946308725,3.355704697986577,17.449664429530202,17.449664429530202,44.966442953020135,65.77181208053692,95.3020134228188,85.90604026845638,100.0,20.80536912751678,68.45637583892618,63.758389261744966,87.24832214765101,29.86577181208054,76.51006711409396,25.39,24.61,26.62,72.71,64.35,42.73,1
30714,1200.05,670.0,576.0,8.0,2.0,1.0,14.0,12.0,4.0,2.288910018,637.0,3642.086694845768,37.0,20.0,249.0,35.0,11.0,6.0,26.0,71.0,Jude Bellingham,50.24790633723595,43.19820007499688,0.5999750010416233,0.1499937502604058,0.0749968751302029,1.0499562518228407,0.899962501562435,0.2999875005208116,0.1716610988042165,47.77300945793925,273.14512106672146,2.774884379817508,1.499937502604058,18.674221907420524,2.6248906295571017,0.824965626432232,0.4499812507812175,1.949918753385276,5.324778134244407,85.97014925373134,54.054054054054056,Center Attacking Midfield,Attacking Midfielder,True,84.21052631578947,57.89473684210527,23.684210526315788,84.21052631578947,94.73684210526316,97.36842105263158,94.73684210526316,84.21052631578947,81.57894736842105,63.1578947368421,97.36842105263158,57.89473684210527,63.1578947368421,73.68421052631578,84.21052631578947,15.789473684210526,52.63157894736842,18.421052631578945,36.84210526315789,55.26,92.11,86.84,73.25,30.92,67.68,1
30913,307.28,102.0,83.0,1.0,0.0,0.0,1.0,0.0,0.0,0.0,68.0,385.7790538375232,1.0,1.0,67.0,10.0,2.0,7.0,8.0,12.0,Marius Mihai Marin,29.87503254360844,24.31007550117157,0.2928924759177298,0.0,0.0,0.2928924759177298,0.0,0.0,0.0,19.916688362405623,112.99178223567134,0.2928924759177298,0.2928924759177298,19.623795886487898,2.9289247591772978,0.5857849518354596,2.0502473314241083,2.3431398073418386,3.5147097110127574,81.37254901960785,100.0,Center Defensive Midfield,Defensive Midfielder,True,33.16831683168317,0.99009900990099,0.99009900990099,5.9405940594059405,6.930693069306932,20.792079207920796,3.96039603960396,4.950495049504951,37.62376237623762,79.20792079207921,87.12871287128714,22.77227722772277,81.1881188118812,78.21782178217822,22.77227722772277,27.72277227722773,35.64356435643564,19.306930693069308,47.52475247524752,11.72,11.22,15.51,61.88,32.55,26.58,1
31016,421.02,182.0,157.0,2.0,0.0,2.0,0.0,2.0,0.0,0.037247584,153.0,859.0241440773601,3.0,1.0,96.0,7.0,11.0,6.0,10.0,22.0,Manuel Luís da Silva Cafumana,38.90551517742625,33.561351004702864,0.4275331338178709,0.0,0.4275331338178709,0.0,0.4275331338178709,0.0,0.0079622881573321,32.70628473706712,183.630642171304,0.6412997007268064,0.2137665669089354,20.521590423257805,1.4963659683625483,2.35143223599829,1.2825994014536128,2.1376656690893547,4.70286447199658,86.26373626373626,33.33333333333333,Left Defensive Midfield,Defensive Midfielder,True,33.16831683168317,12.871287128712872,22.77227722772277,20.792079207920796,22.77227722772277,51.48514851485149,29.7029702970297,42.57425742574257,16.831683168316832,84.15841584158416,31.683168316831683,97.02970297029702,48.51485148514851,68.31683168316832,56.43564356435643,37.62376237623762,35.64356435643564,82.17821782178217,10.891089108910892,22.94,31.68,29.7,64.36,41.58,38.05,1
31029,462.01,220.0,193.0,1.0,1.0,1.0,1.0,1.0,0.0,0.026676558,184.0,982.848121418354,5.0,5.0,78.0,5.0,11.0,15.0,11.0,29.0,Salis Abdul Samed,42.85621523343651,37.59658881842385,0.1948009783338023,0.1948009783338023,0.1948009783338023,0.1948009783338023,0.1948009783338023,0.0,0.0051966195969784,35.843380013419626,191.45977560583503,0.9740048916690116,0.9740048916690116,15.194476310036578,0.9740048916690116,2.142810761671825,2.922014675007034,2.142810761671825,5.649228371680266,87.72727272727273,100.0,Left Defensive Midfield,Defensive Midfielder,True,33.16831683168317,7.920792079207921,5.9405940594059405,35.64356435643564,40.5940594059406,61.38613861386138,43.56435643564357,49.50495049504951,89.10891089108911,39.6039603960396,6.930693069306932,94.05940594059405,97.02970297029702,70.29702970297029,78.21782178217822,9.9009900990099,87.12871287128714,51.48514851485149,31.683168316831683,15.68,45.87,60.73,64.36,45.05,46.34,1
31295,475.06,200.0,146.0,4.0,1.0,0.0,9.0,2.0,0.0,0.331586645,141.0,753.1470688908154,3.0,2.0,46.0,5.0,3.0,15.0,9.0,26.0,Yahia Attiyat allah,37.889950743064034,27.65966404243674,0.7577990148612807,0.1894497537153201,0.0,1.7050477834378814,0.3788995074306403,0.0,0.0628190082305392,26.712415273860145,142.68352671278024,0.5683492611459605,0.3788995074306403,8.714688670904728,0.9472487685766008,0.5683492611459605,2.8417463057298025,1.7050477834378814,4.925693596598324,73.0,66.66666666666666,Left Back,Full Back,True,37.24832214765101,67.78523489932886,37.58389261744966,19.463087248322147,19.463087248322147,18.12080536912752,22.818791946308725,20.80536912751678,40.939597315436245,14.093959731543624,10.06711409395973,14.76510067114094,79.86577181208054,39.59731543624161,85.90604026845638,55.70469798657718,85.23489932885906,29.86577181208054,48.32214765100672,47.54,19.02,28.19,40.72,54.78,38.05,1
31866,349.92,68.0,46.0,5.0,0.0,0.0,6.0,8.0,0.0,1.249263809,54.0,272.3489375287652,1.0,0.0,53.0,1.0,0.0,4.0,3.0,8.0,Andraž Šporar,17.48971193415638,11.831275720164609,1.286008230452675,0.0,0.0,1.5432098765432098,2.05761316872428,0.0,0.3213127080761317,13.888888888888888,70.04859504340668,0.257201646090535,0.0,13.631687242798352,0.257201646090535,0.0,1.02880658436214,0.7716049382716049,2.05761316872428,67.64705882352942,0.0,Right Center Forward,Forward,True,12.048192771084338,40.963855421686745,34.93975903614458,26.506024096385545,22.89156626506024,25.301204819277107,19.27710843373494,15.66265060240964,6.626506024096386,40.963855421686745,18.072289156626507,16.867469879518072,79.51807228915662,22.89156626506024,24.09638554216868,84.33734939759037,27.710843373493976,29.518072289156628,86.74698795180723,29.32,24.9,13.86,33.73,57.08,31.78,0
31887,385.23,121.0,85.0,0.0,0.0,0.0,0.0,0.0,0.0,0.0,82.0,353.78421886161533,3.0,3.0,49.0,16.0,7.0,19.0,5.0,6.0,Endre Botka,28.268826415388208,19.85826649014874,0.0,0.0,0.0,0.0,0.0,0.0,0.0,19.157386496378784,82.65342703721252,0.7008799937699556,0.7008799937699556,11.447706564909277,3.738026633439763,1.6353866521298963,4.438906627209719,1.168133322949926,1.4017599875399112,70.24793388429752,100.0,Right Center Back,Centre Back,True,34.023668639053255,7.396449704142012,7.396449704142012,7.100591715976331,2.9585798816568047,1.183431952662722,8.284023668639055,3.5502958579881656,97.0414201183432,92.89940828402366,100.0,84.02366863905326,64.49704142011834,26.627218934911244,5.9171597633136095,19.230769230769237,44.67455621301775,30.17751479289941,26.035502958579883,16.27,3.75,36.29,62.33,30.03,29.73,1
31900,497.69,290.0,242.0,4.0,1.0,0.0,6.0,5.0,0.0,0.279654967,198.0,1203.670600137817,3.0,1.0,46.0,6.0,15.0,7.0,14.0,15.0,Oleksandr Karavaev,52.44228334907272,43.76218127750206,0.7233418392975547,0.1808354598243886,0.0,1.085012758946332,0.9041772991219432,0.0,0.0505715345496192,35.805421045228954,217.66632645302,0.542506379473166,0.1808354598243886,8.318431151921878,1.085012758946332,2.7125318973658303,1.2658482187707207,2.531696437541441,2.7125318973658303,83.44827586206897,33.33333333333333,Right Back,Full Back,True,37.24832214765101,61.07382550335571,80.53691275167785,69.79865771812081,75.16778523489933,71.81208053691275,56.375838926174495,68.45637583892618,17.449664429530202,10.738255033557047,14.093959731543624,97.31543624161074,24.832214765100677,81.20805369127517,19.463087248322147,53.69127516778524,83.89261744966443,29.86577181208054,25.503355704697988,59.62,72.26,47.43,41.28,48.24,53.76,1
31908,376.7,148.0,113.0,0.0,0.0,0.0,1.0,1.0,0.0,0.11149162,105.0,511.63615410886666,0.0,0.0,41.0,6.0,0.0,18.0,13.0,10.0,Andrei Burcă Andonie,35.35970268117866,26.99761083089992,0.0,0.0,0.0,0.2389169100079639,0.2389169100079639,0.0,0.0266372333421821,25.08627555083621,122.23852898804886,0.0,0.0,9.79559331032652,1.4335014600477836,0.0,4.300504380143351,3.105919830103531,2.389169100079639,76.35135135135135,0.0,Left Center Back,Centre Back,True,34.023668639053255,37.278106508875744,30.17751479289941,18.34319526627219,15.384615384615383,4.733727810650888,19.526627218934912,15.976331360946746,22.7810650887574,84.02366863905326,66.86390532544378,0.8875739644970414,60.35502958579882,97.63313609467455,40.82840236686391,19.230769230769237,44.67455621301775,30.17751479289941,78.10650887573965,33.83,12.82,19.43,58.43,43.05,33.51,1
31949,442.08,184.0,125.0,4.0,0.0,1.0,14.0,6.0,0.0,0.5602792400000001,103.0,577.3375400460809,2.0,0.0,66.0,6.0,6.0,13.0,10.0,15.0,Zaidu Sanusi,37.45928338762215,25.44788273615635,0.8143322475570033,0.0,0.2035830618892508,2.850162866449512,1.221498371335505,0.0,0.1140633631921824,20.96905537459284,117.5361441461891,0.4071661237785016,0.0,13.436482084690557,1.221498371335505,1.221498371335505,2.6465798045602607,2.035830618892508,3.0537459283387625,67.93478260869566,0.0,Left Wing Back,Full Back,True,37.24832214765101,83.89261744966443,92.61744966442951,17.449664429530202,12.08053691275168,7.38255033557047,6.711409395973154,8.724832214765101,6.375838926174497,70.46979865771812,20.13422818791946,61.07382550335571,76.51006711409396,57.71812080536913,29.53020134228188,59.73154362416108,33.89261744966443,72.48322147651007,81.87919463087249,71.25,12.3,7.27,52.57,62.0,41.08,1
31968,409.18,165.0,130.0,2.0,0.0,0.0,4.0,4.0,0.0,0.285952604,123.0,605.8765988233905,2.0,1.0,123.0,12.0,6.0,8.0,12.0,17.0,Adam Gnezda Čerin,36.29209638789774,28.59377291167701,0.4399041986411847,0.0,0.0,0.8798083972823695,0.8798083972823695,0.0,0.06289587555599,27.054108216432866,133.2638298404251,0.4399041986411847,0.2199520993205923,27.054108216432866,2.639425191847109,1.3197125959235545,1.759616794564739,2.639425191847109,3.739185688450071,78.78787878787878,50.0,Right Defensive Midfield,Defensive Midfielder,True,33.16831683168317,59.4059405940594,51.48514851485149,15.84158415841584,13.861386138613865,9.9009900990099,13.861386138613865,10.891089108910892,20.792079207920796,99.009900990099,81.1881188118812,68.31683168316832,71.28712871287128,85.14851485148515,31.683168316831683,39.6039603960396,35.64356435643564,19.306930693069308,83.16831683168317,48.02,13.2,15.18,72.77,44.43,38.72,1
32012,415.35,127.0,95.0,0.0,0.0,0.0,0.0,0.0,0.0,0.0,56.0,267.12480579153055,0.0,0.0,1.0,0.0,0.0,0.0,0.0,12.0,Rafael Enrique Romo Pérez,27.51895991332611,20.58504875406284,0.0,0.0,0.0,0.0,0.0,0.0,0.0,12.134344528710724,57.88186474356024,0.0,0.0,0.2166847237269772,0.0,0.0,0.0,0.0,2.600216684723727,74.80314960629921,0.0,Goalkeeper,Goalkeeper,True,50.0,49.28571428571429,49.28571428571429,52.85714285714286,64.28571428571429,70.0,42.85714285714285,35.714285714285715,45.0,87.14285714285714,50.0,50.71428571428571,38.57142857142858,45.71428571428572,11.428571428571429,46.42857142857143,50.0,47.85714285714286,50.0,49.52,62.38,41.19,47.26,48.57,49.79,2
32450,586.81,278.0,242.0,0.0,0.0,2.0,1.0,2.0,0.0,0.0369727289999999,207.0,1533.4226583963589,1.0,1.0,49.0,6.0,5.0,49.0,20.0,22.0,Montassar Omar Talbi,42.63731020262095,37.11593190300098,0.0,0.0,0.3067432388677766,0.1533716194338883,0.3067432388677766,0.0,0.0056705673216202,31.747925222814885,235.18351639486767,0.1533716194338883,0.1533716194338883,7.515209352260528,0.92022971660333,0.7668580971694416,7.515209352260528,3.0674323886777666,3.3741756275455432,87.05035971223022,100.0,Left Center Back,Centre Back,True,34.023668639053255,17.159763313609467,41.42011834319527,37.278106508875744,42.01183431952663,50.88757396449704,39.64497041420118,65.08875739644971,54.4378698224852,61.53846153846154,32.544378698224854,34.319526627218934,96.44970414201184,96.44970414201184,79.28994082840237,19.230769230769237,44.67455621301775,91.71597633136096,63.905325443786985,30.87,43.39,53.06,66.77,54.88,49.79,1
32478,734.67,125.0,89.0,5.0,1.0,0.0,8.0,24.0,2.0,2.077550685,145.0,1390.959098350687,23.0,14.0,128.0,7.0,1.0,7.0,11.0,29.0,Darwin Gabriel Núñez Ribeiro,15.312997672424354,10.90285434276614,0.6125199068969742,0.1225039813793948,0.0,0.9800318510351588,2.940095553105476,0.2450079627587897,0.254508230429989,17.763077300012252,170.39802748385245,2.8175915717260813,1.7150557393115278,15.68050961656254,0.8575278696557639,0.1225039813793948,0.8575278696557639,1.347543795173343,3.55261546000245,71.2,60.86956521739131,Center Forward,Forward,True,34.93975903614458,28.915662650602407,73.49397590361446,16.867469879518072,16.867469879518072,38.55421686746988,38.55421686746988,79.51807228915662,87.95180722891565,55.42168674698795,73.49397590361446,36.14457831325301,62.65060240963856,72.28915662650603,65.06024096385542,34.93975903614458,66.26506024096386,29.518072289156628,73.49397590361446,45.78,24.1,68.67,60.84,51.05,50.09,0
32677,418.79,104.0,61.0,1.0,0.0,0.0,0.0,0.0,0.0,0.0,50.0,223.23643078968823,0.0,0.0,0.0,0.0,0.0,0.0,0.0,12.0,Alexander Domínguez Carabalí,22.35010387067504,13.109195539530551,0.2149048449103369,0.0,0.0,0.0,0.0,0.0,0.0,10.745242245516849,47.97459053719511,0.0,0.0,0.0,0.0,0.0,0.0,0.0,2.578858138924044,58.65384615384615,0.0,Goalkeeper,Goalkeeper,True,50.0,49.28571428571429,49.28571428571429,21.428571428571427,15.714285714285714,21.428571428571427,27.142857142857142,20.0,45.0,30.714285714285715,50.0,50.71428571428571,38.57142857142858,45.71428571428572,8.571428571428571,98.57142857142858,50.0,47.85714285714286,50.0,49.52,19.52,30.71,37.38,61.61,39.75,2
32915,707.35,334.0,214.0,8.0,1.0,0.0,21.0,3.0,0.0,0.140825748,175.0,931.482236775346,4.0,2.0,116.0,16.0,8.0,29.0,13.0,21.0,Ismail Jakobs,42.49664239768149,27.228387644023464,1.017883650243868,0.1272354562804835,0.0,2.6719445818901533,0.3817063688414505,0.0,0.0179180283028203,22.266204849084613,118.51756741327652,0.508941825121934,0.254470912560967,14.759312928536083,2.035767300487736,1.017883650243868,3.689828232134021,1.654060931646285,2.6719445818901533,64.07185628742515,50.0,Left Back,Full Back,True,37.24832214765101,36.91275167785235,38.25503355704698,32.88590604026846,18.12080536912752,4.697986577181208,10.06711409395973,10.06711409395973,28.187919463087248,81.20805369127517,55.70469798657718,48.99328859060403,95.3020134228188,36.91275167785235,14.76510067114094,74.49664429530202,73.8255033557047,29.86577181208054,77.18120805369128,37.47,18.57,16.11,55.48,63.84,38.29,1
32975,1025.3,313.0,250.0,1.0,0.0,0.0,0.0,0.0,0.0,0.0,167.0,529.3365221513683,0.0,0.0,1.0,0.0,0.0,0.0,0.0,34.0,Diogo Meireles Costa,27.4748853993953,21.944796644884423,0.0877791865795377,0.0,0.0,0.0,0.0,0.0,0.0,14.659124158782795,46.46472934128855,0.0,0.0,0.0877791865795377,0.0,0.0,0.0,0.0,2.9844923437042814,79.87220447284345,0.0,Goalkeeper,Goalkeeper,True,50.0,49.28571428571429,49.28571428571429,51.42857142857142,71.42857142857143,84.28571428571429,60.0,18.571428571428573,45.0,67.14285714285714,50.0,50.71428571428571,38.57142857142858,45.71428571428572,18.571428571428573,94.28571428571428,50.0,47.85714285714286,50.0,49.52,69.05,41.19,45.12,60.54,53.08,2
33018,1398.41,880.0,787.0,2.0,0.0,6.0,9.0,7.0,1.0,0.810894249,727.0,4524.998691069317,17.0,12.0,190.0,29.0,29.0,54.0,38.0,61.0,Joško Gvardiol,56.63575060246994,50.65038150470892,0.1287176150056135,0.0,0.3861528450168405,0.5792292675252608,0.4505116525196473,0.0643588075028067,0.052188186876524,46.78885305454051,291.22351970898274,1.094099727547715,0.7723056900336811,12.228173425533283,1.866405417581396,1.866405417581396,3.475375605151565,2.4456346851066564,3.925887257671212,89.43181818181817,70.58823529411765,Left Center Back,Centre Back,True,69.8224852071006,56.213017751479285,52.66272189349112,71.00591715976331,70.41420118343196,65.68047337278107,78.69822485207101,85.79881656804734,97.63313609467455,95.26627218934912,85.20710059171599,88.75739644970415,36.68639053254438,86.98224852071006,86.98224852071006,49.11242603550296,44.67455621301775,96.44970414201184,94.0828402366864,59.57,69.03,87.38,79.98,71.08,73.41,1
33234,358.01,72.0,55.0,4.0,1.0,1.0,3.0,6.0,3.0,2.025068862,88.0,740.8440593110045,18.0,7.0,60.0,3.0,0.0,0.0,4.0,17.0,Georges Mikautadze,18.100053071143265,13.82642942934555,1.0055585039524035,0.2513896259881009,0.2513896259881009,0.7541688779643028,1.5083377559286055,0.7541688779643028,0.5090813038183292,22.12228708695288,186.24051098569987,4.525013267785816,1.7597273819167063,15.083377559286054,0.7541688779643028,0.0,0.0,1.0055585039524035,4.273623641797715,76.38888888888889,38.88888888888889,Right Center Forward,Forward,True,85.54216867469879,75.90361445783132,9.63855421686747,33.734939759036145,43.373493975903614,66.26506024096386,65.06024096385542,84.33734939759037,89.1566265060241,50.60240963855421,61.44578313253012,16.867469879518072,4.216867469879518,42.16867469879519,90.36144578313254,68.67469879518072,86.74698795180723,80.72289156626506,61.44578313253012,57.03,47.79,79.52,44.28,74.4,60.6,0
33495,386.92,195.0,170.0,0.0,0.0,0.0,0.0,0.0,0.0,0.0,127.0,478.3098663600367,0.0,0.0,35.0,6.0,5.0,11.0,11.0,4.0,Kye Rowles,45.35821358420345,39.54305799648506,0.0,0.0,0.0,0.0,0.0,0.0,0.0,29.540990385609422,111.25785168097616,0.0,0.0,8.141217822805748,1.395637341052414,1.1630311175436785,2.558668458596092,2.558668458596092,0.9304248940349428,87.17948717948718,0.0,Left Center Back,Centre Back,True,34.023668639053255,7.396449704142012,7.396449704142012,46.74556213017752,47.92899408284024,52.071005917159766,33.13609467455622,10.650887573964498,22.7810650887574,68.04733727810651,60.946745562130175,59.76331360946746,13.017751479289942,89.3491124260355,1.7751479289940828,19.230769230769237,44.67455621301775,30.17751479289941,26.035502958579883,16.27,48.92,22.19,48.82,30.03,33.24,1
34476,393.14,218.0,154.0,4.0,0.0,1.0,4.0,2.0,1.0,0.09916085,149.0,1055.923807114022,7.0,3.0,44.0,12.0,2.0,5.0,7.0,17.0,Matías Nicolás Viña Susperreguy,49.90588594393855,35.25461667599328,0.9157043292465789,0.0,0.2289260823116447,0.9157043292465789,0.4578521646232894,0.2289260823116447,0.0227005049091926,34.109986264435065,241.72850038220983,1.6024825761815131,0.6867782469349342,10.072747621712368,2.7471129877397367,0.4578521646232894,1.1446304115582235,1.6024825761815131,3.89174339929796,70.64220183486239,42.85714285714285,Left Back,Full Back,True,95.9731543624161,45.63758389261745,48.32214765100672,60.40268456375839,42.95302013422819,10.06711409395973,49.66442953020135,84.56375838926175,69.79865771812081,31.543624161073826,87.91946308724832,8.724832214765101,18.79194630872483,35.57046979865772,61.07382550335571,67.11409395973155,33.89261744966443,77.85234899328859,18.79194630872483,63.31,37.81,68.01,40.6,49.41,51.83,1
34526,591.54,452.0,422.0,0.0,1.0,1.0,0.0,2.0,0.0,0.138881305,362.0,1542.859339237516,1.0,0.0,47.0,4.0,2.0,12.0,18.0,20.0,Marc Guehi,68.76965209453292,64.2052946546303,0.0,0.1521452479967542,0.1521452479967542,0.0,0.3042904959935085,0.0,0.0211301305913378,55.07657977482504,234.73871679240025,0.1521452479967542,0.0,7.15082665584745,0.608580991987017,0.3042904959935085,1.8257429759610508,2.7386144639415764,3.0429049599350853,93.36283185840708,0.0,Left Center Back,Centre Back,True,34.023668639053255,34.319526627218934,40.82840236686391,89.94082840236686,90.53254437869822,93.49112426035504,89.3491124260355,63.905325443786985,22.7810650887574,58.57988165680473,15.384615384615383,7.6923076923076925,3.5502958579881656,92.3076923076923,65.08875739644971,19.230769230769237,94.67455621301777,72.7810650887574,26.035502958579883,36.39,91.32,58.68,40.43,53.18,56.0,1
34639,491.91,435.0,395.0,5.0,0.0,3.0,5.0,10.0,0.0,0.6949130119999999,399.0,2140.4633358165333,4.0,3.0,59.0,7.0,1.0,1.0,8.0,38.0,Vitor Machado Ferreira,79.58772946270659,72.2693175580899,0.9148014880770872,0.0,0.5488808928462524,0.9148014880770872,1.8296029761541743,0.0,0.1271414914923461,73.00115874855156,391.61980895588215,0.7318411904616698,0.5488808928462524,10.794657559309629,1.280722083307922,0.1829602976154174,0.1829602976154174,1.4636823809233397,6.952491309385863,90.80459770114942,75.0,Right Defensive Midfield,Defensive Midfielder,True,33.16831683168317,76.23762376237624,91.0891089108911,97.02970297029702,97.02970297029702,86.13861386138613,99.009900990099,99.009900990099,63.366336633663366,7.920792079207921,19.8019801980198,2.9702970297029703,1.98019801980198,30.69306930693069,98.01980198019804,84.15841584158416,35.64356435643564,89.10891089108911,84.15841584158416,66.83,93.4,87.13,26.9,73.27,69.5,1
34794,361.65,171.0,132.0,1.0,0.0,0.0,9.0,3.0,0.0,0.075571141,130.0,892.9002214700981,8.0,2.0,52.0,5.0,6.0,9.0,14.0,22.0,Neco Williams,42.55495644960597,32.84944006636251,0.2488593944421402,0.0,0.0,2.2397345499792616,0.7465781833264207,0.0,0.0188065883865615,32.35172127747823,222.2066084123015,1.9908751555371216,0.4977187888842804,12.94068851099129,1.2442969722107011,1.4931563666528411,2.2397345499792616,3.4840315221899627,5.474906677727085,77.19298245614034,25.0,Left Wing Back,Full Back,True,37.24832214765101,38.25503355704698,69.79865771812081,33.557046979865774,34.22818791946309,36.24161073825504,42.95302013422819,71.14093959731544,53.69127516778524,63.758389261744966,22.14765100671141,73.15436241610739,60.40268456375839,97.31543624161074,91.94630872483222,13.422818791946307,33.89261744966443,29.86577181208054,65.77181208053692,48.43,34.68,55.93,68.12,35.74,48.58,1
34845,390.1,137.0,115.0,1.0,0.0,1.0,0.0,1.0,0.0,0.032296423,119.0,493.7414445034879,2.0,2.0,58.0,7.0,1.0,8.0,7.0,23.0,Federico Bikoro Akieme Nchama,31.60728018456805,26.53165854908997,0.2307100743399128,0.0,0.2307100743399128,0.0,0.2307100743399128,0.0,0.0074511101512432,27.454498846449628,113.91112536609565,0.4614201486798256,0.4614201486798256,13.381184311714945,1.6149705203793896,0.2307100743399128,1.845680594719303,1.6149705203793896,5.306331709817995,83.94160583941606,100.0,Right Defensive Midfield,Defensive Midfielder,True,33.16831683168317,10.891089108910892,10.891089108910892,9.9009900990099,10.891089108910892,35.64356435643564,14.85148514851485,5.9405940594059405,54.45544554455446,28.71287128712871,36.63366336633664,4.950495049504951,77.22772277227723,44.55445544554456,73.26732673267327,19.8019801980198,35.64356435643564,61.38613861386138,10.891089108910892,18.32,18.81,25.08,44.22,31.93,27.67,1
35413,613.8299999999999,160.0,118.0,0.0,0.0,0.0,0.0,1.0,1.0,0.7835,85.0,528.3407897043655,1.0,1.0,1.0,0.0,0.0,0.0,0.0,28.0,Lionel Mpasi-Nzau,23.45926396559308,17.3012071746249,0.0,0.0,0.0,0.0,0.1466203997849567,0.1466203997849567,0.1148770832315136,12.462733981721325,77.46553780915384,0.1466203997849567,0.1466203997849567,0.1466203997849567,0.0,0.0,0.0,0.0,4.105371193978789,73.75,100.0,Goalkeeper,Goalkeeper,True,100.0,100.0,100.0,28.57142857142857,42.85714285714285,65.71428571428571,45.71428571428572,70.0,95.71428571428572,72.85714285714285,50.0,50.71428571428571,38.57142857142858,45.71428571428572,68.57142857142857,46.42857142857143,50.0,47.85714285714286,50.0,100.0,45.71,70.48,54.4,48.57,63.83,2
35471,395.39,169.0,135.0,6.0,0.0,1.0,15.0,1.0,0.0,0.19962767,140.0,1018.3904788078372,10.0,5.0,53.0,11.0,3.0,1.0,5.0,14.0,Issa Kabore,38.46834770732694,30.729153494018565,1.3657401552897142,0.0,0.2276233592149523,3.414350388224285,0.2276233592149523,0.0,0.0454399208376539,31.867270290093327,231.8094617787636,2.276233592149523,1.1381167960747616,12.064038038392471,2.5038569513644755,0.6828700776448571,0.2276233592149523,1.1381167960747616,3.186727029009333,79.88165680473372,50.0,Right Back,Full Back,True,37.24832214765101,59.06040268456376,20.13422818791946,20.80536912751678,25.503355704697988,54.36241610738255,40.26845637583892,77.85234899328859,87.91946308724832,55.70469798657718,81.87919463087249,22.14765100671141,1.342281879194631,11.409395973154362,36.24161073825504,88.59060402684564,33.89261744966443,77.18120805369128,91.2751677852349,38.81,33.56,68.68,34.79,72.73,49.71,1
35492,500.3,102.0,71.0,5.0,1.0,1.0,12.0,11.0,2.0,0.895688552,111.0,785.744940211414,6.0,2.0,83.0,4.0,1.0,5.0,7.0,22.0,Maximiliano Javier Araújo Vilches,18.34899060563661,12.772336598041177,0.8994603238057166,0.1798920647611433,0.1798920647611433,2.15870477713372,1.9788127123725765,0.3597841295222866,0.1611272630021986,19.96801918848691,141.34927967025237,1.07935238856686,0.3597841295222866,14.931041375174896,0.7195682590445732,0.1798920647611433,0.8994603238057166,1.2592444533280032,3.957625424745153,69.6078431372549,33.33333333333333,Left Wing,Winger,True,73.11827956989248,43.01075268817204,56.98924731182796,3.225806451612903,4.301075268817205,17.741935483870968,5.376344086021505,10.75268817204301,7.526881720430108,45.16129032258064,26.881720430107524,12.903225806451612,88.17204301075269,45.16129032258064,51.61290322580645,35.483870967741936,64.51612903225806,54.83870967741935,59.13978494623656,57.71,8.42,7.89,44.98,53.49,34.5,0
35592,377.82,134.0,99.0,4.0,0.0,2.0,3.0,4.0,0.0,0.1242424676,113.0,535.6999387307471,9.0,3.0,76.0,4.0,3.0,3.0,4.0,17.0,Anis Ben Slimane,31.91996188661268,23.582658408766083,0.952834683182468,0.0,0.4764173415912339,0.7146260123868509,0.952834683182468,0.0,0.0295956330633635,26.91757979990472,127.60837035034471,2.143878037160553,0.7146260123868509,18.10385898046689,0.952834683182468,0.7146260123868509,0.7146260123868509,0.952834683182468,4.049547403525488,73.88059701492537,33.33333333333333,Center Attacking Midfield,Attacking Midfielder,True,18.421052631578945,10.526315789473683,28.947368421052637,23.684210526315788,23.684210526315788,23.684210526315788,15.789473684210526,5.263157894736842,36.84210526315789,55.26315789473685,28.947368421052637,50.0,84.21052631578947,21.052631578947366,42.10526315789473,36.84210526315789,19.73684210526316,81.57894736842105,28.947368421052637,19.3,23.68,19.3,46.93,41.78,30.2,0
35684,457.31,110.0,68.0,6.0,1.0,0.0,23.0,7.0,1.0,2.079033113,127.0,1330.386037288279,14.0,7.0,70.0,5.0,3.0,0.0,8.0,26.0,Meschak Elia,21.648334827578665,13.382606984321358,1.1808182633224729,0.1968030438870787,0.0,4.5264700094028125,1.3776213072095516,0.1968030438870787,0.409160044980429,24.993986573659008,261.82402168320203,2.755242614419103,1.3776213072095516,13.776213072095514,0.984015219435394,0.5904091316612364,0.0,1.5744243510966305,5.116879141064048,61.81818181818181,50.0,Right Wing,Winger,True,52.68817204301075,88.17204301075269,26.881720430107524,15.053763440860216,6.451612903225806,4.301075268817205,22.58064516129032,76.34408602150538,55.91397849462365,39.784946236559136,40.86021505376344,51.61290322580645,9.13978494623656,58.06451612903226,86.02150537634408,48.38709677419355,69.89247311827957,20.43010752688172,96.7741935483871,55.91,8.6,51.61,47.58,58.87,44.52,0
35690,350.38,114.0,91.0,1.0,0.0,0.0,1.0,2.0,0.0,0.15585491,70.0,363.0994761818758,0.0,0.0,52.0,8.0,1.0,12.0,9.0,10.0,Sebastián Enzo Cáceres Ramos,29.28249329299617,23.37462183914607,0.2568639762543524,0.0,0.0,0.2568639762543524,0.5137279525087048,0.0,0.0400335119013642,17.98047833780467,93.26717522794917,0.0,0.0,13.356926765226326,2.05491181003482,0.2568639762543524,3.0823677150522286,2.311775786289172,2.5686397625435244,79.82456140350878,0.0,Left Center Back,Centre Back,True,34.023668639053255,48.5207100591716,61.53846153846154,8.875739644970414,8.875739644970414,13.017751479289942,5.325443786982249,5.9171597633136095,22.7810650887574,97.0414201183432,88.16568047337277,6.508875739644971,25.44378698224852,81.65680473372781,50.29585798816568,73.37278106508876,44.67455621301775,30.17751479289941,80.4733727810651,48.03,10.26,11.34,58.19,57.17,37.0,1
36271,423.9500000000001,205.0,166.0,0.0,0.0,0.0,0.0,1.0,0.0,0.09898618,136.0,561.5218600009896,0.0,0.0,38.0,7.0,3.0,28.0,13.0,9.0,Roberto Lopes,43.519282934308286,35.24000471753744,0.0,0.0,0.0,0.0,0.2122891850454062,0.0,0.0210136954829578,28.87132916617525,119.2050180447908,0.0,0.0,8.066989031725438,1.4860242953178435,0.6368675551362188,5.944097181271375,2.7597594055902817,1.9106026654086563,80.97560975609757,0.0,Left Center Back,Centre Back,True,34.023668639053255,33.72781065088758,23.07692307692308,39.64497041420118,34.319526627218934,17.159763313609467,30.76923076923077,13.6094674556213,22.7810650887574,66.86390532544378,69.23076923076923,21.89349112426036,88.16568047337277,93.49112426035504,18.34319526627219,19.230769230769237,44.67455621301775,30.17751479289941,26.035502958579883,30.28,30.37,22.39,59.66,30.03,34.55,1
36288,650.03,127.0,98.0,7.0,1.0,0.0,15.0,4.0,1.0,1.107158069,145.0,1098.7753246963302,15.0,3.0,134.0,15.0,3.0,4.0,12.0,35.0,Facundo Pellistri Rebollo,17.583803824438874,13.568604525944956,0.969186037567497,0.1384551482239281,0.0,2.076827223358922,0.5538205928957125,0.1384551482239281,0.153291734550713,20.07599649246957,152.13110044562515,2.076827223358922,0.4153654446717844,18.55298986200637,2.076827223358922,0.4153654446717844,0.5538205928957125,1.6614617786871375,4.845930187837485,77.16535433070865,20.0,Right Wing,Winger,True,39.784946236559136,40.86021505376344,5.376344086021505,2.1505376344086025,7.526881720430108,56.98924731182796,6.451612903225806,15.053763440860216,9.67741935483871,74.19354838709677,89.24731182795699,35.483870967741936,65.59139784946237,67.74193548387096,81.72043010752688,39.784946236559136,55.91397849462365,20.43010752688172,54.83870967741935,28.67,22.22,10.39,69.0,42.74,34.61,0
36520,322.43,153.0,116.0,1.0,0.0,0.0,4.0,1.0,0.0,0.07980639,92.0,263.94703653298984,1.0,0.0,38.0,3.0,6.0,12.0,7.0,12.0,Miguel Ángel Navarro Zárate,42.706944142914736,32.37912104953013,0.2791303538752597,0.0,0.0,1.116521415501039,0.2791303538752597,0.0,0.0222763858822069,25.67999255652389,73.67562971177956,0.2791303538752597,0.0,10.60695344725987,0.8373910616257793,1.6747821232515585,3.349564246503117,1.9539124771268184,3.349564246503117,75.81699346405229,0.0,Left Back,Full Back,True,37.24832214765101,43.62416107382551,25.503355704697988,34.22818791946309,32.88590604026846,30.2013422818792,20.13422818791946,0.6711409395973155,6.375838926174497,38.92617449664429,4.026845637583892,81.87919463087249,91.2751677852349,53.02013422818792,44.29530201342282,18.12080536912752,33.89261744966443,29.86577181208054,26.845637583892614,35.46,32.44,9.06,52.24,27.18,31.28,1
36539,390.61,222.0,178.0,4.0,0.0,1.0,7.0,5.0,0.0,0.231503863,154.0,906.7332357600144,1.0,0.0,36.0,9.0,7.0,18.0,3.0,21.0,Wilfried Stephane Singo,51.15076418934487,41.0127748905558,0.9216353907990066,0.0,0.2304088476997516,1.6128619338982615,1.1520442384987584,0.0,0.0533405383118711,35.48296254576176,208.9193600225322,0.2304088476997516,0.0,8.29471851719106,2.073679629297765,1.6128619338982615,4.14735925859553,0.6912265430992549,4.838585801694785,80.18018018018019,0.0,Right Back,Full Back,True,37.24832214765101,63.08724832214765,89.93288590604027,63.758389261744966,64.42953020134227,56.375838926174495,54.36241610738255,67.11409395973155,6.375838926174497,10.06711409395973,56.375838926174495,78.52348993288591,97.31543624161074,0.6711409395973155,85.23489932885906,69.12751677852349,33.89261744966443,78.52348993288591,41.61073825503356,63.42,61.52,42.62,54.7,55.79,55.61,1
36629,736.74,166.0,117.0,0.0,0.0,0.0,0.0,0.0,0.0,0.0,70.0,358.373126097848,0.0,0.0,0.0,0.0,0.0,0.0,0.0,27.0,Yahia Fofana,20.278524309797216,14.292694844857072,0.0,0.0,0.0,0.0,0.0,0.0,0.0,8.551184949914488,43.77878403345321,0.0,0.0,0.0,0.0,0.0,0.0,0.0,3.298314194967017,70.48192771084338,0.0,Goalkeeper,Goalkeeper,True,50.0,49.28571428571429,49.28571428571429,10.0,21.428571428571427,57.14285714285714,11.428571428571429,14.285714285714285,45.0,30.714285714285715,50.0,50.71428571428571,38.57142857142858,45.71428571428572,30.0,46.42857142857143,50.0,47.85714285714286,50.0,49.52,29.52,23.57,40.95,48.57,38.43,2
36659,546.3,237.0,209.0,2.0,0.0,1.0,2.0,5.0,1.0,0.962810185,198.0,1145.934226616488,3.0,2.0,111.0,24.0,4.0,14.0,13.0,39.0,Manuel Ugarte Ribeiro,39.04448105436574,34.431630971993414,0.3294892915980231,0.0,0.1647446457990115,0.3294892915980231,0.8237232289950577,0.1647446457990115,0.1586178228995057,32.61943986820428,188.7865282728975,0.4942339373970346,0.3294892915980231,18.28665568369028,3.9538714991762767,0.6589785831960462,2.306425041186161,2.14168039538715,6.42504118616145,88.18565400843882,66.66666666666666,Right Defensive Midfield,Defensive Midfielder,True,80.19801980198021,85.14851485148515,47.52475247524752,23.76237623762376,27.72277227722773,66.33663366336634,27.72277227722773,47.52475247524752,38.613861386138616,68.31683168316832,97.02970297029702,26.73267326732673,89.10891089108911,69.3069306930693,91.0891089108911,29.7029702970297,35.64356435643564,49.50495049504951,49.50495049504951,70.96,39.27,37.95,73.6,41.09,52.57,1
36710,934.72,212.0,148.0,0.0,0.0,0.0,0.0,0.0,0.0,0.0,106.0,588.082917006509,0.0,0.0,3.0,0.0,0.0,0.0,1.0,35.0,Sergio Rochet Álvarez,20.41252995549469,14.250256761383088,0.0,0.0,0.0,0.0,0.0,0.0,0.0,10.206264977747349,56.62386867787765,0.0,0.0,0.2888565559739815,0.0,0.0,0.0,0.0962855186579938,3.3699931530297844,69.81132075471697,0.0,Goalkeeper,Goalkeeper,True,50.0,49.28571428571429,49.28571428571429,12.857142857142856,20.0,54.285714285714285,20.0,31.428571428571427,45.0,97.14285714285714,50.0,50.71428571428571,38.57142857142858,92.85714285714286,37.142857142857146,46.42857142857143,50.0,47.85714285714286,50.0,49.52,29.05,32.14,61.07,48.57,44.07,2
36917,376.7,179.0,148.0,2.0,0.0,1.0,1.0,4.0,0.0,0.194997454,149.0,713.8314167334631,7.0,4.0,64.0,17.0,2.0,11.0,12.0,38.0,José Andrés Martínez Torres,42.76612689142554,35.35970268117866,0.4778338200159278,0.0,0.2389169100079639,0.2389169100079639,0.9556676400318556,0.0,0.0465881891691,35.598619591186626,170.54639635256618,1.6724183700557471,0.9556676400318556,15.290682240509687,4.061587470135386,0.4778338200159278,2.628086010087603,2.867002920095567,9.078842580302627,82.68156424581005,57.14285714285714,Right Defensive Midfield,Defensive Midfielder,True,33.16831683168317,47.52475247524752,56.43564356435643,33.663366336633665,33.663366336633665,30.1980198019802,42.57425742574257,31.683168316831683,88.11881188118812,41.58415841584159,98.01980198019804,12.871287128712872,94.05940594059405,95.04950495049503,100.0,42.57425742574257,35.64356435643564,66.33663366336634,41.58415841584159,45.71,32.51,54.13,73.6,46.53,50.5,1
36951,398.37,110.0,50.0,0.0,0.0,0.0,0.0,0.0,0.0,0.0,35.0,258.87983593905216,0.0,0.0,2.0,0.0,0.0,0.0,0.0,13.0,Babacar Niasse,24.85126892085248,11.296031327660216,0.0,0.0,0.0,0.0,0.0,0.0,0.0,7.907221929362151,58.4862947373414,0.0,0.0,0.4518412531064085,0.0,0.0,0.0,0.0,2.936968145191656,45.45454545454545,0.0,Goalkeeper,Goalkeeper,True,50.0,49.28571428571429,49.28571428571429,35.714285714285715,7.142857142857142,2.857142857142857,8.571428571428571,38.57142857142858,45.0,100.0,50.0,50.71428571428571,38.57142857142858,45.71428571428572,17.142857142857142,46.42857142857143,50.0,47.85714285714286,50.0,49.52,15.24,30.71,50.36,48.57,38.88,2
37148,388.4,265.0,251.0,0.0,0.0,0.0,0.0,1.0,0.0,0.27776286,225.0,980.9255863694384,3.0,3.0,34.0,3.0,12.0,14.0,11.0,10.0,Josip Šutalo,61.40576725025747,58.161688980432544,0.0,0.0,0.0,0.0,0.2317198764160659,0.0,0.064363175592173,52.13697219361483,227.2999556468833,0.6951596292481977,0.6951596292481977,7.878475798146241,0.6951596292481977,2.780638516992791,3.244078269824923,2.548918640576725,2.317198764160659,94.71698113207547,100.0,Right Center Back,Centre Back,True,34.023668639053255,63.905325443786985,27.2189349112426,81.65680473372781,84.02366863905326,97.63313609467455,85.79881656804734,61.53846153846154,96.44970414201184,65.08875739644971,19.526627218934912,99.40828402366864,28.99408284023669,88.75739644970415,37.278106508875744,19.230769230769237,44.67455621301775,30.17751479289941,26.035502958579883,41.72,87.77,81.26,56.51,30.03,59.46,1
37274,573.1700000000001,210.0,178.0,0.0,0.0,0.0,0.0,0.0,0.0,0.0,128.0,460.49373424908055,0.0,0.0,0.0,0.0,0.0,0.0,0.0,24.0,Bart Verbruggen,32.97451018022576,27.949822914667543,0.0,0.0,0.0,0.0,0.0,0.0,0.0,20.09874906223284,72.30740632345943,0.0,0.0,0.0,0.0,0.0,0.0,0.0,3.768515449168658,84.76190476190476,0.0,Goalkeeper,Goalkeeper,True,50.0,49.28571428571429,49.28571428571429,82.85714285714286,97.14285714285714,95.71428571428572,90.0,57.14285714285714,45.0,30.714285714285715,50.0,50.71428571428571,38.57142857142858,45.71428571428572,52.85714285714286,46.42857142857143,50.0,47.85714285714286,50.0,49.52,91.9,64.05,44.76,48.57,59.76,2
37641,389.65,128.0,94.0,0.0,0.0,0.0,0.0,0.0,0.0,0.0,67.0,383.61529271737857,0.0,0.0,0.0,0.0,0.0,1.0,0.0,15.0,Seung-Gyu Kim,29.564994225587068,21.711792634415502,0.0,0.0,0.0,0.0,0.0,0.0,0.0,15.47542666495573,88.60612432840773,0.0,0.0,0.0,0.0,0.0,0.2309765173873989,0.0,3.4646477608109847,73.4375,0.0,Goalkeeper,Goalkeeper,True,50.0,49.28571428571429,49.28571428571429,67.14285714285714,70.0,64.28571428571429,68.57142857142857,87.14285714285714,45.0,30.714285714285715,50.0,50.71428571428571,98.57142857142858,45.71428571428572,40.0,46.42857142857143,50.0,47.85714285714286,50.0,49.52,67.14,66.9,52.62,48.57,56.95,2
37726,701.75,334.0,271.0,7.0,0.0,3.0,8.0,6.0,1.0,0.7517798698,250.0,1250.6902925848017,11.0,5.0,106.0,21.0,8.0,9.0,22.0,46.0,Moisés Isaac Caicedo Corozo,42.83576772354827,34.75596722479516,0.8977556109725685,0.0,0.3847524047025293,1.0260064125400783,0.7695048094050587,0.1282508015675098,0.0964163709041681,32.06270039187745,160.40203253670418,1.4107588172426078,0.6412540078375489,13.594584966156038,2.693266832917706,1.0260064125400783,1.1542572141075882,2.8215176344852155,5.899536872105451,81.1377245508982,45.45454545454545,Left Defensive Midfield,Defensive Midfielder,True,77.22772277227723,72.27722772277228,42.57425742574257,34.65346534653465,29.7029702970297,18.81188118811881,24.752475247524757,26.73267326732673,72.27722772277228,31.683168316831683,83.16831683168317,47.52475247524752,40.5940594059406,94.05940594059405,82.17821782178217,82.17821782178217,35.64356435643564,80.19801980198021,89.10891089108911,64.03,27.72,41.25,63.2,71.78,53.6,1
37737,684.79,269.0,189.0,7.0,1.0,0.0,13.0,9.0,0.0,0.2898803147,165.0,815.6390582145882,11.0,2.0,87.0,20.0,11.0,24.0,12.0,42.0,Angelo Smit Preciado Quiñónez,35.35390411659049,24.83973188860819,0.9199900699484512,0.1314271528497787,0.0,1.708552987047124,1.182844375648009,0.0,0.0380981444282188,21.685480220213496,107.19711917421829,1.4456986813475663,0.2628543056995575,11.434162297930754,2.6285430569955754,1.4456986813475663,3.1542516683946906,1.5771258341973453,5.519940419690709,70.26022304832715,18.181818181818183,Right Back,Full Back,True,37.24832214765101,55.033557046979865,91.2751677852349,13.422818791946307,11.409395973154362,9.395973154362416,8.724832214765101,6.711409395973154,30.87248322147651,45.63758389261745,85.90604026845638,71.14093959731544,88.59060402684564,32.88590604026846,92.61744966442951,68.45637583892618,74.49664429530202,29.86577181208054,49.66442953020135,61.19,11.41,15.44,69.46,55.62,42.62,1
37945,411.06,115.0,99.0,1.0,0.0,0.0,0.0,3.0,0.0,0.122280855,79.0,332.78791510152496,0.0,0.0,52.0,2.0,2.0,16.0,10.0,15.0,Alan Steven Franco Palma,25.178806013720624,21.67566778572471,0.2189461392497445,0.0,0.0,0.0,0.6568384177492337,0.0,0.0267729211064078,17.29674500072982,72.86262920045066,0.0,0.0,11.385199240986717,0.4378922784994891,0.4378922784994891,3.503138227995913,2.1894613924974458,3.284192088746168,86.08695652173914,0.0,Right Defensive Midfield,Defensive Midfielder,True,33.16831683168317,29.7029702970297,38.613861386138616,1.98019801980198,2.9702970297029703,48.51485148514851,0.99009900990099,1.98019801980198,5.445544554455446,11.88118811881188,0.99009900990099,11.88118811881188,100.0,72.27722772277228,17.82178217821782,15.84158415841584,35.64356435643564,19.306930693069308,10.891089108910892,33.83,17.82,2.81,35.81,20.42,22.14,1
38004,707.17,368.0,295.0,2.0,0.0,0.0,9.0,1.0,0.0,0.0073528504,255.0,1494.8716902894396,5.0,2.0,89.0,21.0,9.0,21.0,16.0,21.0,Piero Martín Hincapié Reyna,46.83456594595359,37.54401346210954,0.2545356844888782,0.0,0.0,1.145410580199952,0.1272678422444391,0.0,0.0009357814047541,32.453299772331974,190.24909445543443,0.6363392112221956,0.2545356844888782,11.32683795975508,2.6726246871332213,1.145410580199952,2.6726246871332213,2.0362854759110256,2.6726246871332213,80.16304347826086,40.0,Left Back,Full Back,True,37.24832214765101,10.738255033557047,10.738255033557047,48.32214765100672,49.66442953020135,55.70469798657718,43.62416107382551,56.375838926174495,28.85906040268457,43.62416107382551,86.57718120805369,57.71812080536913,77.18120805369128,58.38926174496645,15.436241610738255,15.436241610738255,33.89261744966443,29.86577181208054,28.85906040268457,19.57,51.23,42.95,56.49,27.01,39.45,1
38229,352.57,89.0,71.0,8.0,0.0,1.0,7.0,6.0,1.0,0.5520862196999999,113.0,1372.3149149573082,28.0,14.0,46.0,4.0,0.0,1.0,5.0,14.0,Khvicha Kvaratskhelia,22.71889270215844,18.124060470261224,2.0421476586209835,0.0,0.2552684573276229,1.7868792012933603,1.5316107439657374,0.2552684573276229,0.140930197614658,28.845335678021385,350.3087113088401,7.147516805173441,3.5737584025867206,11.742349037070651,1.0210738293104915,0.0,0.2552684573276229,1.2763422866381144,3.5737584025867206,79.7752808988764,50.0,Left Center Forward,Forward,True,36.14457831325301,9.63855421686747,10.843373493975903,63.85542168674698,72.28915662650603,80.72289156626506,83.13253012048193,100.0,100.0,24.09638554216868,77.10843373493977,16.867469879518072,20.48192771084337,68.67469879518072,67.46987951807229,98.79518072289156,27.710843373493976,81.92771084337349,92.7710843373494,18.88,72.29,94.38,45.78,75.3,61.33,0
38718,969.85,687.0,605.0,11.0,1.0,9.0,5.0,15.0,1.0,1.4404052019999998,568.0,2631.8123587879145,7.0,4.0,166.0,26.0,8.0,18.0,13.0,54.0,Enzo Fernandez,63.752126617518165,56.14270247976491,1.0207764087229985,0.0927978553384544,0.8351806980460896,0.4639892766922719,1.391967830076816,0.0927978553384544,0.1336665135639531,52.709181832242095,244.2265425487573,0.6495849873691808,0.3711914213538176,15.40444398618343,2.412744238799814,0.7423828427076352,1.6703613960921793,1.206372119399907,5.011084188276538,88.06404657933042,57.14285714285714,Center Defensive Midfield,Defensive Midfielder,True,71.28712871287128,77.22772277227723,76.23762376237624,84.15841584158416,82.17821782178217,64.35643564356435,87.12871287128714,69.3069306930693,42.57425742574257,46.53465346534654,74.25742574257426,31.683168316831683,66.33663366336634,20.792079207920796,67.32673267326733,87.12871287128714,77.22772277227723,98.01980198019804,61.38613861386138,74.92,76.9,66.34,51.16,80.94,70.05,1
38759,368.55,72.0,46.0,2.0,0.0,1.0,0.0,8.0,0.0,0.8443179869999999,64.0,498.9278225260896,9.0,2.0,62.0,5.0,0.0,5.0,5.0,17.0,Benjamin Šeško,17.582417582417584,11.233211233211232,0.4884004884004884,0.0,0.2442002442002442,0.0,1.953601953601953,0.0,0.2061826586080585,15.628815628815628,121.83829609916717,2.197802197802198,0.4884004884004884,15.140415140415138,1.221001221001221,0.0,1.221001221001221,1.221001221001221,4.151404151404152,63.888888888888886,22.22222222222222,Left Center Forward,Forward,True,12.048192771084338,21.686746987951807,25.301204819277107,28.915662650602407,20.48192771084337,12.048192771084338,28.915662650602407,55.42168674698795,32.53012048192771,51.80722891566265,84.33734939759037,16.867469879518072,89.1566265060241,63.85542168674698,85.54216867469879,28.915662650602407,27.710843373493976,79.51807228915662,4.819277108433735,19.68,20.48,38.96,65.26,35.24,35.92,0
38792,485.29,223.0,190.0,3.0,0.0,0.0,7.0,4.0,0.0,0.197483729,191.0,1538.0557658902285,8.0,3.0,90.0,9.0,5.0,2.0,12.0,22.0,Yunus Dimoara Musah,41.35671454182035,35.23666261410703,0.5563683570648479,0.0,0.0,1.2981928331513115,0.7418244760864638,0.0,0.0366245659502565,35.42211873312865,285.24185318082084,1.4836489521729277,0.5563683570648479,16.691050711945437,1.6691050711945437,0.9272805951080798,0.3709122380432319,2.2254734282593915,4.080034618475551,85.20179372197309,37.5,Right Center Midfield,Midfielder,True,26.05633802816901,25.352112676056336,30.985915492957744,49.29577464788733,53.52112676056338,59.15492957746479,56.33802816901409,77.46478873239437,39.436619718309856,45.07042253521127,53.52112676056338,53.52112676056338,28.169014084507044,74.64788732394366,45.07042253521127,29.577464788732392,32.3943661971831,27.464788732394368,71.83098591549296,27.46,53.99,57.75,50.0,40.32,45.9,1
39136,781.1,514.0,462.0,2.0,0.0,3.0,0.0,2.0,0.0,0.27887147,431.0,2860.328714251683,3.0,2.0,78.0,8.0,14.0,35.0,21.0,23.0,Illia Zabarnyi,59.22417104083984,53.23262066316733,0.2304442452950966,0.0,0.345666367942645,0.0,0.2304442452950966,0.0,0.032132162719242,49.66073486109333,329.5731459258116,0.345666367942645,0.2304442452950966,8.987325566508769,0.9217769811803866,1.6131097170656763,4.032774292664191,2.419664575598515,2.650108820893611,89.88326848249028,66.66666666666666,Right Center Back,Centre Back,True,34.023668639053255,43.19526627218935,26.035502958579883,78.10650887573965,76.92307692307693,67.45562130177515,81.65680473372781,90.53254437869822,66.5680473372781,78.10650887573965,33.13609467455622,82.24852071005917,52.071005917159766,85.50295857988166,52.66272189349112,65.08875739644971,44.67455621301775,94.0828402366864,26.035502958579883,34.42,74.16,79.59,63.95,57.47,61.92,1
39167,484.91,195.0,161.0,9.0,3.0,3.0,2.0,11.0,1.0,0.5453347459999999,207.0,1479.7530615859573,11.0,2.0,64.0,10.0,7.0,0.0,8.0,24.0,Xavi Simons,36.19228310408117,29.881833742343936,1.6704130663422077,0.5568043554474026,0.5568043554474026,0.3712029036316017,2.041615969973809,0.1856014518158008,0.1012149205832009,38.41950052587077,274.6443165592299,2.041615969973809,0.3712029036316017,11.878492916211256,1.8560145181580088,1.299210162710606,0.0,1.484811614526407,4.454434843579221,82.56410256410255,18.181818181818183,Center Attacking Midfield,Attacking Midfielder,True,55.26315789473685,36.84210526315789,71.05263157894737,55.26315789473685,63.1578947368421,81.57894736842105,68.42105263157895,86.8421052631579,18.421052631578945,15.789473684210526,81.57894736842105,94.73684210526316,14.473684210526317,52.63157894736842,57.89473684210527,78.94736842105263,94.73684210526316,89.47368421052632,15.789473684210526,54.39,66.67,57.89,52.85,69.74,60.31,0
39460,385.36,233.0,204.0,5.0,0.0,1.0,3.0,1.0,0.0,0.033934437,187.0,717.2756485572974,1.0,0.0,98.0,13.0,9.0,6.0,10.0,27.0,Nicolas Seiwald,54.41664936682583,47.64376167739257,1.1677392567988374,0.0,0.2335478513597674,0.7006435540793025,0.2335478513597674,0.0,0.0079253148484533,43.67344820427652,167.5181865532405,0.2335478513597674,0.0,22.88768943325721,3.0361220676769776,2.101930662237907,1.401287108158605,2.3354785135976748,6.3057919867137215,87.55364806866953,0.0,Right Defensive Midfield,Defensive Midfielder,True,33.16831683168317,11.88118811881188,12.871287128712872,65.34653465346535,68.31683168316832,59.4059405940594,66.33663366336634,30.69306930693069,5.445544554455446,93.06930693069307,88.11881188118812,93.06930693069307,53.46534653465347,76.23762376237624,90.0990099009901,91.0891089108911,35.64356435643564,64.35643564356435,75.24752475247524,19.31,64.36,34.16,82.34,66.58,53.35,1
39559,483.86,175.0,136.0,6.0,0.0,1.0,7.0,5.0,1.0,0.4931226345,150.0,762.8661100621691,6.0,4.0,115.0,10.0,5.0,3.0,15.0,18.0,Aguibou Camara,32.550737816723846,25.296573388996816,1.116025296573389,0.0,0.1860042160955648,1.3020295126689538,0.9300210804778242,0.1860042160955648,0.0917228890691522,27.900632414334726,141.89631278798663,1.116025296573389,0.7440168643822593,21.39048485098996,1.8600421609556483,0.9300210804778242,0.5580126482866945,2.7900632414334723,3.348075889720167,77.71428571428571,66.66666666666666,Center Attacking Midfield,Attacking Midfielder,True,57.89473684210527,26.31578947368421,26.31578947368421,28.947368421052637,36.84210526315789,55.26315789473685,23.684210526315788,13.157894736842104,42.10526315789473,71.05263157894737,84.21052631578947,73.68421052631578,73.68421052631578,97.36842105263158,21.052631578947366,47.368421052631575,19.73684210526316,34.21052631578947,50.0,36.84,40.35,26.32,70.18,37.83,42.3,0
39565,715.12,295.0,250.0,12.0,0.0,4.0,10.0,21.0,3.0,2.05348055,389.0,2961.673808948682,55.0,32.0,121.0,8.0,8.0,0.0,16.0,45.0,Jamal Musiala,37.12663608904799,31.463250922922025,1.5102360443002574,0.0,0.5034120147667525,1.258530036916881,2.64291307752545,0.3775590110750643,0.2584366952399597,48.95681843606668,372.7355448111945,6.921915203042847,4.02729611813402,15.22821344669426,1.006824029533505,1.006824029533505,0.0,2.01364805906701,5.663385166125965,84.7457627118644,58.18181818181818,Left Wing,Winger,True,76.34408602150538,64.51612903225806,79.56989247311827,77.41935483870968,87.09677419354838,95.6989247311828,95.6989247311828,93.5483870967742,97.8494623655914,49.46236559139785,41.935483870967744,79.56989247311827,9.13978494623656,81.72043010752688,92.47311827956987,74.19354838709677,24.193548387096776,87.09677419354838,27.956989247311824,73.48,86.74,95.7,59.05,53.36,73.66,0
39615,376.7,111.0,92.0,0.0,0.0,1.0,0.0,3.0,0.0,0.144109235,81.0,511.2368711728485,1.0,1.0,24.0,2.0,9.0,26.0,8.0,9.0,Radu Drăgușin,26.519777010883995,21.98035572073268,0.0,0.0,0.2389169100079639,0.0,0.7167507300238918,0.0,0.0344301331298115,19.352269710645075,122.14313354275647,0.2389169100079639,0.2389169100079639,5.734005840191134,0.4778338200159278,2.150252190071676,6.211839660207062,1.9113352800637111,2.150252190071676,82.88288288288288,100.0,Right Center Back,Centre Back,True,34.023668639053255,43.78698224852072,79.28994082840237,2.366863905325444,5.9171597633136095,26.923076923076923,8.875739644970414,15.384615384615383,70.41420118343196,33.72781065088758,7.6923076923076925,95.85798816568048,89.3491124260355,68.63905325443787,29.585798816568047,19.230769230769237,44.67455621301775,84.02366863905326,26.035502958579883,52.37,11.74,31.56,54.14,43.49,38.66,1
40211,409.56,85.0,64.0,2.0,0.0,0.0,2.0,7.0,1.0,0.4152336199999998,110.0,1132.9049252099387,14.0,9.0,60.0,17.0,3.0,4.0,4.0,27.0,Jeremy Leonel Sarmiento Morante,18.678581892762967,14.063873425139176,0.4394960445355992,0.0,0.0,0.4394960445355992,1.5382361558745972,0.2197480222677996,0.091246766774099,24.17228244945796,248.95361673233344,3.0764723117491943,1.9777322004101965,13.184881336067976,3.735716378552593,0.6592440668033988,0.8789920890711984,0.8789920890711984,5.933196601230589,75.29411764705883,64.28571428571429,Left Wing,Winger,True,54.83870967741935,20.43010752688172,33.33333333333333,4.301075268817205,10.75268817204301,46.236559139784944,18.27956989247312,66.66666666666666,76.34408602150538,35.483870967741936,100.0,55.91397849462365,87.09677419354838,20.43010752688172,96.7741935483871,10.75268817204301,24.193548387096776,20.43010752688172,7.526881720430108,36.2,20.43,53.76,65.95,15.73,38.41,0
40485,390.35,146.0,104.0,3.0,1.0,1.0,10.0,6.0,2.0,1.427885542,153.0,776.0689852864077,15.0,7.0,55.0,7.0,2.0,9.0,3.0,25.0,Ryan Isaac Mendes da Graça,33.66209811707442,23.978480850518764,0.6916869476111182,0.2305623158703727,0.2305623158703727,2.3056231587037272,1.3833738952222363,0.4611246317407454,0.3292165973613424,35.27603432816703,178.9322625228044,3.4584347380555904,1.613936211092609,12.6809273728705,1.613936211092609,0.4611246317407454,2.0750608428333543,0.6916869476111182,5.764057896759319,71.23287671232876,46.66666666666666,Right Wing,Winger,True,83.87096774193549,78.49462365591397,27.956989247311824,64.51612903225806,54.83870967741935,24.731182795698924,67.74193548387096,30.107526881720432,66.66666666666666,29.03225806451613,73.11827956989248,38.70967741935484,100.0,11.827956989247312,94.6236559139785,21.50537634408602,77.41935483870968,63.44086021505376,66.66666666666666,63.44,48.03,54.84,57.89,57.26,56.29,0
40538,340.68,141.0,102.0,4.0,1.0,0.0,14.0,3.0,0.0,0.285274066,89.0,347.2930001674395,2.0,1.0,22.0,9.0,7.0,8.0,6.0,12.0,Jin-Su Kim,37.24903134906658,26.94610778443113,1.056710109193378,0.2641775272983445,0.0,3.698485382176823,0.7925325818950334,0.0,0.0753629973582247,23.511799929552662,91.7470060322577,0.528355054596689,0.2641775272983445,5.811905600563579,2.3775977456851005,1.849242691088412,2.113420218386756,1.5850651637900668,3.1701303275801336,72.3404255319149,50.0,Left Back,Full Back,True,37.24832214765101,72.48322147651007,73.8255033557047,16.10738255033557,16.778523489932887,14.093959731543624,14.76510067114094,3.355704697986577,32.21476510067114,0.6711409395973155,72.48322147651007,87.24832214765101,56.375838926174495,34.899328859060404,33.557046979865774,76.51006711409396,92.61744966442951,29.86577181208054,92.61744966442951,61.19,15.66,16.78,47.54,72.9,42.81,1
40672,389.65,242.0,205.0,2.0,0.0,0.0,12.0,0.0,0.0,0.0,165.0,742.421828578026,3.0,2.0,40.0,8.0,9.0,15.0,9.0,19.0,Moon-Hwan Kim,55.89631720775054,47.35018606441679,0.4619530347747979,0.0,0.0,2.7717182086487875,0.0,0.0,0.0,38.11112536892082,171.48200839733693,0.6929295521621969,0.4619530347747979,9.239060695495958,1.847812139099192,2.0787886564865907,3.4646477608109847,2.0787886564865907,4.38855383036058,84.71074380165288,66.66666666666666,Right Back,Full Back,True,37.24832214765101,5.369127516778524,5.369127516778524,79.86577181208054,83.89261744966443,81.20805369127517,69.12751677852349,46.30872483221477,48.99328859060403,19.463087248322147,45.63758389261745,93.28859060402684,92.61744966442951,59.06040268456376,73.15436241610739,29.53020134228188,33.89261744966443,29.86577181208054,80.53691275167785,16.0,81.66,54.81,63.87,43.46,51.96,1
41092,477.63,399.0,354.0,4.0,0.0,0.0,13.0,4.0,1.0,0.968188972,346.0,1660.9993190899747,20.0,9.0,51.0,9.0,9.0,10.0,13.0,18.0,Nuno Mendes,75.18371961560204,66.70435274166196,0.7537214999057849,0.0,0.0,2.4495948746938008,0.7537214999057849,0.1884303749764462,0.1824362110420199,65.19690974185039,312.98272453174576,3.768607499528924,1.6958733747880157,9.609949123798756,1.6958733747880157,1.6958733747880157,1.884303749764462,2.4495948746938008,3.3917467495760314,88.7218045112782,45.0,Left Back,Full Back,True,89.93288590604027,93.95973154362416,71.14093959731544,97.98657718120806,97.98657718120806,95.3020134228188,98.65771812080536,95.3020134228188,95.9731543624161,25.503355704697988,40.26845637583892,83.89261744966443,46.30872483221477,78.52348993288591,45.63758389261745,55.033557046979865,33.89261744966443,29.86577181208054,71.14093959731544,85.01,97.09,96.64,53.36,47.48,75.92,1
41202,380.24,176.0,160.0,1.0,1.0,0.0,2.0,5.0,0.0,0.8157087143,170.0,886.676518234926,7.0,5.0,70.0,8.0,6.0,5.0,13.0,21.0,Giorgi Kochorashvili,41.657900273511466,37.870818430464965,0.236692615190406,0.236692615190406,0.0,0.4733852303808121,1.1834630759520302,0.0,0.1930722288212707,40.23774458236903,209.8697839289484,1.6568483063328423,1.1834630759520302,16.568483063328422,1.8935409215232484,1.4201556911424362,1.1834630759520302,3.0770039974752788,4.970544918998527,90.9090909090909,71.42857142857143,Left Center Midfield,Midfielder,True,26.05633802816901,77.46478873239437,49.29577464788733,52.11267605633802,63.38028169014085,88.73239436619718,67.6056338028169,49.29577464788733,74.64788732394366,42.25352112676056,71.83098591549296,81.69014084507043,69.01408450704226,94.3661971830986,83.09859154929578,7.042253521126761,90.14084507042254,27.464788732394368,35.2112676056338,50.94,68.08,63.85,73.71,39.96,59.31,1
41593,418.79,172.0,132.0,1.0,0.0,0.0,1.0,0.0,0.0,0.0,117.0,662.7961638831061,0.0,0.0,27.0,6.0,4.0,27.0,10.0,7.0,Willian Joel Pacho Tenorio,36.96363332457796,28.367439528164475,0.2149048449103369,0.0,0.0,0.2149048449103369,0.0,0.0,0.0,25.143866854509422,142.4381068064652,0.0,0.0,5.8024308125790975,1.2894290694620216,0.8596193796413477,5.8024308125790975,2.149048449103369,1.5043339143723586,76.74418604651163,0.0,Left Center Back,Centre Back,True,34.023668639053255,7.396449704142012,7.396449704142012,23.07692307692308,16.56804733727811,5.9171597633136095,20.118343195266277,26.627218934911244,22.7810650887574,36.09467455621302,52.66272189349112,37.278106508875744,87.57396449704143,78.69822485207101,8.284023668639055,60.946745562130175,44.67455621301775,30.17751479289941,69.8224852071006,16.27,15.19,23.18,50.1,51.41,31.23,1
42527,734.74,332.0,284.0,3.0,0.0,1.0,1.0,5.0,0.0,0.311371431,285.0,1431.51008780152,9.0,5.0,125.0,11.0,5.0,7.0,15.0,36.0,Sphephelo S''Miso Sithole,40.6674469880502,34.787816098211614,0.3674769306149114,0.0,0.1224923102049704,0.1224923102049704,0.6124615510248523,0.0,0.0381406059150175,34.91030840841658,175.3489777365283,1.1024307918447342,0.6124615510248523,15.311538775621308,1.347415412254675,0.6124615510248523,0.8574461714347932,1.837384653074557,4.409723167378937,85.54216867469879,55.55555555555556,Left Defensive Midfield,Defensive Midfielder,True,33.16831683168317,38.613861386138616,37.62376237623762,28.71287128712871,30.69306930693069,45.54455445544555,40.5940594059406,35.64356435643564,69.3069306930693,43.56435643564357,23.76237623762376,23.76237623762376,24.752475247524757,59.4059405940594,51.48514851485149,32.67326732673268,35.64356435643564,45.54455445544555,24.752475247524757,36.47,34.98,48.51,37.79,34.65,38.48,1
42822,525.58,199.0,174.0,3.0,0.0,0.0,1.0,4.0,1.0,0.2526034229999999,160.0,919.128878945848,13.0,7.0,112.0,11.0,5.0,7.0,19.0,19.0,András Schäfer,34.07663914151984,29.795654324746,0.5137181780128619,0.0,0.0,0.1712393926709539,0.6849575706838159,0.1712393926709539,0.043255656741124,27.39830282735264,157.39107101702177,2.226112104722401,1.198675748696678,19.178811979146847,1.8836333193804933,0.8561969633547699,1.198675748696678,3.2535484607481258,3.2535484607481258,87.43718592964824,53.84615384615385,Left Center Midfield,Midfielder,True,69.01408450704226,29.577464788732392,23.943661971830984,28.169014084507044,38.0281690140845,76.05633802816901,22.53521126760564,19.718309859154928,76.05633802816901,66.19718309859155,70.4225352112676,45.07042253521127,71.83098591549296,95.77464788732394,22.53521126760564,22.53521126760564,32.3943661971831,27.464788732394368,15.492957746478872,40.85,47.42,39.44,61.97,24.47,42.83,1
43779,632.0,267.0,210.0,0.0,1.0,1.0,5.0,2.0,0.0,0.61116288,193.0,1072.797739095408,4.0,4.0,84.0,16.0,5.0,24.0,20.0,18.0,Calvin Bassey Ughelumba,38.02215189873417,29.90506329113924,0.0,0.1424050632911392,0.1424050632911392,0.7120253164556962,0.2848101265822785,0.0,0.0870326886075949,27.48417721518988,152.7718299344727,0.569620253164557,0.569620253164557,11.962025316455694,2.278481012658228,0.7120253164556962,3.4177215189873418,2.848101265822785,2.5632911392405062,78.65168539325843,100.0,Left Center Back,Centre Back,True,34.023668639053255,72.18934911242604,37.278106508875744,25.44378698224852,20.710059171597635,11.242603550295858,25.44378698224852,30.17751479289941,95.85798816568048,94.0828402366864,91.71597633136096,30.76923076923077,34.9112426035503,95.26627218934912,48.5207100591716,19.230769230769237,93.49112426035504,71.00591715976331,95.85798816568048,47.83,19.13,50.49,65.88,69.9,50.65,1
44166,661.51,351.0,297.0,3.0,0.0,0.0,2.0,3.0,0.0,0.203611806,250.0,1370.9600018089986,4.0,4.0,61.0,12.0,8.0,21.0,10.0,15.0,Jakub Piotr Kiwior,47.754380130307936,40.40755241795287,0.408157095130837,0.0,0.0,0.2721047300872247,0.408157095130837,0.0,0.0277018677571011,34.01309126090308,186.5223506263093,0.5442094601744494,0.5442094601744494,8.299194267660353,1.632628380523348,1.0884189203488988,2.8570996659158587,1.3605236504361236,2.040785475654185,84.61538461538461,100.0,Left Center Back,Centre Back,True,34.023668639053255,38.46153846153847,49.70414201183432,51.4792899408284,49.11242603550296,36.09467455621302,47.92899408284024,44.37869822485207,94.67455621301777,70.41420118343196,75.7396449704142,50.29585798816568,20.118343195266277,36.68639053254438,23.66863905325444,87.57396449704143,44.67455621301775,30.17751479289941,82.84023668639054,40.73,45.56,62.33,46.15,61.32,51.22,1
44703,860.0699999999999,474.0,383.0,5.0,0.0,0.0,10.0,3.0,0.0,0.683637999,294.0,1524.4634681241432,3.0,2.0,157.0,25.0,11.0,20.0,26.0,31.0,Alistair Johnston,49.60061390351949,40.07813317520667,0.5232132268303743,0.0,0.0,1.0464264536607486,0.3139279360982245,0.0,0.07153768868813,30.764937737626006,159.5238900684513,0.3139279360982245,0.2092852907321497,16.428895322473753,2.6160661341518714,1.1510690990268235,2.092852907321497,2.7207087795179463,3.243922006348321,80.80168776371308,66.66666666666666,Right Back,Full Back,True,37.24832214765101,71.14093959731544,31.543624161073826,58.38926174496645,61.07382550335571,61.07382550335571,35.57046979865772,38.92617449664429,21.47651006711409,87.91946308724832,85.23489932885906,58.38926174496645,54.36241610738255,87.24832214765101,39.59731543624161,38.25503355704698,33.89261744966443,29.86577181208054,23.48993288590604,46.64,60.18,31.99,68.79,31.38,47.8,1
44955,502.48,226.0,192.0,3.0,1.0,0.0,2.0,3.0,0.0,0.106741729,185.0,994.7100882358918,5.0,2.0,86.0,15.0,6.0,14.0,15.0,34.0,Aïssa Bilal Laïdouni,40.47922305365388,34.38942843496259,0.5373348192962905,0.1791116064320967,0.0,0.3582232128641935,0.5373348192962905,0.0,0.0191186825545295,33.135647189937906,178.16412183814333,0.895558032160484,0.3582232128641935,15.403598153160324,2.686674096481452,1.074669638592581,2.507562490049355,2.686674096481452,6.089794618691292,84.95575221238938,40.0,Left Defensive Midfield,Defensive Midfielder,True,33.16831683168317,23.76237623762376,29.7029702970297,27.72277227722773,26.73267326732673,43.56435643564357,32.67326732673268,36.63366336633664,40.5940594059406,45.54455445544555,82.17821782178217,52.47524752475248,93.06930693069307,88.11881188118812,88.11881188118812,49.50495049504951,85.14851485148515,19.306930693069308,52.47524752475248,28.88,32.67,36.63,74.92,51.61,44.94,1
45190,409.38,111.0,87.0,3.0,0.0,1.0,9.0,14.0,1.0,1.240358051,136.0,1339.991005157724,19.0,13.0,77.0,4.0,3.0,1.0,5.0,14.0,Dan Ndoye,24.40275538619376,19.12648395134105,0.6595339293565881,0.0,0.2198446431188626,1.978601788069764,3.0778250036640773,0.2198446431188626,0.272686073061703,29.898871464165325,294.5898443113859,4.17704821925839,2.8579803605452145,16.928037520152426,0.8793785724754507,0.6595339293565881,0.2198446431188626,1.0992232155943134,3.0778250036640773,78.37837837837837,68.42105263157895,Right Wing Back,Full Back,True,93.95973154362416,98.65771812080536,100.0,1.342281879194631,2.013422818791946,44.966442953020135,32.21476510067114,93.95973154362416,100.0,89.26174496644296,8.053691275167784,20.13422818791946,0.6711409395973155,8.053691275167784,30.2013422818792,51.006711409395976,33.89261744966443,75.16778523489933,57.04697986577181,97.54,16.11,75.39,26.06,54.28,53.88,0
45557,526.62,297.0,244.0,2.0,0.0,2.0,3.0,0.0,0.0,0.0,204.0,1317.322244362124,1.0,1.0,31.0,8.0,8.0,24.0,13.0,15.0,Logan Costa,50.75766207132277,41.69989745926854,0.3418024381907257,0.0,0.3418024381907257,0.5127036572860887,0.0,0.0,0.0,34.863848695454024,225.1319775029265,0.1709012190953628,0.1709012190953628,5.297937791956249,1.367209752762903,1.367209752762903,4.1016292582887095,2.221715848239717,2.563518286430443,82.15488215488216,100.0,Right Center Back,Centre Back,True,34.023668639053255,7.396449704142012,7.396449704142012,57.98816568047337,51.4792899408284,21.89349112426036,50.88757396449704,59.171597633136095,57.396449704142015,23.66863905325444,59.171597633136095,69.8224852071006,55.02958579881657,79.88165680473372,49.11242603550296,84.02366863905326,44.67455621301775,93.49112426035504,92.3076923076923,16.27,43.79,55.82,56.11,78.62,50.12,1
46258,935.21,484.0,417.0,12.0,0.0,2.0,8.0,13.0,1.0,0.7413706029999998,468.0,3048.26463268446,24.0,21.0,128.0,13.0,11.0,2.0,12.0,52.0,Azzedine Ounahi,46.57777397589846,40.13002427262326,1.1548208423776478,0.0,0.1924701403962746,0.7698805615850985,1.251055912575785,0.0962350701981373,0.0713458520225403,45.03801285272826,293.34996090888825,2.309641684755296,2.020936474160884,12.318088985361577,1.251055912575785,1.0585857721795104,0.1924701403962746,1.1548208423776478,5.00422365030314,86.15702479338843,87.5,Right Center Midfield,Midfielder,True,53.52112676056338,43.66197183098591,57.74647887323944,67.6056338028169,66.19718309859155,64.7887323943662,78.87323943661971,81.69014084507043,91.54929577464787,12.676056338028168,36.61971830985916,64.7887323943662,14.084507042253522,19.718309859154928,84.50704225352112,64.7887323943662,32.3943661971831,66.19718309859155,54.929577464788736,51.64,66.2,84.04,38.73,54.58,59.04,1
46376,390.31,191.0,149.0,0.0,0.0,3.0,0.0,1.0,0.0,0.09601528,115.0,585.9784469647874,1.0,1.0,55.0,8.0,5.0,16.0,8.0,7.0,Attila Szalai,44.04191540057902,34.357305731341754,0.0,0.0,0.6917578335169481,0.0,0.2305859445056493,0.0,0.0221397740257743,26.517383618149672,135.11839365332906,0.2305859445056493,0.2305859445056493,12.682226947810715,1.844687556045195,1.1529297225282469,3.68937511209039,1.844687556045195,1.6141016115395457,78.01047120418848,100.0,Left Center Back,Centre Back,True,34.023668639053255,35.50295857988166,26.627218934911244,42.01183431952663,31.360946745562128,10.059171597633137,22.485207100591715,22.485207100591715,67.45562130177515,95.85798816568048,82.84023668639054,57.98816568047337,45.5621301775148,65.08875739644971,11.242603550295858,19.230769230769237,44.67455621301775,99.40828402366864,26.035502958579883,32.05,27.81,37.48,59.76,47.34,40.89,1
48347,489.02,299.0,272.0,1.0,0.0,2.0,0.0,5.0,0.0,0.45944245,253.0,1414.9482358453245,5.0,5.0,81.0,17.0,2.0,5.0,9.0,12.0,Amadou Onana,55.02842419532944,50.05930227802544,0.1840415524927406,0.0,0.3680831049854812,0.0,0.9202077624637028,0.0,0.0845565017790683,46.56251278066337,260.409270021838,0.9202077624637028,0.9202077624637028,14.907365751911987,3.12870639237659,0.3680831049854812,0.9202077624637028,1.656373972434665,2.208498629912888,90.96989966555184,100.0,Right Defensive Midfield,Defensive Midfielder,True,33.16831683168317,66.33663366336634,53.46534653465347,67.32673267326733,74.25742574257426,87.12871287128714,73.26732673267327,73.26732673267327,87.12871287128714,36.63366336633664,92.07920792079209,7.920792079207921,28.71287128712871,48.51485148514851,0.99009900990099,7.920792079207921,35.64356435643564,77.22772277227723,10.891089108910892,50.99,76.24,77.89,35.81,32.92,54.77,1
48383,383.95,216.0,186.0,2.0,0.0,0.0,2.0,2.0,0.0,0.221010154,174.0,913.270952558516,1.0,0.0,25.0,6.0,3.0,15.0,9.0,19.0,Abdülkerim Bardakcı,50.63159265529366,43.59942700872509,0.4688110431045709,0.0,0.0,0.4688110431045709,0.4688110431045709,0.0,0.0518060004167209,40.78656075009767,214.0757539530315,0.2344055215522854,0.0,5.860138038807137,1.406433129313713,0.7032165646568563,3.516082823284282,2.109649693970569,4.453704909493424,86.11111111111111,0.0,Left Center Back,Centre Back,True,34.023668639053255,55.62130177514793,56.213017751479285,57.396449704142015,55.02958579881657,44.37869822485207,62.721893491124256,55.62130177514793,22.7810650887574,37.278106508875744,62.721893491124256,28.402366863905325,38.46153846153847,76.33136094674556,95.26627218934912,92.3076923076923,44.67455621301775,30.17751479289941,89.3491124260355,48.62,52.27,47.04,56.41,64.13,53.69,1
48720,330.95000000000005,185.0,165.0,1.0,0.0,0.0,1.0,1.0,0.0,0.031334206,161.0,846.623119316719,6.0,4.0,89.0,16.0,4.0,1.0,10.0,22.0,João Victor Gomes da Silva,50.309714458377385,44.87082640882308,0.2719444024777156,0.0,0.0,0.2719444024777156,0.2719444024777156,0.0,0.0085211619277836,43.78304879891222,230.2344183064049,1.6316664148662938,1.0877776099108625,24.20305182051669,4.35111043964345,1.0877776099108625,0.2719444024777156,2.719444024777156,5.982776854509744,89.1891891891892,66.66666666666666,Left Defensive Midfield,Defensive Midfielder,True,33.16831683168317,14.85148514851485,17.82178217821782,56.43564356435643,59.4059405940594,74.25742574257426,67.32673267326733,66.33663366336634,93.06930693069307,98.01980198019804,99.009900990099,53.46534653465347,3.96039603960396,90.0990099009901,84.15841584158416,23.76237623762376,35.64356435643564,19.306930693069308,44.55445544554456,21.95,63.37,75.58,71.45,30.82,52.63,1
49395,460.95,185.0,149.0,5.0,0.0,1.0,8.0,8.0,1.0,0.2329965486,184.0,1119.9138229415148,21.0,11.0,100.0,10.0,9.0,10.0,11.0,25.0,Richard Rios Montoya,36.12105434428897,29.09209241783274,0.97624471200781,0.0,0.195248942401562,1.561991539212496,1.561991539212496,0.195248942401562,0.0454923296973641,35.92580540188741,218.6619895102209,4.100227790432802,2.147738366417182,19.5248942401562,1.95248942401562,1.757240481614058,1.95248942401562,2.147738366417182,4.88122356003905,80.54054054054053,52.38095238095239,Right Center Midfield,Midfielder,True,71.83098591549296,30.985915492957744,74.64788732394366,32.3943661971831,32.3943661971831,35.2112676056338,60.56338028169014,56.33802816901409,92.95774647887325,70.4225352112676,74.64788732394366,92.95774647887325,92.95774647887325,69.01408450704226,80.28169014084507,57.74647887323944,32.3943661971831,67.6056338028169,80.28169014084507,59.15,33.33,69.95,80.05,59.51,60.4,1
49587,322.43,169.0,147.0,2.0,0.0,0.0,0.0,0.0,0.0,0.0,114.0,564.8705829218803,1.0,1.0,32.0,6.0,5.0,19.0,5.0,6.0,Nahuel Adolfo Ferraresi Hernández,47.1730298049189,41.03216201966318,0.5582607077505195,0.0,0.0,0.0,0.0,0.0,0.0,31.82086034177961,157.6725257047087,0.2791303538752597,0.2791303538752597,8.932171324008312,1.6747821232515585,1.3956517693762986,5.303476723629935,1.3956517693762986,1.6747821232515585,86.98224852071006,100.0,Right Center Back,Centre Back,True,34.023668639053255,7.396449704142012,7.396449704142012,48.5207100591716,50.29585798816568,49.70414201183432,40.82840236686391,31.360946745562128,76.92307692307693,77.51479289940828,78.69822485207101,72.18934911242604,80.4733727810651,38.46153846153847,13.6094674556213,95.85798816568048,44.67455621301775,30.17751479289941,26.035502958579883,16.27,49.51,49.7,60.16,49.19,44.97,1
50436,304.17,116.0,75.0,4.0,0.0,1.0,7.0,1.0,0.0,0.008087687,106.0,512.3912905497152,4.0,3.0,114.0,8.0,3.0,0.0,5.0,15.0,Fabian Rieder,34.32291152973666,22.191537626984907,1.1835486734391951,0.0,0.2958871683597988,2.0712101785185912,0.2958871683597988,0.0,0.0023930428050103,31.36403984613867,151.61000805297817,1.1835486734391951,0.8876615050793963,33.73113719301706,2.3670973468783902,0.8876615050793963,0.0,1.479435841798994,4.438307525396982,64.65517241379311,75.0,Right Attacking Midfield,Attacking Midfielder,True,18.421052631578945,2.631578947368421,2.631578947368421,44.73684210526316,15.789473684210526,2.631578947368421,44.73684210526316,18.421052631578945,55.26315789473685,100.0,94.73684210526316,68.42105263157895,14.473684210526317,50.0,55.26315789473685,50.0,19.73684210526316,60.526315789473685,68.42105263157895,7.89,21.05,39.47,63.82,49.67,36.38,0
50498,341.82000000000005,157.0,131.0,1.0,0.0,1.0,0.0,6.0,1.0,0.888115243,120.0,740.5767043667104,7.0,1.0,71.0,11.0,5.0,4.0,8.0,16.0,Pape Matar Sarr,41.33754607688256,34.49183780937335,0.2632964718272775,0.0,0.2632964718272775,0.0,1.579778830963665,0.2632964718272775,0.2338376100579251,31.59557661927329,194.9912333772276,1.8430753027909423,0.2632964718272775,18.6940494997367,2.896261190100052,1.3164823591363874,1.05318588730911,2.10637177461822,4.21274354923644,83.43949044585987,14.285714285714285,Right Center Midfield,Midfielder,True,85.91549295774648,84.50704225352112,77.46478873239437,47.88732394366197,50.70422535211267,50.70422535211267,39.436619718309856,39.436619718309856,15.492957746478872,61.97183098591549,95.77464788732394,74.64788732394366,64.7887323943662,63.38028169014085,50.70422535211267,8.450704225352112,32.3943661971831,76.05633802816901,4.929577464788732,82.63,49.77,31.46,68.54,30.46,52.57,1
50502,330.49,121.0,89.0,1.0,0.0,0.0,9.0,2.0,0.0,0.117812215,124.0,1085.9331239557173,10.0,6.0,41.0,7.0,2.0,2.0,6.0,19.0,Nicola Zalewski,32.95107264970196,24.23673938697086,0.2723229144603467,0.0,0.0,2.450906230143121,0.5446458289206935,0.0,0.0320829657478289,33.768041393083,295.7244732246499,2.723229144603468,1.6339374867620804,11.165239492874216,1.9062604012224271,0.5446458289206935,0.5446458289206935,1.6339374867620804,5.174135374746588,73.55371900826447,60.0,Left Wing Back,Full Back,True,37.24832214765101,49.66442953020135,57.04697986577181,8.053691275167784,9.395973154362416,20.13422818791946,48.32214765100672,94.63087248322148,95.3020134228188,41.61073825503356,47.651006711409394,13.422818791946307,3.355704697986577,36.24161073825504,89.93288590604027,17.449664429530202,33.89261744966443,29.86577181208054,71.81208053691275,47.99,12.53,79.42,38.7,38.26,43.38,1
52324,390.1,156.0,130.0,0.0,0.0,0.0,0.0,3.0,0.0,0.033436347,108.0,590.6366922881346,0.0,0.0,26.0,4.0,1.0,20.0,7.0,10.0,Saúl Basilio Coco-Bassey Oubiña,35.9907715970264,29.992309664188667,0.0,0.0,0.0,0.0,0.6921302230197385,0.0,0.0077141021020251,24.916688028710585,136.26583518567574,0.0,0.0,5.998461932837734,0.9228402973596512,0.2307100743399128,4.614201486798256,1.6149705203793896,2.307100743399128,83.33333333333334,0.0,Left Center Back,Centre Back,True,34.023668639053255,20.710059171597635,75.7396449704142,20.118343195266277,21.301775147929,30.17751479289941,18.34319526627219,23.07692307692308,22.7810650887574,41.42011834319527,33.72781065088758,4.733727810650888,66.27218934911244,51.4792899408284,36.09467455621302,19.230769230769237,44.67455621301775,30.17751479289941,26.035502958579883,43.49,23.87,21.4,38.95,30.03,31.55,1
64612,381.17,160.0,99.0,7.0,0.0,1.0,10.0,4.0,1.0,0.3725035010999999,122.0,749.8252857617148,5.0,4.0,27.0,3.0,7.0,5.0,5.0,26.0,Deon Hotto Kavendji,37.77841907810163,23.375396804575384,1.6528058346669463,0.0,0.2361151192381352,2.361151192381352,0.9444604769525408,0.2361151192381352,0.0879537085788493,28.806044547052498,177.04508675539608,1.180575596190676,0.9444604769525408,6.375108219429651,0.7083453577144057,1.6528058346669463,1.180575596190676,1.180575596190676,6.138993100191516,61.875,80.0,Left Midfield,Midfielder,True,80.28169014084507,49.29577464788733,42.25352112676056,38.0281690140845,19.718309859154928,1.4084507042253522,26.76056338028169,29.577464788732392,59.15492957746479,1.4084507042253522,8.450704225352112,90.14084507042254,67.6056338028169,22.53521126760564,97.1830985915493,84.50704225352112,32.3943661971831,73.23943661971832,88.73239436619718,57.28,19.72,38.5,47.89,69.72,46.62,0
65555,381.17,189.0,127.0,4.0,0.0,2.0,14.0,2.0,0.0,0.0208265924999999,117.0,649.6945941494,3.0,2.0,68.0,9.0,7.0,11.0,12.0,21.0,Riaan Hanamub,44.62575753600756,29.98662014324317,0.9444604769525408,0.0,0.4722302384762704,3.3056116693338926,0.4722302384762704,0.0,0.0049174733714615,27.62546895086182,153.40271656595743,0.7083453577144057,0.4722302384762704,16.055828108193193,2.125036073143217,1.6528058346669463,2.5972663116194874,2.8333814308576226,4.958417504000839,67.1957671957672,66.66666666666666,Left Back,Full Back,True,37.24832214765101,13.422818791946307,50.33557046979866,38.92617449664429,23.48993288590604,6.04026845637584,24.832214765100677,31.543624161073826,53.02013422818792,86.57718120805369,59.73154362416108,80.53691275167785,74.49664429530202,89.93288590604027,86.57718120805369,71.14093959731544,33.89261744966443,95.9731543624161,87.24832214765101,33.67,22.82,36.47,79.64,72.06,48.93,1
65719,699.47,298.0,239.0,2.0,0.0,0.0,5.0,2.0,0.0,0.36309547,223.0,1207.2725678411075,10.0,6.0,75.0,15.0,15.0,18.0,17.0,36.0,Khuliso Johnson Mudau,38.34331708293422,30.75185497591033,0.2573376985431826,0.0,0.0,0.6433442463579567,0.2573376985431826,0.0,0.0467190763006276,28.69315338756487,155.3383720612745,1.2866884927159137,0.7720130956295481,9.65016369536935,1.9300327390738703,1.9300327390738703,2.3160392868886444,2.187370437617053,4.632078573777289,80.20134228187919,60.0,Right Back,Full Back,True,37.24832214765101,59.73154362416108,24.16107382550336,20.13422818791946,26.174496644295303,57.04697986577181,28.85906040268457,34.899328859060404,73.8255033557047,26.174496644295303,49.66442953020135,89.93288590604027,63.758389261744966,67.11409395973155,80.53691275167785,16.10738255033557,33.89261744966443,29.86577181208054,10.738255033557047,40.38,34.45,45.86,62.86,22.65,41.24,1
65723,376.32,78.0,55.0,1.0,0.0,0.0,5.0,10.0,0.0,1.373311234,85.0,506.7713240697274,4.0,3.0,54.0,2.0,2.0,4.0,8.0,17.0,Peter Shalulile,18.65433673469388,13.153698979591836,0.2391581632653061,0.0,0.0,1.1957908163265307,2.391581632653061,0.0,0.328438592315051,20.32844387755102,121.19849906004325,0.9566326530612244,0.7174744897959184,12.914540816326532,0.4783163265306122,0.4783163265306122,0.9566326530612244,1.913265306122449,4.065688775510204,70.51282051282051,75.0,Center Forward,Forward,True,12.048192771084338,43.373493975903614,57.831325301204814,40.963855421686745,38.55421686746988,37.34939759036144,54.21686746987952,54.21686746987952,50.60240963855421,32.53012048192771,33.734939759036145,81.92771084337349,74.69879518072288,89.1566265060241,83.13253012048193,10.843373493975903,27.710843373493976,29.518072289156628,83.13253012048193,37.75,38.96,53.01,65.86,37.8,46.68,0
65726,514.45,245.0,210.0,9.0,1.0,1.0,1.0,3.0,2.0,0.5633037599999999,255.0,1412.884377942932,18.0,13.0,95.0,5.0,3.0,2.0,10.0,25.0,Themba Zwane,42.86130819321605,36.73826416561376,1.574497035669161,0.1749441150743512,0.1749441150743512,0.1749441150743512,0.5248323452230537,0.3498882301487024,0.0985466778112547,44.61074934395957,247.17580720160143,3.148994071338322,2.274273495966566,16.619690932063367,0.8747205753717562,0.5248323452230537,0.3498882301487024,1.7494411507435124,4.373602876858781,85.71428571428571,72.22222222222221,Center Attacking Midfield,Attacking Midfielder,True,94.73684210526316,34.21052631578947,10.526315789473683,71.05263157894737,76.31578947368422,94.73684210526316,78.94736842105263,76.31578947368422,89.47368421052632,44.73684210526316,23.684210526315788,36.84210526315789,52.63157894736842,63.1578947368421,52.63157894736842,71.05263157894737,63.1578947368421,31.57894736842105,7.894736842105263,46.49,80.7,81.58,45.61,43.42,59.56,0
65727,390.36,93.0,66.0,1.0,1.0,1.0,4.0,5.0,0.0,0.416105571,98.0,500.6949295815728,6.0,3.0,56.0,2.0,3.0,2.0,7.0,18.0,Thapelo James Morena,21.44174608054104,15.21672302490009,0.2305564094681832,0.2305564094681832,0.2305564094681832,0.9222256378727328,1.152782047340916,0.0,0.0959358064094681,22.594528127881954,115.43842520325224,1.3833384568090992,0.6916692284045496,12.911158930218258,0.4611128189363664,0.6916692284045496,0.4611128189363664,1.6138948662772823,4.1500153704272975,70.96774193548387,50.0,Right Wing,Winger,True,17.741935483870968,22.58064516129032,13.978494623655912,12.903225806451612,17.20430107526882,23.655913978494624,13.978494623655912,3.225806451612903,18.27956989247312,31.18279569892473,9.67741935483871,59.13978494623656,61.29032258064516,65.59139784946237,60.215053763440864,1.0752688172043012,76.34408602150538,62.36559139784946,16.129032258064516,18.1,17.92,11.83,47.85,38.98,26.94,0
65732,643.35,302.0,260.0,0.0,0.0,0.0,0.0,2.0,2.0,1.567,218.0,924.5407081020368,0.0,0.0,50.0,13.0,10.0,29.0,16.0,15.0,Mothobi Mvala,42.24761016553975,36.37211471205409,0.0,0.0,0.0,0.0,0.2797854977850314,0.2797854977850314,0.2192119375145721,30.49661925856843,129.3365411194269,0.0,0.0,6.994637444625787,1.8186057356027048,1.3989274889251573,4.056889717882956,2.2382839822802514,2.098391233387736,86.09271523178808,0.0,Left Center Back,Centre Back,True,94.67455621301777,93.49112426035504,36.68639053254438,35.50295857988166,40.23668639053255,43.78698224852072,35.50295857988166,18.93491124260355,22.7810650887574,55.62130177514793,82.24852071005917,72.7810650887574,53.84615384615385,80.4733727810651,26.627218934911244,19.230769230769237,44.67455621301775,30.17751479289941,26.035502958579883,74.95,39.84,25.74,61.93,30.03,46.5,1
65733,775.72,409.0,334.0,6.0,0.0,1.0,8.0,6.0,1.0,1.634513341,323.0,1543.185568791641,7.0,4.0,97.0,21.0,5.0,18.0,21.0,56.0,Aubrey Maphosa Modiba,47.45268911462899,38.75109575620069,0.6961274686742639,0.0,0.1160212447790439,0.9281699582323518,0.6961274686742639,0.1160212447790439,0.1896382724307739,37.47486206363121,179.0423106162632,0.8121487134533079,0.4640849791161759,11.254060743567267,2.436446140359924,0.5801062238952199,2.088382406022792,2.436446140359924,6.497189707626463,81.66259168704157,57.14285714285714,Left Back,Full Back,True,79.19463087248322,94.63087248322148,67.78523489932886,50.33557046979866,53.69127516778524,65.1006711409396,63.758389261744966,53.02013422818792,50.33557046979866,42.28187919463088,78.52348993288591,16.10738255033557,53.69127516778524,76.51006711409396,97.98657718120806,51.67785234899329,33.89261744966443,63.08724832214765,20.13422818791946,80.54,56.38,55.7,60.85,42.2,59.13,1
65853,594.28,114.0,85.0,3.0,1.0,0.0,4.0,13.0,1.0,2.053097051,106.0,589.045526314911,4.0,2.0,106.0,5.0,1.0,6.0,7.0,20.0,Evidence Makgopa,17.26458908258733,12.872719929999327,0.454331291647035,0.151443763882345,0.0,0.60577505552938,1.9687689304704847,0.151443763882345,0.3109287450191829,16.053038971528572,89.20727160318704,0.60577505552938,0.30288752776469,16.053038971528572,0.7572188194117251,0.151443763882345,0.90866258329407,1.0601063471764152,3.0288752776469003,74.56140350877193,50.0,Center Forward,Forward,True,25.301204819277107,39.75903614457831,28.915662650602407,22.89156626506024,34.93975903614458,51.80722891566265,30.120481927710845,32.53012048192771,20.48192771084337,57.831325301204814,62.65060240963856,40.963855421686745,68.67469879518072,51.80722891566265,53.01204819277109,26.506024096385545,69.87951807228916,29.518072289156628,48.19277108433735,31.33,36.55,27.71,55.82,43.52,38.99,0
66716,772.9200000000001,416.0,328.0,10.0,1.0,5.0,9.0,22.0,3.0,3.5111834874999994,347.0,1673.4293108328686,9.0,5.0,146.0,7.0,9.0,11.0,10.0,32.0,Teboho Mokoena,48.43968327899394,38.19282720074522,1.1644154634373542,0.1164415463437354,0.5822077317186771,1.0479739170936189,2.56171401956218,0.3493246390312063,0.4088476347810898,40.4052165812762,194.8566966503107,1.0479739170936189,0.5822077317186771,17.00046576618537,0.815090824406148,1.0479739170936189,1.28085700978109,1.1644154634373542,3.7261294829995335,78.84615384615384,55.55555555555556,Right Defensive Midfield,Defensive Midfielder,True,98.01980198019804,97.02970297029702,100.0,52.47524752475248,45.54455445544555,10.891089108910892,58.415841584158414,53.46534653465347,65.34653465346535,55.44554455445545,4.950495049504951,50.495049504950494,47.52475247524752,18.81188118811881,29.7029702970297,90.0990099009901,82.17821782178217,90.0990099009901,90.0990099009901,98.35,36.3,59.08,34.49,88.12,63.27,0
66721,775.72,325.0,233.0,0.0,0.0,1.0,0.0,0.0,0.0,0.0,174.0,764.5447275528896,0.0,0.0,1.0,1.0,0.0,0.0,0.0,33.0,Ronwen Williams,37.7069045531893,27.03295003351725,0.0,0.0,0.1160212447790439,0.0,0.0,0.0,0.0,20.187696591553653,88.7034309799413,0.0,0.0,0.1160212447790439,0.1160212447790439,0.0,0.0,0.0,3.8287010777084514,71.6923076923077,0.0,Goalkeeper,Goalkeeper,True,50.0,49.28571428571429,49.28571428571429,100.0,91.42857142857144,62.85714285714285,91.42857142857144,90.0,45.0,68.57142857142857,100.0,50.71428571428571,38.57142857142858,45.71428571428572,58.57142857142858,46.42857142857143,50.0,97.14285714285714,50.0,49.52,84.76,75.48,60.36,60.89,66.2,2
66886,435.68,81.0,62.0,3.0,0.0,1.0,0.0,15.0,4.0,3.290330669,78.0,516.8637364117691,7.0,5.0,57.0,2.0,0.0,4.0,11.0,22.0,Mostafa Mohamed Ahmed Abdallah,16.732464193903784,12.807565185457216,0.6197208960705105,0.0,0.2065736320235034,0.0,3.0986044803525523,0.8262945280940139,0.679695556853654,16.11274329783327,106.77041929181787,1.4460154241645244,1.0328681601175174,11.7746970253397,0.4131472640470069,0.0,0.8262945280940139,2.272309952258538,4.544619904517076,76.5432098765432,71.42857142857143,Center Forward,Forward,True,89.1566265060241,92.7710843373494,78.3132530120482,21.686746987951807,33.734939759036145,67.46987951807229,32.53012048192771,40.963855421686745,61.44578313253012,25.301204819277107,26.506024096385545,16.867469879518072,60.24096385542169,100.0,93.97590361445783,36.14457831325301,27.710843373493976,69.87951807228916,4.819277108433735,86.75,40.96,44.98,53.82,34.64,52.23,0
66887,342.46000000000004,170.0,156.0,3.0,0.0,0.0,1.0,7.0,0.0,0.26149521,128.0,585.2197437074927,2.0,1.0,80.0,6.0,6.0,2.0,2.0,10.0,Hamdi Fathi,44.67675056940956,40.99748875781113,0.7884132453425218,0.0,0.0,0.2628044151141739,1.8396309057992173,0.0,0.068722095719208,33.63896513461426,153.79833245831438,0.5256088302283478,0.2628044151141739,21.02435320913391,1.5768264906850435,1.5768264906850435,0.5256088302283478,0.5256088302283478,2.6280441511417387,91.76470588235294,50.0,Right Center Midfield,Midfielder,True,26.05633802816901,42.25352112676056,84.50704225352112,63.38028169014085,67.6056338028169,94.3661971830986,47.88732394366197,16.901408450704224,14.084507042253522,78.87323943661971,46.478873239436616,87.32394366197182,36.61971830985916,2.8169014084507045,4.225352112676056,43.66197183098591,32.3943661971831,27.464788732394368,22.53521126760564,50.94,75.12,26.29,42.72,31.51,45.32,1
66892,302.16,176.0,138.0,9.0,0.0,0.0,16.0,2.0,1.0,0.8031355299999999,127.0,648.3488579986534,2.0,2.0,24.0,5.0,3.0,10.0,5.0,14.0,Mohamed Hany Gamal Eldemerdash,52.42255758538524,41.10405083399524,2.680698967434472,0.0,0.0,4.76568705321684,0.595710881652105,0.2978554408260525,0.2392182873312152,37.82764098490866,193.1142349082565,0.595710881652105,0.595710881652105,7.14853057982526,1.4892772041302624,0.8935663224781575,2.978554408260525,1.4892772041302624,4.169976171564734,78.4090909090909,100.0,Right Back,Full Back,True,97.98657718120806,97.98657718120806,63.08724832214765,68.45637583892618,65.1006711409396,45.63758389261745,66.44295302013423,57.04697986577181,61.74496644295302,4.026845637583892,30.87248322147651,38.25503355704698,85.23489932885906,28.85906040268457,65.77181208053692,100.0,33.89261744966443,29.86577181208054,97.98657718120806,86.35,59.73,61.74,42.17,65.44,63.09,0
68574,662.26,281.0,230.0,11.0,1.0,2.0,27.0,12.0,2.0,0.9485603395,322.0,2239.336289117494,45.0,22.0,130.0,5.0,2.0,0.0,13.0,33.0,Nicholas Williams Arthuer,38.18741883852263,31.2566061667623,1.4948811644973274,0.1358982876815752,0.2717965753631504,3.6692537674025294,1.6307794521789027,0.2717965753631504,0.1289077259007036,43.759248633467216,304.32196723428024,6.115422945670885,2.989762328994655,17.66677739860478,0.6794914384078761,0.2717965753631504,0.0,1.7666777398604778,4.484643493491983,81.85053380782918,48.888888888888886,Left Wing,Winger,True,64.51612903225806,36.55913978494624,39.784946236559136,81.72043010752688,84.94623655913979,87.09677419354838,88.17204301075269,86.02150537634408,94.6236559139785,68.81720430107528,22.58064516129032,21.50537634408602,9.13978494623656,73.11827956989248,74.19354838709677,73.11827956989248,54.83870967741935,68.81720430107528,90.32258064516128,46.95,84.59,89.61,44.89,71.77,67.56,0
69563,435.68,285.0,267.0,1.0,0.0,0.0,0.0,6.0,1.0,0.947505725,221.0,1219.8842530529134,2.0,2.0,29.0,11.0,5.0,17.0,4.0,15.0,Mohamed Abdelmonem,58.87348512669849,55.15515975027543,0.2065736320235034,0.0,0.0,0.0,1.239441792141021,0.2065736320235034,0.1957296989763128,45.65277267719427,251.9959208014189,0.4131472640470069,0.4131472640470069,5.990635328681601,2.272309952258538,1.0328681601175174,3.511751744399559,0.8262945280940139,3.0986044803525523,93.6842105263158,100.0,Left Center Back,Centre Back,True,88.75739644970415,91.71597633136096,97.0414201183432,76.92307692307693,80.4733727810651,94.0828402366864,75.7396449704142,72.7810650887574,88.16568047337277,40.82840236686391,90.53254437869822,46.74556213017752,37.8698224852071,8.284023668639055,69.23076923076923,60.35502958579882,44.67455621301775,30.17751479289941,26.035502958579883,92.5,83.83,78.9,48.92,40.31,68.89,1
70093,548.5,224.0,196.0,0.0,0.0,0.0,0.0,0.0,0.0,0.0,170.0,847.7677013527726,0.0,0.0,30.0,2.0,3.0,29.0,9.0,14.0,Gomolemo Grant Kekana,36.75478577939836,32.16043755697356,0.0,0.0,0.0,0.0,0.0,0.0,0.0,27.89425706472197,139.1050011335452,0.0,0.0,4.922515952597995,0.3281677301731996,0.4922515952597995,4.758432087511395,1.4767547857793983,2.2971741112123976,87.5,0.0,Right Center Back,Centre Back,True,34.023668639053255,7.396449704142012,7.396449704142012,22.485207100591715,26.627218934911244,53.25443786982249,27.810650887573964,24.85207100591716,22.7810650887574,16.56804733727811,4.733727810650888,13.6094674556213,68.63905325443787,42.01183431952663,34.9112426035503,19.230769230769237,44.67455621301775,30.17751479289941,26.035502958579883,16.27,34.12,25.15,30.08,30.03,27.13,1
70835,345.68,190.0,152.0,5.0,0.0,0.0,16.0,0.0,0.0,0.0,129.0,471.39586783449226,3.0,1.0,28.0,7.0,6.0,11.0,4.0,11.0,Mohamed Hamdy Sharaf,49.46771580652627,39.57417264522101,1.301781994908586,0.0,0.0,4.165702383707475,0.0,0.0,0.0,33.585975468641514,122.7309306442499,0.7810691969451516,0.2603563989817172,7.289979171488081,1.8224947928720203,1.5621383938903033,2.8639203887988893,1.0414255959268688,2.8639203887988893,80.0,33.33333333333333,Left Back,Full Back,True,37.24832214765101,5.369127516778524,5.369127516778524,56.375838926174495,58.38926174496645,55.033557046979865,46.30872483221477,12.08053691275168,29.53020134228188,4.697986577181208,42.95302013422819,77.18120805369128,81.20805369127517,5.369127516778524,24.832214765100677,87.91946308724832,33.89261744966443,29.86577181208054,96.64429530201345,16.0,56.6,29.31,39.37,62.08,40.67,1
74588,473.08,204.0,178.0,0.0,0.0,0.0,0.0,3.0,1.0,0.2856368529999998,161.0,1005.0121662207816,1.0,1.0,56.0,7.0,5.0,23.0,10.0,13.0,Christopher Wooh,38.80950367802486,33.863194385727574,0.0,0.0,0.0,0.0,0.5707279952650715,0.1902426650883571,0.0543403161621712,30.629069079225506,191.1961929480645,0.1902426650883571,0.1902426650883571,10.653589244948002,1.3316986556185002,0.9512133254417856,4.375581297032214,1.902426650883572,2.473154646148643,87.25490196078431,100.0,Right Center Back,Centre Back,True,87.57396449704143,57.98816568047337,68.63905325443787,27.810650887573964,28.99408284023669,52.66272189349112,36.09467455621302,47.33727810650888,59.76331360946746,89.3491124260355,55.02958579881657,44.37869822485207,62.721893491124256,68.04733727810651,45.5621301775148,19.230769230769237,44.67455621301775,30.17751479289941,26.035502958579883,71.4,36.49,47.73,60.85,30.03,49.3,1
99174,380.3,203.0,184.0,3.0,0.0,2.0,3.0,5.0,0.0,0.2503787779999999,181.0,1010.7989862499836,5.0,1.0,47.0,7.0,4.0,3.0,3.0,14.0,Kobbie Mainoo,48.041020247173286,43.54457007625559,0.7099658164606889,0.0,0.4733105443071259,0.7099658164606889,1.1832763607678147,0.0,0.0592534578490665,42.8346042597949,239.2109091835354,1.1832763607678147,0.2366552721535629,11.12279779121746,1.6565869050749409,0.946621088614252,0.7099658164606889,0.7099658164606889,3.3131738101498818,90.64039408866996,20.0,Right Defensive Midfield,Defensive Midfielder,True,33.16831683168317,57.42574257425742,69.3069306930693,51.48514851485149,57.42574257425742,85.14851485148515,62.37623762376238,67.32673267326733,24.752475247524757,8.91089108910891,38.613861386138616,44.55445544554456,17.82178217821782,1.98019801980198,19.8019801980198,64.35643564356435,35.64356435643564,85.14851485148515,76.23762376237624,53.3,64.69,51.49,21.95,65.35,51.35,1
102371,380.24,123.0,67.0,0.0,0.0,0.0,0.0,0.0,0.0,0.0,43.0,254.45588377157225,0.0,0.0,0.0,0.0,0.0,0.0,0.0,16.0,Giorgi Mamardashvili,29.113191668419944,15.858405217757204,0.0,0.0,0.0,0.0,0.0,0.0,0.0,10.17778245318746,60.22782858047943,0.0,0.0,0.0,0.0,0.0,0.0,0.0,3.7870818430464968,54.47154471544715,0.0,Goalkeeper,Goalkeeper,True,50.0,49.28571428571429,49.28571428571429,64.28571428571429,32.857142857142854,10.0,18.571428571428573,41.42857142857143,45.0,30.714285714285715,50.0,50.71428571428571,38.57142857142858,45.71428571428572,54.285714285714285,46.42857142857143,50.0,47.85714285714286,50.0,49.52,35.71,35.0,45.0,48.57,42.76,2
102722,302.24,171.0,158.0,0.0,0.0,0.0,3.0,2.0,1.0,0.86153174,128.0,520.4093261167815,0.0,0.0,10.0,2.0,2.0,14.0,6.0,5.0,Siyanda Xulu,50.91979883536263,47.04870301746956,0.0,0.0,0.0,0.8933298041291688,0.5955532027527792,0.2977766013763896,0.2565439935150873,38.11540497617787,154.96572045563238,0.0,0.0,2.977766013763896,0.5955532027527792,0.5955532027527792,4.168872419269454,1.7866596082583377,1.488883006881948,92.39766081871343,0.0,Right Center Back,Centre Back,True,95.85798816568048,96.44970414201184,71.00591715976331,59.171597633136095,62.721893491124256,84.02366863905326,56.213017751479285,30.76923076923077,22.7810650887574,1.183431952662722,14.201183431952662,19.526627218934912,55.62130177514793,62.1301775147929,7.6923076923076925,19.230769230769237,44.67455621301775,30.17751479289941,98.22485207100593,87.77,68.64,36.59,26.73,48.08,53.56,1
102800,395.39,159.0,131.0,1.0,0.0,0.0,1.0,2.0,0.0,0.281302987,110.0,748.4117320688833,0.0,0.0,13.0,1.0,4.0,19.0,1.0,13.0,Issoufou Dayo,36.19211411517743,29.818660057158755,0.2276233592149523,0.0,0.0,0.2276233592149523,0.4552467184299046,0.0,0.06403113085814,25.03856951364476,170.35599252940008,0.0,0.0,2.95910366979438,0.2276233592149523,0.9104934368598092,4.324843825084095,0.2276233592149523,2.95910366979438,82.38993710691824,0.0,Right Center Back,Centre Back,True,34.023668639053255,63.31360946745562,53.84615384615385,20.710059171597635,20.118343195266277,24.85207100591716,18.93491124260355,36.68639053254438,22.7810650887574,0.591715976331361,2.9585798816568047,40.82840236686391,60.946745562130175,0.591715976331361,62.1301775147929,64.20118343195266,44.67455621301775,30.17751479289941,75.44378698224851,50.39,21.89,26.13,28.01,53.62,36.01,2
102992,510.65,122.0,84.0,0.0,0.0,0.0,0.0,0.0,0.0,0.0,59.0,254.0454122724954,0.0,0.0,0.0,0.0,0.0,0.0,0.0,9.0,Djigui Diarra,21.502007245667286,14.804660726525016,0.0,0.0,0.0,0.0,0.0,0.0,0.0,10.398511700773524,44.774477831243686,0.0,0.0,0.0,0.0,0.0,0.0,0.0,1.5862136492705377,68.85245901639344,0.0,Goalkeeper,Goalkeeper,True,50.0,49.28571428571429,49.28571428571429,20.0,22.857142857142858,48.57142857142857,24.285714285714285,17.142857142857142,45.0,30.714285714285715,50.0,50.71428571428571,38.57142857142858,45.71428571428572,1.4285714285714286,46.42857142857143,50.0,47.85714285714286,50.0,49.52,30.48,28.81,36.19,48.57,38.71,2
103208,484.37,201.0,172.0,1.0,0.0,0.0,1.0,2.0,0.0,0.090518009,143.0,870.1406442500615,3.0,2.0,31.0,3.0,7.0,45.0,14.0,11.0,Kialonda Gaspar,37.34748229659145,31.95903957718273,0.1858083696347833,0.0,0.0,0.1858083696347833,0.3716167392695667,0.0,0.0168190036748766,26.570596857774014,161.67941446106394,0.5574251089043499,0.3716167392695667,5.760059458678284,0.5574251089043499,1.3006585874434833,8.36137663356525,2.6013171748869666,2.0438920659826167,85.57213930348259,66.66666666666666,Right Center Back,Centre Back,True,34.023668639053255,29.585798816568047,47.33727810650888,24.2603550295858,26.035502958579883,40.23668639053255,23.07692307692308,33.13609467455622,84.61538461538461,34.9112426035503,11.242603550295858,67.45562130177515,98.81656804733728,90.53254437869822,24.2603550295858,56.213017751479285,44.67455621301775,30.17751479289941,68.63905325443787,36.98,30.18,46.94,54.54,49.93,43.71,1
104179,379.07,118.0,81.0,1.0,0.0,0.0,0.0,0.0,0.0,0.0,76.0,339.34359505989164,0.0,0.0,1.0,0.0,0.0,0.0,0.0,14.0,Orlando Mosquera,28.015933732556,19.231276545229115,0.2374231672250508,0.0,0.0,0.0,0.0,0.0,0.0,18.04416070910386,80.56803111665457,0.0,0.0,0.2374231672250508,0.0,0.0,0.0,0.0,3.323924341150711,68.64406779661016,0.0,Goalkeeper,Goalkeeper,True,50.0,49.28571428571429,49.28571428571429,54.285714285714285,55.71428571428572,45.71428571428572,82.85714285714286,75.71428571428571,45.0,95.71428571428572,50.0,50.71428571428571,38.57142857142858,45.71428571428572,35.714285714285715,100.0,50.0,47.85714285714286,50.0,49.52,51.9,67.86,52.74,61.96,56.8,2
105182,400.08,108.0,76.0,3.0,0.0,1.0,5.0,9.0,3.0,1.525603914,103.0,593.2007339879287,7.0,3.0,105.0,5.0,1.0,3.0,9.0,11.0,Lassine Sinayoko,24.29514097180564,17.096580683863227,0.674865026994601,0.0,0.2249550089982003,1.1247750449910017,2.024595080983803,0.674865026994601,0.3431922422015596,23.170365926814632,133.44347645199355,1.5746850629874023,0.674865026994601,23.62027594481104,1.1247750449910017,0.2249550089982003,0.674865026994601,2.024595080983803,2.474505098980204,70.37037037037037,42.85714285714285,Left Center Forward,Forward,True,79.51807228915662,44.57831325301205,31.32530120481928,72.28915662650603,67.46987951807229,33.734939759036145,72.28915662650603,61.44578313253012,46.98795180722892,92.7710843373494,81.92771084337349,50.60240963855421,51.80722891566265,95.18072289156626,38.55421686746988,44.57831325301205,27.710843373493976,74.69879518072288,80.72289156626506,51.81,57.83,60.24,68.47,56.93,59.06,0
105764,390.1,135.0,104.0,1.0,1.0,0.0,4.0,1.0,0.0,0.024053952,90.0,489.2385085251892,5.0,2.0,69.0,10.0,1.0,8.0,10.0,20.0,Basilio Ndong Owono Nchamaaa,31.14586003588823,23.993847731350936,0.2307100743399128,0.2307100743399128,0.0,0.9228402973596512,0.2307100743399128,0.0,0.0055494890540886,20.763906690592155,112.87225267179448,1.153550371699564,0.4614201486798256,15.918995129453986,2.307100743399128,0.2307100743399128,1.845680594719303,2.307100743399128,4.614201486798256,77.03703703703704,40.0,Left Back,Full Back,True,37.24832214765101,16.778523489932887,20.80536912751678,6.711409395973154,8.724832214765101,35.57046979865772,6.04026845637584,7.38255033557047,48.32214765100672,85.90604026845638,65.77181208053692,4.026845637583892,44.966442953020135,72.48322147651007,79.86577181208054,10.06711409395973,87.91946308724832,29.86577181208054,19.463087248322147,24.94,17.0,20.58,58.84,36.83,31.64,1
105765,390.1,157.0,78.0,0.0,1.0,0.0,0.0,0.0,0.0,0.0,67.0,423.00107372167673,0.0,0.0,0.0,0.0,0.0,1.0,0.0,19.0,Jesús Lázaro Owono Ngua Akeng,36.22148167136631,17.9953857985132,0.0,0.2307100743399128,0.0,0.0,0.0,0.0,0.0,15.457574980774162,97.590609164191,0.0,0.0,0.0,0.0,0.0,0.2307100743399128,0.0,4.383491412458343,49.681528662420384,0.0,Goalkeeper,Goalkeeper,True,50.0,49.28571428571429,49.28571428571429,95.71428571428572,47.14285714285714,7.142857142857142,67.14285714285714,95.71428571428572,45.0,30.714285714285715,50.0,50.71428571428571,97.14285714285714,45.71428571428572,78.57142857142857,46.42857142857143,100.0,47.85714285714286,50.0,49.52,50.0,69.29,58.81,61.07,57.74,2
105932,526.62,196.0,136.0,0.0,0.0,0.0,0.0,0.0,0.0,0.0,101.0,518.9208924790175,1.0,1.0,0.0,0.0,0.0,0.0,0.0,29.0,Josimar José Évora Dias,33.49663894269113,23.24256579696935,0.0,0.0,0.0,0.0,0.0,0.0,0.0,17.26102312863165,88.68421313871782,0.1709012190953628,0.1709012190953628,0.0,0.0,0.0,0.0,0.0,4.956135353765523,69.38775510204081,100.0,Goalkeeper,Goalkeeper,True,50.0,49.28571428571429,49.28571428571429,87.14285714285714,81.42857142857143,51.42857142857142,78.57142857142857,88.57142857142857,97.14285714285714,30.714285714285715,50.0,50.71428571428571,38.57142857142858,45.71428571428572,88.57142857142857,46.42857142857143,50.0,47.85714285714286,50.0,49.52,73.33,88.1,50.71,48.57,62.05,2
105942,328.56,144.0,119.0,1.0,1.0,0.0,3.0,4.0,1.0,0.11724965,112.0,606.4762097164327,2.0,0.0,55.0,3.0,0.0,8.0,6.0,9.0,Pablo Ganet Cómitre,39.444850255661066,32.59678597516435,0.2739225712198685,0.2739225712198685,0.0,0.8217677136596054,1.095690284879474,0.2739225712198685,0.0321173256026296,30.67932797662528,166.12752274920544,0.547845142439737,0.0,15.065741417092768,0.8217677136596054,0.0,2.191380569758948,1.6435354273192109,2.4653031409788166,82.63888888888889,0.0,Left Defensive Midfield,Defensive Midfielder,True,88.11881188118812,34.65346534653465,64.35643564356435,24.752475247524757,20.792079207920796,27.72277227722773,18.81188118811881,29.7029702970297,5.445544554455446,38.613861386138616,5.9405940594059405,1.4851485148514851,85.14851485148515,47.52475247524752,1.98019801980198,24.752475247524757,97.02970297029702,19.306930693069308,80.19801980198021,62.38,24.42,17.99,30.12,55.32,38.04,1
105944,426.82,204.0,148.0,3.0,0.0,1.0,10.0,1.0,0.0,0.033315178,120.0,879.5255698417371,2.0,1.0,43.0,8.0,4.0,14.0,10.0,11.0,Wajdi Kechrida,43.01579120003749,31.20753479218406,0.6325851647064336,0.0,0.2108617215688112,2.108617215688112,0.2108617215688112,0.0,0.0070248957874513,25.303406588257342,185.4582758206184,0.4217234431376224,0.2108617215688112,9.067054027458882,1.6868937725504896,0.8434468862752448,2.952064101963357,2.108617215688112,2.319478937256924,72.54901960784314,50.0,Right Back,Full Back,True,37.24832214765101,21.47651006711409,16.778523489932887,35.57046979865772,28.187919463087248,15.436241610738255,18.79194630872483,55.033557046979865,22.14765100671141,18.12080536912752,39.59731543624161,32.88590604026846,84.56375838926175,62.41610738255034,7.38255033557047,46.30872483221477,33.89261744966443,73.15436241610739,63.08724832214765,25.17,26.4,31.99,40.83,54.11,35.7,1
105946,400.59,199.0,173.0,2.0,0.0,0.0,1.0,2.0,1.0,0.8323237099999999,149.0,1063.5570363416778,0.0,0.0,29.0,4.0,7.0,18.0,9.0,18.0,Henoc Inonga Baka,44.70905414513592,38.86767018647495,0.4493372275893057,0.0,0.0,0.2246686137946528,0.4493372275893057,0.2246686137946528,0.1869970141541226,33.47562345540327,238.947885046434,0.0,0.0,6.515389800044933,0.8986744551786114,1.57268029656257,4.044035048303751,2.022017524151876,4.044035048303751,86.93467336683418,0.0,Left Center Back,Centre Back,True,91.1242603550296,90.53254437869822,52.071005917159766,44.37869822485207,44.97041420118343,49.11242603550296,45.5621301775148,68.04733727810651,22.7810650887574,48.5207100591716,31.360946745562128,79.88165680473372,52.66272189349112,72.18934911242604,90.53254437869822,89.94082840236686,44.67455621301775,30.17751479289941,74.55621301775149,77.91,46.15,45.46,62.52,59.84,58.38,1
113450,308.0,119.0,94.0,0.0,2.0,0.0,3.0,1.0,0.0,0.025802951,81.0,531.1146059212256,2.0,0.0,61.0,25.0,4.0,7.0,10.0,12.0,Jon Mikel Aramburu Mejías,34.77272727272727,27.467532467532468,0.0,0.5844155844155845,0.0,0.8766233766233766,0.2922077922077922,0.0,0.0075398233441558,23.66883116883117,155.19582640555294,0.5844155844155845,0.0,17.824675324675326,7.305194805194805,1.168831168831169,2.0454545454545454,2.922077922077922,3.5064935064935066,78.99159663865547,0.0,Right Back,Full Back,True,37.24832214765101,23.48993288590604,28.187919463087248,11.409395973154362,18.79194630872483,50.67114093959732,16.10738255033557,34.22818791946309,6.375838926174497,91.94630872483222,100.0,59.06040268456376,53.02013422818792,91.94630872483222,48.99328859060403,2.348993288590604,100.0,29.86577181208054,17.449664429530202,29.64,26.96,18.9,74.16,37.42,37.42,1
116587,353.22,194.0,164.0,7.0,2.0,0.0,9.0,9.0,1.0,0.3341306975,186.0,1197.9499682691487,15.0,7.0,60.0,9.0,3.0,1.0,2.0,18.0,Arda Güler,49.43094954985561,41.78698827925938,1.78359096313912,0.5095974180397486,0.0,2.2931883811788683,2.2931883811788683,0.2547987090198743,0.0851360703669101,47.39255987769662,305.23610538537844,3.821980635298114,1.78359096313912,15.287922541192456,2.2931883811788683,0.7643961270596229,0.2547987090198743,0.5095974180397486,4.5863767623577365,84.5360824742268,46.66666666666666,Right Wing,Winger,True,60.215053763440864,17.20430107526882,69.89247311827957,94.6236559139785,95.6989247311828,93.5483870967742,93.5483870967742,88.17204301075269,69.89247311827957,50.53763440860215,93.5483870967742,68.81720430107528,35.483870967741936,3.225806451612903,76.34408602150538,80.64516129032258,96.7741935483871,20.43010752688172,65.59139784946237,49.1,94.62,83.87,54.66,65.86,69.62,0
125324,381.17,119.0,70.0,0.0,0.0,0.0,0.0,0.0,0.0,0.0,56.0,187.2990866804264,0.0,0.0,1.0,0.0,0.0,0.0,0.0,24.0,Lloyd Junior Kazapua,28.097699189338087,16.528058346669464,0.0,0.0,0.0,0.0,0.0,0.0,0.0,13.22244667733557,44.224146184742686,0.0,0.0,0.2361151192381352,0.0,0.0,0.0,0.0,5.666762861715245,58.82352941176471,0.0,Goalkeeper,Goalkeeper,True,50.0,49.28571428571429,49.28571428571429,55.71428571428572,38.57142857142858,22.857142857142858,48.57142857142857,15.714285714285714,45.0,94.28571428571428,50.0,50.71428571428571,38.57142857142858,45.71428571428572,98.57142857142858,46.42857142857143,50.0,47.85714285714286,50.0,49.52,39.05,36.43,62.98,48.57,47.31,2
128881,410.1,57.0,41.0,1.0,0.0,0.0,2.0,14.0,3.0,1.9330547115,54.0,323.66444013332864,5.0,3.0,70.0,3.0,0.0,1.0,0.0,11.0,Cristóvão Paciência Mabululo,12.509144111192391,8.997805413313825,0.2194586686174103,0.0,0.0,0.4389173372348207,3.0724213606437454,0.6583760058522311,0.4242256133504023,11.85076810534016,71.03096711045983,1.097293343087052,0.6583760058522311,15.362106803218726,0.6583760058522311,0.0,0.2194586686174103,0.0,2.414045354791514,71.9298245614035,60.0,Center Forward,Forward,True,75.90361445783132,60.24096385542169,75.90361445783132,4.819277108433735,6.024096385542169,43.373493975903614,6.024096385542169,16.867469879518072,44.57831325301205,54.21686746987952,50.60240963855421,16.867469879518072,16.867469879518072,2.409638554216868,34.93975903614458,6.024096385542169,27.710843373493976,29.518072289156628,32.53012048192771,70.68,18.07,22.49,29.32,23.95,32.9,0
132711,309.87,52.0,38.0,2.0,0.0,0.0,5.0,4.0,0.0,0.3672732534,49.0,267.7426255418432,4.0,1.0,36.0,6.0,0.0,2.0,6.0,11.0,Sekou Oumar Sylla,15.103107754864944,11.03688643624746,0.5808887598024979,0.0,0.0,1.4522218995062444,1.1617775196049958,0.0,0.1066724523380772,14.231774615161196,77.76434084863294,1.1617775196049958,0.2904443799012489,10.45599767644496,1.7426662794074936,0.0,0.5808887598024979,1.7426662794074936,3.1948881789137378,73.07692307692307,25.0,Left Wing,Winger,True,17.741935483870968,25.806451612903224,15.053763440860216,1.0752688172043012,3.225806451612903,35.483870967741936,1.0752688172043012,1.0752688172043012,4.301075268817205,8.60215053763441,78.49462365591397,3.763440860215054,69.89247311827957,69.89247311827957,32.25806451612903,16.129032258064516,24.193548387096776,20.43010752688172,34.40860215053764,19.53,13.26,2.15,43.82,23.79,20.51,2
132800,434.23,185.0,167.0,1.0,0.0,0.0,2.0,5.0,1.0,0.1485904493,165.0,902.2252649106888,4.0,3.0,63.0,10.0,3.0,11.0,14.0,22.0,Kevin Lenini Gonçalves Pereira de Pina,38.34373488704143,34.61299311424821,0.2072634318218455,0.0,0.0,0.414526863643691,1.0363171591092275,0.2072634318218455,0.0307973664578679,34.19846625060452,186.9983046817631,0.8290537272873821,0.6217902954655367,13.05759620477627,2.0726343182184555,0.6217902954655367,2.279897750040301,2.901688045505838,4.559795500080602,90.27027027027027,75.0,Center Defensive Midfield,Defensive Midfielder,True,83.16831683168317,33.663366336633665,60.3960396039604,18.81188118811881,28.71287128712871,83.16831683168317,38.613861386138616,46.53465346534654,70.29702970297029,25.742574257425744,61.38613861386138,25.742574257425744,87.12871287128714,96.03960396039604,54.45544554455446,13.861386138613865,35.64356435643564,19.306930693069308,58.415841584158414,59.08,43.56,51.82,58.42,31.81,48.94,1
133038,457.42,208.0,178.0,5.0,0.0,1.0,3.0,4.0,0.0,0.176701892,160.0,826.7915911379916,12.0,5.0,58.0,10.0,8.0,13.0,13.0,24.0,João Paulo Moreira Fernandes,40.925189104105634,35.02251759870578,0.9837785842333086,0.0,0.1967557168466617,0.5902671505399851,0.7870228673866468,0.0,0.0347671074286213,31.48091469546588,162.6759721971476,2.3610686021599405,0.9837785842333086,11.411831577106378,1.967557168466617,1.5740457347732937,2.557824319006602,2.557824319006602,4.722137204319881,85.57692307692307,41.66666666666667,Left Back,Full Back,True,37.24832214765101,54.36241610738255,73.15436241610739,26.845637583892614,42.28187919463088,84.56375838926175,37.58389261744966,40.26845637583892,85.23489932885906,44.966442953020135,52.348993288590606,77.85234899328859,73.8255033557047,82.5503355704698,83.89261744966443,73.15436241610739,33.89261744966443,71.14093959731544,10.06711409395973,54.92,51.23,54.36,69.24,47.06,55.36,1
133229,521.76,292.0,252.0,1.0,0.0,0.0,0.0,7.0,2.0,2.028990011,257.0,2153.9044168336386,6.0,4.0,59.0,10.0,6.0,2.0,9.0,31.0,Ismael Koné,50.367985280588776,43.46826126954922,0.1724931002759889,0.0,0.0,0.0,1.2074517019319229,0.3449862005519779,0.3499867774264029,44.33072677092917,371.5336505577804,1.0349586016559338,0.6899724011039559,10.177092916283348,1.72493100275989,1.0349586016559338,0.3449862005519779,1.5524379024839006,5.347286108555657,86.3013698630137,66.66666666666666,Right Defensive Midfield,Defensive Midfielder,True,97.02970297029702,96.03960396039604,71.28712871287128,57.42574257425742,56.43564356435643,53.46534653465347,69.3069306930693,97.02970297029702,74.25742574257426,5.9405940594059405,43.56435643564357,49.50495049504951,4.950495049504951,36.63366336633664,74.25742574257426,6.930693069306932,35.64356435643564,19.306930693069308,10.891089108910892,88.12,55.78,80.2,35.81,18.19,55.62,1
133305,351.82,207.0,186.0,0.0,0.0,0.0,0.0,2.0,1.0,0.32092453,151.0,843.5231754756732,0.0,0.0,32.0,9.0,5.0,12.0,12.0,6.0,Samet Akaydin,52.95321471206867,47.581149451424025,0.0,0.0,0.0,0.0,0.5116252629185378,0.2558126314592689,0.0820965485191291,38.62770735034961,215.78388321531065,0.0,0.0,8.186004206696605,2.3023136831334208,1.279063157296345,3.069751577511228,3.069751577511228,1.534875788755614,89.85507246376811,0.0,Right Center Back,Centre Back,True,92.3076923076923,71.00591715976331,60.35502958579882,62.1301775147929,65.68047337278107,66.86390532544378,57.98816568047337,56.80473372781065,22.7810650887574,68.63905325443787,92.3076923076923,65.68047337278107,24.85207100591716,97.0414201183432,10.059171597633137,19.230769230769237,44.67455621301775,30.17751479289941,26.035502958579883,74.56,64.89,45.86,59.76,30.03,55.02,1
134209,481.62,105.0,81.0,4.0,0.0,0.0,11.0,4.0,0.0,0.349410461,129.0,942.872315185572,11.0,7.0,69.0,6.0,1.0,5.0,4.0,16.0,Barış Alper Yılmaz,19.62127818612184,15.136414600722562,0.7474772642332129,0.0,0.0,2.0555624766413354,0.7474772642332129,0.0,0.0652940938706864,24.10614177152112,176.19390466903673,2.0555624766413354,1.3080852124081226,12.893982808022924,1.121215896349819,0.1868693160583032,0.9343465802915162,0.7474772642332129,2.989909056932852,77.14285714285715,63.63636363636363,Right Wing,Winger,True,17.741935483870968,10.75268817204301,8.60215053763441,6.451612903225806,16.129032258064516,55.91397849462365,17.20430107526882,26.881720430107524,51.61290322580645,30.107526881720432,49.46236559139785,15.053763440860216,89.24731182795699,13.978494623655912,24.731182795698924,25.806451612903224,24.193548387096776,20.43010752688172,52.68817204301075,12.37,26.16,31.9,37.1,30.78,27.66,0
135004,381.17,117.0,90.0,0.0,0.0,0.0,0.0,0.0,0.0,0.0,87.0,733.6248679489956,0.0,0.0,25.0,4.0,1.0,12.0,7.0,12.0,Lubeni Haukongo,27.62546895086182,21.25036073143217,0.0,0.0,0.0,0.0,0.0,0.0,0.0,20.542015373717764,173.2199231718383,0.0,0.0,5.90287798095338,0.9444604769525408,0.2361151192381352,2.8333814308576226,1.6528058346669463,2.8333814308576226,76.92307692307693,0.0,Left Center Back,Centre Back,True,34.023668639053255,7.396449704142012,7.396449704142012,5.325443786982249,4.733727810650888,6.508875739644971,10.650887573964498,37.8698224852071,22.7810650887574,39.64497041420118,34.319526627218934,5.325443786982249,18.34319526627219,55.62130177514793,59.76331360946746,19.230769230769237,44.67455621301775,30.17751479289941,26.035502958579883,16.27,5.52,23.77,35.5,30.03,22.22,2
135849,386.82,111.0,68.0,0.0,0.0,0.0,0.0,0.0,0.0,0.0,44.0,282.5555346876428,0.0,0.0,0.0,0.0,0.0,0.0,0.0,19.0,Adilson Cipriano da Cruz,25.82596556537925,15.82131223825035,0.0,0.0,0.0,0.0,0.0,0.0,0.0,10.237319683573755,65.74116674910255,0.0,0.0,0.0,0.0,0.0,0.0,0.0,4.420660772452304,61.26126126126125,0.0,Goalkeeper,Goalkeeper,True,50.0,49.28571428571429,49.28571428571429,40.0,31.428571428571427,27.142857142857142,21.428571428571427,48.57142857142857,45.0,30.714285714285715,50.0,50.71428571428571,38.57142857142858,45.71428571428572,81.42857142857143,46.42857142857143,50.0,47.85714285714286,50.0,49.52,32.86,38.33,49.52,48.57,43.76,2
136406,381.17,121.0,90.0,4.0,0.0,0.0,4.0,2.0,0.0,0.113621928,83.0,372.3744670790456,0.0,0.0,72.0,5.0,6.0,5.0,6.0,22.0,Aprocious Petrus,28.56992942781436,21.25036073143217,0.9444604769525408,0.0,0.0,0.9444604769525408,0.4722302384762704,0.0,0.0268278550777868,19.59755489676522,87.92324169560591,0.0,0.0,17.000288585145736,1.180575596190676,1.4166907154288113,1.180575596190676,1.4166907154288113,5.194532623238975,74.3801652892562,0.0,Center Defensive Midfield,Defensive Midfielder,True,33.16831683168317,30.69306930693069,25.742574257425744,3.96039603960396,1.98019801980198,2.9702970297029703,2.9702970297029703,3.96039603960396,5.445544554455446,54.45544554455446,14.85148514851485,74.25742574257426,42.57425742574257,28.71287128712871,71.28712871287128,85.14851485148515,35.64356435643564,19.306930693069308,86.13861386138613,29.87,2.97,4.13,47.69,56.56,28.24,1
137487,409.18,190.0,149.0,0.0,0.0,3.0,5.0,3.0,1.0,0.3560452973,140.0,773.6164685258192,5.0,4.0,68.0,11.0,7.0,11.0,15.0,18.0,Žan Karničnik,41.79089887091256,32.772862798768266,0.0,0.0,0.6598562979617771,1.099760496602962,0.6598562979617771,0.2199520993205923,0.0783129105943594,30.793293904882937,170.15856632123692,1.099760496602962,0.8798083972823695,14.956742753800285,2.4194730925265167,1.5396646952441468,2.4194730925265167,3.299281489808886,3.959137787770664,78.42105263157895,80.0,Right Back,Full Back,True,94.63087248322148,74.49664429530202,65.77181208053692,28.85906040268457,33.557046979865774,46.30872483221477,36.24161073825504,45.63758389261745,78.52348993288591,82.5503355704698,76.51006711409396,75.16778523489933,70.46979865771812,95.9731543624161,63.08724832214765,2.348993288590604,33.89261744966443,99.32885906040268,26.174496644295303,78.3,36.24,53.47,77.29,40.44,57.15,1
145058,387.27,178.0,134.0,1.0,0.0,0.0,2.0,0.0,0.0,0.0,112.0,377.9205307519326,0.0,0.0,52.0,9.0,8.0,7.0,14.0,16.0,Eddie Marcos Melo Afonso,41.36648849639786,31.14106437369277,0.232396002788752,0.0,0.0,0.464792005577504,0.0,0.0,0.0,26.02835231234023,87.82722071855278,0.0,0.0,12.084592145015106,2.0915640250987684,1.859168022310016,1.6267720195212645,3.2535440390425285,3.718336044620032,75.28089887640449,0.0,Right Back,Full Back,True,37.24832214765101,5.369127516778524,5.369127516778524,27.516778523489933,27.516778523489933,25.503355704697988,21.47651006711409,2.684563758389262,6.375838926174497,56.375838926174495,57.04697986577181,87.91946308724832,39.59731543624161,93.95973154362416,54.36241610738255,11.409395973154362,33.89261744966443,29.86577181208054,5.369127516778524,16.0,26.85,10.18,64.88,20.13,27.61,1
149714,313.18,55.0,40.0,5.0,0.0,0.0,4.0,5.0,0.0,0.408877103,69.0,729.7117965619952,11.0,7.0,69.0,6.0,3.0,1.0,7.0,10.0,Abdessamad Ezzalzouli,15.805606999169807,11.494986908487132,1.4368733635608917,0.0,0.0,1.1494986908487133,1.4368733635608917,0.0,0.1175009236541286,19.8288524171403,209.70068871121904,3.161121399833961,2.011622708985248,19.8288524171403,1.72424803627307,0.8621240181365349,0.2873746727121783,2.011622708985248,2.873746727121783,72.72727272727273,63.63636363636363,Left Midfield,Midfielder,True,26.05633802816901,57.74647887323944,63.38028169014085,1.4084507042253522,1.4084507042253522,11.267605633802818,2.8169014084507045,47.88732394366197,90.14084507042254,71.83098591549296,56.33802816901409,46.478873239436616,21.12676056338028,59.15492957746479,9.859154929577464,77.46478873239437,32.3943661971831,27.464788732394368,66.19718309859155,49.06,4.69,46.95,44.13,50.88,39.14,0
151813,351.94,110.0,93.0,1.0,0.0,0.0,1.0,11.0,0.0,0.5904872879999998,126.0,838.1124094189134,12.0,7.0,44.0,4.0,2.0,0.0,6.0,13.0,Kenan Yildiz,28.129794851395125,23.78246291981588,0.2557254077399556,0.0,0.0,0.2557254077399556,2.8129794851395125,0.0,0.1510026024890605,32.221401375234414,214.3266376305683,3.068704892879468,1.7900778541796898,11.25191794055805,1.022901630959823,0.5114508154799113,0.0,1.534352446439734,3.324430300619424,84.54545454545455,58.333333333333336,Left Wing,Winger,True,17.741935483870968,39.784946236559136,84.94623655913979,41.935483870967744,53.76344086021505,94.6236559139785,53.76344086021505,43.01075268817204,70.96774193548387,15.053763440860216,43.01075268817204,40.86021505376344,9.13978494623656,55.91397849462365,40.86021505376344,3.225806451612903,24.193548387096776,20.43010752688172,2.1505376344086025,47.49,63.44,55.91,34.14,12.5,42.7,0
162132,415.4,152.0,126.0,4.0,2.0,2.0,3.0,9.0,0.0,0.5369097849999999,135.0,775.2751186394048,6.0,2.0,110.0,14.0,4.0,0.0,11.0,23.0,Kamory Doumbia,32.93211362542128,27.298988926336065,0.8666345690900338,0.4333172845450169,0.4333172845450169,0.6499759268175254,1.949927780452576,0.0,0.1163261450409243,29.24891670678864,167.97005459207134,1.2999518536350507,0.4333172845450169,23.83245064997593,3.033220991815118,0.8666345690900338,0.0,2.3832450649975927,4.983148772267694,82.89473684210526,33.33333333333333,Center Attacking Midfield,Attacking Midfielder,True,18.421052631578945,44.73684210526316,65.78947368421053,31.57894736842105,47.368421052631575,84.21052631578947,28.947368421052637,28.947368421052637,21.052631578947366,86.8421052631579,100.0,63.1578947368421,14.473684210526317,89.47368421052632,68.42105263157895,31.57894736842105,86.8421052631579,73.68421052631578,26.31578947368421,42.98,54.39,26.32,70.39,54.61,49.74,0
176683,347.59,155.0,117.0,2.0,1.0,0.0,9.0,1.0,0.0,0.079464234,128.0,874.097771465925,10.0,6.0,37.0,3.0,2.0,5.0,5.0,14.0,Ibrahim Diakité,40.13349060674933,30.2943122644495,0.5178514916999915,0.2589257458499957,0.0,2.3303317126499614,0.2589257458499957,0.0,0.0205753360568485,33.14249546879945,226.3264174226337,2.589257458499957,1.553554475099974,9.58025259644984,0.7767772375499871,0.5178514916999915,1.2946287292499783,1.2946287292499783,3.62496044189994,75.48387096774194,60.0,Right Back,Full Back,True,37.24832214765101,39.59731543624161,24.832214765100677,24.16107382550336,24.832214765100677,26.51006711409396,45.63758389261745,75.16778523489933,93.28859060402684,24.832214765100677,2.013422818791946,12.08053691275168,26.845637583892614,19.463087248322147,51.006711409395976,35.57046979865772,91.94630872483222,29.86577181208054,67.78523489932886,33.89,25.17,71.36,22.71,56.29,41.88,1
182573,483.86,172.0,112.0,0.0,0.0,0.0,0.0,0.0,0.0,0.0,108.0,492.5518968942772,0.0,0.0,0.0,0.0,0.0,0.0,0.0,23.0,Ibrahim Kone,31.99272516843716,20.83247220270326,0.0,0.0,0.0,0.0,0.0,0.0,0.0,20.088455338321,91.6167294682035,0.0,0.0,0.0,0.0,0.0,0.0,0.0,4.278096970197991,65.11627906976744,0.0,Goalkeeper,Goalkeeper,True,50.0,49.28571428571429,49.28571428571429,78.57142857142857,65.71428571428571,34.285714285714285,88.57142857142857,91.42857142857144,45.0,30.714285714285715,50.0,50.71428571428571,38.57142857142858,45.71428571428572,74.28571428571429,46.42857142857143,50.0,47.85714285714286,50.0,49.52,59.52,75.0,48.33,48.57,56.19,2
189348,344.23,54.0,39.0,1.0,0.0,0.0,4.0,6.0,1.0,0.5564425059999999,53.0,338.37606728322885,5.0,2.0,73.0,1.0,1.0,0.0,8.0,7.0,Frank Magri,14.11846730383755,10.196670830549342,0.2614530982192138,0.0,0.0,1.0458123928768557,1.5687185893152835,0.2614530982192138,0.1454836171745634,13.857014205618336,88.46947115443336,1.3072654910960697,0.5229061964384277,19.086076170002613,0.2614530982192138,0.2614530982192138,0.0,2.091624785753711,1.830171687534497,72.22222222222221,40.0,Center Forward,Forward,True,37.34939759036144,12.048192771084338,13.253012048192772,8.433734939759036,9.63855421686747,46.3855421686747,18.072289156626507,31.32530120481928,37.34939759036144,84.33734939759037,20.48192771084337,59.036144578313255,4.216867469879518,97.59036144578312,14.457831325301203,13.253012048192772,27.710843373493976,29.518072289156628,75.90361445783132,20.88,21.49,28.92,46.69,36.6,30.91,0
205932,409.18,103.0,80.0,1.0,0.0,0.0,1.0,0.0,0.0,0.0,72.0,445.7209569194387,0.0,0.0,54.0,13.0,3.0,16.0,7.0,9.0,Vanja Drkušić,22.655066230021017,17.59616794564739,0.2199520993205923,0.0,0.0,0.2199520993205923,0.0,0.0,0.0,15.836551151082654,98.03726018561387,0.0,0.0,11.877413363311993,2.859377291167701,0.6598562979617771,3.519233589129478,1.5396646952441468,1.979568893885332,77.66990291262135,0.0,Right Center Back,Centre Back,True,34.023668639053255,7.396449704142012,7.396449704142012,0.591715976331361,0.591715976331361,7.6923076923076925,1.7751479289940828,7.100591715976331,22.7810650887574,93.49112426035504,96.15384615384616,22.485207100591715,39.05325443786983,46.15384615384615,20.710059171597635,61.834319526627226,44.67455621301775,30.17751479289941,71.89349112426035,16.27,2.96,10.55,53.01,52.14,26.99,1
223971,379.07,210.0,184.0,0.0,0.0,0.0,0.0,1.0,0.0,0.02188293,149.0,989.3043364117732,2.0,0.0,21.0,6.0,3.0,12.0,3.0,15.0,José Ángel Córdoba Chambers,49.85886511726067,43.68586276940935,0.0,0.0,0.0,0.0,0.2374231672250508,0.0,0.005195514548764,35.37605191653257,234.8837689003604,0.4748463344501016,0.0,4.985886511726067,1.4245390033503047,0.7122695016751524,2.8490780067006094,0.7122695016751524,3.561347508375761,87.61904761904762,0.0,Center Back,Centre Back,True,34.023668639053255,16.56804733727811,29.585798816568047,55.02958579881657,55.62130177514793,53.84615384615385,51.4792899408284,64.49704142011834,22.7810650887574,18.93491124260355,65.97633136094674,31.360946745562128,19.230769230769237,5.9171597633136095,81.65680473372781,19.230769230769237,44.67455621301775,30.17751479289941,26.035502958579883,26.73,54.83,46.25,37.18,30.03,39.0,1
260212,379.07,188.0,151.0,0.0,0.0,0.0,0.0,3.0,0.0,0.0969068559999998,145.0,906.0472976806772,2.0,2.0,40.0,6.0,5.0,12.0,8.0,17.0,Edgardo Isaac Fariña Wynter,44.635555438309545,35.85089825098267,0.0,0.0,0.0,0.0,0.7122695016751524,0.0,0.0230079326773418,34.42635924763236,215.1166190710448,0.4748463344501016,0.4748463344501016,9.496926689002033,1.4245390033503047,1.187115836125254,2.8490780067006094,1.8993853378004064,4.036193842825863,80.31914893617021,100.0,Right Center Back,Centre Back,True,34.023668639053255,36.09467455621302,78.10650887573965,43.78698224852072,37.278106508875744,15.976331360946746,49.70414201183432,56.213017751479285,91.71597633136096,81.65680473372781,65.97633136094674,62.721893491124256,19.230769230769237,67.45562130177515,89.94082840236686,19.230769230769237,44.67455621301775,30.17751479289941,26.035502958579883,49.41,32.35,65.88,64.5,30.03,48.43,1
264381,345.52,117.0,83.0,0.0,0.0,0.0,1.0,6.0,0.0,0.374645636,77.0,432.9855465608678,1.0,1.0,41.0,4.0,6.0,12.0,8.0,9.0,Kennedy Amutenya,30.47580458439453,21.619587867561936,0.0,0.0,0.0,0.2604769622597824,1.562861773558694,0.0,0.0975865571891641,20.05672609400324,112.78275987056642,0.2604769622597824,0.2604769622597824,10.679555452651076,1.0419078490391296,1.562861773558694,3.125723547117388,2.083815698078259,2.3442926603380414,70.94017094017094,100.0,Right Center Back,Centre Back,True,34.023668639053255,75.14792899408283,98.81656804733728,11.242603550295858,5.325443786982249,1.7751479289940828,10.059171597633137,11.83431952662722,74.55621301775149,89.94082840236686,38.46153846153847,78.69822485207101,26.627218934911244,73.96449704142012,39.05325443786983,19.230769230769237,44.67455621301775,30.17751479289941,81.06508875739645,69.33,6.11,32.15,57.79,43.79,41.83,1
264954,365.64,94.0,78.0,0.0,0.0,0.0,1.0,0.0,0.0,0.0,67.0,304.432651204443,1.0,0.0,21.0,5.0,8.0,35.0,8.0,12.0,Lamine Ba,23.1375123071874,19.199212340006564,0.0,0.0,0.0,0.2461437479488021,0.0,0.0,0.0,16.491631112569742,74.93419376545201,0.2461437479488021,0.0,5.169018706924844,1.2307187397440105,1.969149983590417,8.615031178208074,1.969149983590417,2.9537249753856254,82.97872340425532,0.0,Left Center Back,Centre Back,True,34.023668639053255,7.396449704142012,7.396449704142012,1.183431952662722,1.7751479289940828,28.99408284023669,2.366863905325444,0.591715976331361,22.7810650887574,21.301775147929,49.70414201183432,91.1242603550296,99.40828402366864,70.41420118343196,61.53846153846154,19.230769230769237,44.67455621301775,30.17751479289941,78.69822485207101,16.27,10.65,8.58,65.58,43.2,28.86,1
264956,376.92,141.0,90.0,1.0,0.0,0.0,7.0,0.0,0.0,0.0,86.0,492.8583543208063,4.0,4.0,90.0,15.0,10.0,12.0,12.0,13.0,Ibrahima Keita,33.6676217765043,21.48997134670488,0.2387774594078319,0.0,0.0,1.6714422158548234,0.0,0.0,0.0,20.534861509073544,117.68346569264716,0.9551098376313276,0.9551098376313276,21.48997134670488,3.58166189111748,2.38777459407832,2.865329512893983,2.865329512893983,3.104106972301816,63.82978723404256,100.0,Right Back,Full Back,True,37.24832214765101,5.369127516778524,5.369127516778524,10.06711409395973,4.697986577181208,4.026845637583892,4.697986577181208,9.395973154362416,83.89261744966443,98.65771812080536,97.31543624161074,95.3020134228188,81.87919463087249,90.6040268456376,31.543624161073826,12.08053691275168,33.89261744966443,29.86577181208054,46.97986577181208,16.0,6.26,32.66,82.55,30.7,33.64,1
316046,517.1999999999999,204.0,161.0,14.0,4.0,1.0,8.0,18.0,1.0,1.5872332399999998,238.0,1955.6877538525816,27.0,12.0,112.0,10.0,3.0,2.0,7.0,23.0,Lamine Yamal Nasraoui Ebana,35.49883990719258,28.01624129930395,2.436194895591648,0.6960556844547564,0.1740139211136891,1.3921113689095128,3.132250580046404,0.1740139211136891,0.2762006798143851,41.415313225058014,340.316894521911,4.698375870069606,2.0881670533642693,19.489559164733183,1.7401392111368912,0.5220417633410673,0.3480278422273782,1.218097447795824,4.00232018561485,78.92156862745098,44.44444444444444,Right Wing,Winger,True,46.236559139784944,69.89247311827957,88.17204301075269,74.19354838709677,75.26881720430107,69.89247311827957,86.02150537634408,91.39784946236558,78.49462365591397,80.64516129032258,77.41935483870968,43.01075268817204,50.53763440860215,41.935483870967744,55.91397849462365,97.8494623655914,100.0,51.61290322580645,31.18279569892473,68.1,73.12,85.3,58.24,70.16,70.99,0
341163,332.13,83.0,65.0,2.0,1.0,0.0,1.0,2.0,0.0,0.0267542688,87.0,511.0517876976104,6.0,6.0,64.0,8.0,8.0,2.0,12.0,19.0,Omaré Gassama,22.491193207479,17.613585042001624,0.5419564628308192,0.2709782314154096,0.0,0.2709782314154096,0.5419564628308192,0.0,0.0072498244422364,23.57510613314064,138.48390959198187,1.625869388492458,1.625869388492458,17.342606810586215,2.167825851323277,2.167825851323277,0.5419564628308192,3.251738776984916,5.148586396892783,78.3132530120482,100.0,Left Defensive Midfield,Defensive Midfielder,True,33.16831683168317,9.9009900990099,31.683168316831683,0.99009900990099,0.99009900990099,6.930693069306932,9.9009900990099,14.85148514851485,99.009900990099,58.415841584158414,66.33663366336634,95.04950495049503,10.891089108910892,100.0,69.3069306930693,50.495049504950494,96.03960396039604,19.306930693069308,43.56435643564357,24.92,2.97,41.25,66.67,52.35,37.63,1
358410,692.96,186.0,125.0,0.0,0.0,0.0,0.0,0.0,0.0,0.0,84.0,524.741200157454,0.0,0.0,0.0,0.0,0.0,0.0,0.0,34.0,Stanley Bobo Nwabali,24.157238513045485,16.23470330177788,0.0,0.0,0.0,0.0,0.0,0.0,0.0,10.909720618794736,68.15214155820085,0.0,0.0,0.0,0.0,0.0,0.0,0.0,4.415839298083583,67.20430107526882,0.0,Goalkeeper,Goalkeeper,True,50.0,49.28571428571429,49.28571428571429,31.428571428571427,37.142857142857146,42.85714285714285,28.57142857142857,51.42857142857142,45.0,30.714285714285715,50.0,50.71428571428571,38.57142857142858,45.71428571428572,80.0,46.42857142857143,50.0,47.85714285714286,50.0,49.52,37.14,41.67,49.29,48.57,45.24,2
383250,641.17,278.0,244.0,1.0,0.0,0.0,0.0,5.0,2.0,1.696799162,209.0,1300.141024852111,4.0,4.0,42.0,8.0,8.0,40.0,6.0,28.0,Moise Bombito,39.0224121527832,34.24988692546439,0.1403683890387884,0.0,0.0,0.0,0.7018419451939424,0.2807367780775769,0.2381769648923062,29.33699330910679,182.4987011817303,0.5614735561551539,0.5614735561551539,5.895472339629116,1.122947112310308,1.122947112310308,5.614735561551539,0.8422103342327307,3.9303148930860776,87.76978417266187,100.0,Right Center Back,Centre Back,True,95.26627218934912,95.85798816568048,77.51479289940828,28.402366863905325,30.76923076923077,55.02958579881657,31.952662721893493,42.01183431952663,95.26627218934912,39.05325443786983,42.01183431952663,55.62130177514793,84.61538461538461,8.875739644970414,87.57396449704143,50.29585798816568,44.67455621301775,30.17751479289941,26.035502958579883,89.55,38.07,56.41,52.96,37.8,54.96,1
384888,308.23,103.0,72.0,2.0,0.0,0.0,2.0,11.0,1.0,1.6598351969999998,90.0,452.204315076948,7.0,6.0,87.0,11.0,2.0,2.0,7.0,24.0,Ray Kendry Páez Andrade,30.074944035298312,21.02326184991727,0.5839794958310353,0.0,0.0,0.5839794958310353,3.2118872270706937,0.2919897479155176,0.4846548607533334,26.279077312396588,132.03902396562734,2.0439282354086235,1.7519384874931057,25.40310806865003,3.2118872270706937,0.5839794958310353,0.5839794958310353,2.0439282354086235,7.007753949972423,69.90291262135922,85.71428571428571,Right Wing,Winger,True,67.74193548387096,92.47311827956987,91.39784946236558,47.31182795698925,38.70967741935484,20.43010752688172,30.107526881720432,7.526881720430108,68.81720430107528,96.7741935483871,97.8494623655914,50.53763440860215,70.96774193548387,84.94623655913979,100.0,18.27956989247312,24.193548387096776,20.43010752688172,9.67741935483871,83.87,35.48,35.48,83.51,18.15,51.3,0
482851,390.1,115.0,104.0,0.0,0.0,0.0,0.0,0.0,0.0,0.0,76.0,345.0653378033686,0.0,0.0,20.0,7.0,2.0,26.0,4.0,6.0,Esteban Orozco Fernández,26.53165854908997,23.993847731350936,0.0,0.0,0.0,0.0,0.0,0.0,0.0,17.533965649833373,79.6100497367423,0.0,0.0,4.614201486798256,1.6149705203793896,0.4614201486798256,5.998461932837734,0.9228402973596512,1.384260446039477,90.43478260869566,0.0,Right Center Back,Centre Back,True,34.023668639053255,7.396449704142012,7.396449704142012,2.9585798816568047,10.059171597633137,72.7810650887574,4.142011834319527,1.7751479289940828,22.7810650887574,11.83431952662722,73.96449704142012,11.83431952662722,88.75739644970415,13.6094674556213,4.733727810650888,19.230769230769237,44.67455621301775,30.17751479289941,26.035502958579883,16.27,28.6,9.57,34.12,30.03,23.72,1
