match_id,player_id,player_name,team_id,team_name,position,minutes_played,started
3788741,31042,Cengiz Umut Meraş,909,Turkey,Left Back,93.05,True
3788741,8963,Caglar Söyüncü,909,Turkey,Left Center Back,93.05,True
3788741,7173,Leonardo Bonucci,914,Italy,Right Center Back,93.05,True
3788741,23558,Merih Demiral,909,Turkey,Right Center Back,93.05,True
3788741,12293,Kaan Ayhan,909,Turkey,Left Center Midfield,29.13,False
3788741,12555,Okay Yokuşlu,909,Turkey,Center Defensive Midfield,64.18,True
3788741,11086,Burak Yılmaz,909,Turkey,Center Forward,93.05,True
3788741,11088,Ozan Tufan,909,Turkey,Left Center Midfield,63.92,True
3788741,6993,Bryan Cristante,914,Italy,Left Center Midfield,19.88,False
3788741,30357,Uğurcan Çakır,909,Turkey,Goalkeeper,93.05,True
3788741,7131,Domenico Berardi,914,Italy,Right Wing,84.57,True
3788741,8541,Kenan Karaman,909,Turkey,Right Midfield,75.9,True
3788741,8286,Leonardo Spinazzola,914,Italy,Left Back,93.05,True
3788741,21567,İbrahim Halil Dervişoğlu,909,Turkey,Right Midfield,17.15,False
3788741,7777,Federico Bernardeschi,914,Italy,Right Wing,8.48,False
3788741,29989,Yusuf Yazıcı,909,Turkey,Right Center Midfield,45.0,True
3788741,30311,İrfan Can Kahveci,909,Turkey,Center Defensive Midfield,28.87,False
3788741,6954,Giorgio Chiellini,914,Italy,Left Center Back,93.05,True
3788741,7788,Ciro Immobile,914,Italy,Center Forward,80.4,True
3788741,10349,Mehmet Zeki Çelik,909,Turkey,Right Back,93.05,True
3788741,7471,Andrea Belotti,914,Italy,Center Forward,12.65,False
3788741,7024,Jorge Luiz Frello Filho,914,Italy,Center Defensive Midfield,93.05,True
3788741,6964,Alessandro Florenzi,914,Italy,Right Back,45.0,True
3788741,8181,Nicolò Barella,914,Italy,Right Center Midfield,93.05,True
3788741,7156,Federico Chiesa,914,Italy,Left Wing,13.0,False
3788741,11514,Giovanni Di Lorenzo,914,Italy,Right Back,48.05,False
3788741,6971,Cengiz Ünder,909,Turkey,Left Midfield,48.05,False
3788741,7036,Gianluigi Donnarumma,914,Italy,Goalkeeper,93.05,True
3788741,7037,Lorenzo Insigne,914,Italy,Left Wing,80.05,True
3788741,7038,Manuel Locatelli,914,Italy,Left Center Midfield,73.17,True
3788741,7039,Hakan Çalhanoğlu,909,Turkey,Right Center Midfield,93.05,True
3788742,24321,Robin Lod,1835,Finland,Right Center Midfield,94.07,True
3788742,21442,Leo Onni Artturi Väisänen,1835,Finland,Right Wing Back,4.37,False
3788742,9476,Teemu Pukki,1835,Finland,Left Center Forward,75.65,True
3788742,24455,Paulus Arajuuri,1835,Finland,Center Back,94.07,True
3788742,24648,Tim Sparv,1835,Finland,Center Defensive Midfield,75.68,True
3788742,12807,Rasmus Schüller,1835,Finland,Center Defensive Midfield,18.38,False
3788742,6797,Daniel Wass,776,Denmark,Right Back,75.03,True
3788742,21261,Jonas Older Wind,776,Denmark,Center Forward,62.65,True
3788742,17042,Andreas Skov Olsen,776,Denmark,Right Wing,31.42,False
3788742,5524,Jens Stryger Larsen,776,Denmark,Right Back,19.03,False
3788742,5527,Thomas Delaney,776,Denmark,Left Center Midfield,75.18,True
3788742,8667,Lukáš Hrádecký,1835,Finland,Goalkeeper,94.07,True
3788742,5534,Simon Thorup Kjær,776,Denmark,Right Center Back,62.82,True
3788742,13215,Glen Kamara,1835,Finland,Left Center Midfield,94.07,True
3788742,5536,Yussuf Yurary Poulsen,776,Denmark,Right Wing,94.07,True
3788742,4447,Martin Braithwaite Christensen,776,Denmark,Left Wing,94.07,True
3788742,18722,Mathias Jensen,776,Denmark,Right Center Midfield,51.43,False
3788742,3043,Christian Dannemann Eriksen,776,Denmark,Right Center Midfield,42.63,True
3788742,5732,Andreas Evald Cornelius,776,Denmark,Center Forward,18.88,False
3788742,16550,Jere Juhani Uronen,1835,Finland,Left Wing Back,94.07,True
3788742,3815,Kasper Schmeichel,776,Denmark,Goalkeeper,94.07,True
3788742,16554,Joakim Mæhle,776,Denmark,Left Back,94.07,True
3788742,8815,Jannik Vestergaard,776,Denmark,Left Center Back,31.25,False
3788742,24303,Joni Ensio Kauko,1835,Finland,Left Center Forward,18.42,False
3788742,3570,Pierre-Emile Højbjerg,776,Denmark,Center Defensive Midfield,94.07,True
3788742,38196,Daniel O''Shaughnessy,1835,Finland,Left Center Back,94.07,True
3788742,12148,Marcus Forss,1835,Finland,Right Center Forward,10.33,False
3788742,3959,Andreas Christensen,776,Denmark,Left Center Back,94.07,True
3788742,15416,Jukka Raitala,1835,Finland,Right Wing Back,89.7,True
3788742,26939,Joona Toivio,1835,Finland,Right Center Back,94.07,True
3788742,9725,Joel Pohjanpalo,1835,Finland,Right Center Forward,83.73,True
3788743,5632,Thorgan Hazard,782,Belgium,Left Wing Back,91.93,True
3788743,5633,Yannick Ferreira Carrasco,782,Belgium,Left Attacking Midfield,76.13,True
3788743,5186,Denis Cheryshev,796,Russia,Left Center Midfield,33.57,False
3788743,15545,Vyacheslav Karavaev,796,Russia,Left Wing Back,49.3,False
3788743,3077,Jan Vertonghen,782,Belgium,Left Center Back,75.92,True
3788743,5639,Anga Dedryck Boyata,782,Belgium,Center Back,91.93,True
3788743,16583,Georgiy Dzhikiya,796,Russia,Left Center Back,91.93,True
3788743,5179,Daler Kuzyaev,796,Russia,Left Wing,29.0,True
3788743,2954,Youri Tielemans,782,Belgium,Left Defensive Midfield,91.93,True
3788743,5193,Yuri Zhirkov,796,Russia,Left Back,42.63,True
3788743,5195,Artem Dzyuba,796,Russia,Center Forward,91.93,True
3788743,6989,Timothy Castagne,782,Belgium,Right Wing Back,26.72,True
3788743,3289,Romelu Lukaku Menama,782,Belgium,Center Forward,91.93,True
3788743,6299,Aleksey Miranchuk,796,Russia,Left Center Midfield,29.37,False
3788743,34588,Andrey Semenov,796,Russia,Right Center Back,91.93,True
3788743,20005,Toby Alderweireld,782,Belgium,Right Center Back,91.93,True
3788743,3621,Eden Hazard,782,Belgium,Left Attacking Midfield,21.2,False
3788743,38119,Anton Shunin,796,Russia,Goalkeeper,91.93,True
3788743,3176,Thomas Meunier,782,Belgium,Right Wing Back,65.22,False
3788743,39273,Maksim Mukhin,796,Russia,Right Center Midfield,29.35,False
3788743,7015,Dennis Praet,782,Belgium,Right Attacking Midfield,15.8,False
3788743,20845,Magomed Ozdoev,796,Russia,Left Defensive Midfield,91.93,True
3788743,31917,Igor Diveev,796,Russia,Right Center Back,46.93,False
3788743,18735,Dmitriy Barinov,796,Russia,Right Defensive Midfield,45.0,True
3788743,5170,Mário Figueira Fernandes,796,Russia,Right Back,91.93,True
3788743,5171,Roman Zobnin,796,Russia,Right Wing,62.58,True
3788743,3509,Thibaut Courtois,782,Belgium,Goalkeeper,91.93,True
3788743,5177,Aleksandr Golovin,796,Russia,Center Attacking Midfield,91.93,True
3788743,6331,Leander Dendoncker,782,Belgium,Right Defensive Midfield,91.93,True
3788743,6332,Thomas Vermaelen,782,Belgium,Left Center Back,16.02,False
3788743,5630,Dries Mertens,782,Belgium,Right Attacking Midfield,70.73,True
3788744,4934,Ethan Ampadu,907,Wales,Unknown,3.12,False
3788744,6983,Remo Freuler,773,Switzerland,Right Defensive Midfield,95.42,True
3788744,5834,Mario Gavranović,773,Switzerland,Right Center Forward,12.08,False
3788744,3853,Kieffer Roberto Francisco Moore,907,Wales,Center Forward,95.42,True
3788744,3086,Ben Davies,907,Wales,Left Back,95.42,True
3788744,3533,Xherdan Shaqiri,773,Switzerland,Center Attacking Midfield,65.63,True
3788744,4567,David Brooks,907,Wales,Right Midfield,20.85,False
3788744,9914,Daniel Ward,907,Wales,Goalkeeper,95.42,True
3788744,16027,Kevin Mbabu,773,Switzerland,Right Wing Back,95.42,True
3788744,4767,Chris Mepham,907,Wales,Right Center Back,95.42,True
3788744,5537,Fabian Lukas Schär,773,Switzerland,Center Back,95.42,True
3788744,5538,Denis Lemi Zakaria Lako Lado,773,Switzerland,Center Attacking Midfield,29.78,False
3788744,4774,Connor Roberts,907,Wales,Right Back,95.42,True
3788744,5543,Haris Seferović,773,Switzerland,Right Center Forward,83.33,True
3788744,5544,Ricardo Iván Rodríguez Araya,773,Switzerland,Left Wing Back,95.42,True
3788744,5545,Breel-Donald Embolo,773,Switzerland,Left Center Forward,95.42,True
3788744,3500,Granit Xhaka,773,Switzerland,Left Defensive Midfield,95.42,True
3788744,5549,Manuel Obafemi Akanji,773,Switzerland,Left Center Back,95.42,True
3788744,5550,Yann Sommer,773,Switzerland,Goalkeeper,95.42,True
3788744,8814,Nico Elvedi,773,Switzerland,Right Center Back,95.42,True
3788744,11250,Joe Rodon,907,Wales,Left Center Back,95.42,True
3788744,10931,Joe Allen,907,Wales,Center Defensive Midfield,95.42,True
3788744,11252,Daniel James,907,Wales,Left Midfield,74.57,True
3788744,22074,Joseff Morrell,907,Wales,Right Center Midfield,95.42,True
3788744,3517,Aaron Ramsey,907,Wales,Left Center Midfield,92.3,True
3788744,6399,Gareth Frank Bale,907,Wales,Right Midfield,95.42,True
3788745,4354,Philip Foden,768,England,Right Wing,70.7,True
3788745,3205,Kyle Walker,768,England,Right Back,94.58,True
3788745,10955,Harry Kane,768,England,Center Forward,81.52,True
3788745,3468,Jordan Pickford,768,England,Goalkeeper,94.58,True
3788745,7693,Bruno Petković,785,Croatia,Center Forward,16.75,False
3788745,3470,Dominic Calvert-Lewin,768,England,Center Forward,3.22,False
3788745,5456,Mateo Kovačić,785,Croatia,Left Center Midfield,84.6,True
3788745,16531,Dominik Livaković,785,Croatia,Goalkeeper,94.58,True
3788745,5460,Andrej Kramarić,785,Croatia,Right Wing,69.6,True
3788745,5461,Šime Vrsaljko,785,Croatia,Right Back,94.58,True
3788745,11603,Mario Pašalić,785,Croatia,Left Center Midfield,9.98,False
3788745,5463,Luka Modrić,785,Croatia,Right Center Midfield,94.58,True
3788745,5465,Ante Rebić,785,Croatia,Center Forward,77.83,True
3788745,5468,Domagoj Vida,785,Croatia,Right Center Back,94.58,True
3788745,5469,Marcelo Brozović,785,Croatia,Center Defensive Midfield,69.58,True
3788745,3233,Raheem Sterling,768,England,Left Wing,91.37,True
3788745,4706,Kalvin Phillips,768,England,Right Defensive Midfield,94.58,True
3788745,7843,Mason Mount,768,England,Center Attacking Midfield,94.58,True
3788745,6307,Duje Ćaleta-Car,785,Croatia,Left Center Back,94.58,True
3788745,5474,Ivan Perišić,785,Croatia,Left Wing,94.58,True
3788745,30714,Jude Bellingham,768,England,Left Center Midfield,13.07,False
3788745,3943,Declan Rice,768,England,Left Defensive Midfield,94.58,True
3788745,3244,John Stones,768,England,Right Center Back,94.58,True
3788745,3308,Kieran Trippier,768,England,Left Back,94.58,True
3788745,3441,Nikola Vlašić,785,Croatia,Center Defensive Midfield,25.0,False
3788745,8946,Josip Brekalo,785,Croatia,Right Wing,24.98,False
3788745,3318,Marcus Rashford,768,England,Center Forward,23.88,False
3788745,33018,Joško Gvardiol,785,Croatia,Left Back,94.58,True
3788745,3323,Tyrone Mings,768,England,Left Center Back,94.58,True
3788746,20033,Luuk de Jong,941,Netherlands,Right Center Forward,7.5,False
3788746,16514,Serhii Sydorchuk,911,Ukraine,Center Defensive Midfield,95.07,True
3788746,8067,Joël Veltman,941,Netherlands,Right Center Back,7.22,False
3788746,3321,Patrick van Aanholt,941,Netherlands,Left Wing Back,63.53,True
3788746,6994,Marten de Roon,941,Netherlands,Right Defensive Midfield,95.07,True
3788746,7890,Owen Wijndal,941,Netherlands,Left Wing Back,31.53,False
3788746,31892,Oleksandr Zubkov,911,Ukraine,Left Wing,12.8,True
3788746,7829,Wout Weghorst,941,Netherlands,Right Center Forward,87.57,True
3788746,20827,Vitalii Mykolenko,911,Ukraine,Left Back,95.07,True
3788746,31900,Oleksandr Karavaev,911,Ukraine,Right Back,95.07,True
3788746,15582,Donyell Malen,941,Netherlands,Left Center Forward,4.72,False
3788746,39136,Illia Zabarnyi,911,Ukraine,Right Center Back,95.07,True
3788746,23649,Roman Yaremchuk,911,Ukraine,Center Forward,95.07,True
3788746,22243,Heorhii Bushchan,911,Ukraine,Goalkeeper,95.07,True
3788746,20201,Maarten Stekelenburg,941,Netherlands,Goalkeeper,95.07,True
3788746,3306,Nathan Aké,941,Netherlands,Left Center Back,31.68,False
3788746,7787,Stefan de Vrij,941,Netherlands,Center Back,95.07,True
3788746,2988,Memphis Depay,941,Netherlands,Left Center Forward,90.35,True
3788746,16557,Ruslan Malinovskiy,911,Ukraine,Right Center Midfield,95.07,True
3788746,16811,Marlos Romero Bonfim,911,Ukraine,Left Wing,51.13,False
3788746,3311,Daley Blind,941,Netherlands,Left Center Back,63.38,True
3788746,3567,Georginio Wijnaldum,941,Netherlands,Center Attacking Midfield,95.07,True
3788746,21809,Jurriën David Norman Timber,941,Netherlands,Right Center Back,87.85,True
3788746,21294,Mykola Shaparenko,911,Ukraine,Left Wing,31.13,False
3788746,8118,Frenkie de Jong,941,Netherlands,Left Defensive Midfield,95.07,True
3788746,3575,Oleksandr Zinchenko,911,Ukraine,Left Center Midfield,95.07,True
3788746,18617,Mykola Matviyenko,911,Ukraine,Left Center Back,95.07,True
3788746,8125,Denzel Dumfries,941,Netherlands,Right Wing Back,95.07,True
3788746,8830,Andriy Yarmolenko,911,Ukraine,Right Wing,95.07,True
3788747,3969,Aleksandar Dragović,915,Austria,Right Center Back,45.0,True
3788747,8769,Xaver Schlager,915,Austria,Center Defensive Midfield,93.78,True
3788747,46915,Egzon Bejtulai,2358,North Macedonia,Left Center Midfield,31.1,False
3788747,8513,Stefan Ilsanker,915,Austria,Center Defensive Midfield,0.48,False
3788747,44229,Tihomir Kostadinov,2358,North Macedonia,Right Center Midfield,31.28,False
3788747,8518,Marcel Sabitzer,915,Austria,Left Center Midfield,94.27,True
3788747,20037,Julian Baumgartlinger,915,Austria,Right Center Midfield,1.8,False
3788747,8777,Andreas Ulmer,915,Austria,Left Wing Back,94.27,True
3788747,18762,Sasa Kalajdzic,915,Austria,Right Center Forward,57.83,True
3788747,8779,Stefan Lainer,915,Austria,Right Wing Back,94.27,True
3788747,24977,Christoph Baumgartner,915,Austria,Left Center Forward,57.82,True
3788747,21397,Stole Dimitrievski,2358,North Macedonia,Goalkeeper,94.27,True
3788747,16535,Eljif Elmas,2358,North Macedonia,Left Center Midfield,94.27,True
3788747,8220,David Olatukunbo Alaba,915,Austria,Center Back,94.27,True
3788747,21532,Daniel Bachmann,915,Austria,Goalkeeper,94.27,True
3788747,10592,Stefan Ristovski,2358,North Macedonia,Right Center Back,94.27,True
3788747,44962,Milan Ristovski,2358,North Macedonia,Left Center Forward,8.4,False
3788747,8931,Philipp Lienhart,915,Austria,Right Center Back,49.27,False
3788747,16740,Boban Nikolov,2358,North Macedonia,Right Wing Back,63.17,True
3788747,4713,Ezgjan Alioski,2358,North Macedonia,Left Wing Back,94.27,True
3788747,7146,Goran Pandev,2358,North Macedonia,Right Center Forward,94.27,True
3788747,8506,Konrad Laimer,915,Austria,Right Center Midfield,92.47,True
3788747,30512,Aleksandar Trajkovski,2358,North Macedonia,Left Center Forward,62.98,True
3788747,8307,Martin Hinteregger,915,Austria,Left Center Back,94.27,True
3788747,30644,Darko Velkovski,2358,North Macedonia,Center Back,94.27,True
3788747,8309,Michael Gregoritsch,915,Austria,Left Center Forward,36.45,False
3788747,16629,Ivan Trichkovski,2358,North Macedonia,Left Midfield,13.03,False
3788747,46906,Visar Musliu,2358,North Macedonia,Left Center Back,85.87,True
3788747,3325,Marko Arnautović,915,Austria,Right Center Forward,36.43,False
3788747,6782,Enis Bardhi,2358,North Macedonia,Right Center Midfield,81.23,True
3788747,18879,Arijan Ademi,2358,North Macedonia,Center Defensive Midfield,94.27,True
3788748,29571,Lyndon Dykes,942,Scotland,Right Center Forward,78.7,True
3788748,8579,Vladimír Darida,912,Czech Republic,Center Attacking Midfield,86.58,True
3788748,7044,Patrik Schick,912,Czech Republic,Center Forward,86.55,True
3788748,4870,Tomáš Souček,912,Czech Republic,Left Defensive Midfield,94.52,True
3788748,9481,Grant Campbell Hanley,942,Scotland,Center Back,94.52,True
3788748,4875,Jan Bořil,912,Czech Republic,Left Back,94.52,True
3788748,13197,Tomáš Kalas,912,Czech Republic,Left Center Back,94.52,True
3788748,9621,Liam Cooper,942,Scotland,Left Center Back,94.52,True
3788748,11541,Tomáš Vaclík,912,Czech Republic,Goalkeeper,94.52,True
3788748,23452,Alex Král,912,Czech Republic,Right Defensive Midfield,66.77,True
3788748,23454,Petr Ševčík,912,Czech Republic,Center Attacking Midfield,7.93,False
3788748,8095,Jakub Jankto,912,Czech Republic,Left Wing,71.6,True
3788748,3620,Scott McTominay,942,Scotland,Center Defensive Midfield,94.52,True
3788748,16037,Michael Krmenčík,912,Czech Republic,Center Forward,7.97,False
3788748,10534,Callum McGregor,942,Scotland,Center Defensive Midfield,28.15,False
3788748,10536,James Forrest,942,Scotland,Right Wing Back,15.92,False
3788748,43563,Kevin Nisbet,942,Scotland,Right Center Forward,15.82,False
3788748,9645,David Marshall,942,Scotland,Goalkeeper,94.52,True
3788748,10285,Stuart Armstrong,942,Scotland,Left Center Midfield,66.52,True
3788748,16570,Vladimír Coufal,912,Czech Republic,Right Back,94.52,True
3788748,3655,Andrew Robertson,942,Scotland,Left Wing Back,94.52,True
3788748,4809,Matěj Vydra,912,Czech Republic,Right Wing,23.03,False
3788748,28239,Adam Hložek,912,Czech Republic,Left Wing,22.92,False
3788748,16469,Tomáš Holeš,912,Czech Republic,Right Defensive Midfield,27.75,False
3788748,9048,Stephen O''Donnell,942,Scotland,Right Wing Back,78.6,True
3788748,16472,Lukáš Masopust,912,Czech Republic,Right Wing,71.48,True
3788748,12510,Ryan Christie,942,Scotland,Left Center Forward,45.0,True
3788748,11116,Jack Hendry,942,Scotland,Right Center Back,66.37,True
3788748,9974,John McGinn,942,Scotland,Right Center Midfield,94.52,True
3788748,30328,Ondrej Celustka,912,Czech Republic,Right Center Back,94.52,True
3788748,9466,Che Adams,942,Scotland,Left Center Forward,49.52,False
3788748,3581,Ryan Fraser,942,Scotland,Right Center Midfield,28.0,False
3788749,4673,Kamil Jóźwiak,789,Poland,Right Wing Back,94.45,True
3788749,8836,Karol Świderski,789,Poland,Center Defensive Midfield,9.17,False
3788749,4421,Tomáš Hubočan,908,Slovakia,Left Back,94.45,True
3788749,35653,Tomáš Suslov,908,Slovakia,Left Wing,7.97,False
3788749,8967,Ondrej Duda,908,Slovakia,Center Forward,90.83,True
3788749,28044,Martin Koscelník,908,Slovakia,Right Back,15.35,False
3788749,6990,Milan Škriniar,908,Slovakia,Left Center Back,94.45,True
3788749,4626,Jan Bednarek,789,Poland,Left Center Back,94.45,True
3788749,9622,Mateusz Andrzej Klich,789,Poland,Right Center Midfield,84.58,True
3788749,3034,Kamil Glik,789,Poland,Center Back,94.45,True
3788749,7964,Karol Linetty,789,Poland,Left Center Midfield,73.35,True
3788749,5660,Piotr Zieliński,789,Poland,Left Center Forward,85.28,True
3788749,8737,Tymoteusz Puchacz,789,Poland,Left Wing Back,20.85,False
3788749,20002,Jakub Hromada,908,Slovakia,Left Defensive Midfield,79.07,True
3788749,16290,Ján Greguš,908,Slovakia,Center Forward,3.62,False
3788749,5668,Robert Lewandowski,789,Poland,Right Center Forward,94.45,True
3788749,5669,Wojciech Szczęsny,789,Poland,Goalkeeper,94.45,True
3788749,10919,Juraj Kucka,908,Slovakia,Right Defensive Midfield,94.45,True
3788749,5672,Maciej Rybus,789,Poland,Left Wing Back,73.6,True
3788749,5673,Bartosz Bereszyński,789,Poland,Right Center Back,94.45,True
3788749,7975,Lukáš Haraslín,908,Slovakia,Right Wing,86.02,True
3788749,7979,Przemysław Frankowski,789,Poland,Left Center Midfield,21.1,False
3788749,16041,Patrik Hrošovský,908,Slovakia,Left Defensive Midfield,15.38,False
3788749,29480,Jakub Moder,789,Poland,Right Center Midfield,9.87,False
3788749,10927,Michal Ďuriš,908,Slovakia,Right Wing,8.43,False
3788749,7025,Marek Hamšík,908,Slovakia,Center Attacking Midfield,94.45,True
3788749,16307,Róbert Mak,908,Slovakia,Left Wing,86.48,True
3788749,3637,Grzegorz Krychowiak,789,Poland,Center Defensive Midfield,94.45,True
3788749,9722,Peter Pekarík,908,Slovakia,Right Back,79.1,True
3788749,30397,Ľubomír Šatka,908,Slovakia,Right Center Back,94.45,True
3788749,3711,Martin Dúbravka,908,Slovakia,Goalkeeper,94.45,True
3788750,4353,Aymeric Laporte,772,Spain,Right Center Back,96.2,True
3788750,20871,Pierre Bengtsson,790,Sweden,Left Midfield,12.72,False
3788750,16532,Daniel Olmo Carvajal,772,Spain,Left Wing,73.62,True
3788750,3477,Álvaro Borja Morata Martín,772,Spain,Center Forward,65.07,True
3788750,30486,Pedro González López,772,Spain,Left Center Midfield,96.2,True
3788750,23444,Kristoffer Olsson,790,Sweden,Right Defensive Midfield,83.17,True
3788750,6685,Mikel Oyarzabal Ugarte,772,Spain,Left Wing,22.87,False
3788750,6840,Marcos Llorente Moreno,772,Spain,Right Back,96.2,True
3788750,6720,Pablo Sarabia García,772,Spain,Right Wing,31.13,False
3788750,5199,Jorge Resurrección Merodio,772,Spain,Right Center Midfield,86.72,True
3788750,26063,Jens-Lys Michel Cajuste,790,Sweden,Right Defensive Midfield,13.03,False
3788750,6358,Emil Krafth,790,Sweden,Right Back,21.52,False
3788750,5208,Thiago Alcântara do Nascimento,772,Spain,Center Defensive Midfield,31.18,False
3788750,11098,Marcus Berg,790,Sweden,Right Center Forward,68.05,True
3788750,5211,Jordi Alba Ramos,772,Spain,Left Back,96.2,True
3788750,6748,Ferrán Torres García,772,Spain,Right Wing,73.33,True
3788750,11748,Unai Simón Mendibil,772,Spain,Goalkeeper,96.2,True
3788750,8552,Robin Quaison,790,Sweden,Right Center Forward,28.15,False
3788750,6892,Pau Francisco Torres,772,Spain,Left Center Back,96.2,True
3788750,6765,Rodrigo Hernández Cascante,772,Spain,Center Defensive Midfield,65.02,True
3788750,5612,Mikael Lustig,790,Sweden,Right Back,74.68,True
3788750,5613,Viktor Claesson,790,Sweden,Left Center Forward,27.73,False
3788750,6766,Gerard Moreno Balaguero,772,Spain,Center Forward,22.58,False
3788750,5617,Sebastian Larsson,790,Sweden,Right Midfield,96.2,True
3788750,8819,Alexander Isak,790,Sweden,Left Center Forward,68.47,True
3788750,5621,Ludwig Augustinsson,790,Sweden,Left Back,96.2,True
3788750,5622,Robin Olsen,790,Sweden,Goalkeeper,96.2,True
3788750,3702,Victor Nilsson Lindelöf,790,Sweden,Right Center Back,96.2,True
3788750,5624,Albin Ekdal,790,Sweden,Left Defensive Midfield,96.2,True
3788750,5625,Emil Peter Forsberg,790,Sweden,Left Midfield,83.48,True
3788750,26875,Marcus Andreas Danielsson,790,Sweden,Left Center Back,96.2,True
3788750,6655,Fabián Ruiz Peña,772,Spain,Right Center Midfield,9.48,False
3788751,3009,Kylian Mbappé Lottin,771,France,Left Wing,98.12,True
3788751,5570,Manuel Neuer,770,Germany,Goalkeeper,98.12,True
3788751,5572,Mats Hummels,770,Germany,Center Back,98.12,True
3788751,8966,Kai Havertz,770,Germany,Right Attacking Midfield,73.35,True
3788751,5574,Toni Kroos,770,Germany,Left Defensive Midfield,98.12,True
3788751,6985,Robin Gosens,770,Germany,Left Wing Back,86.92,True
3788751,5579,Joshua Kimmich,770,Germany,Right Wing Back,98.12,True
3788751,8400,Serge Gnabry,770,Germany,Center Forward,73.03,True
3788751,3026,Adrien Rabiot,771,France,Left Center Midfield,93.73,True
3788751,8215,Kevin Volland,770,Germany,Left Wing Back,11.2,False
3788751,3099,Hugo Lloris,771,France,Goalkeeper,98.12,True
3788751,19677,Karim Benzema,771,France,Center Forward,87.88,True
3788751,3167,Antonio Rüdiger,770,Germany,Left Center Back,98.12,True
3788751,20004,Paul Pogba,771,France,Right Center Midfield,98.12,True
3788751,5476,Benjamin Pavard,771,France,Right Back,98.12,True
3788751,3493,Emre Can,770,Germany,Right Center Back,11.28,False
3788751,5477,Ousmane Dembélé,771,France,Left Center Midfield,4.38,False
3788751,8808,Matthias Ginter,770,Germany,Right Center Back,86.83,True
3788751,5480,Corentin Tolisso,771,France,Center Forward,10.23,False
3788751,5484,Lucas Hernández Pi,771,France,Left Back,98.12,True
3788751,5485,Raphaël Varane,771,France,Right Center Back,98.12,True
3788751,3053,Leroy Sané,770,Germany,Left Attacking Midfield,24.77,False
3788751,10287,İlkay Gündoğan,770,Germany,Right Defensive Midfield,98.12,True
3788751,5487,Antoine Griezmann,771,France,Right Wing,98.12,True
3788751,5557,Timo Werner,770,Germany,Center Forward,25.08,False
3788751,2999,Presnel Kimpembe,771,France,Left Center Back,98.12,True
3788751,3961,N''Golo Kanté,771,France,Center Defensive Midfield,98.12,True
3788751,5562,Thomas Müller,770,Germany,Left Attacking Midfield,98.12,True
3788752,11268,Attila Fiola,916,Hungary,Left Wing Back,87.78,True
3788752,42822,András Schäfer,916,Hungary,Left Center Midfield,64.93,True
3788752,9929,Diogo José Teixeira da Silva,780,Portugal,Left Wing,80.57,True
3788752,3593,Renato Júnior Luz Sanches,780,Portugal,Left Center Midfield,14.7,False
3788752,32395,Roland Varga,916,Hungary,Center Defensive Midfield,7.28,False
3788752,8524,Péter Gulácsi,916,Hungary,Goalkeeper,95.03,True
3788752,47435,Kevin Varga,916,Hungary,Left Wing Back,7.25,False
3788752,31887,Endre Botka,916,Hungary,Right Center Back,95.03,True
3788752,31890,David Siger,916,Hungary,Right Center Midfield,18.03,False
3788752,5204,Bruno Miguel Borges Fernandes,780,Portugal,Center Attacking Midfield,88.17,True
3788752,5205,Rui Pedro dos Santos Patrício,780,Portugal,Goalkeeper,95.03,True
3788752,5206,Rúben Santos Gato Alves Dias,780,Portugal,Left Center Back,95.03,True
3788752,8407,Ádám Szalai,916,Hungary,Left Center Forward,95.03,True
3788752,5207,Cristiano Ronaldo dos Santos Aveiro,780,Portugal,Center Forward,95.03,True
3788752,5209,Raphaël Adelino José Guerreiro,780,Portugal,Left Back,95.03,True
3788752,10327,Rafael Alexandre Fernandes Ferreira da Silva,780,Portugal,Right Wing,24.97,False
3788752,5214,William Silva de Carvalho,780,Portugal,Left Center Midfield,80.33,True
3788752,3168,João Filipe Iria Santos Moutinho,780,Portugal,Center Attacking Midfield,6.87,False
3788752,5218,André Miguel Valente Silva,780,Portugal,Left Wing,14.47,False
3788752,16741,Loïc Négo,916,Hungary,Left Center Midfield,30.1,False
3788752,6374,Nélson Cabral Semedo,780,Portugal,Right Back,95.03,True
3788752,22565,Szabolcs Schön,916,Hungary,Right Center Forward,18.35,False
3788752,46376,Attila Szalai,916,Hungary,Left Center Back,95.03,True
3788752,10794,Gergő Lovrencsics,916,Hungary,Right Wing Back,95.03,True
3788752,20016,Kléper Laveran Lima Ferreira,780,Portugal,Right Center Back,95.03,True
3788752,19316,Roland Sallai,916,Hungary,Right Center Forward,76.68,True
3788752,13621,Danilo Luís Hélio Pereira,780,Portugal,Right Center Midfield,95.03,True
3788752,16502,László Kleinheisler,916,Hungary,Right Center Midfield,77.0,True
3788752,3193,Bernardo Mota Veiga de Carvalho e Silva,780,Portugal,Right Wing,70.07,True
3788752,7162,Ádám Nagy,916,Hungary,Center Defensive Midfield,87.75,True
3788752,8509,Willi Orban,916,Hungary,Center Back,95.03,True
3788753,24321,Robin Lod,1835,Finland,Right Center Midfield,96.82,True
3788753,15545,Vyacheslav Karavaev,796,Russia,Right Wing Back,71.02,False
3788753,9476,Teemu Pukki,1835,Finland,Right Center Forward,74.67,True
3788753,24455,Paulus Arajuuri,1835,Finland,Center Back,96.82,True
3788753,12807,Rasmus Schüller,1835,Finland,Center Defensive Midfield,66.77,True
3788753,16583,Georgiy Dzhikiya,796,Russia,Left Center Back,96.82,True
3788753,5195,Artem Dzyuba,796,Russia,Center Forward,84.4,True
3788753,10832,Pyry Henri Hidipo Soiri,1835,Finland,Right Wing Back,22.38,False
3788753,8056,Fredrik Jensen,1835,Finland,Right Center Back,12.9,False
3788753,6299,Aleksey Miranchuk,796,Russia,Right Attacking Midfield,84.5,True
3788753,8667,Lukáš Hrádecký,1835,Finland,Goalkeeper,96.82,True
3788753,13215,Glen Kamara,1835,Finland,Left Center Midfield,96.82,True
3788753,38178,Aleksandr Sobolev,796,Russia,Center Forward,12.42,False
3788753,16550,Jere Juhani Uronen,1835,Finland,Left Wing Back,96.82,True
3788753,39273,Maksim Mukhin,796,Russia,Right Defensive Midfield,12.32,False
3788753,28332,Lassi Lappalainen,1835,Finland,Right Center Forward,22.15,False
3788753,31917,Igor Diveev,796,Russia,Center Back,96.82,True
3788753,20845,Magomed Ozdoev,796,Russia,Right Defensive Midfield,60.33,True
3788753,18735,Dmitriy Barinov,796,Russia,Right Center Back,96.82,True
3788753,18734,Rifat Zhemaletdinov,796,Russia,Right Defensive Midfield,36.48,False
3788753,26939,Joona Toivio,1835,Finland,Right Center Back,83.92,True
3788753,21298,Matvey Safonov,796,Russia,Goalkeeper,96.82,True
3788753,5170,Mário Figueira Fernandes,796,Russia,Right Wing Back,25.8,True
3788753,38196,Daniel O''Shaughnessy,1835,Finland,Left Center Back,96.82,True
3788753,5171,Roman Zobnin,796,Russia,Left Defensive Midfield,96.82,True
3788753,24303,Joni Ensio Kauko,1835,Finland,Center Defensive Midfield,30.05,False
3788753,15416,Jukka Raitala,1835,Finland,Right Wing Back,74.43,True
3788753,5177,Aleksandr Golovin,796,Russia,Left Attacking Midfield,96.82,True
3788753,5179,Daler Kuzyaev,796,Russia,Left Wing Back,96.82,True
3788753,9725,Joel Pohjanpalo,1835,Finland,Left Center Forward,96.82,True
3788754,7173,Leonardo Bonucci,914,Italy,Right Center Back,93.07,True
3788754,16026,Djibril Sow,773,Switzerland,Right Defensive Midfield,9.78,False
3788754,16027,Kevin Mbabu,773,Switzerland,Right Wing Back,57.13,True
3788754,5537,Fabian Lukas Schär,773,Switzerland,Center Back,57.05,True
3788754,5543,Haris Seferović,773,Switzerland,Right Center Forward,45.0,True
3788754,5544,Ricardo Iván Rodríguez Araya,773,Switzerland,Left Wing Back,93.07,True
3788754,5545,Breel-Donald Embolo,773,Switzerland,Left Center Forward,93.07,True
3788754,6954,Giorgio Chiellini,914,Italy,Left Center Back,23.88,True
3788754,3500,Granit Xhaka,773,Switzerland,Left Defensive Midfield,93.07,True
3788754,5549,Manuel Obafemi Akanji,773,Switzerland,Left Center Back,93.07,True
3788754,5550,Yann Sommer,773,Switzerland,Goalkeeper,93.07,True
3788754,5548,Steven Zuber,773,Switzerland,Left Wing Back,36.02,False
3788754,30401,Ruben Vargas,773,Switzerland,Center Attacking Midfield,18.0,False
3788754,6983,Remo Freuler,773,Switzerland,Right Defensive Midfield,83.28,True
3788754,5834,Mario Gavranović,773,Switzerland,Right Center Forward,48.07,False
3788754,3533,Xherdan Shaqiri,773,Switzerland,Center Attacking Midfield,75.07,True
3788754,7119,Francesco Acerbi,914,Italy,Left Center Back,69.18,False
3788754,11601,Matteo Pessina,914,Italy,Right Center Midfield,7.18,False
3788754,6993,Bryan Cristante,914,Italy,Left Center Midfield,7.02,False
3788754,7002,Rafael Tolói,914,Italy,Right Center Back,23.87,False
3788754,7131,Domenico Berardi,914,Italy,Right Wing,69.2,True
3788754,8286,Leonardo Spinazzola,914,Italy,Left Back,93.07,True
3788754,7788,Ciro Immobile,914,Italy,Center Forward,93.07,True
3788754,8814,Nico Elvedi,773,Switzerland,Right Center Back,93.07,True
3788754,7024,Jorge Luiz Frello Filho,914,Italy,Center Defensive Midfield,93.07,True
3788754,7796,Silvan Widmer,773,Switzerland,Right Wing Back,35.93,False
3788754,8181,Nicolò Barella,914,Italy,Right Center Midfield,86.05,True
3788754,7156,Federico Chiesa,914,Italy,Left Wing,24.2,False
3788754,11514,Giovanni Di Lorenzo,914,Italy,Right Back,93.07,True
3788754,7036,Gianluigi Donnarumma,914,Italy,Goalkeeper,93.07,True
3788754,7037,Lorenzo Insigne,914,Italy,Left Wing,68.87,True
3788754,7038,Manuel Locatelli,914,Italy,Left Center Midfield,85.88,True
3788755,31042,Cengiz Umut Meraş,909,Turkey,Left Back,72.0,True
3788755,8963,Caglar Söyüncü,909,Turkey,Left Center Back,96.52,True
3788755,9540,Harry Wilson,907,Wales,Left Center Midfield,12.65,False
3788755,12293,Kaan Ayhan,909,Turkey,Right Center Back,96.52,True
3788755,23558,Merih Demiral,909,Turkey,Right Center Back,51.52,False
3788755,4934,Ethan Ampadu,907,Wales,Center Defensive Midfield,24.3,False
3788755,10826,Mert Müldür,909,Turkey,Left Back,24.52,False
3788755,12555,Okay Yokuşlu,909,Turkey,Center Defensive Midfield,45.0,True
3788755,3853,Kieffer Roberto Francisco Moore,907,Wales,Center Forward,96.52,True
3788755,3086,Ben Davies,907,Wales,Left Back,96.52,True
3788755,11086,Burak Yılmaz,909,Turkey,Center Forward,96.52,True
3788755,11088,Ozan Tufan,909,Turkey,Right Center Midfield,45.0,True
3788755,30357,Uğurcan Çakır,909,Turkey,Goalkeeper,96.52,True
3788755,7039,Hakan Çalhanoğlu,909,Turkey,Left Center Midfield,96.52,True
3788755,9914,Daniel Ward,907,Wales,Goalkeeper,96.52,True
3788755,8541,Kenan Karaman,909,Turkey,Left Midfield,74.25,True
3788755,21567,İbrahim Halil Dervişoğlu,909,Turkey,Left Midfield,22.27,False
3788755,4767,Chris Mepham,907,Wales,Right Center Back,96.52,True
3788755,29989,Yusuf Yazıcı,909,Turkey,Right Center Midfield,51.52,False
3788755,4774,Connor Roberts,907,Wales,Right Back,96.52,True
3788755,30311,İrfan Can Kahveci,909,Turkey,Right Midfield,14.22,False
3788755,34794,Neco Williams,907,Wales,Unknown,3.0,False
3788755,10349,Mehmet Zeki Çelik,909,Turkey,Right Back,96.52,True
3788755,11250,Joe Rodon,907,Wales,Left Center Back,96.52,True
3788755,10931,Joe Allen,907,Wales,Center Defensive Midfield,72.22,True
3788755,11252,Daniel James,907,Wales,Right Midfield,93.52,True
3788755,22074,Joseff Morrell,907,Wales,Right Center Midfield,96.52,True
3788755,6971,Cengiz Ünder,909,Turkey,Right Midfield,82.3,True
3788755,3517,Aaron Ramsey,907,Wales,Left Center Midfield,83.87,True
3788755,6399,Gareth Frank Bale,907,Wales,Left Midfield,96.52,True
3788756,3969,Aleksandar Dragović,915,Austria,Right Center Back,83.22,True
3788756,11396,Florian Grillitsch,915,Austria,Right Center Midfield,33.35,False
3788756,8069,Matthijs de Ligt,941,Netherlands,Center Back,94.52,True
3788756,11278,Karim Onisiwo,915,Austria,Left Center Forward,11.18,False
3788756,11280,Valentino Lazaro,915,Austria,Right Center Forward,25.18,False
3788756,24977,Christoph Baumgartner,915,Austria,Right Center Forward,69.33,True
3788756,7829,Wout Weghorst,941,Netherlands,Right Center Forward,63.33,True
3788756,8220,David Olatukunbo Alaba,915,Austria,Center Back,94.52,True
3788756,21532,Daniel Bachmann,915,Austria,Goalkeeper,94.52,True
3788756,2988,Memphis Depay,941,Netherlands,Left Center Forward,81.35,True
3788756,8118,Frenkie de Jong,941,Netherlands,Left Defensive Midfield,94.52,True
3788756,8506,Konrad Laimer,915,Austria,Right Center Midfield,61.17,True
3788756,8125,Denzel Dumfries,941,Netherlands,Right Wing Back,94.52,True
3788756,23230,Ryan Gravenberch,941,Netherlands,Right Defensive Midfield,21.2,False
3788756,8769,Xaver Schlager,915,Austria,Center Defensive Midfield,83.33,True
3788756,20033,Luuk de Jong,941,Netherlands,Left Center Forward,13.17,False
3788756,8518,Marcel Sabitzer,915,Austria,Left Center Midfield,94.52,True
3788756,8777,Andreas Ulmer,915,Austria,Left Wing Back,94.52,True
3788756,18762,Sasa Kalajdzic,915,Austria,Left Center Forward,33.52,False
3788756,8779,Stefan Lainer,915,Austria,Right Wing Back,94.52,True
3788756,6994,Marten de Roon,941,Netherlands,Right Defensive Midfield,73.32,True
3788756,7890,Owen Wijndal,941,Netherlands,Left Wing Back,31.17,False
3788756,15582,Donyell Malen,941,Netherlands,Right Center Forward,31.18,False
3788756,8931,Philipp Lienhart,915,Austria,Right Center Back,11.3,False
3788756,20201,Maarten Stekelenburg,941,Netherlands,Goalkeeper,94.52,True
3788756,3306,Nathan Aké,941,Netherlands,Left Center Back,31.2,False
3788756,7787,Stefan de Vrij,941,Netherlands,Right Center Back,94.52,True
3788756,3311,Daley Blind,941,Netherlands,Left Center Back,63.32,True
3788756,3567,Georginio Wijnaldum,941,Netherlands,Center Attacking Midfield,94.52,True
3788756,8307,Martin Hinteregger,915,Austria,Left Center Back,94.52,True
3788756,8309,Michael Gregoritsch,915,Austria,Left Center Forward,61.0,True
3788756,3321,Patrick van Aanholt,941,Netherlands,Left Wing Back,63.35,True
3788757,5632,Thorgan Hazard,782,Belgium,Left Wing Back,93.87,True
3788757,5633,Yannick Ferreira Carrasco,782,Belgium,Left Attacking Midfield,58.45,True
3788757,3077,Jan Vertonghen,782,Belgium,Left Center Back,95.55,True
3788757,2954,Youri Tielemans,782,Belgium,Left Defensive Midfield,95.55,True
3788757,5642,Axel Witsel,782,Belgium,Left Defensive Midfield,37.07,False
3788757,6797,Daniel Wass,776,Denmark,Right Wing Back,61.18,True
3788757,3089,Kevin De Bruyne,782,Belgium,Right Attacking Midfield,50.55,False
3788757,17042,Andreas Skov Olsen,776,Denmark,Left Center Back,11.82,False
3788757,5524,Jens Stryger Larsen,776,Denmark,Right Wing Back,34.37,False
3788757,5527,Thomas Delaney,776,Denmark,Left Defensive Midfield,71.23,True
3788757,3289,Romelu Lukaku Menama,782,Belgium,Center Forward,95.55,True
3788757,5534,Simon Thorup Kjær,776,Denmark,Center Back,95.55,True
3788757,4447,Martin Braithwaite Christensen,776,Denmark,Right Attacking Midfield,95.55,True
3788757,5536,Yussuf Yurary Poulsen,776,Denmark,Center Forward,61.15,True
3788757,18722,Mathias Jensen,776,Denmark,Left Center Midfield,24.32,False
3788757,24443,Mikkel Damsgaard,776,Denmark,Left Attacking Midfield,71.22,True
3788757,5732,Andreas Evald Cornelius,776,Denmark,Left Center Forward,24.33,False
3788757,20005,Toby Alderweireld,782,Belgium,Right Center Back,95.55,True
3788757,3621,Eden Hazard,782,Belgium,Left Attacking Midfield,37.1,False
3788757,3815,Kasper Schmeichel,776,Denmark,Goalkeeper,95.55,True
3788757,3176,Thomas Meunier,782,Belgium,Right Wing Back,95.55,True
3788757,16554,Joakim Mæhle,776,Denmark,Left Wing Back,95.55,True
3788757,8815,Jannik Vestergaard,776,Denmark,Left Center Back,83.73,True
3788757,3570,Pierre-Emile Højbjerg,776,Denmark,Right Defensive Midfield,95.55,True
3788757,6332,Thomas Vermaelen,782,Belgium,Left Wing Back,1.68,False
3788757,3509,Thibaut Courtois,782,Belgium,Goalkeeper,95.55,True
3788757,3959,Andreas Christensen,776,Denmark,Right Center Back,95.55,True
3788757,7097,Christian Nørgaard,776,Denmark,Right Defensive Midfield,34.4,False
3788757,6331,Leander Dendoncker,782,Belgium,Right Defensive Midfield,58.48,True
3788757,13116,Jason Denayer,782,Belgium,Center Back,95.55,True
3788757,5630,Dries Mertens,782,Belgium,Right Attacking Midfield,45.0,True
3788758,18881,Artem Besedin,911,Ukraine,Center Forward,25.35,False
3788758,16514,Serhii Sydorchuk,911,Ukraine,Right Defensive Midfield,16.95,False
3788758,4872,Eduard Sobol,911,Ukraine,Center Attacking Midfield,3.65,False
3788758,8830,Andriy Yarmolenko,911,Ukraine,Right Wing,69.35,True
3788758,21397,Stole Dimitrievski,2358,North Macedonia,Goalkeeper,94.93,True
3788758,16535,Eljif Elmas,2358,North Macedonia,Left Center Forward,94.93,True
3788758,20827,Vitalii Mykolenko,911,Ukraine,Left Back,94.93,True
3788758,31900,Oleksandr Karavaev,911,Ukraine,Right Back,94.93,True
3788758,39136,Illia Zabarnyi,911,Ukraine,Right Center Back,94.93,True
3788758,23649,Roman Yaremchuk,911,Ukraine,Center Forward,69.58,True
3788758,10592,Stefan Ristovski,2358,North Macedonia,Right Center Back,94.93,True
3788758,22243,Heorhii Bushchan,911,Ukraine,Goalkeeper,94.93,True
3788758,16740,Boban Nikolov,2358,North Macedonia,Right Wing Back,45.0,True
3788758,4713,Ezgjan Alioski,2358,North Macedonia,Left Wing Back,94.93,True
3788758,7146,Goran Pandev,2358,North Macedonia,Right Center Forward,94.93,True
3788758,16557,Ruslan Malinovskiy,911,Ukraine,Left Wing,91.28,True
3788758,21294,Mykola Shaparenko,911,Ukraine,Right Center Midfield,77.98,True
3788758,30512,Aleksandar Trajkovski,2358,North Macedonia,Left Wing,49.93,False
3788758,46910,Kire Ristevski,2358,North Macedonia,Right Defensive Midfield,10.57,False
3788758,30322,Darko Churlinov,2358,North Macedonia,Right Wing,49.93,False
3788758,30644,Darko Velkovski,2358,North Macedonia,Center Back,84.37,True
3788758,16509,Viktor Tsygankov,911,Ukraine,Right Wing,25.58,False
3788758,16629,Ivan Trichkovski,2358,North Macedonia,Right Center Back,10.57,False
3788758,3575,Oleksandr Zinchenko,911,Ukraine,Left Center Midfield,94.93,True
3788758,11000,Taras Stepanenko,911,Ukraine,Center Defensive Midfield,94.93,True
3788758,18617,Mykola Matvienko,911,Ukraine,Left Center Back,94.93,True
3788758,46906,Visar Musliu,2358,North Macedonia,Left Center Back,94.93,True
3788758,73852,Daniel Avramovski,2358,North Macedonia,Left Defensive Midfield,17.97,False
3788758,46909,Stefan Spirovski,2358,North Macedonia,Center Defensive Midfield,45.0,True
3788758,6782,Enis Bardhi,2358,North Macedonia,Left Center Midfield,76.97,True
3788758,18879,Arijan Ademi,2358,North Macedonia,Right Center Midfield,84.37,True
3788759,4354,Philip Foden,768,England,Right Wing,62.75,True
3788759,29571,Lyndon Dykes,942,Scotland,Left Center Forward,92.08,True
3788759,3655,Andrew Robertson,942,Scotland,Left Wing Back,92.08,True
3788759,9481,Grant Campbell Hanley,942,Scotland,Center Back,92.08,True
3788759,10955,Harry Kane,768,England,Center Forward,73.83,True
3788759,3468,Jordan Pickford,768,England,Goalkeeper,92.08,True
3788759,9550,Reece James,768,England,Right Back,92.08,True
3788759,9048,Stephen O''Donnell,942,Scotland,Right Wing Back,92.08,True
3788759,31067,Billy Gilmour,942,Scotland,Right Defensive Midfield,75.92,True
3788759,3233,Raheem Sterling,768,England,Left Wing,92.08,True
3788759,4706,Kalvin Phillips,768,England,Right Center Midfield,92.08,True
3788759,7843,Mason Mount,768,England,Left Center Midfield,92.08,True
3788759,3620,Scott McTominay,942,Scotland,Right Center Back,92.08,True
3788759,10534,Callum McGregor,942,Scotland,Left Defensive Midfield,92.08,True
3788759,3943,Declan Rice,768,England,Center Defensive Midfield,92.08,True
3788759,9638,Jack Grealish,768,England,Left Wing,29.33,False
3788759,43563,Kevin Nisbet,942,Scotland,Right Center Forward,6.88,False
3788759,3244,John Stones,768,England,Right Center Back,92.08,True
3788759,9645,David Marshall,942,Scotland,Goalkeeper,92.08,True
3788759,10540,Kieran Tierney,942,Scotland,Left Center Back,92.08,True
3788759,10285,Stuart Armstrong,942,Scotland,Right Defensive Midfield,16.17,False
3788759,3382,Luke Shaw,768,England,Left Back,92.08,True
3788759,9974,John McGinn,942,Scotland,Center Attacking Midfield,92.08,True
3788759,3318,Marcus Rashford,768,England,Center Forward,18.25,False
3788759,9466,Che Adams,942,Scotland,Right Center Forward,85.2,True
3788759,3323,Tyrone Mings,768,England,Left Center Back,92.08,True
3788760,8579,Vladimír Darida,912,Czech Republic,Center Attacking Midfield,86.7,True
3788760,7044,Patrik Schick,912,Czech Republic,Center Forward,74.1,True
3788760,4870,Tomáš Souček,912,Czech Republic,Left Center Midfield,92.72,True
3788760,4875,Jan Bořil,912,Czech Republic,Left Back,92.72,True
3788760,13197,Tomáš Kalas,912,Czech Republic,Left Center Back,92.72,True
3788760,7693,Bruno Petković,785,Croatia,Center Forward,47.72,False
3788760,3471,Dejan Lovren,785,Croatia,Right Center Back,92.72,True
3788760,5456,Mateo Kovačić,785,Croatia,Left Center Midfield,86.73,True
3788760,28368,Luka Ivanušec,785,Croatia,Right Wing,47.72,False
3788760,28239,Adam Hložek,912,Czech Republic,Left Wing,30.23,False
3788760,16531,Dominik Livaković,785,Croatia,Goalkeeper,92.72,True
3788760,5460,Andrej Kramarić,785,Croatia,Center Attacking Midfield,61.2,True
3788760,11541,Tomáš Vaclík,912,Czech Republic,Goalkeeper,92.72,True
3788760,5461,Šime Vrsaljko,785,Croatia,Right Back,92.72,True
3788760,16469,Tomáš Holeš,912,Czech Republic,Right Center Midfield,62.77,True
3788760,5463,Luka Modrić,785,Croatia,Right Center Midfield,92.72,True
3788760,16472,Lukáš Masopust,912,Czech Republic,Right Wing,62.48,True
3788760,5465,Ante Rebić,785,Croatia,Center Forward,45.0,True
3788760,5468,Domagoj Vida,785,Croatia,Left Center Back,92.72,True
3788760,23452,Alex Král,912,Czech Republic,Right Center Midfield,29.95,False
3788760,23454,Petr Ševčík,912,Czech Republic,Right Wing,19.03,False
3788760,8095,Jakub Jankto,912,Czech Republic,Left Wing,73.68,True
3788760,5469,Marcelo Brozović,785,Croatia,Left Center Midfield,5.98,False
3788760,5474,Ivan Perišić,785,Croatia,Left Wing,92.72,True
3788760,16037,Michael Krmenčík,912,Czech Republic,Center Forward,18.62,False
3788760,33018,Joško Gvardiol,785,Croatia,Left Back,92.72,True
3788760,3441,Nikola Vlašić,785,Croatia,Center Attacking Midfield,31.52,False
3788760,8946,Josip Brekalo,785,Croatia,Left Wing,45.0,True
3788760,30328,Ondrej Celustka,912,Czech Republic,Right Center Back,92.72,True
3788760,7801,Antonín Barák,912,Czech Republic,Center Attacking Midfield,6.02,False
3788760,16570,Vladimír Coufal,912,Czech Republic,Right Back,92.72,True
3788761,8967,Ondrej Duda,908,Slovakia,Center Forward,96.02,True
3788761,20871,Pierre Bengtsson,790,Sweden,Left Back,8.2,False
3788761,28044,Martin Koscelník,908,Slovakia,Right Wing,96.02,True
3788761,23444,Kristoffer Olsson,790,Sweden,Right Center Midfield,63.53,True
3788761,10919,Juraj Kucka,908,Slovakia,Right Center Midfield,96.02,True
3788761,7975,Lukáš Haraslín,908,Slovakia,Right Wing,32.1,False
3788761,16041,Patrik Hrošovský,908,Slovakia,Left Center Midfield,83.78,True
3788761,10922,Vladimír Weiss,908,Slovakia,Left Wing,20.07,False
3788761,10927,Michal Ďuriš,908,Slovakia,Left Center Midfield,12.23,False
3788761,16307,Róbert Mak,908,Slovakia,Left Wing,75.95,True
3788761,11383,László Bénes,908,Slovakia,Center Attacking Midfield,19.83,False
3788761,30397,Ľubomír Šatka,908,Slovakia,Right Center Back,96.02,True
3788761,4421,Tomáš Hubočan,908,Slovakia,Left Back,84.02,True
3788761,6990,Milan Škriniar,908,Slovakia,Left Center Back,96.02,True
3788761,6358,Emil Krafth,790,Sweden,Left Midfield,3.53,False
3788761,11098,Marcus Berg,790,Sweden,Right Center Forward,63.87,True
3788761,8552,Robin Quaison,790,Sweden,Right Center Forward,32.15,False
3788761,5611,Gustav Svensson,790,Sweden,Left Center Midfield,8.45,False
3788761,5612,Mikael Lustig,790,Sweden,Right Back,96.02,True
3788761,5613,Viktor Claesson,790,Sweden,Right Midfield,32.48,False
3788761,16879,Dávid Hancko,908,Slovakia,Left Back,12.0,False
3788761,5617,Sebastian Larsson,790,Sweden,Right Midfield,96.02,True
3788761,7025,Marek Hamšík,908,Slovakia,Center Attacking Midfield,76.18,True
3788761,8819,Alexander Isak,790,Sweden,Left Center Forward,96.02,True
3788761,5621,Ludwig Augustinsson,790,Sweden,Left Back,87.82,True
3788761,3702,Victor Nilsson Lindelöf,790,Sweden,Right Center Back,96.02,True
3788761,5622,Robin Olsen,790,Sweden,Goalkeeper,96.02,True
3788761,5624,Albin Ekdal,790,Sweden,Left Center Midfield,87.57,True
3788761,5625,Emil Peter Forsberg,790,Sweden,Left Midfield,92.48,True
3788761,9722,Peter Pekarík,908,Slovakia,Right Back,63.92,True
3788761,26875,Marcus Andreas Danielsson,790,Sweden,Left Center Back,96.02,True
3788761,3711,Martin Dúbravka,908,Slovakia,Goalkeeper,96.02,True
3788762,6720,Pablo Sarabia García,772,Spain,Right Wing,27.77,False
3788762,4353,Aymeric Laporte,772,Spain,Right Center Back,94.97,True
3788762,4673,Kamil Jóźwiak,789,Poland,Right Wing Back,94.97,True
3788762,8836,Karol Świderski,789,Poland,Right Center Forward,67.37,True
3788762,5199,Jorge Resurrección Merodio,772,Spain,Right Center Midfield,67.2,True
3788762,4626,Jan Bednarek,789,Poland,Left Center Back,84.03,True
3788762,30739,Paweł Dawidowicz,789,Poland,Left Center Back,10.93,False
3788762,16532,Daniel Olmo Carvajal,772,Spain,Left Wing,61.02,True
3788762,3477,Álvaro Borja Morata Martín,772,Spain,Center Forward,86.25,True
3788762,30486,Pedro González López,772,Spain,Left Center Midfield,94.97,True
3788762,9622,Mateusz Andrzej Klich,789,Poland,Right Center Midfield,54.28,True
3788762,3034,Kamil Glik,789,Poland,Center Back,94.97,True
3788762,5211,Jordi Alba Ramos,772,Spain,Left Back,94.97,True
3788762,5660,Piotr Zieliński,789,Poland,Center Defensive Midfield,94.97,True
3788762,6748,Ferrán Torres García,772,Spain,Left Wing,33.95,False
3788762,26718,Kacper Kozłowski,789,Poland,Left Wing,40.68,False
3788762,7964,Karol Linetty,789,Poland,Left Defensive Midfield,10.92,False
3788762,6685,Mikel Oyarzabal Ugarte,772,Spain,Center Forward,8.72,False
3788762,8737,Tymoteusz Puchacz,789,Poland,Left Wing Back,94.97,True
3788762,5668,Robert Lewandowski,789,Poland,Left Center Forward,94.97,True
3788762,5669,Wojciech Szczęsny,789,Poland,Goalkeeper,94.97,True
3788762,11748,Unai Simón Mendibil,772,Spain,Goalkeeper,94.97,True
3788762,29480,Jakub Moder,789,Poland,Left Center Midfield,84.05,True
3788762,5673,Bartosz Bereszyński,789,Poland,Right Center Back,94.97,True
3788762,7979,Przemysław Frankowski,789,Poland,Right Wing,27.6,False
3788762,6892,Pau Francisco Torres,772,Spain,Left Center Back,94.97,True
3788762,6765,Rodrigo Hernández Cascante,772,Spain,Center Defensive Midfield,94.97,True
3788762,6766,Gerard Moreno Balaguero,772,Spain,Right Wing,67.15,True
3788762,6840,Marcos Llorente Moreno,772,Spain,Right Back,94.97,True
3788762,6655,Fabián Ruiz Peña,772,Spain,Right Center Midfield,27.82,False
3788763,6849,Lucas Digne,771,France,Left Back,94.63,True
3788763,3009,Kylian Mbappé Lottin,771,France,Left Wing,94.63,True
3788763,11268,Attila Fiola,916,Hungary,Left Wing Back,94.63,True
3788763,42822,András Schäfer,916,Hungary,Left Center Midfield,74.93,True
3788763,8524,Péter Gulácsi,916,Hungary,Goalkeeper,94.63,True
3788763,31887,Endre Botka,916,Hungary,Right Center Back,94.63,True
3788763,3026,Adrien Rabiot,771,France,Left Center Midfield,56.75,True
3788763,3604,Olivier Giroud,771,France,Center Forward,19.07,False
3788763,8407,Ádám Szalai,916,Hungary,Left Center Forward,25.33,True
3788763,3099,Hugo Lloris,771,France,Goalkeeper,94.63,True
3788763,19677,Karim Benzema,771,France,Center Forward,75.57,True
3788763,20004,Paul Pogba,771,France,Right Center Midfield,74.97,True
3788763,5476,Benjamin Pavard,771,France,Right Back,94.63,True
3788763,16741,Loïc Négo,916,Hungary,Right Wing Back,94.63,True
3788763,5477,Ousmane Dembélé,771,France,Right Wing,29.73,False
3788763,46376,Attila Szalai,916,Hungary,Left Center Back,94.63,True
3788763,5480,Corentin Tolisso,771,France,Right Defensive Midfield,19.67,False
3788763,46378,Tamás Cseri,916,Hungary,Left Center Midfield,19.7,False
3788763,10794,Gergő Lovrencsics,916,Hungary,Right Center Midfield,11.48,False
3788763,5485,Raphaël Varane,771,France,Right Center Back,94.63,True
3788763,3245,Thomas Lemar,771,France,Left Wing,8.15,False
3788763,5487,Antoine Griezmann,771,France,Right Wing,94.63,True
3788763,12723,Nemanja Nikolić,916,Hungary,Left Center Forward,69.3,False
3788763,19316,Roland Sallai,916,Hungary,Right Center Forward,94.63,True
3788763,16502,László Kleinheisler,916,Hungary,Right Center Midfield,83.15,True
3788763,2999,Presnel Kimpembe,771,France,Left Center Back,94.63,True
3788763,3961,N'Golo Kanté,771,France,Center Defensive Midfield,94.63,True
3788763,7162,Ádám Nagy,916,Hungary,Center Defensive Midfield,94.63,True
3788763,8509,Willi Orban,916,Hungary,Center Back,94.63,True
3788764,5570,Manuel Neuer,770,Germany,Goalkeeper,94.03,True
3788764,5572,Mats Hummels,770,Germany,Center Back,62.27,True
3788764,8966,Kai Havertz,770,Germany,Left Attacking Midfield,72.28,True
3788764,5574,Toni Kroos,770,Germany,Left Defensive Midfield,94.03,True
3788764,9929,Diogo José Teixeira da Silva,780,Portugal,Left Midfield,82.62,True
3788764,6985,Robin Gosens,770,Germany,Left Wing Back,61.32,True
3788764,5579,Joshua Kimmich,770,Germany,Right Wing Back,94.03,True
3788764,3593,Renato Júnior Luz Sanches,780,Portugal,Left Center Midfield,49.03,False
3788764,8525,Marcel Halstenberg,770,Germany,Left Wing Back,32.72,False
3788764,8400,Serge Gnabry,770,Germany,Center Forward,87.02,True
3788764,5204,Bruno Miguel Borges Fernandes,780,Portugal,Right Center Midfield,63.63,True
3788764,5205,Rui Pedro dos Santos Patrício,780,Portugal,Goalkeeper,94.03,True
3788764,5206,Rúben Santos Gato Alves Dias,780,Portugal,Left Center Back,94.03,True
3788764,5207,Cristiano Ronaldo dos Santos Aveiro,780,Portugal,Center Forward,94.03,True
3788764,10327,Rafael Alexandre Fernandes Ferreira da Silva,780,Portugal,Right Wing,36.42,False
3788764,5209,Raphaël Adelino José Guerreiro,780,Portugal,Left Back,94.03,True
3788764,5214,William Silva de Carvalho,780,Portugal,Left Center Midfield,57.62,True
3788764,3167,Antonio Rüdiger,770,Germany,Left Center Back,94.03,True
3788764,3168,João Filipe Iria Santos Moutinho,780,Portugal,Right Center Midfield,30.4,False
3788764,5218,André Miguel Valente Silva,780,Portugal,Left Center Forward,11.42,False
3788764,3493,Emre Can,770,Germany,Right Center Midfield,31.77,False
3788764,6374,Nélson Cabral Semedo,780,Portugal,Right Back,94.03,True
3788764,8808,Matthias Ginter,770,Germany,Right Center Back,94.03,True
3788764,3053,Leroy Sané,770,Germany,Center Forward,7.02,False
3788764,10287,İlkay Gündoğan,770,Germany,Right Defensive Midfield,72.7,True
3788764,20016,Kléper Laveran Lima Ferreira,780,Portugal,Right Center Back,94.03,True
3788764,6322,Niklas Süle,770,Germany,Center Back,21.33,False
3788764,6324,Leon Goretzka,770,Germany,Left Attacking Midfield,21.75,False
3788764,13621,Danilo Luís Hélio Pereira,780,Portugal,Center Defensive Midfield,94.03,True
3788764,3193,Bernardo Mota Veiga de Carvalho e Silva,780,Portugal,Right Midfield,45.0,True
3788764,5562,Thomas Müller,770,Germany,Right Attacking Midfield,94.03,True
3788765,8963,Caglar Söyüncü,909,Turkey,Left Center Back,93.57,True
3788765,12293,Kaan Ayhan,909,Turkey,Center Defensive Midfield,62.5,True
3788765,23558,Merih Demiral,909,Turkey,Right Center Back,93.57,True
3788765,12555,Okay Yokuşlu,909,Turkey,Right Defensive Midfield,31.07,False
3788765,16018,Loris Benito,773,Switzerland,Left Wing Back,8.83,False
3788765,30357,Uğurcan Çakır,909,Turkey,Goalkeeper,93.57,True
3788765,21271,Dorukhan Toköz,909,Turkey,Left Defensive Midfield,8.38,False
3788765,8219,Admir Mehmedi,773,Switzerland,Left Center Forward,8.52,False
3788765,16027,Kevin Mbabu,773,Switzerland,Right Wing Back,2.37,False
3788765,29989,Yusuf Yazıcı,909,Turkey,Right Wing,31.02,False
3788765,5543,Haris Seferović,773,Switzerland,Right Center Forward,74.63,True
3788765,5544,Ricardo Iván Rodríguez Araya,773,Switzerland,Left Center Back,93.57,True
3788765,5545,Breel-Donald Embolo,773,Switzerland,Left Center Forward,85.05,True
3788765,5548,Steven Zuber,773,Switzerland,Left Wing Back,84.73,True
3788765,5549,Manuel Obafemi Akanji,773,Switzerland,Center Back,93.57,True
3788765,5550,Yann Sommer,773,Switzerland,Goalkeeper,93.57,True
3788765,3500,Granit Xhaka,773,Switzerland,Left Defensive Midfield,93.57,True
3788765,6971,Cengiz Ünder,909,Turkey,Right Midfield,79.67,True
3788765,30401,Ruben Vargas,773,Switzerland,Center Attacking Midfield,18.57,False
3788765,22212,Orkun Kökçü,909,Turkey,Center Attacking Midfield,13.9,False
3788765,6983,Remo Freuler,773,Switzerland,Right Defensive Midfield,93.57,True
3788765,10826,Mert Müldür,909,Turkey,Left Back,93.57,True
3788765,5834,Mario Gavranović,773,Switzerland,Right Center Forward,18.93,False
3788765,3533,Xherdan Shaqiri,773,Switzerland,Center Attacking Midfield,75.0,True
3788765,11086,Burak Yılmaz,909,Turkey,Center Forward,93.57,True
3788765,11088,Ozan Tufan,909,Turkey,Right Center Midfield,62.55,True
3788765,8541,Kenan Karaman,909,Turkey,Left Wing,13.9,False
3788765,30311,İrfan Can Kahveci,909,Turkey,Left Center Midfield,79.67,True
3788765,10349,Mehmet Zeki Çelik,909,Turkey,Right Back,93.57,True
3788765,8814,Nico Elvedi,773,Switzerland,Right Center Back,93.57,True
3788765,7796,Silvan Widmer,773,Switzerland,Right Wing Back,91.2,True
3788765,7039,Hakan Çalhanoğlu,909,Turkey,Left Midfield,85.18,True
3788766,4355,Emerson Palmieri dos Santos,914,Italy,Left Back,92.97,True
3788766,7173,Leonardo Bonucci,914,Italy,Right Center Back,45.0,True
3788766,3853,Kieffer Roberto Francisco Moore,907,Wales,Right Defensive Midfield,33.85,False
3788766,3086,Ben Davies,907,Wales,Unknown,7.15,False
3788766,4774,Connor Roberts,907,Wales,Right Wing Back,92.97,True
3788766,7469,Salvatore Sirigu,914,Italy,Goalkeeper,4.12,False
3788766,7471,Andrea Belotti,914,Italy,Center Forward,92.97,True
3788766,10928,Chris Gunter,907,Wales,Left Center Back,92.97,True
3788766,10931,Joe Allen,907,Wales,Left Defensive Midfield,86.55,True
3788766,7480,Alessandro Bastoni,914,Italy,Left Center Back,92.97,True
3788766,9914,Danny Ward,907,Wales,Goalkeeper,92.97,True
3788766,22074,Joseff Morrell,907,Wales,Right Defensive Midfield,59.12,True
3788766,3517,Aaron Ramsey,907,Wales,Center Forward,92.97,True
3788766,9540,Harry Wilson,907,Wales,Left Wing,19.28,False
3788766,4934,Ethan Ampadu,907,Wales,Center Back,92.97,True
3788766,7119,Francesco Acerbi,914,Italy,Right Center Back,47.97,False
3788766,11601,Matteo Pessina,914,Italy,Right Center Midfield,86.57,True
3788766,6993,Bryan Cristante,914,Italy,Center Defensive Midfield,19.05,False
3788766,4567,David Brooks,907,Wales,Right Wing,7.53,False
3788766,25048,Giacomo Raspadori,914,Italy,Left Wing,18.67,False
3788766,7002,Rafael Tolói,914,Italy,Right Back,92.97,True
3788766,3166,Marco Verratti,914,Italy,Left Center Midfield,92.97,True
3788766,7777,Federico Bernardeschi,914,Italy,Left Wing,74.3,True
3788766,34794,Neco Williams,907,Wales,Left Wing Back,85.82,True
3788766,7024,Jorge Luiz Frello Filho,914,Italy,Center Defensive Midfield,73.92,True
3788766,11250,Joe Rodon,907,Wales,Right Center Back,92.97,True
3788766,30707,Gaetano Castrovilli,914,Italy,Right Center Midfield,6.4,False
3788766,7156,Federico Chiesa,914,Italy,Right Wing,92.97,True
3788766,11252,Daniel James,907,Wales,Left Wing,73.68,True
3788766,33144,Dylan Levitt,907,Wales,Left Defensive Midfield,6.42,False
3788766,7036,Gianluigi Donnarumma,914,Italy,Goalkeeper,88.85,True
3788766,6399,Gareth Frank Bale,907,Wales,Right Wing,85.43,True
3788767,3969,Aleksandar Dragović,915,Austria,Right Center Back,93.18,True
3788767,16514,Serhii Sydorchuk,911,Ukraine,Center Defensive Midfield,93.18,True
3788767,8769,Xaver Schlager,915,Austria,Right Center Midfield,93.18,True
3788767,11396,Florian Grillitsch,915,Austria,Left Center Midfield,93.18,True
3788767,8513,Stefan Ilsanker,915,Austria,Right Center Midfield,21.55,False
3788767,8518,Marcel Sabitzer,915,Austria,Center Attacking Midfield,93.18,True
3788767,18881,Artem Besedin,911,Ukraine,Left Back,8.58,False
3788767,18762,Sasa Kalajdzic,915,Austria,Center Forward,3.47,False
3788767,8779,Stefan Lainer,915,Austria,Right Back,93.18,True
3788767,24977,Christoph Baumgartner,915,Austria,Left Wing,32.2,True
3788767,11281,Alessandro Schöpf,915,Austria,Right Wing,60.98,False
3788767,20827,Vitalii Mykolenko,911,Ukraine,Left Back,84.6,True
3788767,21532,Daniel Bachmann,915,Austria,Goalkeeper,93.18,True
3788767,8220,David Olatukunbo Alaba,915,Austria,Left Back,93.18,True
3788767,31900,Oleksandr Karavaev,911,Ukraine,Right Back,93.18,True
3788767,39136,Illia Zabarnyi,911,Ukraine,Right Center Back,93.18,True
3788767,23649,Roman Yaremchuk,911,Ukraine,Center Forward,93.18,True
3788767,22243,Heorhii Bushchan,911,Ukraine,Goalkeeper,93.18,True
3788767,16811,Marlos Romero Bonfim,911,Ukraine,Right Center Midfield,25.78,False
3788767,16557,Ruslan Malinovskiy,911,Ukraine,Left Wing,45.0,True
3788767,21294,Mykola Shaparenko,911,Ukraine,Right Center Midfield,67.4,True
3788767,8307,Martin Hinteregger,915,Austria,Left Center Back,93.18,True
3788767,16509,Viktor Tsygankov,911,Ukraine,Left Wing,48.18,False
3788767,3575,Oleksandr Zinchenko,911,Ukraine,Left Center Midfield,93.18,True
3788767,18617,Mykola Matvienko,911,Ukraine,Left Center Back,93.18,True
3788767,8506,Konrad Laimer,915,Austria,Left Wing,71.63,True
3788767,3325,Marko Arnautović,915,Austria,Center Forward,89.72,True
3788767,8830,Andriy Yarmolenko,911,Ukraine,Right Wing,93.18,True
3788768,24321,Robin Lod,1835,Finland,Right Center Midfield,90.82,True
3788768,3457,Michy Batshuayi Tunga,782,Belgium,Right Attacking Midfield,18.65,False
3788768,9476,Teemu Pukki,1835,Finland,Right Center Forward,90.88,True
3788768,13116,Jason Denayer,782,Belgium,Right Center Back,93.65,True
3788768,24455,Paulus Arajuuri,1835,Finland,Center Back,93.65,True
3788768,5639,Anga Dedryck Boyata,782,Belgium,Center Back,93.65,True
3788768,24648,Tim Sparv,1835,Finland,Center Defensive Midfield,58.33,True
3788768,5642,Axel Witsel,782,Belgium,Left Defensive Midfield,93.65,True
3788768,12807,Rasmus Schüller,1835,Finland,Center Defensive Midfield,35.32,False
3788768,3089,Kevin De Bruyne,782,Belgium,Right Defensive Midfield,90.48,True
3788768,8056,Fredrik Jensen,1835,Finland,Right Center Forward,2.77,False
3788768,3289,Romelu Lukaku Menama,782,Belgium,Center Forward,83.83,True
3788768,16281,Hans Vanaken,782,Belgium,Right Defensive Midfield,3.17,False
3788768,8667,Lukáš Hrádecký,1835,Finland,Goalkeeper,93.65,True
3788768,13215,Glen Kamara,1835,Finland,Left Center Midfield,93.65,True
3788768,4831,Nacer Chadli,782,Belgium,Left Wing Back,93.65,True
3788768,23650,Jeremy Doku,782,Belgium,Right Attacking Midfield,75.0,True
3788768,41828,Nikolai Alho,1835,Finland,Right Wing Back,24.2,False
3788768,3621,Eden Hazard,782,Belgium,Left Attacking Midfield,93.65,True
3788768,16550,Jere Juhani Uronen,1835,Finland,Left Wing Back,69.45,True
3788768,3176,Thomas Meunier,782,Belgium,Right Wing Back,18.93,False
3788768,16559,Leandro Trossard,782,Belgium,Right Wing Back,74.72,True
3788768,24303,Joni Ensio Kauko,1835,Finland,Right Center Midfield,24.52,False
3788768,38196,Daniel O''Shaughnessy,1835,Finland,Left Center Back,93.65,True
3788768,3509,Thibaut Courtois,782,Belgium,Goalkeeper,93.65,True
3788768,3380,Christian Benteke Liolo,782,Belgium,Center Forward,9.82,False
3788768,12148,Marcus Forss,1835,Finland,Left Center Forward,2.83,False
3788768,15416,Jukka Raitala,1835,Finland,Right Wing Back,93.65,True
3788768,26939,Joona Toivio,1835,Finland,Right Center Back,93.65,True
3788768,6332,Thomas Vermaelen,782,Belgium,Left Center Back,93.65,True
3788768,9725,Joel Pohjanpalo,1835,Finland,Left Center Forward,69.13,True
3788769,15545,Vyacheslav Karavaev,796,Russia,Left Back,26.12,False
3788769,16583,Georgiy Dzhikiya,796,Russia,Right Center Back,92.88,True
3788769,5195,Artem Dzyuba,796,Russia,Center Forward,92.88,True
3788769,6797,Daniel Wass,776,Denmark,Right Wing Back,60.02,True
3788769,5524,Jens Stryger Larsen,776,Denmark,Right Wing Back,32.87,False
3788769,5527,Thomas Delaney,776,Denmark,Left Defensive Midfield,85.18,True
3788769,6299,Aleksey Miranchuk,796,Russia,Right Wing,60.87,True
3788769,5534,Simon Thorup Kjær,776,Denmark,Center Back,92.88,True
3788769,4447,Martin Braithwaite Christensen,776,Denmark,Right Attacking Midfield,84.85,True
3788769,5536,Yussuf Yurary Poulsen,776,Denmark,Center Forward,60.03,True
3788769,6302,Kasper Dolberg,776,Denmark,Center Forward,32.85,False
3788769,38178,Aleksandr Sobolev,796,Russia,Left Center Forward,32.02,False
3788769,24443,Mikkel Damsgaard,776,Denmark,Left Attacking Midfield,71.97,True
3788769,5732,Andreas Evald Cornelius,776,Denmark,Right Attacking Midfield,8.03,False
3788769,18722,Mathias Jensen,776,Denmark,Center Defensive Midfield,7.7,False
3788769,3815,Kasper Schmeichel,776,Denmark,Goalkeeper,92.88,True
3788769,39273,Maksim Mukhin,796,Russia,Right Defensive Midfield,26.0,False
3788769,16554,Joakim Mæhle,776,Denmark,Left Wing Back,92.88,True
3788769,5677,Fedor Kudryashov,796,Russia,Left Center Back,66.77,True
3788769,31917,Igor Diveev,796,Russia,Center Back,92.88,True
3788769,20845,Magomed Ozdoev,796,Russia,Right Defensive Midfield,60.98,True
3788769,8815,Jannik Vestergaard,776,Denmark,Left Center Back,92.88,True
3788769,18734,Rifat Zhemaletdinov,796,Russia,Right Midfield,31.9,False
3788769,21298,Matvey Safonov,796,Russia,Goalkeeper,92.88,True
3788769,5170,Mário Figueira Fernandes,796,Russia,Right Wing Back,92.88,True
3788769,5171,Roman Zobnin,796,Russia,Left Defensive Midfield,92.88,True
3788769,3570,Pierre-Emile Højbjerg,776,Denmark,Right Defensive Midfield,92.88,True
3788769,7097,Christian Nørgaard,776,Denmark,Left Center Midfield,20.92,False
3788769,3959,Andreas Christensen,776,Denmark,Right Center Back,92.88,True
3788769,5177,Aleksandr Golovin,796,Russia,Left Wing,92.88,True
3788769,5179,Daler Kuzyaev,796,Russia,Left Wing Back,66.88,True
3788770,8069,Matthijs de Ligt,941,Netherlands,Center Back,94.02,True
3788770,20750,Cody Mathès Gakpo,941,Netherlands,Right Defensive Midfield,15.72,False
3788770,21397,Stole Dimitrievski,2358,North Macedonia,Goalkeeper,94.02,True
3788770,7829,Wout Weghorst,941,Netherlands,Right Center Forward,28.23,False
3788770,16535,Eljif Elmas,2358,North Macedonia,Center Attacking Midfield,94.02,True
3788770,2988,Memphis Depay,941,Netherlands,Right Center Forward,65.78,True
3788770,30512,Aleksandar Trajkovski,2358,North Macedonia,Left Wing,67.58,True
3788770,21809,Jurriën David Norman Timber,941,Netherlands,Right Center Back,49.02,False
3788770,13360,Quincy Anton Promes,941,Netherlands,Left Center Forward,28.33,False
3788770,30644,Darko Velkovski,2358,North Macedonia,Right Center Back,94.02,True
3788770,8118,Frenkie de Jong,941,Netherlands,Right Defensive Midfield,78.3,True
3788770,30262,Vlatko Stojanovski,2358,North Macedonia,Left Defensive Midfield,16.25,False
3788770,46906,Visar Musliu,2358,North Macedonia,Left Center Back,94.02,True
3788770,8125,Denzel Dumfries,941,Netherlands,Right Wing Back,45.0,True
3788770,23230,Ryan Gravenberch,941,Netherlands,Left Defensive Midfield,94.02,True
3788770,18879,Arijan Ademi,2358,North Macedonia,Right Defensive Midfield,78.07,True
3788770,7745,Steven Berghuis,941,Netherlands,Right Wing Back,49.02,False
3788770,44229,Tihomir Kostadinov,2358,North Macedonia,Right Wing,26.03,False
3788770,15582,Donyell Malen,941,Netherlands,Left Center Forward,65.68,True
3788770,10592,Stefan Ristovski,2358,North Macedonia,Right Back,94.02,True
3788770,16740,Boban Nikolov,2358,North Macedonia,Right Defensive Midfield,15.95,False
3788770,4713,Ezgjan Alioski,2358,North Macedonia,Left Back,94.02,True
3788770,7146,Goran Pandev,2358,North Macedonia,Center Forward,67.98,True
3788770,20201,Maarten Stekelenburg,941,Netherlands,Goalkeeper,94.02,True
3788770,7787,Stefan de Vrij,941,Netherlands,Right Center Back,45.0,True
3788770,41836,Ferhan Hasani,2358,North Macedonia,Left Wing,26.43,False
3788770,3311,Daley Blind,941,Netherlands,Left Center Back,94.02,True
3788770,3567,Georginio Wijnaldum,941,Netherlands,Center Attacking Midfield,94.02,True
3788770,30322,Darko Churlinov,2358,North Macedonia,Left Wing,38.23,False
3788770,16629,Ivan Trichkovski,2358,North Macedonia,Right Wing,55.78,True
3788770,3321,Patrick van Aanholt,941,Netherlands,Left Wing Back,94.02,True
3788770,6782,Enis Bardhi,2358,North Macedonia,Left Defensive Midfield,77.77,True
3788771,29571,Lyndon Dykes,942,Scotland,Right Center Forward,94.07,True
3788771,3655,Andrew Robertson,942,Scotland,Left Wing Back,94.07,True
3788771,9481,Grant Campbell Hanley,942,Scotland,Center Back,32.87,True
3788771,7693,Bruno Petković,785,Croatia,Center Forward,69.9,True
3788771,3471,Dejan Lovren,785,Croatia,Right Center Back,94.07,True
3788771,5456,Mateo Kovačić,785,Croatia,Left Center Midfield,94.07,True
3788771,28368,Luka Ivanušec,785,Croatia,Right Wing,18.17,False
3788771,10002,Scott McKenna,942,Scotland,Center Back,61.2,False
3788771,16531,Dominik Livaković,785,Croatia,Goalkeeper,94.07,True
3788771,5460,Andrej Kramarić,785,Croatia,Center Forward,24.17,False
3788771,5463,Luka Modrić,785,Croatia,Right Center Midfield,94.07,True
3788771,9048,Stephen O''Donnell,942,Scotland,Right Wing Back,83.13,True
3788771,5465,Ante Rebić,785,Croatia,Left Wing,13.9,False
3788771,37338,Nathan Patterson,942,Scotland,Right Back,10.93,False
3788771,5468,Domagoj Vida,785,Croatia,Left Center Back,94.07,True
3788771,5469,Marcelo Brozović,785,Croatia,Center Defensive Midfield,94.07,True
3788771,5474,Ivan Perišić,785,Croatia,Left Wing,80.17,True
3788771,3620,Scott McTominay,942,Scotland,Right Center Back,94.07,True
3788771,10534,Callum McGregor,942,Scotland,Center Defensive Midfield,94.07,True
3788771,33018,Joško Gvardiol,785,Croatia,Left Back,70.67,True
3788771,29163,Josip Juranović,785,Croatia,Right Back,94.07,True
3788771,10540,Kieran Tierney,942,Scotland,Left Center Back,94.07,True
3788771,9645,David Marshall,942,Scotland,Goalkeeper,94.07,True
3788771,10285,Stuart Armstrong,942,Scotland,Left Center Midfield,69.45,True
3788771,43563,Kevin Nisbet,942,Scotland,Left Center Forward,10.92,False
3788771,3441,Nikola Vlašić,785,Croatia,Right Wing,75.9,True
3788771,9974,John McGinn,942,Scotland,Right Center Midfield,94.07,True
3788771,11127,Borna Barišić,785,Croatia,Left Back,23.4,False
3788771,9466,Che Adams,942,Scotland,Left Center Forward,83.15,True
3788771,3581,Ryan Fraser,942,Scotland,Left Center Midfield,24.62,False
3788772,8579,Vladimír Darida,912,Czech Republic,Center Attacking Midfield,63.72,True
3788772,7044,Patrik Schick,912,Czech Republic,Center Forward,74.93,True
3788772,3205,Kyle Walker,768,England,Right Back,93.22,True
3788772,4870,Tomáš Souček,912,Czech Republic,Left Defensive Midfield,93.22,True
3788772,20355,Tomáš Pekhart,912,Czech Republic,Center Forward,18.28,False
3788772,3336,Harry Maguire,768,England,Left Center Back,93.22,True
3788772,12423,Jadon Sancho,768,England,Right Wing,9.95,False
3788772,4875,Jan Bořil,912,Czech Republic,Left Back,93.22,True
3788772,3468,Jordan Pickford,768,England,Goalkeeper,93.22,True
3788772,13197,Tomáš Kalas,912,Czech Republic,Left Center Back,93.22,True
3788772,11541,Tomáš Vaclík,912,Czech Republic,Goalkeeper,93.22,True
3788772,23452,Alex Král,912,Czech Republic,Center Attacking Midfield,29.5,False
3788772,23454,Petr Ševčík,912,Czech Republic,Left Wing,48.22,False
3788772,8095,Jakub Jankto,912,Czech Republic,Left Wing,45.0,True
3788772,3233,Raheem Sterling,768,England,Left Wing,66.72,True
3788772,9638,Jack Grealish,768,England,Center Attacking Midfield,67.18,True
3788772,3244,John Stones,768,England,Right Center Back,78.28,True
3788772,3382,Luke Shaw,768,England,Left Back,93.22,True
3788772,16570,Vladimír Coufal,912,Czech Republic,Right Back,93.22,True
3788772,22084,Bukayo Saka,768,England,Right Wing,83.27,True
3788772,4809,Matěj Vydra,912,Czech Republic,Right Wing,9.72,False
3788772,10955,Harry Kane,768,England,Center Forward,93.22,True
3788772,3532,Jordan Brian Henderson,768,England,Left Defensive Midfield,48.22,False
3788772,28239,Adam Hložek,912,Czech Republic,Left Wing,28.97,False
3788772,16469,Tomáš Holeš,912,Czech Republic,Right Defensive Midfield,83.5,True
3788772,16472,Lukáš Masopust,912,Czech Republic,Right Wing,64.25,True
3788772,4706,Kalvin Phillips,768,England,Right Defensive Midfield,93.22,True
3788772,3943,Declan Rice,768,England,Left Defensive Midfield,45.0,True
3788772,3318,Marcus Rashford,768,England,Left Wing,26.5,False
3788772,30328,Ondrej Celustka,912,Czech Republic,Right Center Back,93.22,True
3788772,30714,Jude Bellingham,768,England,Center Attacking Midfield,26.03,False
3788772,3323,Tyrone Mings,768,England,Left Center Back,14.93,False
3788773,3009,Kylian Mbappé Lottin,771,France,Left Wing,95.1,True
3788773,3193,Bernardo Mota Veiga de Carvalho e Silva,780,Portugal,Right Midfield,71.92,True
3788773,6849,Lucas Digne,771,France,Left Back,6.27,False
3788773,9927,Rúben Diogo Da Silva Neves,780,Portugal,Right Center Midfield,22.9,False
3788773,3593,Renato Júnior Luz Sanches,780,Portugal,Left Center Midfield,87.0,True
3788773,9929,Diogo José Teixeira da Silva,780,Portugal,Left Midfield,95.1,True
3788773,12169,João Maria Lobo Alves Palhinha Gonçalves,780,Portugal,Center Defensive Midfield,50.1,False
3788773,3026,Adrien Rabiot,771,France,Left Back,43.83,False
3788773,3091,Moussa Sissoko,771,France,Center Attacking Midfield,8.95,False
3788773,5204,Bruno Miguel Borges Fernandes,780,Portugal,Right Midfield,23.18,False
3788773,5205,Rui Pedro dos Santos Patrício,780,Portugal,Goalkeeper,95.1,True
3788773,5206,Rúben Santos Gato Alves Dias,780,Portugal,Left Center Back,95.1,True
3788773,5207,Cristiano Ronaldo dos Santos Aveiro,780,Portugal,Center Forward,95.1,True
3788773,5209,Raphaël Adelino José Guerreiro,780,Portugal,Left Back,95.1,True
3788773,8217,Kingsley Coman,771,France,Right Wing,29.85,False
3788773,3099,Hugo Lloris,771,France,Goalkeeper,95.1,True
3788773,16028,José Diogo Dalot Teixeira,780,Portugal,Right Back,16.3,False
3788773,4445,Jules Koundé,771,France,Right Back,95.1,True
3788773,19677,Karim Benzema,771,France,Center Forward,95.1,True
3788773,3168,João Filipe Iria Santos Moutinho,780,Portugal,Right Center Midfield,72.2,True
3788773,20004,Paul Pogba,771,France,Right Defensive Midfield,95.1,True
3788773,11173,Sérgio Miguel Relvas Gonçalves Pereira de Oliveira,780,Portugal,Left Center Midfield,8.1,False
3788773,6374,Nélson Cabral Semedo,780,Portugal,Right Back,78.8,True
3788773,5480,Corentin Tolisso,771,France,Right Wing,65.25,True
3788773,5484,Lucas Hernández Pi,771,France,Left Back,45.0,True
3788773,5485,Raphaël Varane,771,France,Right Center Back,95.1,True
3788773,5487,Antoine Griezmann,771,France,Center Attacking Midfield,86.15,True
3788773,20016,Kléper Laveran Lima Ferreira,780,Portugal,Right Center Back,95.1,True
3788773,13621,Danilo Luís Hélio Pereira,780,Portugal,Center Defensive Midfield,45.0,True
3788773,2999,Presnel Kimpembe,771,France,Left Center Back,95.1,True
3788773,3961,N'Golo Kanté,771,France,Left Defensive Midfield,95.1,True
3788774,5570,Manuel Neuer,770,Germany,Goalkeeper,94.02,True
3788774,11268,Attila Fiola,916,Hungary,Left Wing Back,87.73,True
3788774,5572,Mats Hummels,770,Germany,Center Back,94.02,True
3788774,8966,Kai Havertz,770,Germany,Right Wing,66.95,True
3788774,5574,Toni Kroos,770,Germany,Left Defensive Midfield,94.02,True
3788774,42822,András Schäfer,916,Hungary,Left Center Midfield,94.02,True
3788774,6985,Robin Gosens,770,Germany,Left Wing Back,82.03,True
3788774,5579,Joshua Kimmich,770,Germany,Right Wing Back,94.02,True
3788774,8524,Péter Gulácsi,916,Hungary,Goalkeeper,94.02,True
3788774,47435,Kevin Varga,916,Hungary,Left Center Forward,12.85,False
3788774,39565,Jamal Musiala,770,Germany,Left Midfield,11.98,False
3788774,31887,Endre Botka,916,Hungary,Right Center Back,94.02,True
3788774,8400,Serge Gnabry,770,Germany,Center Forward,66.93,True
3788774,5562,Thomas Müller,770,Germany,Right Center Forward,27.08,False
3788774,8407,Ádám Szalai,916,Hungary,Left Center Forward,81.17,True
3788774,8215,Kevin Volland,770,Germany,Left Center Forward,11.98,False
3788774,3167,Antonio Rüdiger,770,Germany,Left Center Back,94.02,True
3788774,16741,Loïc Négo,916,Hungary,Right Wing Back,94.02,True
3788774,22565,Szabolcs Schön,916,Hungary,Right Center Forward,19.85,False
3788774,46376,Attila Szalai,916,Hungary,Left Center Back,94.02,True
3788774,8808,Matthias Ginter,770,Germany,Right Center Back,82.03,True
3788774,10794,Gergő Lovrencsics,916,Hungary,Right Center Midfield,5.82,False
3788774,3053,Leroy Sané,770,Germany,Left Wing,94.02,True
3788774,10287,İlkay Gündoğan,770,Germany,Right Defensive Midfield,57.1,True
3788774,12723,Nemanja Nikolić,916,Hungary,Left Center Forward,6.28,False
3788774,19316,Roland Sallai,916,Hungary,Right Center Forward,74.17,True
3788774,6324,Leon Goretzka,770,Germany,Left Wing,36.92,False
3788774,16502,László Kleinheisler,916,Hungary,Right Center Midfield,88.2,True
3788774,5557,Timo Werner,770,Germany,Center Forward,27.07,False
3788774,7162,Ádám Nagy,916,Hungary,Center Defensive Midfield,94.02,True
3788774,8509,Willi Orban,916,Hungary,Center Back,94.02,True
3788775,4353,Aymeric Laporte,772,Spain,Left Center Back,94.3,True
3788775,8967,Ondrej Duda,908,Slovakia,Center Forward,45.0,True
3788775,6798,Stanislav Lobotka,908,Slovakia,Left Center Midfield,49.3,False
3788775,3477,Álvaro Borja Morata Martín,772,Spain,Center Forward,65.48,True
3788775,30486,Pedro González López,772,Spain,Left Center Midfield,94.3,True
3788775,6685,Mikel Oyarzabal Ugarte,772,Spain,Center Forward,18.05,False
3788775,20002,Jakub Hromada,908,Slovakia,Left Center Midfield,45.0,True
3788775,10919,Juraj Kucka,908,Slovakia,Right Center Midfield,94.3,True
3788775,7975,Lukáš Haraslín,908,Slovakia,Right Wing,68.35,True
3788775,10922,Vladimír Weiss,908,Slovakia,Left Wing,26.02,False
3788775,10927,Michal Ďuriš,908,Slovakia,Center Forward,49.3,False
3788775,16307,Róbert Mak,908,Slovakia,Left Wing,68.28,True
3788775,30397,Ľubomír Šatka,908,Slovakia,Right Center Back,94.3,True
3788775,6720,Pablo Sarabia García,772,Spain,Right Wing,94.3,True
3788775,4421,Tomáš Hubočan,908,Slovakia,Left Back,94.3,True
3788775,35653,Tomáš Suslov,908,Slovakia,Right Wing,25.95,False
3788775,11333,Adama Traoré Diarra,772,Spain,Right Back,18.07,False
3788775,6990,Milan Škriniar,908,Slovakia,Left Center Back,94.3,True
3788775,5199,Jorge Resurrección Merodio,772,Spain,Right Center Midfield,94.3,True
3788775,31953,Eric García Martret,772,Spain,Right Center Back,70.5,True
3788775,5203,Sergio Busquets i Burgos,772,Spain,Center Defensive Midfield,70.48,True
3788775,5208,Thiago Alcântara do Nascimento,772,Spain,Center Defensive Midfield,23.82,False
3788775,5211,Jordi Alba Ramos,772,Spain,Left Back,94.3,True
3788775,6748,Ferrán Torres García,772,Spain,Left Wing,28.82,False
3788775,11748,Unai Simón Mendibil,772,Spain,Goalkeeper,94.3,True
3788775,6892,Pau Francisco Torres,772,Spain,Left Center Back,23.8,False
3788775,6766,Gerard Moreno Balaguero,772,Spain,Left Wing,76.23,True
3788775,7025,Marek Hamšík,908,Slovakia,Center Attacking Midfield,89.38,True
3788775,3957,César Azpilicueta Tanco,772,Spain,Right Back,76.25,True
3788775,11383,László Bénes,908,Slovakia,Center Attacking Midfield,4.92,False
3788775,9722,Peter Pekarík,908,Slovakia,Right Back,94.3,True
3788775,3711,Martin Dúbravka,908,Slovakia,Goalkeeper,94.3,True
3788776,4673,Kamil Jóźwiak,789,Poland,Right Wing Back,60.98,True
3788776,8836,Karol Świderski,789,Poland,Right Center Forward,95.0,True
3788776,5624,Albin Ekdal,790,Sweden,Left Defensive Midfield,95.0,True
3788776,4626,Jan Bednarek,789,Poland,Left Center Back,95.0,True
3788776,23444,Kristoffer Olsson,790,Sweden,Right Defensive Midfield,95.0,True
3788776,9622,Mateusz Andrzej Klich,789,Poland,Left Defensive Midfield,72.3,True
3788776,6358,Emil Krafth,790,Sweden,Right Back,27.38,False
3788776,3034,Kamil Glik,789,Poland,Center Back,95.0,True
3788776,11098,Marcus Berg,790,Sweden,Left Center Forward,27.53,False
3788776,5660,Piotr Zieliński,789,Poland,Center Attacking Midfield,95.0,True
3788776,26718,Kacper Kozłowski,789,Poland,Left Defensive Midfield,22.7,False
3788776,8737,Tymoteusz Puchacz,789,Poland,Left Wing Back,45.0,True
3788776,22818,Dejan Kulusevski,790,Sweden,Right Center Forward,40.45,False
3788776,5668,Robert Lewandowski,789,Poland,Left Center Forward,95.0,True
3788776,5669,Wojciech Szczęsny,789,Poland,Goalkeeper,95.0,True
3788776,8552,Robin Quaison,790,Sweden,Right Center Forward,54.55,True
3788776,5673,Bartosz Bereszyński,789,Poland,Right Center Back,95.0,True
3788776,7979,Przemysław Frankowski,789,Poland,Left Back,50.0,False
3788776,5612,Mikael Lustig,790,Sweden,Right Back,67.62,True
3788776,5613,Viktor Claesson,790,Sweden,Left Midfield,18.4,False
3788776,27691,Przemysław Płacheta,789,Poland,Right Defensive Midfield,17.03,False
3788776,18927,Jakub Świerczok,789,Poland,Right Center Forward,34.02,False
3788776,5617,Sebastian Larsson,790,Sweden,Right Midfield,95.0,True
3788776,8819,Alexander Isak,790,Sweden,Left Center Forward,67.47,True
3788776,3637,Grzegorz Krychowiak,789,Poland,Right Defensive Midfield,77.97,True
3788776,5621,Ludwig Augustinsson,790,Sweden,Left Back,95.0,True
3788776,3702,Victor Nilsson Lindelöf,790,Sweden,Right Center Back,95.0,True
3788776,5622,Robin Olsen,790,Sweden,Goalkeeper,95.0,True
3788776,5625,Emil Peter Forsberg,790,Sweden,Left Midfield,76.6,True
3788776,26875,Marcus Andreas Danielsson,790,Sweden,Left Center Back,95.0,True
3794685,3969,Aleksandar Dragović,915,Austria,Right Center Back,121.13,True
3794685,11396,Florian Grillitsch,915,Austria,Left Defensive Midfield,105.0,True
3794685,7173,Leonardo Bonucci,914,Italy,Right Center Back,121.13,True
3794685,24977,Christoph Baumgartner,915,Austria,Left Wing,89.55,True
3794685,11281,Alessandro Schöpf,915,Austria,Right Wing,31.58,False
3794685,9086,Louis Schaub,915,Austria,Left Defensive Midfield,16.13,False
3794685,21532,Daniel Bachmann,915,Austria,Goalkeeper,121.13,True
3794685,8220,David Olatukunbo Alaba,915,Austria,Left Back,121.13,True
3794685,7471,Andrea Belotti,914,Italy,Center Forward,37.7,False
3794685,8506,Konrad Laimer,915,Austria,Right Wing,113.08,True
3794685,8769,Xaver Schlager,915,Austria,Right Defensive Midfield,105.0,True
3794685,8513,Stefan Ilsanker,915,Austria,Left Wing,8.05,False
3794685,8518,Marcel Sabitzer,915,Austria,Center Attacking Midfield,121.13,True
3794685,18762,Sasa Kalajdzic,915,Austria,Center Forward,24.75,False
3794685,8779,Stefan Lainer,915,Austria,Right Back,113.1,True
3794685,9164,Christopher Trimmel,915,Austria,Right Back,8.03,False
3794685,7037,Lorenzo Insigne,914,Italy,Left Wing,107.28,True
3794685,7119,Francesco Acerbi,914,Italy,Left Center Back,121.13,True
3794685,11601,Matteo Pessina,914,Italy,Right Center Midfield,54.45,False
3794685,6993,Bryan Cristante,914,Italy,Right Wing,13.85,False
3794685,7131,Domenico Berardi,914,Italy,Right Wing,83.57,True
3794685,3166,Marco Verratti,914,Italy,Left Center Midfield,66.65,True
3794685,8286,Leonardo Spinazzola,914,Italy,Left Back,121.13,True
3794685,7788,Ciro Immobile,914,Italy,Center Forward,83.43,True
3794685,7024,Jorge Luiz Frello Filho,914,Italy,Center Defensive Midfield,121.13,True
3794685,8307,Martin Hinteregger,915,Austria,Left Center Back,121.13,True
3794685,7156,Federico Chiesa,914,Italy,Right Wing,37.57,False
3794685,8181,Nicolò Barella,914,Italy,Right Center Midfield,66.68,True
3794685,8309,Michael Gregoritsch,915,Austria,Right Defensive Midfield,16.13,False
3794685,11514,Giovanni Di Lorenzo,914,Italy,Right Back,121.13,True
3794685,7036,Gianluigi Donnarumma,914,Italy,Goalkeeper,121.13,True
3794685,3325,Marko Arnautović,915,Austria,Center Forward,96.38,True
3794685,7038,Manuel Locatelli,914,Italy,Left Center Midfield,54.48,False
3794686,4353,Aymeric Laporte,772,Spain,Left Center Back,121.08,True
3794686,7693,Bruno Petković,785,Croatia,Center Forward,45.0,True
3794686,16527,Mislav Oršić,785,Croatia,Left Wing,54.9,False
3794686,16531,Dominik Livaković,785,Croatia,Goalkeeper,121.08,True
3794686,16532,Daniel Olmo Carvajal,772,Spain,Left Wing,50.72,False
3794686,3477,Álvaro Borja Morata Martín,772,Spain,Center Forward,121.08,True
3794686,30486,Pedro González López,772,Spain,Left Center Midfield,121.08,True
3794686,6685,Mikel Oyarzabal Ugarte,772,Spain,Right Wing,33.65,False
3794686,6307,Duje Ćaleta-Car,785,Croatia,Left Center Back,121.08,True
3794686,6720,Pablo Sarabia García,772,Spain,Left Wing,70.37,True
3794686,6596,José Luis Gayà Peña,772,Spain,Left Back,77.18,True
3794686,8654,Ante Budimir,785,Croatia,Left Center Midfield,42.53,False
3794686,5199,Jorge Resurrección Merodio,772,Spain,Right Center Midfield,77.47,True
3794686,5456,Mateo Kovačić,785,Croatia,Left Center Midfield,78.55,True
3794686,31953,Eric García Martret,772,Spain,Right Center Back,70.9,True
3794686,28368,Luka Ivanušec,785,Croatia,Right Center Midfield,8.05,False
3794686,5203,Sergio Busquets i Burgos,772,Spain,Center Defensive Midfield,101.13,True
3794686,5460,Andrej Kramarić,785,Croatia,Center Forward,76.08,False
3794686,11603,Mario Pašalić,785,Croatia,Right Wing,42.78,False
3794686,5463,Luka Modrić,785,Croatia,Right Center Midfield,113.03,True
3794686,5465,Ante Rebić,785,Croatia,Left Wing,66.18,True
3794686,5211,Jordi Alba Ramos,772,Spain,Left Back,43.9,False
3794686,5468,Domagoj Vida,785,Croatia,Right Center Back,121.08,True
3794686,5469,Marcelo Brozović,785,Croatia,Center Defensive Midfield,121.08,True
3794686,6748,Ferrán Torres García,772,Spain,Right Wing,87.43,True
3794686,11748,Unai Simón Mendibil,772,Spain,Goalkeeper,121.08,True
3794686,29163,Josip Juranović,785,Croatia,Right Back,73.08,True
3794686,6892,Pau Francisco Torres,772,Spain,Left Center Back,50.18,False
3794686,6765,Rodrigo Hernández Cascante,772,Spain,Center Defensive Midfield,19.95,False
3794686,3441,Nikola Vlašić,785,Croatia,Right Wing,78.3,True
3794686,8946,Josip Brekalo,785,Croatia,Right Back,48.0,False
3794686,3957,César Azpilicueta Tanco,772,Spain,Right Back,121.08,True
3794686,33018,Joško Gvardiol,785,Croatia,Left Back,121.08,True
3794686,6655,Fabián Ruiz Peña,772,Spain,Right Center Midfield,43.62,False
3794687,5632,Thorgan Hazard,782,Belgium,Left Wing Back,94.97,True
3794687,5633,Yannick Ferreira Carrasco,782,Belgium,Left Attacking Midfield,8.98,False
3794687,3077,Jan Vertonghen,782,Belgium,Left Center Back,95.48,True
3794687,12169,João Maria Lobo Alves Palhinha Gonçalves,780,Portugal,Center Defensive Midfield,77.8,True
3794687,2954,Youri Tielemans,782,Belgium,Right Defensive Midfield,95.48,True
3794687,5642,Axel Witsel,782,Belgium,Left Defensive Midfield,95.48,True
3794687,3593,Renato Júnior Luz Sanches,780,Portugal,Left Center Midfield,77.93,True
3794687,9929,Diogo José Teixeira da Silva,780,Portugal,Left Wing,69.55,True
3794687,12041,João Félix Sequeira,780,Portugal,Right Wing,40.37,False
3794687,3089,Kevin De Bruyne,782,Belgium,Right Attacking Midfield,47.6,True
3794687,5204,Bruno Miguel Borges Fernandes,780,Portugal,Right Center Midfield,40.27,False
3794687,5205,Rui Pedro dos Santos Patrício,780,Portugal,Goalkeeper,95.48,True
3794687,5206,Rúben Santos Gato Alves Dias,780,Portugal,Left Center Back,95.48,True
3794687,5207,Cristiano Ronaldo dos Santos Aveiro,780,Portugal,Center Forward,95.48,True
3794687,5209,Raphaël Adelino José Guerreiro,780,Portugal,Left Back,95.48,True
3794687,3289,Romelu Lukaku Menama,782,Belgium,Center Forward,95.48,True
3794687,16028,José Diogo Dalot Teixeira,780,Portugal,Right Back,95.48,True
3794687,3168,João Filipe Iria Santos Moutinho,780,Portugal,Right Center Midfield,55.12,True
3794687,5218,André Miguel Valente Silva,780,Portugal,Center Forward,25.93,False
3794687,20005,Toby Alderweireld,782,Belgium,Right Center Back,95.48,True
3794687,3621,Eden Hazard,782,Belgium,Left Attacking Midfield,86.5,True
3794687,11173,Sérgio Miguel Relvas Gonçalves Pereira de Oliveira,780,Portugal,Left Center Midfield,17.55,False
3794687,3176,Thomas Meunier,782,Belgium,Right Wing Back,95.48,True
3794687,20016,Kléper Laveran Lima Ferreira,780,Portugal,Right Center Back,95.48,True
3794687,3509,Thibaut Courtois,782,Belgium,Goalkeeper,95.48,True
3794687,13621,Danilo Luís Hélio Pereira,780,Portugal,Center Defensive Midfield,17.68,False
3794687,3193,Bernardo Mota Veiga de Carvalho e Silva,780,Portugal,Right Wing,55.22,True
3794687,6331,Leander Dendoncker,782,Belgium,Unknown,0.52,False
3794687,6332,Thomas Vermaelen,782,Belgium,Center Back,95.48,True
3794687,5630,Dries Mertens,782,Belgium,Right Attacking Midfield,47.88,False
3794688,5570,Manuel Neuer,770,Germany,Goalkeeper,94.13,True
3794688,22084,Bukayo Saka,768,England,Right Wing,68.4,True
3794688,3205,Kyle Walker,768,England,Right Center Back,94.13,True
3794688,8966,Kai Havertz,770,Germany,Right Wing,94.13,True
3794688,5572,Mats Hummels,770,Germany,Center Back,94.13,True
3794688,3336,Harry Maguire,768,England,Left Center Back,94.13,True
3794688,5574,Toni Kroos,770,Germany,Right Defensive Midfield,94.13,True
3794688,6985,Robin Gosens,770,Germany,Left Wing Back,87.0,True
3794688,10955,Harry Kane,768,England,Center Forward,94.13,True
3794688,3468,Jordan Pickford,768,England,Goalkeeper,94.13,True
3794688,5579,Joshua Kimmich,770,Germany,Right Wing Back,94.13,True
3794688,3532,Jordan Brian Henderson,768,England,Left Defensive Midfield,6.97,False
3794688,39565,Jamal Musiala,770,Germany,Left Wing,3.0,False
3794688,8400,Serge Gnabry,770,Germany,Center Forward,26.43,False
3794688,3167,Antonio Rüdiger,770,Germany,Left Center Back,94.13,True
3794688,3233,Raheem Sterling,768,England,Left Wing,94.13,True
3794688,4706,Kalvin Phillips,768,England,Right Defensive Midfield,94.13,True
3794688,3493,Emre Can,770,Germany,Right Center Back,7.15,False
3794688,9638,Jack Grealish,768,England,Left Wing,25.73,False
3794688,3943,Declan Rice,768,England,Left Defensive Midfield,87.17,True
3794688,8808,Matthias Ginter,770,Germany,Right Center Back,86.98,True
3794688,3244,John Stones,768,England,Center Back,94.13,True
3794688,3308,Kieran Trippier,768,England,Right Wing Back,94.13,True
3794688,3053,Leroy Sané,770,Germany,Left Wing Back,7.13,False
3794688,6324,Leon Goretzka,770,Germany,Left Defensive Midfield,94.13,True
3794688,5557,Timo Werner,770,Germany,Center Forward,67.7,True
3794688,3382,Luke Shaw,768,England,Left Wing Back,94.13,True
3794688,5562,Thomas Müller,770,Germany,Left Wing,91.13,True
3794689,9540,Harry Wilson,907,Wales,Right Defensive Midfield,37.35,False
3794689,3853,Kieffer Roberto Francisco Moore,907,Wales,Center Forward,77.67,True
3794689,3086,Ben Davies,907,Wales,Left Back,96.33,True
3794689,5524,Jens Stryger Larsen,776,Denmark,Right Back,75.82,True
3794689,8247,Joachim Andersen,776,Denmark,Right Center Back,19.68,False
3794689,5527,Thomas Delaney,776,Denmark,Left Center Midfield,59.45,True
3794689,9914,Daniel Ward,907,Wales,Goalkeeper,96.33,True
3794689,4567,David Brooks,907,Wales,Left Wing,18.65,False
3794689,5534,Simon Thorup Kjær,776,Denmark,Right Center Back,76.65,True
3794689,4767,Chris Mepham,907,Wales,Right Center Back,96.33,True
3794689,6302,Kasper Dolberg,776,Denmark,Center Forward,68.83,True
3794689,4447,Martin Braithwaite Christensen,776,Denmark,Right Wing,96.33,True
3794689,18722,Mathias Jensen,776,Denmark,Left Wing,36.88,False
3794689,4129,Tyler Roberts,907,Wales,Center Forward,18.67,False
3794689,5732,Andreas Evald Cornelius,776,Denmark,Center Forward,27.5,False
3794689,4774,Connor Roberts,907,Wales,Right Back,39.88,True
3794689,3815,Kasper Schmeichel,776,Denmark,Goalkeeper,96.33,True
3794689,16554,Joakim Mæhle,776,Denmark,Left Back,96.33,True
3794689,34794,Neco Williams,907,Wales,Right Back,56.45,False
3794689,16301,Nicolai Møller Boilesen,776,Denmark,Left Wing Back,20.52,False
3794689,8815,Jannik Vestergaard,776,Denmark,Left Center Back,96.33,True
3794689,11250,Joe Rodon,907,Wales,Left Center Back,96.33,True
3794689,10931,Joe Allen,907,Wales,Left Defensive Midfield,96.33,True
3794689,3570,Pierre-Emile Højbjerg,776,Denmark,Right Center Midfield,96.33,True
3794689,11252,Daniel James,907,Wales,Left Wing,77.68,True
3794689,3959,Andreas Christensen,776,Denmark,Center Defensive Midfield,96.33,True
3794689,7097,Christian Nørgaard,776,Denmark,Left Defensive Midfield,37.55,False
3794689,22074,Joseff Morrell,907,Wales,Right Defensive Midfield,58.98,True
3794689,24443,Mikkel Damsgaard,776,Denmark,Left Wing,58.78,True
3794689,3517,Aaron Ramsey,907,Wales,Center Attacking Midfield,96.33,True
3794689,6399,Gareth Frank Bale,907,Wales,Right Wing,96.33,True
3794690,7745,Steven Berghuis,941,Netherlands,Right Center Forward,15.85,False
3794690,7044,Patrik Schick,912,Czech Republic,Center Forward,91.3,True
3794690,8069,Matthijs de Ligt,941,Netherlands,Center Back,96.37,True
3794690,4870,Tomáš Souček,912,Czech Republic,Left Center Midfield,96.37,True
3794690,3321,Patrick van Aanholt,941,Netherlands,Left Wing Back,80.52,True
3794690,22026,Michal Sadílek,912,Czech Republic,Center Attacking Midfield,4.58,False
3794690,13197,Tomáš Kalas,912,Czech Republic,Left Center Back,96.37,True
3794690,28239,Adam Hložek,912,Czech Republic,Left Wing,11.58,False
3794690,6994,Marten de Roon,941,Netherlands,Right Defensive Midfield,72.63,True
3794690,11541,Tomáš Vaclík,912,Czech Republic,Goalkeeper,96.37,True
3794690,16469,Tomáš Holeš,912,Czech Republic,Right Center Midfield,84.9,True
3794690,7829,Wout Weghorst,941,Netherlands,Center Forward,23.73,False
3794690,16472,Lukáš Masopust,912,Czech Republic,Right Wing,78.63,True
3794690,23452,Alex Král,912,Czech Republic,Right Center Midfield,11.47,False
3794690,23454,Petr Ševčík,912,Czech Republic,Left Wing,84.78,True
3794690,15582,Donyell Malen,941,Netherlands,Left Center Forward,56.6,True
3794690,8095,Jakub Jankto,912,Czech Republic,Right Wing,17.73,False
3794690,16037,Michael Krmenčík,912,Czech Republic,Center Forward,5.07,False
3794690,20201,Maarten Stekelenburg,941,Netherlands,Goalkeeper,96.37,True
3794690,7787,Stefan de Vrij,941,Netherlands,Right Center Back,96.37,True
3794690,2988,Memphis Depay,941,Netherlands,Right Center Forward,96.37,True
3794690,3311,Daley Blind,941,Netherlands,Left Center Back,80.53,True
3794690,3567,Georginio Wijnaldum,941,Netherlands,Center Attacking Midfield,96.37,True
3794690,13360,Quincy Anton Promes,941,Netherlands,Left Wing,39.77,False
3794690,21809,Jurriën David Norman Timber,941,Netherlands,Left Center Back,15.83,False
3794690,9397,Pavel Kadeřábek,912,Czech Republic,Left Back,96.37,True
3794690,8118,Frenkie de Jong,941,Netherlands,Left Defensive Midfield,96.37,True
3794690,30328,Ondrej Celustka,912,Czech Republic,Right Center Back,96.37,True
3794690,7801,Antonín Barák,912,Czech Republic,Center Attacking Midfield,91.78,True
3794690,16570,Vladimír Coufal,912,Czech Republic,Right Back,96.37,True
3794690,8125,Denzel Dumfries,941,Netherlands,Right Wing Back,96.37,True
3794691,3091,Moussa Sissoko,771,France,Right Midfield,41.38,False
3794691,3604,Olivier Giroud,771,France,Right Center Forward,35.38,False
3794691,16022,Christian Fassnacht,773,Switzerland,Right Midfield,49.8,False
3794691,8217,Kingsley Coman,771,France,Left Midfield,65.68,False
3794691,3099,Hugo Lloris,771,France,Goalkeeper,128.53,True
3794691,16027,Kevin Mbabu,773,Switzerland,Right Back,55.98,False
3794691,8219,Admir Mehmedi,773,Switzerland,Left Center Forward,41.77,False
3794691,2972,Marcus Thuram,771,France,Left Midfield,17.85,False
3794691,5537,Fabian Lukas Schär,773,Switzerland,Left Back,32.22,False
3794691,20004,Paul Pogba,771,France,Right Defensive Midfield,128.53,True
3794691,5543,Haris Seferović,773,Switzerland,Left Center Forward,96.32,True
3794691,5544,Ricardo Iván Rodríguez Araya,773,Switzerland,Left Center Back,86.77,True
3794691,5545,Breel-Donald Embolo,773,Switzerland,Right Center Forward,79.15,True
3794691,6826,Clément Lenglet,771,France,Center Back,45.0,True
3794691,5548,Steven Zuber,773,Switzerland,Left Wing Back,78.73,True
3794691,5549,Manuel Obafemi Akanji,773,Switzerland,Center Back,128.53,True
3794691,5550,Yann Sommer,773,Switzerland,Goalkeeper,128.53,True
3794691,3500,Granit Xhaka,773,Switzerland,Left Defensive Midfield,128.53,True
3794691,2999,Presnel Kimpembe,771,France,Left Center Back,128.53,True
3794691,3009,Kylian Mbappé Lottin,771,France,Left Center Forward,128.53,True
3794691,30401,Ruben Vargas,773,Switzerland,Left Midfield,49.38,False
3794691,6983,Remo Freuler,773,Switzerland,Right Defensive Midfield,128.53,True
3794691,5834,Mario Gavranović,773,Switzerland,Right Center Forward,56.08,False
3794691,3533,Xherdan Shaqiri,773,Switzerland,Center Attacking Midfield,72.45,True
3794691,3026,Adrien Rabiot,771,France,Left Back,128.53,True
3794691,19677,Karim Benzema,771,France,Right Center Forward,93.15,True
3794691,5476,Benjamin Pavard,771,France,Right Back,128.53,True
3794691,5485,Raphaël Varane,771,France,Right Center Back,128.53,True
3794691,8814,Nico Elvedi,773,Switzerland,Right Center Back,128.53,True
3794691,5487,Antoine Griezmann,771,France,Center Attacking Midfield,87.15,True
3794691,7796,Silvan Widmer,773,Switzerland,Right Wing Back,72.55,True
3794691,3961,N'Golo Kanté,771,France,Left Defensive Midfield,128.53,True
3794692,16514,Serhii Sydorchuk,911,Ukraine,Right Center Midfield,116.95,True
3794692,20871,Pierre Bengtsson,790,Sweden,Left Back,41.67,False
3794692,23444,Kristoffer Olsson,790,Sweden,Right Defensive Midfield,100.63,True
3794692,31900,Oleksandr Karavaev,911,Ukraine,Right Wing Back,124.43,True
3794692,7966,Filip Helander,790,Sweden,Left Center Back,23.8,False
3794692,22818,Dejan Kulusevski,790,Sweden,Right Center Forward,96.13,True
3794692,16557,Ruslan Malinovskiy,911,Ukraine,Left Center Midfield,64.3,False
3794692,21294,Mykola Shaparenko,911,Ukraine,Left Center Midfield,60.13,True
3794692,23725,Roman Bezus,911,Ukraine,Right Center Midfield,7.48,False
3794692,11000,Taras Stepanenko,911,Ukraine,Center Defensive Midfield,93.88,True
3794692,16311,Evgeny Makarenko,911,Ukraine,Center Defensive Midfield,30.55,False
3794692,18617,Mykola Matvienko,911,Ukraine,Left Center Back,124.43,True
3794692,18618,Serhiy Kryvtsov,911,Ukraine,Center Back,124.43,True
3794692,18881,Artem Besedin,911,Ukraine,Left Center Forward,10.03,False
3794692,6358,Emil Krafth,790,Sweden,Right Back,41.47,False
3794692,11098,Marcus Berg,790,Sweden,Right Defensive Midfield,27.8,False
3794692,39136,Illia Zabarnyi,911,Ukraine,Right Center Back,124.43,True
3794692,23649,Roman Yaremchuk,911,Ukraine,Left Center Forward,90.0,True
3794692,22243,Heorhii Bushchan,911,Ukraine,Goalkeeper,124.43,True
3794692,25079,Artem Dovbyk,911,Ukraine,Right Center Forward,19.43,False
3794692,8552,Robin Quaison,790,Sweden,Center Forward,28.3,False
3794692,5612,Mikael Lustig,790,Sweden,Right Back,82.97,True
3794692,5613,Viktor Claesson,790,Sweden,Right Midfield,27.68,False
3794692,5617,Sebastian Larsson,790,Sweden,Right Midfield,96.75,True
3794692,8819,Alexander Isak,790,Sweden,Left Center Forward,96.63,True
3794692,5621,Ludwig Augustinsson,790,Sweden,Left Back,82.77,True
3794692,3702,Victor Nilsson Lindelöf,790,Sweden,Right Center Back,124.43,True
3794692,3575,Oleksandr Zinchenko,911,Ukraine,Left Wing Back,124.43,True
3794692,5624,Albin Ekdal,790,Sweden,Left Defensive Midfield,124.43,True
3794692,5625,Emil Peter Forsberg,790,Sweden,Left Midfield,124.43,True
3794692,5622,Robin Olsen,790,Sweden,Goalkeeper,124.43,True
3794692,26875,Marcus Andreas Danielsson,790,Sweden,Left Center Back,124.43,True
3794692,16509,Viktor Tsygankov,911,Ukraine,Left Center Forward,24.4,False
3794692,8830,Andriy Yarmolenko,911,Ukraine,Right Center Forward,105.0,True
3795107,5632,Thorgan Hazard,782,Belgium,Left Wing Back,97.03,True
3795107,4355,Emerson Palmieri dos Santos,914,Italy,Left Back,18.03,False
3795107,3077,Jan Vertonghen,782,Belgium,Left Center Back,97.03,True
3795107,7173,Leonardo Bonucci,914,Italy,Right Center Back,97.03,True
3795107,7036,Gianluigi Donnarumma,914,Italy,Goalkeeper,97.03,True
3795107,2954,Youri Tielemans,782,Belgium,Right Defensive Midfield,68.85,True
3795107,5642,Axel Witsel,782,Belgium,Left Defensive Midfield,97.03,True
3795107,3089,Kevin De Bruyne,782,Belgium,Right Attacking Midfield,97.03,True
3795107,6993,Bryan Cristante,914,Italy,Left Center Midfield,23.4,False
3795107,3289,Romelu Lukaku Menama,782,Belgium,Center Forward,97.03,True
3795107,7002,Rafael Tolói,914,Italy,Right Wing,6.48,False
3795107,7131,Domenico Berardi,914,Italy,Left Wing,18.55,False
3795107,3166,Marco Verratti,914,Italy,Left Center Midfield,73.63,True
3795107,8286,Leonardo Spinazzola,914,Italy,Left Back,79.0,True
3795107,4831,Nacer Chadli,782,Belgium,Right Wing Back,4.17,False
3795107,23650,Jeremy Doku,782,Belgium,Left Attacking Midfield,97.03,True
3795107,20005,Toby Alderweireld,782,Belgium,Right Center Back,97.03,True
3795107,7015,Dennis Praet,782,Belgium,Left Wing Back,23.93,False
3795107,3176,Thomas Meunier,782,Belgium,Right Wing Back,68.93,True
3795107,6954,Giorgio Chiellini,914,Italy,Left Center Back,97.03,True
3795107,7788,Ciro Immobile,914,Italy,Center Forward,74.0,True
3795107,7471,Andrea Belotti,914,Italy,Center Forward,23.03,False
3795107,7024,Jorge Luiz Frello Filho,914,Italy,Center Defensive Midfield,97.03,True
3795107,7156,Federico Chiesa,914,Italy,Right Wing,90.55,True
3795107,3509,Thibaut Courtois,782,Belgium,Goalkeeper,97.03,True
3795107,8181,Nicolò Barella,914,Italy,Right Center Midfield,97.03,True
3795107,11514,Giovanni Di Lorenzo,914,Italy,Right Back,97.03,True
3795107,6332,Thomas Vermaelen,782,Belgium,Center Back,97.03,True
3795107,7037,Lorenzo Insigne,914,Italy,Left Wing,78.48,True
3795107,5630,Dries Mertens,782,Belgium,Right Attacking Midfield,28.18,False
3795108,4353,Aymeric Laporte,772,Spain,Right Center Back,127.08,True
3795108,16532,Daniel Olmo Carvajal,772,Spain,Left Wing,82.08,False
3795108,3477,Álvaro Borja Morata Martín,772,Spain,Center Forward,53.95,True
3795108,30486,Pedro González López,772,Spain,Left Center Midfield,118.75,True
3795108,16022,Christian Fassnacht,773,Switzerland,Left Wing,35.87,False
3795108,16026,Djibril Sow,773,Switzerland,Center Attacking Midfield,46.25,False
3795108,16027,Kevin Mbabu,773,Switzerland,Right Back,26.93,False
3795108,6685,Mikel Oyarzabal Ugarte,772,Spain,Right Wing,37.08,False
3795108,5537,Fabian Lukas Schär,773,Switzerland,Right Center Midfield,27.17,False
3795108,5538,Denis Lemi Zakaria Lako Lado,773,Switzerland,Right Center Midfield,99.92,True
3795108,5543,Haris Seferović,773,Switzerland,Center Forward,81.08,True
3795108,5544,Ricardo Iván Rodríguez Araya,773,Switzerland,Left Back,127.08,True
3795108,5545,Breel-Donald Embolo,773,Switzerland,Right Wing,22.28,True
3795108,5548,Steven Zuber,773,Switzerland,Left Wing,91.22,True
3795108,5549,Manuel Obafemi Akanji,773,Switzerland,Left Center Back,127.08,True
3795108,5550,Yann Sommer,773,Switzerland,Goalkeeper,127.08,True
3795108,6840,Marcos Llorente Moreno,772,Spain,Right Center Midfield,36.1,False
3795108,6720,Pablo Sarabia García,772,Spain,Left Wing,45.0,True
3795108,30401,Ruben Vargas,773,Switzerland,Right Wing,104.8,False
3795108,6983,Remo Freuler,773,Switzerland,Left Center Midfield,127.08,True
3795108,5834,Mario Gavranović,773,Switzerland,Center Forward,46.0,False
3795108,3533,Xherdan Shaqiri,773,Switzerland,Center Attacking Midfield,80.83,True
3795108,5199,Jorge Resurrección Merodio,772,Spain,Right Center Midfield,90.98,True
3795108,5203,Sergio Busquets i Burgos,772,Spain,Center Defensive Midfield,127.08,True
3795108,5208,Thiago Alcântara do Nascimento,772,Spain,Right Center Midfield,14.88,False
3795108,5211,Jordi Alba Ramos,772,Spain,Left Back,127.08,True
3795108,6748,Ferrán Torres García,772,Spain,Right Wing,90.0,True
3795108,11748,Unai Simón Mendibil,772,Spain,Goalkeeper,127.08,True
3795108,6892,Pau Francisco Torres,772,Spain,Left Center Back,112.2,True
3795108,6765,Rodrigo Hernández Cascante,772,Spain,Left Center Midfield,8.33,False
3795108,8814,Nico Elvedi,773,Switzerland,Right Center Back,127.08,True
3795108,6766,Gerard Moreno Balaguero,772,Spain,Center Forward,73.13,False
3795108,7796,Silvan Widmer,773,Switzerland,Right Back,100.15,True
3795108,3957,César Azpilicueta Tanco,772,Spain,Right Back,127.08,True
3795109,8579,Vladimír Darida,912,Czech Republic,Right Midfield,17.43,False
3795109,7044,Patrik Schick,912,Czech Republic,Center Forward,78.57,True
3795109,4870,Tomáš Souček,912,Czech Republic,Left Center Midfield,96.07,True
3795109,4875,Jan Bořil,912,Czech Republic,Left Back,96.07,True
3795109,13197,Tomáš Kalas,912,Czech Republic,Left Center Back,96.07,True
3795109,6797,Daniel Wass,776,Denmark,Right Wing Back,26.05,False
3795109,5524,Jens Stryger Larsen,776,Denmark,Right Wing Back,70.02,True
3795109,11541,Tomáš Vaclík,912,Czech Republic,Goalkeeper,96.07,True
3795109,5527,Thomas Delaney,776,Denmark,Left Defensive Midfield,80.78,True
3795109,5534,Simon Thorup Kjær,776,Denmark,Center Back,96.07,True
3795109,23454,Petr Ševčík,912,Czech Republic,Left Wing,78.63,True
3795109,6302,Kasper Dolberg,776,Denmark,Center Forward,58.82,True
3795109,8095,Jakub Jankto,912,Czech Republic,Left Midfield,51.07,False
3795109,5536,Yussuf Yurary Poulsen,776,Denmark,Left Center Forward,37.25,False
3795109,18722,Mathias Jensen,776,Denmark,Left Center Midfield,15.28,False
3795109,16037,Michael Krmenčík,912,Czech Republic,Right Center Forward,51.07,False
3795109,16554,Joakim Mæhle,776,Denmark,Left Wing Back,96.07,True
3795109,8247,Joachim Andersen,776,Denmark,Right Center Back,15.72,False
3795109,7097,Christian Nørgaard,776,Denmark,Center Defensive Midfield,36.93,False
3795109,16570,Vladimír Coufal,912,Czech Republic,Right Back,96.07,True
3795109,4809,Matěj Vydra,912,Czech Republic,Left Center Forward,17.5,False
3795109,16469,Tomáš Holeš,912,Czech Republic,Right Center Midfield,45.0,True
3795109,16472,Lukáš Masopust,912,Czech Republic,Right Wing,45.0,True
3795109,4447,Martin Braithwaite Christensen,776,Denmark,Left Attacking Midfield,96.07,True
3795109,27622,Jakub Brabec,912,Czech Republic,Right Center Back,31.65,False
3795109,3815,Kasper Schmeichel,776,Denmark,Goalkeeper,96.07,True
3795109,8815,Jannik Vestergaard,776,Denmark,Left Center Back,96.07,True
3795109,3570,Pierre-Emile Højbjerg,776,Denmark,Right Defensive Midfield,96.07,True
3795109,3959,Andreas Christensen,776,Denmark,Right Center Back,80.35,True
3795109,30328,Ondrej Celustka,912,Czech Republic,Right Center Back,64.42,True
3795109,7801,Antonín Barák,912,Czech Republic,Left Defensive Midfield,96.07,True
3795109,24443,Mikkel Damsgaard,776,Denmark,Right Attacking Midfield,59.13,True
3795187,16514,Serhii Sydorchuk,911,Ukraine,Center Defensive Midfield,63.38,True
3795187,3205,Kyle Walker,768,England,Right Back,90.08,True
3795187,12423,Jadon Sancho,768,England,Right Wing,90.08,True
3795187,3336,Harry Maguire,768,England,Left Center Back,90.08,True
3795187,10955,Harry Kane,768,England,Center Forward,72.7,True
3795187,3468,Jordan Pickford,768,England,Goalkeeper,90.08,True
3795187,3532,Jordan Brian Henderson,768,England,Left Defensive Midfield,33.67,False
3795187,3470,Dominic Calvert-Lewin,768,England,Center Forward,17.38,False
3795187,16311,Evgeny Makarenko,911,Ukraine,Center Defensive Midfield,26.7,False
3795187,20827,Vitalii Mykolenko,911,Ukraine,Left Back,90.08,True
3795187,31900,Oleksandr Karavaev,911,Ukraine,Right Back,90.08,True
3795187,39136,Illia Zabarnyi,911,Ukraine,Right Center Back,90.08,True
3795187,3233,Raheem Sterling,768,England,Left Wing,64.33,True
3795187,23649,Roman Yaremchuk,911,Ukraine,Center Forward,90.08,True
3795187,7843,Mason Mount,768,England,Center Attacking Midfield,90.08,True
3795187,4706,Kalvin Phillips,768,England,Right Defensive Midfield,64.92,True
3795187,22243,Heorhii Bushchan,911,Ukraine,Goalkeeper,90.08,True
3795187,30714,Jude Bellingham,768,England,Right Defensive Midfield,25.17,False
3795187,3943,Declan Rice,768,England,Left Defensive Midfield,56.42,True
3795187,3244,John Stones,768,England,Right Center Back,90.08,True
3795187,3308,Kieran Trippier,768,England,Left Back,26.02,False
3795187,21294,Mykola Shaparenko,911,Ukraine,Right Center Midfield,90.08,True
3795187,3382,Luke Shaw,768,England,Left Back,64.07,True
3795187,3575,Oleksandr Zinchenko,911,Ukraine,Left Center Midfield,90.08,True
3795187,3318,Marcus Rashford,768,England,Left Wing,25.75,False
3795187,18617,Mykola Matvienko,911,Ukraine,Left Center Back,90.08,True
3795187,18618,Serhiy Kryvtsov,911,Ukraine,Center Back,34.98,True
3795187,16509,Viktor Tsygankov,911,Ukraine,Left Wing,55.1,False
3795187,8830,Andriy Yarmolenko,911,Ukraine,Right Wing,90.08,True
3795220,4353,Aymeric Laporte,772,Spain,Left Center Back,126.05,True
3795220,4355,Emerson Palmieri dos Santos,914,Italy,Left Back,73.18,True
3795220,7173,Leonardo Bonucci,914,Italy,Right Center Back,126.05,True
3795220,16532,Daniel Olmo Carvajal,772,Spain,Center Forward,126.05,True
3795220,3477,Álvaro Borja Morata Martín,772,Spain,Center Forward,64.73,False
3795220,30486,Pedro González López,772,Spain,Left Center Midfield,126.05,True
3795220,6685,Mikel Oyarzabal Ugarte,772,Spain,Right Wing,69.3,True
3795220,6954,Giorgio Chiellini,914,Italy,Left Center Back,126.05,True
3795220,7471,Andrea Belotti,914,Italy,Center Forward,41.75,False
3795220,6840,Marcos Llorente Moreno,772,Spain,Right Back,41.03,False
3795220,5199,Jorge Resurrección Merodio,772,Spain,Right Center Midfield,69.32,True
3795220,31953,Eric García Martret,772,Spain,Right Center Back,108.7,True
3795220,11601,Matteo Pessina,914,Italy,Left Center Midfield,52.88,False
3795220,5203,Sergio Busquets i Burgos,772,Spain,Center Defensive Midfield,105.0,True
3795220,5208,Thiago Alcântara do Nascimento,772,Spain,Center Defensive Midfield,21.05,False
3795220,7002,Rafael Tolói,914,Italy,Right Back,52.87,False
3795220,5211,Jordi Alba Ramos,772,Spain,Left Back,126.05,True
3795220,6748,Ferrán Torres García,772,Spain,Left Wing,61.32,True
3795220,7131,Domenico Berardi,914,Italy,Right Wing,64.73,False
3795220,3166,Marco Verratti,914,Italy,Left Center Midfield,73.17,True
3795220,7777,Federico Bernardeschi,914,Italy,Left Wing,19.48,False
3795220,11748,Unai Simón Mendibil,772,Spain,Goalkeeper,126.05,True
3795220,7788,Ciro Immobile,914,Italy,Center Forward,61.32,True
3795220,6765,Rodrigo Hernández Cascante,772,Spain,Right Center Midfield,56.73,False
3795220,6766,Gerard Moreno Balaguero,772,Spain,Right Wing,56.75,False
3795220,6892,Pau Francisco Torres,772,Spain,Left Center Back,17.35,False
3795220,7024,Jorge Luiz Frello Filho,914,Italy,Center Defensive Midfield,126.05,True
3795220,7156,Federico Chiesa,914,Italy,Right Wing,106.57,True
3795220,8181,Nicolò Barella,914,Italy,Right Center Midfield,84.37,True
3795220,3957,César Azpilicueta Tanco,772,Spain,Right Back,85.02,True
3795220,11514,Giovanni Di Lorenzo,914,Italy,Right Back,126.05,True
3795220,7036,Gianluigi Donnarumma,914,Italy,Goalkeeper,126.05,True
3795220,7037,Lorenzo Insigne,914,Italy,Left Wing,84.3,True
3795220,7038,Manuel Locatelli,914,Italy,Right Center Midfield,41.68,False
3795221,4354,Philip Foden,768,England,Left Attacking Midfield,26.15,False
3795221,3205,Kyle Walker,768,England,Right Back,121.1,True
3795221,3336,Harry Maguire,768,England,Left Center Back,121.1,True
3795221,3468,Jordan Pickford,768,England,Goalkeeper,121.1,True
3795221,6797,Daniel Wass,776,Denmark,Right Wing Back,54.58,False
3795221,21261,Jonas Older Wind,776,Denmark,Center Forward,15.9,False
3795221,5524,Jens Stryger Larsen,776,Denmark,Right Wing Back,66.52,True
3795221,5527,Thomas Delaney,776,Denmark,Left Defensive Midfield,87.23,True
3795221,5534,Simon Thorup Kjær,776,Denmark,Center Back,121.1,True
3795221,6302,Kasper Dolberg,776,Denmark,Center Forward,67.22,True
3795221,5536,Yussuf Yurary Poulsen,776,Denmark,Left Center Forward,53.9,False
3795221,3233,Raheem Sterling,768,England,Left Wing,121.1,True
3795221,18722,Mathias Jensen,776,Denmark,Right Center Midfield,33.87,False
3795221,7843,Mason Mount,768,England,Center Attacking Midfield,94.95,True
3795221,9638,Jack Grealish,768,England,Left Wing,36.37,False
3795221,16554,Joakim Mæhle,776,Denmark,Left Wing Back,121.1,True
3795221,3244,John Stones,768,England,Right Center Back,121.1,True
3795221,3382,Luke Shaw,768,England,Left Back,121.1,True
3795221,8247,Joachim Andersen,776,Denmark,Left Center Back,42.77,False
3795221,7097,Christian Nørgaard,776,Denmark,Center Defensive Midfield,53.88,False
3795221,22084,Bukayo Saka,768,England,Right Wing,68.63,True
3795221,10955,Harry Kane,768,England,Center Forward,121.1,True
3795221,3532,Jordan Brian Henderson,768,England,Right Defensive Midfield,26.15,False
3795221,4447,Martin Braithwaite Christensen,776,Denmark,Right Wing,121.1,True
3795221,4706,Kalvin Phillips,768,England,Right Defensive Midfield,121.1,True
3795221,3943,Declan Rice,768,England,Left Defensive Midfield,94.95,True
3795221,3815,Kasper Schmeichel,776,Denmark,Goalkeeper,121.1,True
3795221,3308,Kieran Trippier,768,England,Right Wing Back,16.1,False
3795221,8815,Jannik Vestergaard,776,Denmark,Left Center Back,105.2,True
3795221,3570,Pierre-Emile Højbjerg,776,Denmark,Right Defensive Midfield,121.1,True
3795221,3959,Andreas Christensen,776,Denmark,Right Center Back,78.33,True
3795221,24443,Mikkel Damsgaard,776,Denmark,Left Wing,67.2,True
3795506,4355,Emerson Palmieri dos Santos,914,Italy,Left Back,117.22,True
3795506,7173,Leonardo Bonucci,914,Italy,Right Center Back,127.75,True
3795506,3205,Kyle Walker,768,England,Right Back,119.75,True
3795506,12423,Jadon Sancho,768,England,Right Center Midfield,8.0,False
3795506,3336,Harry Maguire,768,England,Left Center Back,127.75,True
3795506,3468,Jordan Pickford,768,England,Goalkeeper,127.75,True
3795506,3233,Raheem Sterling,768,England,Right Attacking Midfield,127.75,True
3795506,7843,Mason Mount,768,England,Left Attacking Midfield,98.82,True
3795506,9638,Jack Grealish,768,England,Left Wing,28.93,False
3795506,6954,Giorgio Chiellini,914,Italy,Left Center Back,127.75,True
3795506,3244,John Stones,768,England,Right Center Back,127.75,True
3795506,7471,Andrea Belotti,914,Italy,Center Forward,37.75,False
3795506,6964,Alessandro Florenzi,914,Italy,Left Back,10.53,False
3795506,3382,Luke Shaw,768,England,Left Wing Back,127.75,True
3795506,22084,Bukayo Saka,768,England,Right Wing,57.82,False
3795506,10955,Harry Kane,768,England,Center Forward,127.75,True
3795506,3532,Jordan Brian Henderson,768,England,Right Center Midfield,46.1,False
3795506,6993,Bryan Cristante,914,Italy,Right Center Midfield,73.78,False
3795506,7131,Domenico Berardi,914,Italy,Right Wing,73.57,False
3795506,3166,Marco Verratti,914,Italy,Left Center Midfield,95.93,True
3795506,7777,Federico Bernardeschi,914,Italy,Left Wing,42.27,False
3795506,4706,Kalvin Phillips,768,England,Right Defensive Midfield,127.75,True
3795506,3943,Declan Rice,768,England,Left Defensive Midfield,73.42,True
3795506,7788,Ciro Immobile,914,Italy,Center Forward,54.18,True
3795506,3308,Kieran Trippier,768,England,Right Wing Back,69.93,True
3795506,7024,Jorge Luiz Frello Filho,914,Italy,Center Defensive Midfield,127.75,True
3795506,7156,Federico Chiesa,914,Italy,Right Wing,85.48,True
3795506,8181,Nicolò Barella,914,Italy,Right Center Midfield,53.97,True
3795506,3318,Marcus Rashford,768,England,Left Defensive Midfield,8.23,False
3795506,11514,Giovanni Di Lorenzo,914,Italy,Right Back,127.75,True
3795506,7036,Gianluigi Donnarumma,914,Italy,Goalkeeper,127.75,True
3795506,7037,Lorenzo Insigne,914,Italy,Left Wing,90.0,True
3795506,7038,Manuel Locatelli,914,Italy,Left Center Midfield,31.82,False
3857254,32450,Montassar Omar Talbi,777,Tunisia,Left Center Back,97.6,True
3857254,35592,Anis Ben Slimane,777,Tunisia,Right Wing,66.72,True
3857254,3959,Andreas Christensen,776,Denmark,Left Center Back,97.6,True
3857254,17042,Andreas Skov Olsen,776,Denmark,Right Center Forward,64.47,True
3857254,5651,Yassine Meriah,777,Tunisia,Center Back,97.6,True
3857254,9236,Mohamed Dräger,777,Tunisia,Right Wing Back,87.28,True
3857254,8247,Joachim Andersen,776,Denmark,Right Center Back,97.6,True
3857254,5650,Ferjani Sassi,777,Tunisia,Left Defensive Midfield,9.83,False
3857254,5527,Thomas Delaney,776,Denmark,Center Defensive Midfield,45.53,True
3857254,5655,Dylan Daniel Mahmoud Bronn,777,Tunisia,Right Center Back,97.6,True
3857254,105943,Aymen Dahmen,777,Tunisia,Goalkeeper,97.6,True
3857254,30681,Ali Abdi,777,Tunisia,Left Wing Back,97.6,True
3857254,44955,Aïssa Bilal Laïdouni,777,Tunisia,Left Defensive Midfield,87.77,True
3857254,128793,Taha Yassine Khenissi,777,Tunisia,Center Forward,17.58,False
3857254,105944,Wajdi Kechrida,777,Tunisia,Right Wing Back,10.32,False
3857254,5534,Simon Thorup Kjær,776,Denmark,Center Back,63.98,True
3857254,6302,Kasper Dolberg,776,Denmark,Left Center Forward,64.47,True
3857254,16352,Issam Jebali,777,Tunisia,Center Forward,80.02,True
3857254,18722,Mathias Jensen,776,Denmark,Left Defensive Midfield,33.62,False
3857254,3043,Christian Dannemann Eriksen,776,Denmark,Left Center Midfield,97.6,True
3857254,5732,Andreas Evald Cornelius,776,Denmark,Center Forward,33.13,False
3857254,3557,Naïm Sliti,777,Tunisia,Left Wing,30.88,False
3857254,23910,Youssef Msakni,777,Tunisia,Left Wing,79.78,True
3857254,3815,Kasper Schmeichel,776,Denmark,Goalkeeper,97.6,True
3857254,16554,Joakim Mæhle,776,Denmark,Left Wing Back,97.6,True
3857254,50988,Hannibal Mejbri,777,Tunisia,Right Wing,17.82,False
3857254,27569,Jesper Lindstrøm,776,Denmark,Right Wing,33.13,False
3857254,3570,Pierre-Emile Højbjerg,776,Denmark,Right Center Midfield,97.6,True
3857254,3767,Ellyes Joris Skhiri,777,Tunisia,Right Defensive Midfield,97.6,True
3857254,24443,Mikkel Damsgaard,776,Denmark,Left Wing,52.07,False
3857254,16190,Rasmus Nissen Kristensen,776,Denmark,Right Wing Back,97.6,True
3857255,16532,Daniel Olmo Carvajal,772,Spain,Left Wing,97.02,True
3857255,3477,Álvaro Borja Morata Martín,772,Spain,Center Forward,56.28,True
3857255,30486,Pedro González López,772,Spain,Left Center Midfield,97.02,True
3857255,29595,Ko Itakura,778,Japan,Right Center Back,97.02,True
3857255,30628,Daizen Maeda,778,Japan,Center Forward,61.03,True
3857255,30756,Anssumane Fati,772,Spain,Left Wing,29.8,False
3857255,8361,Ritsu Doan,778,Japan,Right Wing,52.02,False
3857255,23721,Wataru Endo,778,Japan,Right Defensive Midfield,10.52,False
3857255,23730,Takehiro Tomiyasu,778,Japan,Right Wing Back,28.2,False
3857255,5690,Yuto Nagatomo,778,Japan,Left Wing Back,45.0,True
3857255,9411,Daichi Kamada,778,Japan,Left Wing,68.82,True
3857255,5203,Sergio Busquets i Burgos,772,Spain,Center Defensive Midfield,97.02,True
3857255,5719,Marco Asensio Willemsen,772,Spain,Right Wing,40.73,False
3857255,37208,Ao Tanaka,778,Japan,Right Defensive Midfield,86.5,True
3857255,5721,Daniel Carvajal Ramos,772,Spain,Right Back,52.02,False
3857255,37211,Kaoru Mitoma,778,Japan,Left Wing Back,52.02,False
3857255,6748,Ferrán Torres García,772,Spain,Right Wing,40.92,False
3857255,5211,Jordi Alba Ramos,772,Spain,Left Back,28.12,False
3857255,68574,Nicholas Williams Arthuer,772,Spain,Right Wing,56.1,True
3857255,37215,Shogo Taniguchi,778,Japan,Left Center Back,97.02,True
3857255,3300,Maya Yoshida,778,Japan,Center Back,97.02,True
3857255,37221,Hidemasa Morita,778,Japan,Left Defensive Midfield,97.02,True
3857255,11748,Unai Simón Mendibil,772,Spain,Goalkeeper,97.02,True
3857255,23527,Junya Ito,778,Japan,Right Wing Back,97.02,True
3857255,133353,Pablo Martín Páez Gavira,772,Spain,Right Center Midfield,67.22,True
3857255,6892,Pau Francisco Torres,772,Spain,Left Center Back,97.02,True
3857255,6765,Rodrigo Hernández Cascante,772,Spain,Right Center Back,97.02,True
3857255,31090,Takefusa Kubo,778,Japan,Right Wing,45.0,True
3857255,3957,César Azpilicueta Tanco,772,Spain,Right Back,45.0,True
3857255,8949,Takuma Asano,778,Japan,Center Forward,35.98,False
3857255,25719,Shūichi Gonda,778,Japan,Goalkeeper,97.02,True
3857255,39161,Alejandro Balde Martínez,772,Spain,Left Back,68.9,True
3857256,30401,Ruben Vargas,773,Switzerland,Left Wing,82.85,True
3857256,27719,Strahinja Pavlović,786,Serbia,Left Center Back,100.3,True
3857256,6983,Remo Freuler,773,Switzerland,Right Defensive Midfield,100.3,True
3857256,3913,Edimilson Fernandes,773,Switzerland,Right Wing,32.45,False
3857256,5833,Nemanja Radonjić,786,Serbia,Right Wing Back,22.63,False
3857256,3533,Xherdan Shaqiri,773,Switzerland,Right Wing,68.28,True
3857256,7117,Filip Đuričić,786,Serbia,Center Attacking Midfield,22.72,False
3857256,29006,Noah Okafor,773,Switzerland,Center Forward,4.9,False
3857256,5589,Sergej Milinković-Savić,786,Serbia,Left Defensive Midfield,66.98,True
3857256,16022,Christian Fassnacht,773,Switzerland,Left Wing,17.45,False
3857256,5591,Filip Kostić,786,Serbia,Left Wing Back,100.3,True
3857256,16026,Djibril Sow,773,Switzerland,Center Attacking Midfield,67.85,True
3857256,6687,Saša Lukić,786,Serbia,Right Defensive Midfield,100.3,True
3857256,18015,Dušan Vlahović,786,Serbia,Right Center Forward,54.25,True
3857256,5537,Fabian Lukas Schär,773,Switzerland,Right Center Back,100.3,True
3857256,5538,Denis Lemi Zakaria Lako Lado,773,Switzerland,Right Defensive Midfield,32.02,False
3857256,5603,Nikola Milenković,786,Serbia,Right Center Back,100.3,True
3857256,5544,Ricardo Iván Rodríguez Araya,773,Switzerland,Left Back,100.3,True
3857256,5545,Breel-Donald Embolo,773,Switzerland,Center Forward,95.4,True
3857256,16489,Nemanja Gudelj,786,Serbia,Center Back,46.27,False
3857256,3500,Granit Xhaka,773,Switzerland,Left Defensive Midfield,100.3,True
3857256,4269,Aleksandar Mitrović,786,Serbia,Left Center Forward,100.3,True
3857256,6318,Andrija Živković,786,Serbia,Right Wing Back,77.67,True
3857256,5549,Manuel Obafemi Akanji,773,Switzerland,Left Center Back,100.3,True
3857256,6319,Luka Jović,786,Serbia,Right Center Forward,46.05,False
3857256,6321,Milos Veljkovic,786,Serbia,Center Back,54.03,True
3857256,7796,Silvan Widmer,773,Switzerland,Right Back,100.3,True
3857256,6901,Nemanja Maksimović,786,Serbia,Right Defensive Midfield,33.32,False
3857256,17974,Gregor Kobel,773,Switzerland,Goalkeeper,100.3,True
3857256,3831,Dušan Tadić,786,Serbia,Center Attacking Midfield,77.58,True
3857256,20600,Vanja Milinković Savić,786,Serbia,Goalkeeper,100.3,True
3857257,33477,Riley McGree,792,Australia,Right Center Forward,73.25,True
3857257,3959,Andreas Christensen,776,Denmark,Left Center Back,96.05,True
3857257,33488,Keanu Baccus,792,Australia,Right Wing,51.05,False
3857257,3281,Aaron Mooy,792,Australia,Right Defensive Midfield,96.05,True
3857257,17042,Andreas Skov Olsen,776,Denmark,Right Wing,68.93,True
3857257,33492,Mitchell Thomas Duke,792,Australia,Left Center Forward,81.87,True
3857257,22293,Harry Souttar,792,Australia,Right Center Back,96.05,True
3857257,15957,Miloš Degenek,792,Australia,Right Back,96.05,True
3857257,33495,Kye Rowles,792,Australia,Left Center Back,96.05,True
3857257,8346,Craig Goodwin,792,Australia,Left Midfield,45.0,True
3857257,8859,Ajdin Hrustic,792,Australia,Left Wing,7.92,False
3857257,6302,Kasper Dolberg,776,Denmark,Left Center Forward,37.83,False
3857257,4447,Martin Braithwaite Christensen,776,Denmark,Center Forward,58.22,True
3857257,18722,Mathias Jensen,776,Denmark,Right Center Midfield,58.5,True
3857257,3043,Christian Dannemann Eriksen,776,Denmark,Left Center Midfield,96.05,True
3857257,24547,Alexander Hartmann Bah,776,Denmark,Right Back,51.05,False
3857257,5732,Andreas Evald Cornelius,776,Denmark,Right Center Forward,26.7,False
3857257,16294,Robert Skov,776,Denmark,Left Back,27.12,False
3857257,5479,Aziz Eraltay Behich,792,Australia,Left Back,96.05,True
3857257,3240,Mathew Ryan,792,Australia,Goalkeeper,96.05,True
3857257,3815,Kasper Schmeichel,776,Denmark,Goalkeeper,96.05,True
3857257,16554,Joakim Mæhle,776,Denmark,Left Back,69.35,True
3857257,5481,Mathew Leckie,792,Australia,Right Midfield,88.13,True
3857257,22371,Bailey Wright,792,Australia,Right Center Back,22.8,False
3857257,27569,Jesper Lindstrøm,776,Denmark,Left Wing,96.05,True
3857257,5490,Jackson Irvine,792,Australia,Left Defensive Midfield,96.05,True
3857257,3570,Pierre-Emile Højbjerg,776,Denmark,Center Defensive Midfield,96.05,True
3857257,8247,Joachim Andersen,776,Denmark,Right Center Back,96.05,True
3857257,24443,Mikkel Damsgaard,776,Denmark,Right Midfield,37.55,False
3857257,9980,Jamie MacLaren,792,Australia,Center Forward,14.18,False
3857257,16190,Rasmus Nissen Kristensen,776,Denmark,Right Back,45.0,True
3857258,3202,Gabriel Fernando de Jesus,781,Brazil,Center Forward,18.82,False
3857258,25104,Rodrygo Silva de Goes,781,Brazil,Center Attacking Midfield,21.93,False
3857258,25363,Antony Matheus dos Santos,781,Brazil,Left Wing,17.98,False
3857258,4372,Marcos Aoás Corrêa,781,Brazil,Right Center Back,97.13,True
3857258,29976,Gabriel Teodoro Martinelli Silva,781,Brazil,Left Wing,10.23,False
3857258,6687,Saša Lukić,786,Serbia,Right Defensive Midfield,65.13,True
3857258,6945,Alex Sandro Lobo Silva,781,Brazil,Left Back,97.13,True
3857258,5539,Carlos Henrique Casimiro,781,Brazil,Left Defensive Midfield,97.13,True
3857258,5547,Alisson Ramsés Becker,781,Brazil,Goalkeeper,97.13,True
3857258,4269,Aleksandar Mitrović,786,Serbia,Center Forward,82.9,True
3857258,6318,Andrija Živković,786,Serbia,Right Wing Back,56.73,True
3857258,9904,Frederico Rodrigues Santos,781,Brazil,Right Defensive Midfield,22.33,False
3857258,6321,Milos Veljkovic,786,Serbia,Center Back,97.13,True
3857258,3063,Danilo Luiz da Silva,781,Brazil,Right Back,97.13,True
3857258,7993,Filip Mladenović,786,Serbia,Left Wing Back,65.32,True
3857258,27719,Strahinja Pavlović,786,Serbia,Left Center Back,97.13,True
3857258,22600,Lucas Tolentino Coelho de Lima,781,Brazil,Right Defensive Midfield,74.8,True
3857258,5833,Nemanja Radonjić,786,Serbia,Left Wing Back,40.4,False
3857258,3280,Richarlison de Andrade,781,Brazil,Center Forward,78.32,True
3857258,5589,Sergej Milinković-Savić,786,Serbia,Left Attacking Midfield,97.13,True
3857258,18395,Vinícius José Paixão de Oliveira Júnior,781,Brazil,Left Wing,75.2,True
3857258,3295,Thiago Emiliano da Silva,781,Brazil,Left Center Back,97.13,True
3857258,4320,Neymar da Silva Santos Junior,781,Brazil,Center Attacking Midfield,79.15,True
3857258,18015,Dušan Vlahović,786,Serbia,Right Center Forward,31.82,False
3857258,10595,Raphael Dias Belloli,781,Brazil,Right Wing,86.9,True
3857258,5603,Nikola Milenković,786,Serbia,Right Center Back,97.13,True
3857258,30179,Ivan Ilić,786,Serbia,Right Defensive Midfield,40.75,False
3857258,16489,Nemanja Gudelj,786,Serbia,Left Defensive Midfield,56.38,True
3857258,7145,Darko Lazović,786,Serbia,Right Wing Back,32.0,False
3857258,6901,Nemanja Maksimović,786,Serbia,Center Defensive Midfield,14.23,False
3857258,3831,Dušan Tadić,786,Serbia,Right Attacking Midfield,97.13,True
3857258,20600,Vanja Milinković Savić,786,Serbia,Goalkeeper,97.13,True
3857259,7426,Jean-Charles Castelletto,2722,Cameroon,Right Center Back,96.22,True
3857259,13454,Nouhou Tolo,2722,Cameroon,Left Back,96.22,True
3857259,8591,Samuel Yves Oum Gwet,2722,Cameroon,Left Defensive Midfield,15.9,False
3857259,6687,Saša Lukić,786,Serbia,Left Defensive Midfield,96.22,True
3857259,11174,Vincent Paté Aboubakar,2722,Cameroon,Center Attacking Midfield,41.57,False
3857259,28966,Gaël Ondoua,2722,Cameroon,Right Defensive Midfield,29.2,False
3857259,3499,Jean-Eric Maxim Choupo-Moting,2722,Cameroon,Center Forward,96.22,True
3857259,4269,Aleksandar Mitrović,786,Serbia,Center Forward,96.22,True
3857259,6318,Andrija Živković,786,Serbia,Right Wing Back,77.68,True
3857259,7472,Nicolas Alexis Julio N'Koulou Ndoubena,2722,Cameroon,Left Center Back,96.22,True
3857259,6321,Milos Veljkovic,786,Serbia,Center Back,77.73,True
3857259,18737,Srđan Babić,786,Serbia,Left Center Back,18.48,False
3857259,46903,Christian Mougang Bassogog,2722,Cameroon,Right Wing,29.23,False
3857259,3512,Marko Grujić,786,Serbia,Right Center Midfield,17.8,False
3857259,3639,Georges-Kévin Nkoudou Mbida,2722,Cameroon,Left Wing,15.87,False
3857259,30016,Martin Hongla Yma II,2722,Cameroon,Center Defensive Midfield,54.65,True
3857259,3141,André-Frank Zambo Anguissa,2722,Cameroon,Right Center Midfield,80.32,True
3857259,4935,Bryan Mbeumo,2722,Cameroon,Right Wing,80.35,True
3857259,27719,Strahinja Pavlović,786,Serbia,Left Center Back,55.42,True
3857259,5833,Nemanja Radonjić,786,Serbia,Right Wing Back,18.53,False
3857259,7117,Filip Đuričić,786,Serbia,Left Wing Back,5.33,False
3857259,12623,Pierre Kunde Malong,2722,Cameroon,Left Center Midfield,67.02,True
3857259,5589,Sergej Milinković-Savić,786,Serbia,Left Attacking Midfield,78.42,True
3857259,5591,Filip Kostić,786,Serbia,Left Wing Back,90.88,True
3857259,16346,Ngoran Suiru Fai Collins,2722,Cameroon,Right Back,96.22,True
3857259,15326,Devis Rogers Epassy Mboka,2722,Cameroon,Goalkeeper,96.22,True
3857259,3551,Karl Brillant Toko Ekambi,2722,Cameroon,Left Wing,66.98,True
3857259,5603,Nikola Milenković,786,Serbia,Right Center Back,96.22,True
3857259,10477,Stefan Mitrović,786,Serbia,Left Center Back,40.8,False
3857259,6901,Nemanja Maksimović,786,Serbia,Right Defensive Midfield,96.22,True
3857259,3831,Dušan Tadić,786,Serbia,Right Attacking Midfield,96.22,True
3857259,20600,Vanja Milinković Savić,786,Serbia,Goalkeeper,96.22,True
3857260,26368,César Jasib Montes Castro,794,Mexico,Right Center Back,97.63,True
3857260,5568,Raúl Alonso Jiménez Rodríguez,794,Mexico,Left Center Forward,21.17,False
3857260,5187,Salem Mohammed Al Dawsari,799,Saudi Arabia,Left Wing,97.63,True
3857260,5571,Hirving Rodrigo Lozano Bahena,794,Mexico,Right Wing,97.63,True
3857260,5573,Héctor Alfredo Moreno Herrera,794,Mexico,Left Center Back,97.63,True
3857260,5188,Hattan Babhir,799,Saudi Arabia,Right Wing,10.25,False
3857260,5576,Jesús Daniel Gallardo Vasconcelos,794,Mexico,Left Back,97.63,True
3857260,5577,Francisco Guillermo Ochoa Magaña,794,Mexico,Goalkeeper,97.63,True
3857260,51469,Saleh Khalid Al Shehri,799,Saudi Arabia,Right Center Forward,61.05,True
3857260,51470,Riyadh Sharahili,799,Saudi Arabia,Right Defensive Midfield,61.6,False
3857260,26318,Rogelio Gabriel Funes Mori,794,Mexico,Right Center Forward,11.78,False
3857260,5713,Mohammed Kanoo,799,Saudi Arabia,Left Center Forward,97.63,True
3857260,5714,Mohammed Khalil Al Owais,799,Saudi Arabia,Goalkeeper,97.63,True
3857260,5715,Ali Albulayhi,799,Saudi Arabia,Left Back,36.03,True
3857260,57620,Sultan Abdullah Salim Al Ghannam,799,Saudi Arabia,Right Wing Back,87.38,True
3857260,26297,Carlos Alberto Rodríguez Gómez,794,Mexico,Center Attacking Midfield,21.25,False
3857260,51094,Abdulelah Al Amri,799,Saudi Arabia,Right Center Back,97.63,True
3857260,51096,Ali Al Hassan,799,Saudi Arabia,Right Defensive Midfield,45.0,True
3857260,28825,Luis Gerardo Chávez Magallón,794,Mexico,Left Defensive Midfield,97.63,True
3857260,51546,Hassan Mohammed Al-Tambakti,799,Saudi Arabia,Left Center Back,97.63,True
3857260,51099,Firas Tariq Nasser Al Albirakan,799,Saudi Arabia,Right Midfield,97.63,True
3857260,15452,Carlos Uriel Antuna Romero,794,Mexico,Right Wing,52.63,False
3857260,51103,Abdullah Mohammed Madu,799,Saudi Arabia,Left Center Back,52.63,False
3857260,26400,Henry Josué Martín Mex,794,Mexico,Center Forward,76.47,True
3857260,30500,Kevin Nahin Álvarez Campos,794,Mexico,Right Back,11.92,False
3857260,26406,Jorge Eduardo Sánchez Ramos,794,Mexico,Right Back,85.72,True
3857260,26280,Orbelín Pineda Alvarado,794,Mexico,Center Attacking Midfield,76.38,True
3857260,51705,Abdulrahman Al-Obood,799,Saudi Arabia,Right Wing,36.58,False
3857260,26301,Ernesto Alexis Vega Rojas,794,Mexico,Left Wing,45.0,True
3857260,51710,Saud Abdullah Abdul Hamid,799,Saudi Arabia,Left Wing Back,97.63,True
3857260,5567,Edson Omar Álvarez Velázquez,794,Mexico,Right Defensive Midfield,85.85,True
3857261,4354,Phil Foden,768,England,Right Wing,94.0,True
3857261,3205,Kyle Walker,768,England,Right Back,56.83,True
3857261,3336,Harry Maguire,768,England,Left Center Back,94.0,True
3857261,3468,Jordan Pickford,768,England,Goalkeeper,94.0,True
3857261,3853,Kieffer Roberto Francisco Moore,907,Wales,Center Forward,94.0,True
3857261,3086,Ben Davies,907,Wales,Left Back,58.62,True
3857261,4767,Chris Mepham,907,Wales,Right Center Back,94.0,True
3857261,3616,Callum Wilson,768,England,Center Forward,36.9,False
3857261,4774,Connor Roberts,907,Wales,Left Back,58.07,False
3857261,9638,Jack Grealish,768,England,Left Wing,18.98,False
3857261,3244,John Stones,768,England,Right Center Back,94.0,True
3857261,10931,Joe Allen,907,Wales,Right Defensive Midfield,80.33,True
3857261,3382,Luke Shaw,768,England,Left Back,64.83,True
3857261,9914,Daniel Ward,907,Wales,Goalkeeper,94.0,True
3857261,22074,Joseff Morrell,907,Wales,Left Defensive Midfield,35.38,False
3857261,3517,Aaron Ramsey,907,Wales,Center Attacking Midfield,94.0,True
3857261,29377,Brennan Johnson,907,Wales,Right Wing,49.0,False
3857261,9540,Harry Wilson,907,Wales,Left Wing,17.75,False
3857261,4934,Ethan Ampadu,907,Wales,Left Defensive Midfield,94.0,True
3857261,10955,Harry Kane,768,England,Center Forward,57.1,True
3857261,3532,Jordan Brian Henderson,768,England,Right Center Midfield,94.0,True
3857261,3664,Trent Alexander-Arnold,768,England,Right Back,37.17,False
3857261,82257,Rubin Colwill,907,Wales,Right Defensive Midfield,13.67,False
3857261,4706,Kalvin Phillips,768,England,Center Defensive Midfield,36.78,False
3857261,3943,Declan Rice,768,England,Center Defensive Midfield,57.22,True
3857261,34794,Neco Williams,907,Wales,Right Back,35.93,True
3857261,3308,Kieran Trippier,768,England,Left Back,29.17,False
3857261,11250,Joe Rodon,907,Wales,Left Center Back,94.0,True
3857261,11252,Daniel James,907,Wales,Left Wing,76.25,True
3857261,3318,Marcus Rashford,768,England,Left Wing,75.02,True
3857261,30714,Jude Bellingham,768,England,Left Center Midfield,94.0,True
3857261,6399,Gareth Frank Bale,907,Wales,Right Wing,45.0,True
3857262,9927,Rúben Diogo Da Silva Neves,780,Portugal,Center Defensive Midfield,64.7,True
3857262,37641,Seung-Gyu Kim,791,South Korea,Goalkeeper,96.98,True
3857262,12169,João Maria Lobo Alves Palhinha Gonçalves,780,Portugal,Center Defensive Midfield,32.55,False
3857262,3083,Heung-Min Son,791,South Korea,Left Wing,96.98,True
3857262,29966,Ui-Jo Hwang,791,South Korea,Left Center Forward,15.77,False
3857262,32975,Diogo Meireles Costa,780,Portugal,Goalkeeper,96.98,True
3857262,34639,Vitor Machado Ferreira,780,Portugal,Left Center Midfield,81.22,True
3857262,23763,In-Beom Hwang,791,South Korea,Right Center Midfield,96.98,True
3857262,22740,Kang-In Lee,791,South Korea,Left Center Midfield,81.22,True
3857262,5207,Cristiano Ronaldo dos Santos Aveiro,780,Portugal,Center Forward,64.93,True
3857262,99479,Yu-Min Cho,791,South Korea,Right Center Back,4.22,False
3857262,40538,Jin-Su Kim,791,South Korea,Left Back,96.98,True
3857262,16028,José Diogo Dalot Teixeira,780,Portugal,Right Back,96.98,True
3857262,7005,João Pedro Cavaco Cancelo,780,Portugal,Left Back,96.98,True
3857262,40542,Gue-Sung Cho,791,South Korea,Center Forward,92.77,True
3857262,5214,William Silva de Carvalho,780,Portugal,Right Center Midfield,15.77,False
3857262,40672,Moon-Hwan Kim,791,South Korea,Right Back,96.98,True
3857262,5218,André Miguel Valente Silva,780,Portugal,Center Forward,32.05,False
3857262,5604,Young-Gwon Kim,791,South Korea,Left Center Back,80.52,True
3857262,40874,Matheus Luiz Nunes,780,Portugal,Right Center Midfield,64.43,True
3857262,143854,António João Pereira Albuquerque Tavares Silva,780,Portugal,Left Center Back,96.98,True
3857262,40558,Jun-Ho Son,791,South Korea,Left Defensive Midfield,16.47,False
3857262,20016,Kléper Laveran Lima Ferreira,780,Portugal,Right Center Back,96.98,True
3857262,4272,João Mário Naval da Costa Eduardo,780,Portugal,Left Wing,81.22,True
3857262,5618,Woo-Young Jung,791,South Korea,Center Defensive Midfield,96.98,True
3857262,40564,Kyung-Won Kwon,791,South Korea,Right Center Back,96.98,True
3857262,10868,Ricardo Jorge Luz Horta,780,Portugal,Right Wing,96.98,True
3857262,5620,Hee-Chan Hwang,791,South Korea,Left Wing,31.6,False
3857262,5623,Jae-Sung Lee,791,South Korea,Right Wing,65.38,True
3857262,18360,Rafael Alexandre Conceição Leão,780,Portugal,Left Wing,32.28,False
3857262,3193,Bernardo Mota Veiga de Carvalho e Silva,780,Portugal,Left Center Midfield,15.77,False
3857263,4353,Aymeric Laporte,772,Spain,Left Center Back,95.82,True
3857263,12034,David Raum,770,Germany,Left Back,86.28,True
3857263,5570,Manuel Neuer,770,Germany,Goalkeeper,95.82,True
3857263,5579,Joshua Kimmich,770,Germany,Right Defensive Midfield,95.82,True
3857263,39565,Jamal Musiala,770,Germany,Left Wing,95.82,True
3857263,5199,Jorge Resurrección Merodio,772,Spain,Right Center Midfield,30.58,False
3857263,8400,Serge Gnabry,770,Germany,Right Wing,84.28,True
3857263,5203,Sergio Busquets i Burgos,772,Spain,Center Defensive Midfield,95.82,True
3857263,16532,Daniel Olmo Carvajal,772,Spain,Left Wing,95.82,True
3857263,3477,Álvaro Borja Morata Martín,772,Spain,Center Forward,42.4,False
3857263,30486,Pedro González López,772,Spain,Left Center Midfield,95.82,True
3857263,5719,Marco Asensio Willemsen,772,Spain,Center Forward,65.23,True
3857263,5721,Daniel Carvajal Ramos,772,Spain,Right Back,95.82,True
3857263,5211,Jordi Alba Ramos,772,Spain,Left Back,81.85,True
3857263,6748,Ferrán Torres García,772,Spain,Right Wing,53.42,True
3857263,68574,Nicholas Williams Arthuer,772,Spain,Right Wing,30.2,False
3857263,3167,Antonio Rüdiger,770,Germany,Left Center Back,95.82,True
3857263,8546,Niclas Füllkrug,770,Germany,Center Forward,26.57,False
3857263,11748,Unai Simón Mendibil,772,Spain,Goalkeeper,95.82,True
3857263,8804,Jonas Hofmann,770,Germany,Left Wing,11.53,False
3857263,133353,Pablo Martín Páez Gavira,772,Spain,Right Center Midfield,65.62,True
3857263,6765,Rodrigo Hernández Cascante,772,Spain,Right Center Back,95.82,True
3857263,3053,Leroy Sané,770,Germany,Right Wing,26.78,False
3857263,10287,İlkay Gündoğan,770,Germany,Center Attacking Midfield,69.03,True
3857263,6322,Niklas Süle,770,Germany,Right Center Back,95.82,True
3857263,6324,Leon Goretzka,770,Germany,Left Defensive Midfield,95.82,True
3857263,24118,Nico Schlotterbeck,770,Germany,Left Back,9.53,False
3857263,39161,Alejandro Balde Martínez,772,Spain,Left Back,13.97,False
3857263,5562,Thomas Müller,770,Germany,Center Forward,69.25,True
3857263,8507,Lukas Klostermann,770,Germany,Right Back,26.48,False
3857263,8511,Thilo Kehrer,770,Germany,Right Back,69.33,True
3857264,5507,Nicolás Alejandro Tagliafico,779,Argentina,Left Wing Back,37.57,False
3857264,8836,Karol Świderski,789,Poland,Left Center Forward,45.0,True
3857264,44166,Jakub Piotr Kiwior,789,Poland,Left Center Back,96.02,True
3857264,8714,Damian Szymański,789,Poland,Right Defensive Midfield,34.27,False
3857264,19597,Marcos Javier Acuña,779,Argentina,Left Back,58.45,True
3857264,29201,Nahuel Molina Lucero,779,Argentina,Right Back,96.02,True
3857264,3090,Nicolás Hernán Otamendi,779,Argentina,Left Center Back,96.02,True
3857264,5660,Piotr Zieliński,789,Poland,Right Midfield,96.02,True
3857264,5668,Robert Lewandowski,789,Poland,Right Center Forward,96.02,True
3857264,5669,Wojciech Szczęsny,789,Poland,Goalkeeper,96.02,True
3857264,28453,Michał Skóraś,789,Poland,Right Midfield,51.02,False
3857264,5673,Bartosz Bereszyński,789,Poland,Left Back,72.0,True
3857264,7979,Przemysław Frankowski,789,Poland,Left Midfield,45.0,True
3857264,2995,Ángel Fabián Di María Hernández,779,Argentina,Right Wing,58.3,True
3857264,16308,Leandro Daniel Paredes,779,Argentina,Left Defensive Midfield,37.72,False
3857264,3637,Grzegorz Krychowiak,789,Poland,Left Defensive Midfield,82.95,True
3857264,38718,Enzo Fernandez,779,Argentina,Center Defensive Midfield,78.4,True
3857264,11456,Lautaro Javier Martínez,779,Argentina,Center Forward,17.93,False
3857264,4685,Artur Jędrzejczyk,789,Poland,Left Back,24.02,False
3857264,12493,Krzysztof Piątek,789,Poland,Right Center Forward,13.07,False
3857264,31955,Jakub Kamiński,789,Poland,Left Midfield,51.02,False
3857264,11737,Krystian Bielik,789,Poland,Right Defensive Midfield,61.75,True
3857264,3034,Kamil Glik,789,Poland,Right Center Back,96.02,True
3857264,20572,Cristian Gabriel Romero,779,Argentina,Right Center Back,96.02,True
3857264,28637,Thiago Ezequiel Almada,779,Argentina,Left Wing,13.23,False
3857264,27886,Alexis Mac Allister,779,Argentina,Left Center Midfield,82.78,True
3857264,7797,Rodrigo Javier De Paul,779,Argentina,Right Center Midfield,96.02,True
3857264,29560,Julián Álvarez,779,Argentina,Left Wing,78.08,True
3857264,7161,Germán Alejandro Pezzella,779,Argentina,Center Back,17.62,False
3857264,6909,Damián Emiliano Martínez,779,Argentina,Goalkeeper,96.02,True
3857264,4734,Matty Cash,789,Poland,Right Back,96.02,True
3857264,5503,Lionel Andrés Messi Cuccittini,779,Argentina,Center Forward,96.02,True
3857265,26368,César Jasib Montes Castro,794,Mexico,Right Center Back,97.38,True
3857265,5568,Raúl Alonso Jiménez Rodríguez,794,Mexico,Center Forward,27.08,False
3857265,5571,Hirving Rodrigo Lozano Bahena,794,Mexico,Right Wing,97.38,True
3857265,5573,Héctor Alfredo Moreno Herrera,794,Mexico,Left Center Back,97.38,True
3857265,44166,Jakub Piotr Kiwior,789,Poland,Left Center Back,97.38,True
3857265,50502,Nicola Zalewski,789,Poland,Left Midfield,45.0,True
3857265,5575,Héctor Miguel Herrera López,794,Mexico,Right Center Midfield,70.25,True
3857265,5576,Jesús Daniel Gallardo Vasconcelos,794,Mexico,Left Back,97.38,True
3857265,5577,Francisco Guillermo Ochoa Magaña,794,Mexico,Goalkeeper,97.38,True
3857265,31955,Jakub Kamiński,789,Poland,Right Midfield,97.38,True
3857265,28825,Luis Gerardo Chávez Magallón,794,Mexico,Left Center Midfield,97.38,True
3857265,3034,Kamil Glik,789,Poland,Right Center Back,97.38,True
3857265,11737,Krystian Bielik,789,Poland,Left Defensive Midfield,52.38,False
3857265,5660,Piotr Zieliński,789,Poland,Right Center Midfield,87.0,True
3857265,15452,Carlos Uriel Antuna Romero,794,Mexico,Right Wing,13.58,False
3857265,26400,Henry Josué Martín Mex,794,Mexico,Center Forward,70.3,True
3857265,5665,Arkadiusz Milik,789,Poland,Right Center Forward,10.38,False
3857265,5668,Robert Lewandowski,789,Poland,Center Forward,97.38,True
3857265,5669,Wojciech Szczęsny,789,Poland,Goalkeeper,97.38,True
3857265,26406,Jorge Eduardo Sánchez Ramos,794,Mexico,Right Back,97.38,True
3857265,5673,Bartosz Bereszyński,789,Poland,Left Back,97.38,True
3857265,7979,Przemysław Frankowski,789,Poland,Left Midfield,26.22,False
3857265,3637,Grzegorz Krychowiak,789,Poland,Center Defensive Midfield,97.38,True
3857265,4664,Sebastian Szymański,789,Poland,Left Center Midfield,71.17,True
3857265,26297,Carlos Alberto Rodríguez Gómez,794,Mexico,Right Center Midfield,27.13,False
3857265,26301,Ernesto Alexis Vega Rojas,794,Mexico,Left Wing,83.8,True
3857265,4734,Matty Cash,789,Poland,Right Back,97.38,True
3857265,5567,Edson Omar Álvarez Velázquez,794,Mexico,Center Defensive Midfield,97.38,True
3857266,3009,Kylian Mbappé Lottin,771,France,Left Wing,97.15,True
3857266,8519,Dayotchanculle Upamecano,771,France,Left Center Back,97.15,True
3857266,3959,Andreas Christensen,776,Denmark,Center Back,97.15,True
3857266,3026,Adrien Rabiot,771,France,Left Defensive Midfield,97.15,True
3857266,17043,Victor Nelsson,776,Denmark,Left Center Back,97.15,True
3857266,3604,Olivier Giroud,771,France,Center Forward,61.98,True
3857266,11990,Youssouf Fofana,771,France,Left Center Midfield,4.93,False
3857266,8217,Kingsley Coman,771,France,Right Wing,22.98,False
3857266,3099,Hugo Lloris,771,France,Goalkeeper,97.15,True
3857266,2972,Marcus Thuram,771,France,Center Forward,35.17,False
3857266,4445,Jules Koundé,771,France,Right Back,97.15,True
3857266,6302,Kasper Dolberg,776,Denmark,Left Center Forward,24.2,False
3857266,4447,Martin Braithwaite Christensen,776,Denmark,Center Forward,52.15,False
3857266,3043,Christian Dannemann Eriksen,776,Denmark,Left Defensive Midfield,97.15,True
3857266,5732,Andreas Evald Cornelius,776,Denmark,Center Forward,45.0,True
3857266,5477,Ousmane Dembélé,771,France,Right Wing,74.17,True
3857266,24547,Alexander Hartmann Bah,776,Denmark,Right Wing Back,5.53,False
3857266,3815,Kasper Schmeichel,776,Denmark,Goalkeeper,97.15,True
3857266,16554,Joakim Mæhle,776,Denmark,Left Wing Back,97.15,True
3857266,5485,Raphaël Varane,771,France,Right Center Back,73.85,True
3857266,5487,Antoine Griezmann,771,France,Center Attacking Midfield,92.22,True
3857266,6704,Theo Bernard François Hernández,771,France,Left Back,97.15,True
3857266,27569,Jesper Lindstrøm,776,Denmark,Right Wing,84.27,True
3857266,10481,Aurélien Djani Tchouaméni,771,France,Right Defensive Midfield,97.15,True
3857266,3570,Pierre-Emile Højbjerg,776,Denmark,Right Defensive Midfield,97.15,True
3857266,8247,Joachim Andersen,776,Denmark,Right Center Back,97.15,True
3857266,7097,Christian Nørgaard,776,Denmark,Center Defensive Midfield,12.88,False
3857266,24443,Mikkel Damsgaard,776,Denmark,Left Wing,72.95,True
3857266,16190,Rasmus Nissen Kristensen,776,Denmark,Right Wing Back,91.62,True
3857266,11135,Ibrahima Konaté,771,France,Right Center Back,23.3,False
3857267,51969,Jackson Gabriel Porozo Vernaza,3565,Ecuador,Right Back,12.17,False
3857267,20611,Boulaye Dia,787,Senegal,Center Forward,94.72,True
3857267,31751,Pathé Ismaël Ciss,787,Senegal,Right Defensive Midfield,73.85,True
3857267,3404,Youssouf Sabaly,787,Senegal,Right Back,96.93,True
3857267,28559,Enner Remberto Valencia Lastra,3565,Ecuador,Left Wing,96.93,True
3857267,37522,Hernán Ismael Galíndez,3565,Ecuador,Goalkeeper,96.93,True
3857267,32915,Ismail Jakobs,787,Senegal,Left Back,96.93,True
3857267,7379,Edouard Mendy,787,Senegal,Goalkeeper,96.93,True
3857267,24085,Pervis Josué Estupiñán Tenorio,3565,Ecuador,Left Back,96.93,True
3857267,40211,Jeremy Leonel Sarmiento Morante,3565,Ecuador,Left Midfield,51.93,False
3857267,91090,Djorkaeff Neicer Reasco González,3565,Ecuador,Right Center Forward,33.67,False
3857267,4506,Nampalys Mendy,787,Senegal,Right Defensive Midfield,23.08,False
3857267,34396,Michael Steveen Estrada Martínez,3565,Ecuador,Center Forward,63.27,True
3857267,37726,Moisés Isaac Caicedo Corozo,3565,Ecuador,Left Defensive Midfield,96.93,True
3857267,30111,Felix Eduardo Torres Caicedo,3565,Ecuador,Right Center Back,96.93,True
3857267,21026,Pape Gueye,787,Senegal,Left Defensive Midfield,96.93,True
3857267,15970,Pape Abou Cissé,787,Senegal,Right Center Back,2.22,False
3857267,80484,Iliman Ndiaye,787,Senegal,Right Wing,74.05,True
3857267,12583,Carlos Armando Gruezo Arboleda,3565,Ecuador,Center Defensive Midfield,45.0,True
3857267,37737,Angelo Smit Preciado Quiñónez,3565,Ecuador,Right Back,84.77,True
3857267,8553,Abdou Diallo,787,Senegal,Left Center Back,96.93,True
3857267,5675,Kalidou Koulibaly,787,Senegal,Right Center Back,96.93,True
3857267,3436,Idrissa Gana Gueye,787,Senegal,Center Attacking Midfield,96.93,True
3857267,31152,Gonzalo Jordy Plata Jiménez,3565,Ecuador,Right Midfield,96.93,True
3857267,38004,Piero Martín Hincapié Reyna,3565,Ecuador,Left Center Back,96.93,True
3857267,36148,José Adoni Cifuentes Charcopa,3565,Ecuador,Right Defensive Midfield,51.93,False
3857267,37945,Alan Steven Franco Palma,3565,Ecuador,Right Center Midfield,45.0,True
3857267,88123,Cheikh Ahmadou Bamba Mbacke Dieng,787,Senegal,Center Forward,22.88,False
3857267,2941,Ismaïla Sarr,787,Senegal,Left Wing,96.93,True
3857268,5633,Yannick Ferreira Carrasco,782,Belgium,Left Wing Back,45.0,True
3857268,3457,Michy Batshuayi Tunga,782,Belgium,Center Forward,77.88,True
3857268,9922,David Junior Hoilett,1833,Canada,Left Attacking Midfield,57.4,True
3857268,31684,Atiba Hutchinson,1833,Canada,Right Defensive Midfield,57.68,True
3857268,3077,Jan Vertonghen,782,Belgium,Left Center Back,95.05,True
3857268,11846,Steven de Sousa Vitoria,1833,Canada,Center Back,95.05,True
3857268,23363,Liam Millar,1833,Canada,Left Midfield,14.88,False
3857268,2954,Youri Tielemans,782,Belgium,Right Defensive Midfield,45.0,True
3857268,5642,Axel Witsel,782,Belgium,Left Defensive Midfield,95.05,True
3857268,16459,Cyle Larin,1833,Canada,Center Forward,37.65,False
3857268,6989,Timothy Castagne,782,Belgium,Right Wing Back,95.05,True
3857268,12365,Alphonso Davies,1833,Canada,Left Wing Back,95.05,True
3857268,3089,Kevin De Bruyne,782,Belgium,Right Attacking Midfield,95.05,True
3857268,16275,Ikoma Loïs Openda,782,Belgium,Center Forward,17.17,False
3857268,23828,Kamal Miller,1833,Canada,Left Center Back,95.05,True
3857268,15958,Milan Borjan,1833,Canada,Goalkeeper,95.05,True
3857268,24024,Tajon Buchanan,1833,Canada,Right Attacking Midfield,80.17,True
3857268,23640,Jonathan David,1833,Canada,Center Forward,95.05,True
3857268,48347,Amadou Onana,782,Belgium,Right Defensive Midfield,50.05,False
3857268,44703,Alistair Johnston,1833,Canada,Right Center Back,95.05,True
3857268,12770,Jonathan Osorio,1833,Canada,Left Defensive Midfield,14.7,False
3857268,20005,Toby Alderweireld,782,Belgium,Center Back,95.05,True
3857268,3621,Eden Hazard,782,Belgium,Left Attacking Midfield,61.82,True
3857268,3176,Thomas Meunier,782,Belgium,Right Wing Back,50.05,False
3857268,133229,Ismael Koné,1833,Canada,Right Defensive Midfield,37.37,False
3857268,16559,Leandro Trossard,782,Belgium,Left Attacking Midfield,33.23,False
3857268,11187,Stephen Antunes Eustáquio,1833,Canada,Left Defensive Midfield,80.35,True
3857268,3509,Thibaut Courtois,782,Belgium,Goalkeeper,95.05,True
3857268,16120,Richie Laryea,1833,Canada,Right Wing Back,73.2,True
3857268,6331,Leander Dendoncker,782,Belgium,Right Center Back,95.05,True
3857268,29758,Sam Adekugbe,1833,Canada,Left Wing Back,21.85,False
3857269,3202,Gabriel Fernando de Jesus,781,Brazil,Center Forward,23.25,False
3857269,50436,Fabian Rieder,773,Switzerland,Right Wing,58.25,True
3857269,25104,Rodrygo Silva de Goes,781,Brazil,Center Attacking Midfield,50.92,False
3857269,16016,Michel Aebischer,773,Switzerland,Center Attacking Midfield,21.2,False
3857269,25363,Antony Matheus dos Santos,781,Brazil,Right Midfield,22.93,False
3857269,4372,Marcos Aoás Corrêa,781,Brazil,Right Center Back,95.92,True
3857269,16026,Djibril Sow,773,Switzerland,Center Attacking Midfield,74.72,True
3857269,6945,Alex Sandro Lobo Silva,781,Brazil,Left Back,85.37,True
3857269,5539,Carlos Henrique Casimiro,781,Brazil,Left Defensive Midfield,95.92,True
3857269,12326,Renato Steffen,773,Switzerland,Right Wing,37.67,False
3857269,5543,Haris Seferović,773,Switzerland,Center Forward,21.13,False
3857269,5544,Ricardo Iván Rodríguez Araya,773,Switzerland,Left Back,95.92,True
3857269,5545,Breel-Donald Embolo,773,Switzerland,Center Forward,74.78,True
3857269,5547,Alisson Ramsés Becker,781,Brazil,Goalkeeper,95.92,True
3857269,3500,Granit Xhaka,773,Switzerland,Left Defensive Midfield,95.92,True
3857269,5549,Manuel Obafemi Akanji,773,Switzerland,Right Center Back,95.92,True
3857269,5550,Yann Sommer,773,Switzerland,Goalkeeper,95.92,True
3857269,11183,Alex Nicolao Telles,781,Brazil,Left Back,10.55,False
3857269,9904,Frederico Rodrigues Santos,781,Brazil,Right Defensive Midfield,57.67,True
3857269,13620,Éder Gabriel Militão,781,Brazil,Right Back,95.92,True
3857269,25142,Bruno Guimarães Rodriguez Moura,781,Brazil,Right Defensive Midfield,38.25,False
3857269,30401,Ruben Vargas,773,Switzerland,Left Wing,57.87,True
3857269,6983,Remo Freuler,773,Switzerland,Right Defensive Midfield,95.92,True
3857269,22600,Lucas Tolentino Coelho de Lima,781,Brazil,Center Attacking Midfield,45.0,True
3857269,3913,Edimilson Fernandes,773,Switzerland,Left Wing,38.05,False
3857269,3280,Richarlison de Andrade,781,Brazil,Center Forward,72.67,True
3857269,18395,Vinícius José Paixão de Oliveira Júnior,781,Brazil,Left Midfield,95.92,True
3857269,3295,Thiago Emiliano da Silva,781,Brazil,Left Center Back,95.92,True
3857269,10595,Raphael Dias Belloli,781,Brazil,Right Midfield,72.98,True
3857269,8814,Nico Elvedi,773,Switzerland,Left Center Back,95.92,True
3857269,8561,Fabian Frei,773,Switzerland,Center Attacking Midfield,10.6,False
3857269,7796,Silvan Widmer,773,Switzerland,Right Back,85.32,True
3857270,5249,Diego Roberto Godín Leal,783,Uruguay,Center Back,61.72,True
3857270,41092,Nuno Mendes,780,Portugal,Left Back,41.48,True
3857270,5255,Matías Vecino Falero,783,Uruguay,Left Center Midfield,61.55,True
3857270,12041,João Félix Sequeira,780,Portugal,Left Center Forward,82.0,True
3857270,5258,Giorgian Daniel De Arrascaeta Benedetti,783,Uruguay,Left Midfield,38.58,False
3857270,5259,José María Giménez de Vargas,783,Uruguay,Right Center Back,100.13,True
3857270,5260,Rodrigo Bentancur Colmán,783,Uruguay,Left Defensive Midfield,100.13,True
3857270,12169,João Maria Lobo Alves Palhinha Gonçalves,780,Portugal,Left Defensive Midfield,18.1,False
3857270,5264,Guillermo Varela Olivera,783,Uruguay,Right Back,100.13,True
3857270,38803,Gonçalo Matias Ramos,780,Portugal,Center Forward,18.13,False
3857270,6297,Maximiliano Gómez González,783,Uruguay,Left Center Forward,28.38,False
3857270,6300,Sebastián Coates Nión,783,Uruguay,Left Center Back,100.13,True
3857270,40874,Matheus Luiz Nunes,780,Portugal,Right Defensive Midfield,18.13,False
3857270,34476,Matías Nicolás Viña Susperreguy,783,Uruguay,Left Back,14.95,False
3857270,20016,Kléper Laveran Lima Ferreira,780,Portugal,Right Center Back,100.13,True
3857270,18360,Rafael Alexandre Conceição Leão,780,Portugal,Left Wing,31.23,False
3857270,7104,Mathías Olivera Miramontes,783,Uruguay,Left Wing Back,85.18,True
3857270,36288,Facundo Pellistri Rebollo,783,Uruguay,Right Midfield,38.42,False
3857270,9927,Rúben Diogo Da Silva Neves,780,Portugal,Center Defensive Midfield,68.9,True
3857270,32975,Diogo Meireles Costa,780,Portugal,Goalkeeper,100.13,True
3857270,5204,Bruno Miguel Borges Fernandes,780,Portugal,Center Attacking Midfield,100.13,True
3857270,5206,Rúben Santos Gato Alves Dias,780,Portugal,Left Center Back,100.13,True
3857270,5207,Cristiano Ronaldo dos Santos Aveiro,780,Portugal,Right Center Forward,82.0,True
3857270,5209,Raphaël Adelino José Guerreiro,780,Portugal,Left Back,58.65,False
3857270,7005,João Pedro Cavaco Cancelo,780,Portugal,Right Back,100.13,True
3857270,5214,William Silva de Carvalho,780,Portugal,Left Center Midfield,82.03,True
3857270,32478,Darwin Gabriel Núñez Ribeiro,783,Uruguay,Right Center Forward,71.75,True
3857270,4319,Edinson Roberto Cavani Gómez,783,Uruguay,Left Center Forward,72.98,True
3857270,36710,Sergio Rochet Álvarez,783,Uruguay,Goalkeeper,100.13,True
3857270,6773,Federico Santiago Valverde Dipetta,783,Uruguay,Right Defensive Midfield,100.13,True
3857270,3193,Bernardo Mota Veiga de Carvalho e Silva,780,Portugal,Right Center Midfield,100.13,True
3857270,5246,Luis Alberto Suárez Díaz,783,Uruguay,Right Center Forward,27.15,False
3857271,124161,Mehdi Torabi,797,Iran,Right Center Midfield,40.25,False
3857271,4354,Phil Foden,768,England,Center Attacking Midfield,32.62,False
3857271,124167,Ahmad Nourollahi,797,Iran,Right Defensive Midfield,76.7,True
3857271,3336,Harry Maguire,768,England,Left Center Back,70.47,True
3857271,3468,Jordan Pickford,768,England,Goalkeeper,103.08,True
3857271,124175,Mohammad Hossein Kanani Zadegan,797,Iran,Right Center Back,58.08,False
3857271,3616,Callum Wilson,768,England,Center Forward,27.92,False
3857271,3233,Raheem Sterling,768,England,Left Wing,70.45,True
3857271,30714,Jude Bellingham,768,England,Right Defensive Midfield,103.08,True
3857271,7843,Mason Mount,768,England,Center Attacking Midfield,70.47,True
3857271,9638,Jack Grealish,768,England,Left Wing,32.63,False
3857271,3244,John Stones,768,England,Right Center Back,103.08,True
3857271,3382,Luke Shaw,768,England,Left Back,103.08,True
3857271,23874,Ali Gholizadeh,797,Iran,Right Attacking Midfield,58.08,False
3857271,22084,Bukayo Saka,768,England,Right Wing,70.45,True
3857271,10955,Harry Kane,768,England,Center Forward,75.17,True
3857271,10956,Eric Dier,768,England,Left Center Back,32.62,False
3857271,5720,Milad Mohammadi,797,Iran,Left Wing Back,62.83,True
3857271,5722,Saeid Ezatolahi Afagh,797,Iran,Left Defensive Midfield,58.08,False
3857271,5220,Morteza Pouraliganji,797,Iran,Right Center Back,103.08,True
3857271,5222,Roozbeh Cheshmi,797,Iran,Center Back,45.0,True
3857271,3943,Declan Rice,768,England,Left Defensive Midfield,103.08,True
3857271,5224,Sardar Azmoun,797,Iran,Left Center Forward,26.38,False
3857271,5226,Mehdi Taremi,797,Iran,Center Forward,103.08,True
3857271,5227,Alireza Safar Beiranvand,797,Iran,Goalkeeper,19.2,True
3857271,3308,Kieran Trippier,768,England,Right Back,103.08,True
3857271,5228,Seyed Majid Hosseini,797,Iran,Left Center Back,103.08,True
3857271,5230,Ehsan Hajsafi,797,Iran,Left Wing Back,103.08,True
3857271,23538,Sadegh Moharrami,797,Iran,Right Wing Back,103.08,True
3857271,3318,Marcus Rashford,768,England,Right Wing,32.63,False
3857271,5239,Alireza Jahanbakhsh,797,Iran,Right Wing,45.0,True
3857271,125818,Ali Karimi,797,Iran,Left Defensive Midfield,45.0,True
3857271,125823,Seyed Hossein Hosseini,797,Iran,Goalkeeper,83.88,False
3857272,12352,Matthew Charles Turner,1839,United States,Goalkeeper,94.57,True
3857272,18242,Tim Ream,1839,United States,Left Center Back,94.57,True
3857272,22084,Bukayo Saka,768,England,Right Wing,77.7,True
3857272,4614,Antonee Robinson,1839,United States,Left Back,94.57,True
3857272,3336,Harry Maguire,768,England,Left Center Back,94.57,True
3857272,38792,Yunus Dimoara Musah,1839,United States,Left Defensive Midfield,94.57,True
3857272,10955,Harry Kane,768,England,Center Forward,94.57,True
3857272,3468,Jordan Pickford,768,England,Goalkeeper,94.57,True
3857272,3532,Jordan Brian Henderson,768,England,Right Defensive Midfield,26.28,False
3857272,8526,Weston McKennie,1839,United States,Right Midfield,76.7,True
3857272,12751,Tyler Adams,1839,United States,Right Defensive Midfield,94.57,True
3857272,6806,Shaquell Moore,1839,United States,Right Back,17.35,False
3857272,22168,Joshua Sargent,1839,United States,Left Center Forward,12.07,False
3857272,3233,Raheem Sterling,768,England,Left Wing,67.85,True
3857272,7843,Mason Mount,768,England,Center Attacking Midfield,94.57,True
3857272,34339,Giovanni Reyna,1839,United States,Right Center Forward,12.22,False
3857272,9638,Jack Grealish,768,England,Left Wing,26.72,False
3857272,3943,Declan Rice,768,England,Left Defensive Midfield,94.57,True
3857272,3244,John Stones,768,England,Right Center Back,94.57,True
3857272,3308,Kieran Trippier,768,England,Right Back,94.57,True
3857272,12524,Walker Zimmerman,1839,United States,Right Center Back,94.57,True
3857272,3377,Timothy Weah,1839,United States,Right Center Forward,82.35,True
3857272,24243,Brenden Aaronson,1839,United States,Right Midfield,17.87,False
3857272,3382,Luke Shaw,768,England,Left Back,94.57,True
3857272,8246,Christian Pulisic,1839,United States,Left Midfield,94.57,True
3857272,22008,Haji Wright,1839,United States,Left Center Forward,82.5,True
3857272,21881,Sergino Dest,1839,United States,Right Back,77.22,True
3857272,30714,Jude Bellingham,768,England,Right Defensive Midfield,68.28,True
3857272,3318,Marcus Rashford,768,England,Right Wing,16.87,False
3857273,29377,Brennan Johnson,907,Wales,Right Midfield,45.25,False
3857273,23874,Ali Gholizadeh,797,Iran,Right Midfield,75.72,True
3857273,6399,Gareth Frank Bale,907,Wales,Right Center Forward,102.13,True
3857273,9540,Harry Wilson,907,Wales,Left Center Midfield,56.9,True
3857273,124161,Mehdi Torabi,797,Iran,Left Midfield,26.33,False
3857273,4934,Ethan Ampadu,907,Wales,Center Defensive Midfield,76.87,True
3857273,124167,Ahmad Nourollahi,797,Iran,Left Defensive Midfield,77.4,True
3857273,3853,Kieffer Roberto Francisco Moore,907,Wales,Left Center Forward,102.13,True
3857273,3086,Ben Davies,907,Wales,Left Center Back,102.13,True
3857273,5720,Milad Mohammadi,797,Iran,Left Back,102.13,True
3857273,9914,Daniel Ward,907,Wales,Goalkeeper,15.33,False
3857273,5722,Saeid Ezatolahi Afagh,797,Iran,Right Defensive Midfield,82.18,True
3857273,4767,Chris Mepham,907,Wales,Right Center Back,102.13,True
3857273,3488,Wayne Hennessey,907,Wales,Goalkeeper,102.13,True
3857273,5220,Morteza Pouraliganji,797,Iran,Left Center Back,102.13,True
3857273,4774,Connor Roberts,907,Wales,Right Wing Back,56.88,True
3857273,5222,Roozbeh Cheshmi,797,Iran,Left Defensive Midfield,24.73,False
3857273,5224,Sardar Azmoun,797,Iran,Center Forward,67.3,True
3857273,34794,Neco Williams,907,Wales,Left Wing Back,102.13,True
3857273,5226,Mehdi Taremi,797,Iran,Center Attacking Midfield,102.13,True
3857273,5228,Seyed Majid Hosseini,797,Iran,Right Center Back,102.13,True
3857273,5230,Ehsan Hajsafi,797,Iran,Left Midfield,75.8,True
3857273,5231,Karim Ansarifard,797,Iran,Center Attacking Midfield,34.83,False
3857273,11250,Joe Rodon,907,Wales,Center Back,102.13,True
3857273,5235,Ramin Rezaeian,797,Iran,Right Back,102.13,True
3857273,11252,Daniel James,907,Wales,Left Midfield,45.23,False
3857273,10931,Joe Allen,907,Wales,Right Defensive Midfield,25.27,False
3857273,5239,Alireza Jahanbakhsh,797,Iran,Right Midfield,26.42,False
3857273,125818,Ali Karimi,797,Iran,Right Defensive Midfield,19.95,False
3857273,3517,Aaron Ramsey,907,Wales,Right Center Midfield,86.8,True
3857273,125823,Seyed Hossein Hosseini,797,Iran,Goalkeeper,102.13,True
3857274,51969,Jackson Gabriel Porozo Vernaza,3565,Ecuador,Right Center Back,96.13,True
3857274,7745,Steven Berghuis,941,Netherlands,Center Attacking Midfield,27.2,False
3857274,8259,Steven Bergwijn,941,Netherlands,Left Center Forward,45.0,True
3857274,12803,Romario Andrés Ibarra Mina,3565,Ecuador,Right Attacking Midfield,6.98,False
3857274,8326,Andries Noppert,941,Netherlands,Goalkeeper,96.13,True
3857274,20750,Cody Mathès Gakpo,941,Netherlands,Right Center Forward,78.93,True
3857274,28559,Enner Remberto Valencia Lastra,3565,Ecuador,Left Attacking Midfield,89.03,True
3857274,37522,Hernán Ismael Galíndez,3565,Ecuador,Goalkeeper,96.13,True
3857274,7891,Teun Koopmeiners,941,Netherlands,Right Defensive Midfield,79.03,True
3857274,40211,Jeremy Leonel Sarmiento Morante,3565,Ecuador,Left Attacking Midfield,22.75,False
3857274,24085,Pervis Josué Estupiñán Tenorio,3565,Ecuador,Left Wing Back,96.13,True
3857274,23830,Jhegson Sebastián Méndez Carabalí,3565,Ecuador,Right Defensive Midfield,96.13,True
3857274,3669,Virgil van Dijk,941,Netherlands,Center Back,96.13,True
3857274,7829,Wout Weghorst,941,Netherlands,Right Center Forward,17.2,False
3857274,6994,Marten de Roon,941,Netherlands,Right Defensive Midfield,17.1,False
3857274,348757,Kevin José Rodríguez Cortez,3565,Ecuador,Center Forward,7.1,False
3857274,34396,Michael Steveen Estrada Martínez,3565,Ecuador,Center Forward,73.38,True
3857274,37726,Moisés Isaac Caicedo Corozo,3565,Ecuador,Left Defensive Midfield,96.13,True
3857274,30111,Felix Eduardo Torres Caicedo,3565,Ecuador,Center Back,96.13,True
3857274,4318,Davy Klaassen,941,Netherlands,Center Attacking Midfield,68.93,True
3857274,37737,Angelo Smit Preciado Quiñónez,3565,Ecuador,Right Wing Back,96.13,True
3857274,3306,Nathan Aké,941,Netherlands,Left Center Back,96.13,True
3857274,2988,Memphis Depay,941,Netherlands,Left Center Forward,51.13,False
3857274,3311,Daley Blind,941,Netherlands,Left Wing Back,96.13,True
3857274,31152,Gonzalo Jordy Plata Jiménez,3565,Ecuador,Right Attacking Midfield,89.15,True
3857274,21809,Jurriën David Norman Timber,941,Netherlands,Right Center Back,96.13,True
3857274,38004,Piero Martín Hincapié Reyna,3565,Ecuador,Left Center Back,96.13,True
3857274,8118,Frenkie de Jong,941,Netherlands,Left Defensive Midfield,96.13,True
3857274,8125,Denzel Dumfries,941,Netherlands,Right Wing Back,96.13,True
3857275,3009,Kylian Mbappé Lottin,771,France,Left Wing,40.1,False
3857275,32450,Montassar Omar Talbi,777,Tunisia,Left Center Back,102.68,True
3857275,35592,Anis Ben Slimane,777,Tunisia,Right Attacking Midfield,82.93,True
3857275,24778,Eduardo Camavinga,771,France,Left Back,102.68,True
3857275,6347,Ghilane Chalali,777,Tunisia,Right Attacking Midfield,28.82,False
3857275,5647,Ali Maâloul,777,Tunisia,Left Wing Back,102.68,True
3857275,7439,Axel Disasi,771,France,Right Back,102.68,True
3857275,22097,Randal Kolo Muani,771,France,Center Forward,102.68,True
3857275,3026,Adrien Rabiot,771,France,Left Defensive Midfield,39.97,False
3857275,5651,Yassine Meriah,777,Tunisia,Right Center Back,102.68,True
3857275,11990,Youssouf Fofana,771,France,Right Center Midfield,72.27,True
3857275,3543,Steve Mandanda,771,France,Goalkeeper,102.68,True
3857275,105943,Aymen Dahmen,777,Tunisia,Goalkeeper,102.68,True
3857275,8217,Kingsley Coman,771,France,Right Wing,62.58,True
3857275,105944,Wajdi Kechrida,777,Tunisia,Right Wing Back,102.68,True
3857275,44955,Aïssa Bilal Laïdouni,777,Tunisia,Left Defensive Midfield,102.68,True
3857275,30681,Ali Abdi,777,Tunisia,Left Wing Back,19.75,False
3857275,102816,Mohamed Ali Ben Romdhane,777,Tunisia,Left Attacking Midfield,73.87,True
3857275,16352,Issam Jebali,777,Tunisia,Center Forward,43.62,False
3857275,5477,Ousmane Dembélé,771,France,Right Wing,24.58,False
3857275,5485,Raphaël Varane,771,France,Right Center Back,62.57,True
3857275,25582,Nader Ghandri,777,Tunisia,Center Back,102.68,True
3857275,5487,Antoine Griezmann,771,France,Center Attacking Midfield,30.42,False
3857275,7345,Mattéo Guendouzi Olié,771,France,Left Wing,78.1,True
3857275,10481,Aurélien Djani Tchouaméni,771,France,Center Defensive Midfield,102.68,True
3857275,7153,Jordan Veretout,771,France,Left Center Midfield,62.72,True
3857275,3767,Ellyes Joris Skhiri,777,Tunisia,Right Defensive Midfield,102.68,True
3857275,17592,William Saliba,771,France,Right Center Back,40.12,False
3857275,3196,Wahbi Khazri,777,Tunisia,Center Forward,59.07,True
3857275,11135,Ibrahima Konaté,771,France,Left Center Back,102.68,True
3857276,6785,Yassine Bounou,788,Morocco,Goalkeeper,93.9,True
3857276,102668,Yahya Jabrane,788,Morocco,Left Defensive Midfield,8.98,False
3857276,15890,Noussair Mazraoui,788,Morocco,Left Back,93.9,True
3857276,23828,Kamal Miller,1833,Canada,Left Center Back,93.9,True
3857276,6301,Youssef En-Nesyri,788,Morocco,Center Forward,93.9,True
3857276,44703,Alistair Johnston,1833,Canada,Right Back,93.9,True
3857276,7459,Jawad El Yamiq,788,Morocco,Right Center Back,18.1,False
3857276,3625,Sofiane Boufal,788,Morocco,Left Wing,64.17,True
3857276,46258,Azzedine Ounahi,788,Morocco,Right Center Midfield,75.8,True
3857276,3634,Abdelhamid Sabiri,788,Morocco,Left Center Midfield,64.47,True
3857276,29758,Sam Adekugbe,1833,Canada,Left Back,60.2,True
3857276,9922,David Junior Hoilett,1833,Canada,Right Midfield,75.4,True
3857276,31684,Atiba Hutchinson,1833,Canada,Left Defensive Midfield,34.05,False
3857276,11846,Steven de Sousa Vitoria,1833,Canada,Right Center Back,93.9,True
3857276,16459,Cyle Larin,1833,Canada,Center Forward,59.78,True
3857276,9036,David Wallace Wotherspoon,1833,Canada,Left Midfield,18.5,False
3857276,12365,Alphonso Davies,1833,Canada,Center Attacking Midfield,93.9,True
3857276,15958,Milan Borjan,1833,Canada,Goalkeeper,93.9,True
3857276,24024,Tajon Buchanan,1833,Canada,Left Midfield,93.9,True
3857276,23640,Jonathan David,1833,Canada,Right Center Forward,34.12,False
3857276,23774,Selim Amallah,788,Morocco,Left Wing,29.43,False
3857276,12770,Jonathan Osorio,1833,Canada,Right Defensive Midfield,65.07,True
3857276,5219,Romain Saïss,788,Morocco,Left Center Back,93.9,True
3857276,59493,Abderrazak Hamdallah,788,Morocco,Center Forward,18.3,False
3857276,21736,Zakaria Aboukhlal,788,Morocco,Left Wing Back,29.73,False
3857276,133229,Ismael Koné,1833,Canada,Right Defensive Midfield,33.7,False
3857276,5234,Sofyan Amrabat,788,Morocco,Center Defensive Midfield,93.9,True
3857276,12149,Nayef Aguerd,788,Morocco,Right Center Back,93.9,True
3857276,5237,Hakim Ziyech,788,Morocco,Right Wing,75.6,True
3857276,16120,Richie Laryea,1833,Canada,Right Midfield,28.83,False
3857276,16252,Mark Anthony Kaye,1833,Canada,Left Defensive Midfield,59.85,True
3857276,5245,Achraf Hakimi Mouh,788,Morocco,Right Back,84.92,True
3857277,6785,Yassine Bounou,788,Morocco,Goalkeeper,96.05,True
3857277,3471,Dejan Lovren,785,Croatia,Right Center Back,96.05,True
3857277,5456,Mateo Kovačić,785,Croatia,Left Center Midfield,78.72,True
3857277,12625,Borna Sosa,785,Croatia,Left Back,96.05,True
3857277,15890,Noussair Mazraoui,788,Morocco,Left Back,59.87,True
3857277,16531,Dominik Livaković,785,Croatia,Goalkeeper,96.05,True
3857277,5460,Andrej Kramarić,785,Croatia,Center Forward,69.97,True
3857277,11603,Mario Pašalić,785,Croatia,Right Wing,51.05,False
3857277,149714,Abdessamad Ezzalzouli,788,Morocco,Left Midfield,31.28,False
3857277,5463,Luka Modrić,785,Croatia,Right Center Midfield,96.05,True
3857277,16527,Mislav Oršić,785,Croatia,Left Wing,6.78,False
3857277,22041,Marko Livaja,785,Croatia,Center Forward,26.08,False
3857277,6301,Youssef En-Nesyri,788,Morocco,Center Forward,80.77,True
3857277,5469,Marcelo Brozović,785,Croatia,Center Defensive Midfield,96.05,True
3857277,23774,Selim Amallah,788,Morocco,Left Center Midfield,96.05,True
3857277,5474,Ivan Perišić,785,Croatia,Left Wing,89.27,True
3857277,5219,Romain Saïss,788,Morocco,Left Center Back,96.05,True
3857277,59493,Abderrazak Hamdallah,788,Morocco,Center Forward,15.28,False
3857277,3625,Sofiane Boufal,788,Morocco,Left Midfield,64.77,True
3857277,29163,Josip Juranović,785,Croatia,Right Back,96.05,True
3857277,3441,Nikola Vlašić,785,Croatia,Right Wing,45.0,True
3857277,46258,Azzedine Ounahi,788,Morocco,Right Center Midfield,81.22,True
3857277,5234,Sofyan Amrabat,788,Morocco,Center Defensive Midfield,96.05,True
3857277,28914,Lovro Majer,785,Croatia,Center Attacking Midfield,17.33,False
3857277,12149,Nayef Aguerd,788,Morocco,Right Center Back,96.05,True
3857277,5237,Hakim Ziyech,788,Morocco,Right Midfield,96.05,True
3857277,3634,Abdelhamid Sabiri,788,Morocco,Left Center Midfield,14.83,False
3857277,33018,Joško Gvardiol,785,Croatia,Left Center Back,96.05,True
3857277,5245,Achraf Hakimi Mouh,788,Morocco,Right Back,96.05,True
3857277,31295,Yahia Attiyat allah,788,Morocco,Left Back,36.18,False
3857278,124161,Mehdi Torabi,797,Iran,Right Midfield,29.28,False
3857278,4614,Antonee Robinson,1839,United States,Left Back,99.88,True
3857278,124167,Ahmad Nourollahi,797,Iran,Right Defensive Midfield,70.6,True
3857278,38792,Yunus Dimoara Musah,1839,United States,Right Center Midfield,99.88,True
3857278,22008,Haji Wright,1839,United States,Center Forward,22.97,False
3857278,6806,Shaquell Moore,1839,United States,Right Wing Back,18.73,False
3857278,22168,Joshua Sargent,1839,United States,Center Forward,76.92,True
3857278,3377,Timothy Weah,1839,United States,Right Wing,81.13,True
3857278,24243,Brenden Aaronson,1839,United States,Left Wing,54.88,False
3857278,8246,Christian Pulisic,1839,United States,Left Wing,45.0,True
3857278,12352,Matthew Charles Turner,1839,United States,Goalkeeper,99.88,True
3857278,23874,Ali Gholizadeh,797,Iran,Right Midfield,76.93,True
3857278,18242,Tim Ream,1839,United States,Left Center Back,99.88,True
3857278,8526,Weston McKennie,1839,United States,Left Center Midfield,64.8,True
3857278,12751,Tyler Adams,1839,United States,Center Defensive Midfield,99.88,True
3857278,5720,Milad Mohammadi,797,Iran,Left Back,47.02,True
3857278,5722,Saeid Ezatolahi Afagh,797,Iran,Left Defensive Midfield,99.88,True
3857278,15971,Cameron Carter-Vickers,1839,United States,Right Center Back,99.88,True
3857278,5220,Morteza Pouraliganji,797,Iran,Left Center Back,99.88,True
3857278,326758,Abolfazl Jalali,797,Iran,Left Back,28.83,False
3857278,5224,Sardar Azmoun,797,Iran,Center Forward,45.0,True
3857278,5226,Mehdi Taremi,797,Iran,Center Attacking Midfield,99.88,True
3857278,5227,Alireza Safar Beiranvand,797,Iran,Goalkeeper,99.88,True
3857278,5228,Seyed Majid Hosseini,797,Iran,Right Center Back,99.88,True
3857278,13035,Kellyn Kai Perry-Acosta,1839,United States,Left Defensive Midfield,35.08,False
3857278,5230,Ehsan Hajsafi,797,Iran,Left Back,71.05,True
3857278,5231,Karim Ansarifard,797,Iran,Right Center Forward,22.95,False
3857278,12524,Walker Zimmerman,1839,United States,Center Back,18.75,False
3857278,5235,Ramin Rezaeian,797,Iran,Right Back,99.88,True
3857278,5240,Saman Ghoddos,797,Iran,Left Wing,54.88,False
3857278,21881,Sergino Dest,1839,United States,Right Back,81.15,True
3857278,125818,Ali Karimi,797,Iran,Right Defensive Midfield,52.87,False
3857279,3604,Olivier Giroud,771,France,Center Forward,88.58,True
3857279,22293,Harry Souttar,792,Australia,Right Center Back,97.22,True
3857279,8217,Kingsley Coman,771,France,Right Wing,20.9,False
3857279,8346,Craig Goodwin,792,Australia,Left Midfield,72.67,True
3857279,3099,Hugo Lloris,771,France,Goalkeeper,97.22,True
3857279,24475,Awer Denis Bul Mabil,792,Australia,Right Midfield,24.8,False
3857279,2972,Marcus Thuram,771,France,Center Forward,8.63,False
3857279,33572,Nathaniel Atkinson,792,Australia,Right Back,84.12,True
3857279,3240,Mathew Ryan,792,Australia,Goalkeeper,97.22,True
3857279,6704,Theo Bernard François Hernández,771,France,Left Back,85.18,False
3857279,3009,Kylian Mbappé Lottin,771,France,Left Wing,97.22,True
3857279,33477,Riley McGree,792,Australia,Left Center Midfield,72.42,True
3857279,8519,Dayotchanculle Upamecano,771,France,Left Center Back,97.22,True
3857279,33488,Keanu Baccus,792,Australia,Left Center Midfield,13.17,False
3857279,3281,Aaron Mooy,792,Australia,Center Defensive Midfield,97.22,True
3857279,3026,Adrien Rabiot,771,France,Left Defensive Midfield,97.22,True
3857279,33492,Mitchell Thomas Duke,792,Australia,Center Forward,55.58,True
3857279,15957,Miloš Degenek,792,Australia,Right Back,13.1,False
3857279,9430,Jason Cummings,792,Australia,Center Forward,41.63,False
3857279,33495,Kye Rowles,792,Australia,Left Center Back,97.22,True
3857279,11990,Youssouf Fofana,771,France,Right Defensive Midfield,21.07,False
3857279,4445,Jules Koundé,771,France,Right Back,8.65,False
3857279,5476,Benjamin Pavard,771,France,Right Back,88.57,True
3857279,5477,Ousmane Dembélé,771,France,Right Wing,76.32,True
3857279,5479,Aziz Eraltay Behich,792,Australia,Left Back,97.22,True
3857279,5481,Mathew Leckie,792,Australia,Right Midfield,97.22,True
3857279,5484,Lucas Hernández Pi,771,France,Left Back,12.03,True
3857279,5487,Antoine Griezmann,771,France,Center Attacking Midfield,97.22,True
3857279,10481,Aurélien Djani Tchouaméni,771,France,Right Defensive Midfield,76.15,True
3857279,5490,Jackson Irvine,792,Australia,Right Center Midfield,84.05,True
3857279,227697,Garang Kuol,792,Australia,Right Midfield,24.55,False
3857279,11135,Ibrahima Konaté,771,France,Right Center Back,97.22,True
3857280,3202,Gabriel Fernando de Jesus,781,Brazil,Center Forward,63.55,True
3857280,25154,Éverton Augusto de Barros Ribeiro,781,Brazil,Center Attacking Midfield,45.68,False
3857280,3141,André-Frank Zambo Anguissa,2722,Cameroon,Left Defensive Midfield,100.1,True
3857280,4935,Bryan Mbeumo,2722,Cameroon,Right Midfield,63.15,True
3857280,13454,Nouhou Tolo,2722,Cameroon,Left Back,100.1,True
3857280,16015,Nicolas Moumi Ngamaleu,2722,Cameroon,Left Midfield,84.95,True
3857280,25104,Rodrygo Silva de Goes,781,Brazil,Center Attacking Midfield,54.42,True
3857280,12623,Pierre Kunde Malong,2722,Cameroon,Right Defensive Midfield,67.42,True
3857280,25363,Antony Matheus dos Santos,781,Brazil,Right Wing,78.68,True
3857280,4372,Marcos Aoás Corrêa,781,Brazil,Left Back,45.95,False
3857280,33813,Jerome Ngom Mbekeli,2722,Cameroon,Right Midfield,15.15,False
3857280,29976,Gabriel Teodoro Martinelli Silva,781,Brazil,Left Wing,100.1,True
3857280,25305,Pedro Guilherme Abreu dos Santos,781,Brazil,Center Forward,36.55,False
3857280,16346,Ngoran Suiru Fai Collins,2722,Cameroon,Right Back,100.1,True
3857280,74588,Christopher Wooh,2722,Cameroon,Right Center Back,100.1,True
3857280,15326,Devis Rogers Epassy Mboka,2722,Cameroon,Goalkeeper,100.1,True
3857280,3551,Karl Brillant Toko Ekambi,2722,Cameroon,Left Midfield,36.95,False
3857280,10530,Jules Olivier Ntcham,2722,Cameroon,Right Defensive Midfield,32.68,False
3857280,10595,Raphael Dias Belloli,781,Brazil,Right Wing,21.42,False
3857280,4324,Daniel Alves da Silva,781,Brazil,Right Back,100.1,True
3857280,11493,Gleison Bremer Silva Nascimento,781,Brazil,Left Center Back,100.1,True
3857280,11174,Vincent Paté Aboubakar,2722,Cameroon,Right Center Forward,100.1,True
3857280,3499,Jean-Eric Maxim Choupo-Moting,2722,Cameroon,Left Center Forward,100.1,True
3857280,11183,Alex Nicolao Telles,781,Brazil,Left Back,54.15,True
3857280,9904,Frederico Rodrigues Santos,781,Brazil,Right Defensive Midfield,54.42,True
3857280,3247,Fábio Henrique Tavares,781,Brazil,Left Defensive Midfield,100.1,True
3857280,13620,Éder Gabriel Militão,781,Brazil,Right Center Back,100.1,True
3857280,25142,Bruno Guimarães Rodriguez Moura,781,Brazil,Right Defensive Midfield,45.68,False
3857280,3067,Ederson Santana de Moraes,781,Brazil,Goalkeeper,100.1,True
3857280,7551,Enzo Ebosse,2722,Cameroon,Left Center Back,100.1,True
3857281,7693,Bruno Petković,785,Croatia,Center Forward,36.05,False
3857281,3471,Dejan Lovren,785,Croatia,Right Center Back,96.02,True
3857281,16527,Mislav Oršić,785,Croatia,Left Wing,10.68,False
3857281,16531,Dominik Livaković,785,Croatia,Goalkeeper,96.02,True
3857281,23828,Kamal Miller,1833,Canada,Left Center Back,96.02,True
3857281,22041,Marko Livaja,785,Croatia,Center Forward,59.97,True
3857281,44703,Alistair Johnston,1833,Canada,Right Back,96.02,True
3857281,11187,Stephen Antunes Eustáquio,1833,Canada,Left Defensive Midfield,45.0,True
3857281,29758,Sam Adekugbe,1833,Canada,Left Wing Back,23.55,False
3857281,9922,David Junior Hoilett,1833,Canada,Center Attacking Midfield,34.6,False
3857281,31684,Atiba Hutchinson,1833,Canada,Right Defensive Midfield,72.47,True
3857281,11846,Steven de Sousa Vitoria,1833,Canada,Center Back,96.02,True
3857281,16459,Cyle Larin,1833,Canada,Right Center Forward,45.0,True
3857281,12365,Alphonso Davies,1833,Canada,Left Midfield,96.02,True
3857281,5456,Mateo Kovačić,785,Croatia,Left Center Midfield,85.7,True
3857281,12625,Borna Sosa,785,Croatia,Left Back,96.02,True
3857281,11603,Mario Pašalić,785,Croatia,Left Center Midfield,10.6,False
3857281,5460,Andrej Kramarić,785,Croatia,Right Wing,72.18,True
3857281,15958,Milan Borjan,1833,Canada,Goalkeeper,96.02,True
3857281,5463,Luka Modrić,785,Croatia,Right Center Midfield,85.42,True
3857281,24024,Tajon Buchanan,1833,Canada,Right Midfield,96.02,True
3857281,23640,Jonathan David,1833,Canada,Left Center Forward,72.45,True
3857281,5469,Marcelo Brozović,785,Croatia,Center Defensive Midfield,96.02,True
3857281,5474,Ivan Perišić,785,Croatia,Left Wing,85.33,True
3857281,12770,Jonathan Osorio,1833,Canada,Left Defensive Midfield,51.02,False
3857281,29163,Josip Juranović,785,Croatia,Right Back,96.02,True
3857281,26348,Lucas Daniel Cavallini,1833,Canada,Left Center Forward,23.57,False
3857281,133229,Ismael Koné,1833,Canada,Right Defensive Midfield,51.02,False
3857281,3441,Nikola Vlašić,785,Croatia,Right Wing,23.83,False
3857281,28914,Lovro Majer,785,Croatia,Right Center Midfield,10.32,False
3857281,16120,Richie Laryea,1833,Canada,Left Back,61.42,True
3857281,33018,Joško Gvardiol,785,Croatia,Left Center Back,96.02,True
3857282,12352,Matthew Charles Turner,1839,United States,Goalkeeper,100.58,True
3857282,29377,Brennan Johnson,907,Wales,Right Midfield,22.27,False
3857282,18242,Tim Ream,1839,United States,Left Center Back,100.58,True
3857282,9540,Harry Wilson,907,Wales,Left Center Midfield,92.58,True
3857282,4614,Antonee Robinson,1839,United States,Left Back,100.58,True
3857282,4934,Ethan Ampadu,907,Wales,Center Defensive Midfield,94.7,True
3857282,38792,Yunus Dimoara Musah,1839,United States,Left Center Midfield,74.25,True
3857282,3658,DeAndre Yedlin,1839,United States,Right Back,26.33,False
3857282,3853,Kieffer Roberto Francisco Moore,907,Wales,Left Center Forward,55.58,False
3857282,3086,Ben Davies,907,Wales,Left Center Back,100.58,True
3857282,8526,Weston McKennie,1839,United States,Right Center Midfield,65.2,True
3857282,12751,Tyler Adams,1839,United States,Center Defensive Midfield,100.58,True
3857282,22168,Joshua Sargent,1839,United States,Center Forward,73.48,True
3857282,4767,Chris Mepham,907,Wales,Right Center Back,100.58,True
3857282,3488,Wayne Hennessey,907,Wales,Goalkeeper,100.58,True
3857282,50528,Sorba Thomas,907,Wales,Left Midfield,8.0,False
3857282,4774,Connor Roberts,907,Wales,Right Wing Back,100.58,True
3857282,34794,Neco Williams,907,Wales,Left Wing Back,78.32,True
3857282,13035,Kellyn Kai Perry-Acosta,1839,United States,Left Center Midfield,26.33,False
3857282,12524,Walker Zimmerman,1839,United States,Right Center Back,100.58,True
3857282,23789,Jordan Morris,1839,United States,Right Wing,13.03,False
3857282,3377,Timothy Weah,1839,United States,Right Wing,87.55,True
3857282,11250,Joe Rodon,907,Wales,Center Back,100.58,True
3857282,24243,Brenden Aaronson,1839,United States,Right Center Midfield,35.38,False
3857282,11252,Daniel James,907,Wales,Left Center Forward,45.0,True
3857282,8246,Christian Pulisic,1839,United States,Left Wing,100.58,True
3857282,22008,Haji Wright,1839,United States,Center Forward,27.1,False
3857282,21881,Sergino Dest,1839,United States,Right Back,74.25,True
3857282,22074,Joseff Morrell,907,Wales,Left Defensive Midfield,5.88,False
3857282,3517,Aaron Ramsey,907,Wales,Right Center Midfield,100.58,True
3857282,6399,Gareth Frank Bale,907,Wales,Right Center Forward,100.58,True
3857283,5632,Thorgan Hazard,782,Belgium,Left Wing,74.05,True
3857283,3457,Michy Batshuayi Tunga,782,Belgium,Center Forward,74.02,True
3857283,3077,Jan Vertonghen,782,Belgium,Left Center Back,95.23,True
3857283,5642,Axel Witsel,782,Belgium,Left Defensive Midfield,95.23,True
3857283,2954,Youri Tielemans,782,Belgium,Right Defensive Midfield,35.57,False
3857283,3089,Kevin De Bruyne,782,Belgium,Right Wing,95.23,True
3857283,15890,Noussair Mazraoui,788,Morocco,Left Back,95.23,True
3857283,6301,Youssef En-Nesyri,788,Morocco,Center Forward,71.67,True
3857283,7459,Jawad El Yamiq,788,Morocco,Right Center Back,17.62,False
3857283,20005,Toby Alderweireld,782,Belgium,Right Center Back,95.23,True
3857283,3621,Eden Hazard,782,Belgium,Center Attacking Midfield,59.65,True
3857283,3625,Sofiane Boufal,788,Morocco,Left Wing,71.63,True
3857283,16559,Leandro Trossard,782,Belgium,Left Wing,21.18,False
3857283,32688,Charles De Ketelaere,782,Belgium,Right Wing,21.22,False
3857283,46258,Azzedine Ounahi,788,Morocco,Left Center Midfield,77.62,True
3857283,3634,Abdelhamid Sabiri,788,Morocco,Left Defensive Midfield,28.6,False
3857283,3509,Thibaut Courtois,782,Belgium,Goalkeeper,95.23,True
3857283,31295,Yahia Attiyat allah,788,Morocco,Left Wing Back,28.63,False
3857283,6989,Timothy Castagne,782,Belgium,Left Back,95.23,True
3857283,3289,Romelu Lukaku Menama,782,Belgium,Center Forward,14.53,False
3857283,48347,Amadou Onana,782,Belgium,Right Defensive Midfield,59.67,True
3857283,23774,Selim Amallah,788,Morocco,Right Center Midfield,66.6,True
3857283,5219,Romain Saïss,788,Morocco,Left Center Back,95.23,True
3857283,59493,Abderrazak Hamdallah,788,Morocco,Center Forward,23.57,False
3857283,3176,Thomas Meunier,782,Belgium,Right Back,80.7,True
3857283,21736,Zakaria Aboukhlal,788,Morocco,Left Wing,23.6,False
3857283,5233,Munir Mohand Mohamedi,788,Morocco,Goalkeeper,95.23,True
3857283,5234,Sofyan Amrabat,788,Morocco,Center Defensive Midfield,95.23,True
3857283,12149,Nayef Aguerd,788,Morocco,Right Center Back,95.23,True
3857283,5237,Hakim Ziyech,788,Morocco,Right Wing,95.23,True
3857283,5245,Achraf Hakimi Mouh,788,Morocco,Right Back,66.63,True
3857283,5630,Dries Mertens,782,Belgium,Center Attacking Midfield,35.58,False
3857284,12034,David Raum,770,Germany,Left Back,98.15,True
3857284,8966,Kai Havertz,770,Germany,Center Forward,78.23,True
3857284,39565,Jamal Musiala,770,Germany,Left Wing,78.22,True
3857284,29595,Ko Itakura,778,Japan,Right Center Back,98.15,True
3857284,8227,Mario Götze,770,Germany,Center Attacking Midfield,19.93,False
3857284,30628,Daizen Maeda,778,Japan,Center Forward,56.65,True
3857284,23721,Wataru Endo,778,Japan,Right Defensive Midfield,98.15,True
3857284,8361,Ritsu Doan,778,Japan,Right Wing,27.52,False
3857284,10287,İlkay Gündoğan,770,Germany,Left Defensive Midfield,67.08,True
3857284,6322,Niklas Süle,770,Germany,Right Back,98.15,True
3857284,23730,Takehiro Tomiyasu,778,Japan,Left Center Back,53.15,False
3857284,6324,Leon Goretzka,770,Germany,Left Defensive Midfield,31.07,False
3857284,38837,Youssoufa Moukoko,770,Germany,Right Center Forward,9.13,False
3857284,24118,Nico Schlotterbeck,770,Germany,Left Center Back,98.15,True
3857284,5690,Yuto Nagatomo,778,Japan,Left Back,56.55,True
3857284,5562,Thomas Müller,770,Germany,Center Attacking Midfield,66.62,True
3857284,5570,Manuel Neuer,770,Germany,Goalkeeper,98.15,True
3857284,9411,Daichi Kamada,778,Japan,Center Attacking Midfield,98.15,True
3857284,8776,Takumi Minamino,778,Japan,Left Wing,24.27,False
3857284,3530,Hiroki Sakai,778,Japan,Right Back,73.88,True
3857284,5579,Joshua Kimmich,770,Germany,Right Defensive Midfield,98.15,True
3857284,8400,Serge Gnabry,770,Germany,Right Wing,89.02,True
3857284,37208,Ao Tanaka,778,Japan,Left Defensive Midfield,70.63,True
3857284,37211,Kaoru Mitoma,778,Japan,Left Wing Back,41.6,False
3857284,3167,Antonio Rüdiger,770,Germany,Right Center Back,98.15,True
3857284,8546,Niclas Füllkrug,770,Germany,Left Center Forward,19.92,False
3857284,3300,Maya Yoshida,778,Japan,Center Back,98.15,True
3857284,8804,Jonas Hofmann,770,Germany,Right Wing,31.53,False
3857284,23527,Junya Ito,778,Japan,Right Wing,98.15,True
3857284,31090,Takefusa Kubo,778,Japan,Left Wing,45.0,True
3857284,8949,Takuma Asano,778,Japan,Center Forward,41.5,False
3857284,25719,Shūichi Gonda,778,Japan,Goalkeeper,98.15,True
3857285,3264,Vincent Janssen,941,Netherlands,Right Center Forward,61.38,True
3857285,7745,Steven Berghuis,941,Netherlands,Right Defensive Midfield,78.23,True
3857285,50497,Nicolas Jackson,787,Senegal,Right Wing,26.92,False
3857285,20611,Boulaye Dia,787,Senegal,Center Forward,68.18,True
3857285,8259,Steven Bergwijn,941,Netherlands,Left Center Forward,78.08,True
3857285,8069,Matthijs de Ligt,941,Netherlands,Right Center Back,100.12,True
3857285,8326,Andries Noppert,941,Netherlands,Goalkeeper,100.12,True
3857285,3404,Youssouf Sabaly,787,Senegal,Right Back,100.12,True
3857285,2941,Ismaïla Sarr,787,Senegal,Left Wing,100.12,True
3857285,20750,Cody Mathès Gakpo,941,Netherlands,Center Attacking Midfield,93.58,True
3857285,6994,Marten de Roon,941,Netherlands,Right Defensive Midfield,6.53,False
3857285,7379,Edouard Mendy,787,Senegal,Goalkeeper,100.12,True
3857285,32915,Ismail Jakobs,787,Senegal,Left Back,38.7,False
3857285,3669,Virgil van Dijk,941,Netherlands,Center Back,100.12,True
3857285,20758,Krépin Diatta,787,Senegal,Right Wing,73.2,True
3857285,7891,Teun Koopmeiners,941,Netherlands,Right Defensive Midfield,21.88,False
3857285,4506,Nampalys Mendy,787,Senegal,Left Defensive Midfield,100.12,True
3857285,4318,Davy Klaassen,941,Netherlands,Center Attacking Midfield,22.03,False
3857285,15970,Pape Abou Cissé,787,Senegal,Left Center Back,100.12,True
3857285,21026,Pape Gueye,787,Senegal,Right Center Midfield,26.93,False
3857285,3684,Cheikhou Kouyaté,787,Senegal,Right Defensive Midfield,73.18,True
3857285,8553,Abdou Diallo,787,Senegal,Left Back,61.42,True
3857285,3306,Nathan Aké,941,Netherlands,Left Center Back,100.12,True
3857285,5675,Kalidou Koulibaly,787,Senegal,Right Center Back,100.12,True
3857285,3436,Idrissa Gana Gueye,787,Senegal,Center Attacking Midfield,100.12,True
3857285,2988,Memphis Depay,941,Netherlands,Left Center Forward,38.73,False
3857285,3311,Daley Blind,941,Netherlands,Left Wing Back,100.12,True
3857285,8118,Frenkie de Jong,941,Netherlands,Left Defensive Midfield,100.12,True
3857285,88123,Cheikh Ahmadou Bamba Mbacke Dieng,787,Senegal,Center Forward,31.93,False
3857285,8125,Denzel Dumfries,941,Netherlands,Right Wing Back,100.12,True
3857286,12803,Romario Andrés Ibarra Mina,3565,Ecuador,Left Midfield,67.1,True
3857286,124488,Hassan Khalid Al Heidos,3566,Qatar,Right Center Midfield,71.02,True
3857286,124492,Karim Boudiaf,3566,Qatar,Center Defensive Midfield,95.32,True
3857286,124493,Boualem Khoukhi,3566,Qatar,Center Back,95.32,True
3857286,124494,Abdelkarim Hassan Al Haj Fadlalla,3566,Qatar,Left Center Back,95.32,True
3857286,28559,Enner Remberto Valencia Lastra,3565,Ecuador,Right Center Forward,75.95,True
3857286,124495,Almoez Ali Zainalabiddin Abdulla,3566,Qatar,Right Center Forward,71.17,True
3857286,124496,Saad Abdullah Al Sheeb,3566,Qatar,Goalkeeper,95.32,True
3857286,37522,Hernán Ismael Galíndez,3565,Ecuador,Goalkeeper,95.32,True
3857286,40784,Akram Hassan Afif,3566,Qatar,Left Center Forward,95.32,True
3857286,40211,Jeremy Leonel Sarmiento Morante,3565,Ecuador,Left Wing,28.22,False
3857286,24085,Pervis Josué Estupiñán Tenorio,3565,Ecuador,Left Back,95.32,True
3857286,23830,Jhegson Sebastián Méndez Carabalí,3565,Ecuador,Right Defensive Midfield,95.32,True
3857286,124503,Bassam Hisham Al Rawi,3566,Qatar,Right Center Back,95.32,True
3857286,348757,Kevin José Rodríguez Cortez,3565,Ecuador,Center Forward,6.15,False
3857286,124506,Pedro Miguel Correia,3566,Qatar,Right Wing Back,95.32,True
3857286,34396,Michael Steveen Estrada Martínez,3565,Ecuador,Left Center Forward,89.17,True
3857286,37726,Moisés Isaac Caicedo Corozo,3565,Ecuador,Left Defensive Midfield,89.9,True
3857286,30111,Felix Eduardo Torres Caicedo,3565,Ecuador,Right Center Back,95.32,True
3857286,124514,Abdulaziz Hatem Mohammed Abdullah,3566,Qatar,Left Center Midfield,95.32,True
3857286,124900,Homam Alamin Ahmed,3566,Qatar,Left Wing Back,95.32,True
3857286,124901,Mohammed Muntari,3566,Qatar,Right Center Forward,24.15,False
3857286,37737,Angelo Smit Preciado Quiñónez,3565,Ecuador,Right Back,95.32,True
3857286,124909,Mohammed Waed Abdulwahhab Al Bayati,3566,Qatar,Left Center Midfield,24.3,False
3857286,31152,Gonzalo Jordy Plata Jiménez,3565,Ecuador,Right Midfield,95.32,True
3857286,38004,Piero Martín Hincapié Reyna,3565,Ecuador,Left Center Back,95.32,True
3857286,36148,José Adoni Cifuentes Charcopa,3565,Ecuador,Center Attacking Midfield,19.37,False
3857286,37945,Alan Steven Franco Palma,3565,Ecuador,Left Defensive Midfield,5.42,False
3857287,5248,José Martín Cáceres Silva,783,Uruguay,Right Back,97.78,True
3857287,5249,Diego Roberto Godín Leal,783,Uruguay,Right Center Back,97.78,True
3857287,7104,Mathías Olivera Miramontes,783,Uruguay,Left Back,78.28,True
3857287,36288,Facundo Pellistri Rebollo,783,Uruguay,Right Wing,87.37,True
3857287,5255,Matías Vecino Falero,783,Uruguay,Left Center Midfield,77.83,True
3857287,37641,Seung-Gyu Kim,791,South Korea,Goalkeeper,97.78,True
3857287,5259,José María Giménez de Vargas,783,Uruguay,Left Center Back,97.78,True
3857287,5260,Rodrigo Bentancur Colmán,783,Uruguay,Center Defensive Midfield,97.78,True
3857287,3083,Heung-Min Son,791,South Korea,Left Wing,97.78,True
3857287,29966,Ui-Jo Hwang,791,South Korea,Center Forward,73.57,True
3857287,5264,Guillermo Varela Olivera,783,Uruguay,Right Midfield,10.42,False
3857287,23763,In-Beom Hwang,791,South Korea,Right Defensive Midfield,97.78,True
3857287,22740,Kang-In Lee,791,South Korea,Right Wing,23.73,False
3857287,40538,Jin-Su Kim,791,South Korea,Left Back,97.78,True
3857287,32478,Darwin Gabriel Núñez Ribeiro,783,Uruguay,Left Wing,97.78,True
3857287,4319,Edinson Roberto Cavani Gómez,783,Uruguay,Right Center Forward,34.18,False
3857287,40672,Moon-Hwan Kim,791,South Korea,Right Back,97.78,True
3857287,40542,Gue-Sung Cho,791,South Korea,Center Forward,24.22,False
3857287,5604,Young-Gwon Kim,791,South Korea,Left Center Back,97.78,True
3857287,36710,Sergio Rochet Álvarez,783,Uruguay,Goalkeeper,97.78,True
3857287,34476,Matías Nicolás Viña Susperreguy,783,Uruguay,Left Back,19.5,False
3857287,43565,Min Jae Kim,791,South Korea,Right Center Back,97.78,True
3857287,40558,Jun-Ho Son,791,South Korea,Right Defensive Midfield,24.15,False
3857287,41711,Sang-Ho Na,791,South Korea,Right Wing,74.05,True
3857287,5618,Woo-Young Jung,791,South Korea,Left Defensive Midfield,97.78,True
3857287,6773,Federico Santiago Valverde Dipetta,783,Uruguay,Right Defensive Midfield,97.78,True
3857287,5623,Jae-Sung Lee,791,South Korea,Center Attacking Midfield,73.63,True
3857287,28729,Diego Nicolás De La Cruz Arcosa,783,Uruguay,Left Midfield,19.95,False
3857287,5246,Luis Alberto Suárez Díaz,783,Uruguay,Center Forward,63.6,True
3857288,32450,Montassar Omar Talbi,777,Tunisia,Left Center Back,96.28,True
3857288,33477,Riley McGree,792,Australia,Left Center Forward,63.08,True
3857288,5650,Ferjani Sassi,777,Tunisia,Right Defensive Midfield,51.28,False
3857288,3196,Wahbi Khazri,777,Tunisia,Center Attacking Midfield,29.5,False
3857288,3281,Aaron Mooy,792,Australia,Left Defensive Midfield,96.28,True
3857288,28370,Fran Karačić,792,Australia,Right Back,74.82,True
3857288,5651,Yassine Meriah,777,Tunisia,Right Center Back,96.28,True
3857288,9236,Mohamed Dräger,777,Tunisia,Right Wing Back,45.0,True
3857288,22293,Harry Souttar,792,Australia,Right Center Back,96.28,True
3857288,33492,Mitchell Thomas Duke,792,Australia,Right Center Forward,63.02,True
3857288,5655,Dylan Daniel Mahmoud Bronn,777,Tunisia,Right Center Back,72.72,True
3857288,105943,Aymen Dahmen,777,Tunisia,Goalkeeper,96.28,True
3857288,33495,Kye Rowles,792,Australia,Left Center Back,96.28,True
3857288,8346,Craig Goodwin,792,Australia,Left Midfield,84.53,True
3857288,44955,Aïssa Bilal Laïdouni,777,Tunisia,Left Defensive Midfield,66.78,True
3857288,30681,Ali Abdi,777,Tunisia,Left Back,96.28,True
3857288,8859,Ajdin Hrustic,792,Australia,Right Center Forward,33.2,False
3857288,128793,Taha Yassine Khenissi,777,Tunisia,Center Forward,23.57,False
3857288,105944,Wajdi Kechrida,777,Tunisia,Right Back,23.57,False
3857288,16352,Issam Jebali,777,Tunisia,Center Forward,72.72,True
3857288,15957,Miloš Degenek,792,Australia,Right Back,21.47,False
3857288,24475,Awer Denis Bul Mabil,792,Australia,Left Midfield,11.75,False
3857288,3557,Naïm Sliti,777,Tunisia,Right Wing,96.28,True
3857288,23910,Youssef Msakni,777,Tunisia,Left Wing,96.28,True
3857288,5479,Aziz Eraltay Behich,792,Australia,Left Back,96.28,True
3857288,3240,Mathew Ryan,792,Australia,Goalkeeper,96.28,True
3857288,5481,Mathew Leckie,792,Australia,Right Midfield,84.47,True
3857288,33488,Keanu Baccus,792,Australia,Right Midfield,11.82,False
3857288,5490,Jackson Irvine,792,Australia,Right Defensive Midfield,96.28,True
3857288,3767,Ellyes Joris Skhiri,777,Tunisia,Right Defensive Midfield,96.28,True
3857288,9980,Jamie MacLaren,792,Australia,Left Center Forward,33.27,False
3857289,26368,César Jasib Montes Castro,794,Mexico,Right Center Back,96.48,True
3857289,11456,Lautaro Javier Martínez,779,Argentina,Left Center Forward,62.43,True
3857289,15872,Érick Gabriel Gutiérrez Galaviz,794,Mexico,Left Defensive Midfield,55.62,False
3857289,5571,Hirving Rodrigo Lozano Bahena,794,Mexico,Right Center Forward,72.3,True
3857289,5568,Raúl Alonso Jiménez Rodríguez,794,Mexico,Center Forward,31.13,False
3857289,5573,Héctor Alfredo Moreno Herrera,794,Mexico,Left Center Back,96.48,True
3857289,5575,Héctor Miguel Herrera López,794,Mexico,Right Defensive Midfield,96.48,True
3857289,5576,Jesús Daniel Gallardo Vasconcelos,794,Mexico,Left Wing Back,96.48,True
3857289,5577,Francisco Guillermo Ochoa Magaña,794,Mexico,Goalkeeper,96.48,True
3857289,6909,Damián Emiliano Martínez,779,Argentina,Goalkeeper,96.48,True
3857289,26375,Roberto Carlos Alvarado Hernández,794,Mexico,Left Wing,24.18,False
3857289,19597,Marcos Javier Acuña,779,Argentina,Left Back,96.48,True
3857289,29201,Nahuel Molina Lucero,779,Argentina,Right Wing Back,33.95,False
3857289,3090,Nicolás Hernán Otamendi,779,Argentina,Right Center Back,96.48,True
3857289,28825,Luis Gerardo Chávez Magallón,794,Mexico,Right Center Midfield,96.48,True
3857289,15452,Carlos Uriel Antuna Romero,794,Mexico,Right Wing,31.12,False
3857289,20572,Cristian Gabriel Romero,779,Argentina,Center Back,27.68,False
3857289,26404,Guido Rodríguez,779,Argentina,Left Defensive Midfield,56.77,True
3857289,30500,Kevin Nahin Álvarez Campos,794,Mexico,Right Wing Back,65.35,True
3857289,28263,Gonzalo Ariel Montiel,779,Argentina,Right Back,62.53,True
3857289,28268,Exequiel Alejandro Palacios,779,Argentina,Left Center Midfield,28.22,False
3857289,27886,Alexis Mac Allister,779,Argentina,Left Midfield,68.27,True
3857289,2995,Ángel Fabián Di María Hernández,779,Argentina,Right Midfield,68.8,True
3857289,29560,Julián Álvarez,779,Argentina,Left Center Forward,34.05,False
3857289,7797,Rodrigo Javier De Paul,779,Argentina,Right Defensive Midfield,96.48,True
3857289,27768,Lisandro Martínez,779,Argentina,Left Center Back,96.48,True
3857289,5563,José Andrés Guardado Hernández,794,Mexico,Left Center Midfield,40.87,True
3857289,11388,Néstor Alejandro Araújo Razo,794,Mexico,Right Center Back,96.48,True
3857289,26301,Ernesto Alexis Vega Rojas,794,Mexico,Left Center Forward,65.37,True
3857289,38718,Enzo Fernandez,779,Argentina,Center Defensive Midfield,39.72,False
3857289,5503,Lionel Andrés Messi Cuccittini,779,Argentina,Right Center Forward,96.48,True
3857290,8064,André Onana,2722,Cameroon,Goalkeeper,96.23,True
3857290,30016,Martin Hongla Yma II,2722,Cameroon,Left Center Midfield,67.88,True
3857290,7426,Jean-Charles Castelletto,2722,Cameroon,Right Center Back,96.23,True
3857290,30401,Ruben Vargas,773,Switzerland,Left Wing,80.52,True
3857290,50436,Fabian Rieder,773,Switzerland,Left Wing,15.72,False
3857290,3141,André-Frank Zambo Anguissa,2722,Cameroon,Right Center Midfield,96.23,True
3857290,6983,Remo Freuler,773,Switzerland,Right Defensive Midfield,96.23,True
3857290,4935,Bryan Mbeumo,2722,Cameroon,Right Wing,80.73,True
3857290,3533,Xherdan Shaqiri,773,Switzerland,Right Wing,71.17,True
3857290,13454,Nouhou Tolo,2722,Cameroon,Left Back,96.23,True
3857290,8591,Samuel Yves Oum Gwet,2722,Cameroon,Center Defensive Midfield,96.23,True
3857290,29006,Noah Okafor,773,Switzerland,Right Wing,25.07,False
3857290,16015,Nicolas Moumi Ngamaleu,2722,Cameroon,Right Wing,15.5,False
3857290,29012,Eray Ervin Cömert,773,Switzerland,Left Back,6.35,False
3857290,16026,Djibril Sow,773,Switzerland,Center Attacking Midfield,70.97,True
3857290,16346,Ngoran Suiru Fai Collins,2722,Cameroon,Right Back,96.23,True
3857290,3551,Karl Brillant Toko Ekambi,2722,Cameroon,Left Wing,73.45,True
3857290,28966,Gaël Ondoua,2722,Cameroon,Left Center Midfield,28.35,False
3857290,5543,Haris Seferović,773,Switzerland,Center Forward,24.87,False
3857290,5544,Ricardo Iván Rodríguez Araya,773,Switzerland,Left Back,89.88,True
3857290,5545,Breel-Donald Embolo,773,Switzerland,Center Forward,71.37,True
3857290,11174,Vincent Paté Aboubakar,2722,Cameroon,Center Forward,22.57,False
3857290,3499,Jean-Eric Maxim Choupo-Moting,2722,Cameroon,Center Forward,73.67,True
3857290,3500,Granit Xhaka,773,Switzerland,Left Defensive Midfield,96.23,True
3857290,5549,Manuel Obafemi Akanji,773,Switzerland,Right Center Back,96.23,True
3857290,5550,Yann Sommer,773,Switzerland,Goalkeeper,96.23,True
3857290,8814,Nico Elvedi,773,Switzerland,Left Center Back,96.23,True
3857290,7472,Nicolas Alexis Julio N'Koulou Ndoubena,2722,Cameroon,Left Center Back,96.23,True
3857290,8561,Fabian Frei,773,Switzerland,Center Attacking Midfield,25.27,False
3857290,7796,Silvan Widmer,773,Switzerland,Right Back,96.23,True
3857290,3639,Georges-Kévin Nkoudou Mbida,2722,Cameroon,Left Wing,22.78,False
3857291,4353,Aymeric Laporte,772,Spain,Left Center Back,98.07,True
3857291,130185,Keysher Fuller Spence,795,Costa Rica,Right Wing Back,98.07,True
3857291,16532,Daniel Olmo Carvajal,772,Spain,Left Wing,98.07,True
3857291,3477,Álvaro Borja Morata Martín,772,Spain,Center Forward,41.67,False
3857291,30486,Pedro González López,772,Spain,Left Center Midfield,56.52,True
3857291,184468,Álvaro José Zamora Mata,795,Costa Rica,Right Wing,37.28,False
3857291,132271,Carlos Manuel Martínez Castro,795,Costa Rica,Right Back,45.0,True
3857291,108340,Brandon Aguilera Zamora,795,Costa Rica,Right Center Midfield,26.87,False
3857291,6583,Carlos Soler Barragán,772,Spain,Left Center Midfield,41.55,False
3857291,6328,Kendall Jamaal Waston Manley,795,Costa Rica,Right Center Back,53.07,False
3857291,132296,Anthony Daniel Contreras Enríquez,795,Costa Rica,Left Center Forward,60.78,True
3857291,5836,Bryan Oviedo,795,Costa Rica,Left Wing Back,81.07,True
3857291,5581,Joel Nathaniel Campbell Samuels,795,Costa Rica,Center Forward,98.07,True
3857291,5582,Celso Borges Mora,795,Costa Rica,Right Center Midfield,71.2,True
3857291,5839,Yeltsin Ignacio Tejeda Valverde,795,Costa Rica,Left Center Midfield,98.07,True
3857291,5199,Jorge Resurrección Merodio,772,Spain,Center Defensive Midfield,34.67,False
3857291,5203,Sergio Busquets i Burgos,772,Spain,Center Defensive Midfield,63.4,True
3857291,5719,Marco Asensio Willemsen,772,Spain,Center Forward,68.43,True
3857291,5592,Bryan Ruiz González,795,Costa Rica,Left Wing,37.18,False
3857291,5211,Jordi Alba Ramos,772,Spain,Left Back,63.3,True
3857291,6748,Ferrán Torres García,772,Spain,Right Wing,56.4,True
3857291,5597,Keylor Navas Gamboa,795,Costa Rica,Goalkeeper,98.07,True
3857291,5598,Óscar Esau Duarte Gaitán,795,Costa Rica,Center Back,98.07,True
3857291,68574,Nicholas Williams Arthuer,772,Spain,Right Wing,29.63,False
3857291,5600,Francisco Javier Calvo Quesada,795,Costa Rica,Left Center Back,98.07,True
3857291,11748,Unai Simón Mendibil,772,Spain,Goalkeeper,98.07,True
3857291,133353,Pablo Martín Páez Gavira,772,Spain,Right Center Midfield,98.07,True
3857291,6765,Rodrigo Hernández Cascante,772,Spain,Right Center Back,98.07,True
3857291,3957,César Azpilicueta Tanco,772,Spain,Right Back,98.07,True
3857291,15477,Ronald Alberto Matarrita Ulate,795,Costa Rica,Left Wing Back,17.0,False
3857291,132728,Jewison Bennette,795,Costa Rica,Left Wing,60.88,True
3857291,39161,Alejandro Balde Martínez,772,Spain,Left Back,34.77,False
3857292,12034,David Raum,770,Germany,Left Back,65.87,True
3857292,8966,Kai Havertz,770,Germany,Left Center Forward,34.18,False
3857292,130185,Keysher Fuller Spence,795,Costa Rica,Right Wing,73.5,True
3857292,39565,Jamal Musiala,770,Germany,Center Attacking Midfield,100.03,True
3857292,132756,Youstin Delfin Salas Gómez,795,Costa Rica,Right Wing Back,55.03,False
3857292,27163,Juan Pablo Vargas Campos,795,Costa Rica,Left Center Back,100.03,True
3857292,8227,Mario Götze,770,Germany,Right Center Midfield,34.17,False
3857292,10287,İlkay Gündoğan,770,Germany,Left Defensive Midfield,53.93,True
3857292,6322,Niklas Süle,770,Germany,Right Center Back,93.62,True
3857292,108340,Brandon Aguilera Zamora,795,Costa Rica,Left Wing,45.0,True
3857292,6324,Leon Goretzka,770,Germany,Right Defensive Midfield,45.0,True
3857292,6328,Kendall Jamaal Waston Manley,795,Costa Rica,Right Center Back,100.03,True
3857292,5562,Thomas Müller,770,Germany,Center Forward,65.85,True
3857292,8507,Lukas Klostermann,770,Germany,Right Back,55.03,False
3857292,5570,Manuel Neuer,770,Germany,Goalkeeper,100.03,True
3857292,132296,Anthony Daniel Contreras Enríquez,795,Costa Rica,Left Wing,7.55,False
3857292,5579,Joshua Kimmich,770,Germany,Right Back,100.03,True
3857292,5836,Bryan Oviedo,795,Costa Rica,Left Wing Back,92.48,True
3857292,5581,Joel Nathaniel Campbell Samuels,795,Costa Rica,Center Forward,100.03,True
3857292,5582,Celso Borges Mora,795,Costa Rica,Right Defensive Midfield,100.03,True
3857292,5839,Yeltsin Ignacio Tejeda Valverde,795,Costa Rica,Left Defensive Midfield,92.53,True
3857292,8400,Serge Gnabry,770,Germany,Left Wing,100.03,True
3857292,5595,Johan Alberto Venegas Ulloa,795,Costa Rica,Center Forward,73.23,True
3857292,5597,Keylor Navas Gamboa,795,Costa Rica,Goalkeeper,100.03,True
3857292,5598,Óscar Esau Duarte Gaitán,795,Costa Rica,Center Back,100.03,True
3857292,3167,Antonio Rüdiger,770,Germany,Left Center Back,100.03,True
3857292,8546,Niclas Füllkrug,770,Germany,Right Center Forward,46.1,False
3857292,135271,Roan Roberto Wilson Gordon,795,Costa Rica,Left Defensive Midfield,7.5,False
3857292,8808,Matthias Ginter,770,Germany,Center Back,6.42,False
3857292,3053,Leroy Sané,770,Germany,Right Wing,100.03,True
3857292,15477,Ronald Alberto Matarrita Ulate,795,Costa Rica,Left Wing,26.8,False
3857292,132728,Jewison Bennette,795,Costa Rica,Right Wing,26.53,False
3857293,5255,Matías Vecino Falero,783,Uruguay,Left Defensive Midfield,66.42,False
3857293,17033,Mohammed Kudus,4885,Ghana,Center Attacking Midfield,97.13,True
3857293,5258,Giorgian Daniel De Arrascaeta Benedetti,783,Uruguay,Left Midfield,79.52,True
3857293,5259,José María Giménez de Vargas,783,Uruguay,Right Center Back,100.17,True
3857293,5260,Rodrigo Bentancur Colmán,783,Uruguay,Left Defensive Midfield,33.75,True
3857293,5264,Guillermo Varela Olivera,783,Uruguay,Right Back,100.17,True
3857293,3347,André Ayew Pelé,4885,Ghana,Center Attacking Midfield,45.0,True
3857293,6297,Maximiliano Gómez González,783,Uruguay,Left Center Forward,20.48,False
3857293,6300,Sebastián Coates Nión,783,Uruguay,Left Center Back,100.17,True
3857293,12325,Abdul Rahman Baba,4885,Ghana,Left Back,100.17,True
3857293,8108,Lawrence Ati-Zigi,4885,Ghana,Goalkeeper,100.17,True
3857293,31029,Salis Abdul Samed,4885,Ghana,Left Defensive Midfield,71.93,True
3857293,30519,Mohamed Salisu,4885,Ghana,Left Center Back,100.17,True
3857293,28729,Diego Nicolás De La Cruz Arcosa,783,Uruguay,Right Defensive Midfield,34.72,False
3857293,36666,Agustín Canobbio Graviz,783,Uruguay,Right Midfield,20.65,False
3857293,7104,Mathías Olivera Miramontes,783,Uruguay,Left Back,100.17,True
3857293,36288,Facundo Pellistri Rebollo,783,Uruguay,Right Midfield,65.45,True
3857293,44225,Osman Bukari,4885,Ghana,Right Wing,55.17,False
3857293,9286,Antoine Semenyo,4885,Ghana,Center Forward,28.42,False
3857293,28616,Daniel-Kofi Kyereh,4885,Ghana,Left Defensive Midfield,28.23,False
3857293,35658,Kamaldeen Sulemana,4885,Ghana,Left Wing,55.17,False
3857293,32478,Darwin Gabriel Núñez Ribeiro,783,Uruguay,Left Center Forward,79.68,True
3857293,4319,Edinson Roberto Cavani Gómez,783,Uruguay,Right Center Forward,34.95,False
3857293,36710,Sergio Rochet Álvarez,783,Uruguay,Goalkeeper,100.17,True
3857293,6383,Thomas Teye Partey,4885,Ghana,Right Defensive Midfield,100.17,True
3857293,136306,Abdul Fatawu Issahaku,4885,Ghana,Right Wing,3.03,False
3857293,6773,Federico Santiago Valverde Dipetta,783,Uruguay,Right Defensive Midfield,100.17,True
3857293,45047,Alidu Seidu,4885,Ghana,Right Back,100.17,True
3857293,6393,Iñaki Williams Arthuer,4885,Ghana,Center Forward,71.75,True
3857293,3450,Jordan Ayew,4885,Ghana,Left Wing,45.0,True
3857293,3709,Daniel Amartey,4885,Ghana,Right Center Back,100.17,True
3857293,5246,Luis Alberto Suárez Díaz,783,Uruguay,Right Center Forward,65.22,True
3857294,8326,Andries Noppert,941,Netherlands,Goalkeeper,96.05,True
3857294,20750,Cody Mathès Gakpo,941,Netherlands,Right Center Forward,82.1,True
3857294,7829,Wout Weghorst,941,Netherlands,Right Center Forward,13.95,False
3857294,2988,Memphis Depay,941,Netherlands,Left Center Forward,65.75,True
3857294,21809,Jurriën David Norman Timber,941,Netherlands,Right Center Back,96.05,True
3857294,8118,Frenkie de Jong,941,Netherlands,Left Defensive Midfield,85.98,True
3857294,8125,Denzel Dumfries,941,Netherlands,Right Wing Back,96.05,True
3857294,3264,Vincent Janssen,941,Netherlands,Left Center Forward,30.3,False
3857294,7745,Steven Berghuis,941,Netherlands,Center Attacking Midfield,30.65,False
3857294,124488,Hassan Khalid Al Heidos,3566,Qatar,Left Center Midfield,63.78,True
3857294,124490,Ahmed Alaa Eldin Abdelmotaal,3566,Qatar,Left Center Forward,11.58,False
3857294,124492,Karim Boudiaf,3566,Qatar,Center Defensive Midfield,32.23,False
3857294,124493,Boualem Khoukhi,3566,Qatar,Center Back,96.05,True
3857294,124494,Abdelkarim Hassan Al Haj Fadlalla,3566,Qatar,Left Center Back,96.05,True
3857294,124495,Almoez Ali Zainalabiddin Abdulla,3566,Qatar,Right Center Forward,64.2,True
3857294,40784,Akram Hassan Afif,3566,Qatar,Left Center Forward,96.05,True
3857294,6994,Marten de Roon,941,Netherlands,Right Defensive Midfield,82.17,True
3857294,7891,Teun Koopmeiners,941,Netherlands,Right Defensive Midfield,13.88,False
3857294,124500,Assim Omer Al Haj Madibo,3566,Qatar,Center Defensive Midfield,63.82,True
3857294,3669,Virgil van Dijk,941,Netherlands,Center Back,96.05,True
3857294,149463,Ali Assadalla Thaimn Qambar,3566,Qatar,Left Center Midfield,32.27,False
3857294,124506,Pedro Miguel Correia,3566,Qatar,Right Center Back,96.05,True
3857294,124510,Meshaal Aissa Barsham,3566,Qatar,Goalkeeper,96.05,True
3857294,4318,Davy Klaassen,941,Netherlands,Center Attacking Midfield,65.4,True
3857294,124512,Mosaab Khoder Jibril,3566,Qatar,Right Wing Back,11.47,False
3857294,124514,Abdulaziz Hatem Mohammed Abdullah,3566,Qatar,Right Center Midfield,84.47,True
3857294,124899,Ismaeel Mohammad Mohammad,3566,Qatar,Right Wing Back,84.58,True
3857294,124900,Homam Alamin Ahmed,3566,Qatar,Left Wing Back,96.05,True
3857294,124901,Mohammed Muntari,3566,Qatar,Right Center Forward,31.85,False
3857294,3306,Nathan Aké,941,Netherlands,Left Center Back,96.05,True
3857294,3311,Daley Blind,941,Netherlands,Left Wing Back,96.05,True
3857294,21879,Kenneth Taylor,941,Netherlands,Left Defensive Midfield,10.07,False
3857295,37122,Yuki Soma,778,Japan,Left Midfield,81.82,True
3857295,9411,Daichi Kamada,778,Japan,Left Wing,96.35,True
3857295,132296,Anthony Daniel Contreras Enríquez,795,Costa Rica,Center Forward,64.45,True
3857295,130185,Keysher Fuller Spence,795,Costa Rica,Right Wing Back,96.35,True
3857295,8776,Takumi Minamino,778,Japan,Right Wing,14.53,False
3857295,5836,Bryan Oviedo,795,Costa Rica,Left Wing Back,96.35,True
3857295,38285,Ayase Ueda,778,Japan,Right Center Forward,45.0,True
3857295,5581,Joel Nathaniel Campbell Samuels,795,Costa Rica,Left Wing,94.33,True
3857295,5582,Celso Borges Mora,795,Costa Rica,Right Defensive Midfield,88.82,True
3857295,5839,Yeltsin Ignacio Tejeda Valverde,795,Costa Rica,Left Defensive Midfield,96.35,True
3857295,132497,Gerson Torres Barrantes,795,Costa Rica,Right Wing,64.07,True
3857295,132728,Jewison Bennette,795,Costa Rica,Left Wing,31.9,False
3857295,132756,Youstin Delfin Salas Gómez,795,Costa Rica,Right Wing,7.53,False
3857295,37209,Miki Yamane,778,Japan,Right Back,61.57,True
3857295,29595,Ko Itakura,778,Japan,Right Center Back,96.35,True
3857295,37211,Kaoru Mitoma,778,Japan,Left Wing Back,34.78,False
3857295,5597,Keylor Navas Gamboa,795,Costa Rica,Goalkeeper,96.35,True
3857295,5598,Óscar Esau Duarte Gaitán,795,Costa Rica,Right Center Back,96.35,True
3857295,5600,Francisco Javier Calvo Quesada,795,Costa Rica,Left Center Back,96.35,True
3857295,3300,Maya Yoshida,778,Japan,Center Back,96.35,True
3857295,37221,Hidemasa Morita,778,Japan,Left Defensive Midfield,96.35,True
3857295,132772,Daniel Alonso Chacón Salas,795,Costa Rica,Left Defensive Midfield,2.02,False
3857295,23527,Junya Ito,778,Japan,Right Wing,30.17,False
3857295,95272,Hiroki Ito,778,Japan,Left Center Back,51.35,False
3857295,23721,Wataru Endo,778,Japan,Right Defensive Midfield,96.35,True
3857295,8361,Ritsu Doan,778,Japan,Right Midfield,66.18,True
3857295,108340,Brandon Aguilera Zamora,795,Costa Rica,Right Wing,32.28,False
3857295,8949,Takuma Asano,778,Japan,Center Forward,51.35,False
3857295,25719,Shūichi Gonda,778,Japan,Goalkeeper,96.35,True
3857295,6328,Kendall Jamaal Waston Manley,795,Costa Rica,Center Back,96.35,True
3857295,5690,Yuto Nagatomo,778,Japan,Left Back,45.0,True
3857296,5632,Thorgan Hazard,782,Belgium,Center Attacking Midfield,35.9,False
3857296,5633,Yannick Ferreira Carrasco,782,Belgium,Left Wing,71.5,True
3857296,3077,Jan Vertonghen,782,Belgium,Left Center Back,93.98,True
3857296,5642,Axel Witsel,782,Belgium,Left Defensive Midfield,93.98,True
3857296,2954,Youri Tielemans,782,Belgium,Right Defensive Midfield,22.37,False
3857296,6989,Timothy Castagne,782,Belgium,Left Back,93.98,True
3857296,7693,Bruno Petković,785,Croatia,Center Forward,30.72,False
3857296,3471,Dejan Lovren,785,Croatia,Right Center Back,93.98,True
3857296,5456,Mateo Kovačić,785,Croatia,Left Center Midfield,90.9,True
3857296,3089,Kevin De Bruyne,782,Belgium,Right Wing,93.98,True
3857296,12625,Borna Sosa,785,Croatia,Left Back,93.98,True
3857296,16531,Dominik Livaković,785,Croatia,Goalkeeper,93.98,True
3857296,5460,Andrej Kramarić,785,Croatia,Right Wing,63.7,True
3857296,11603,Mario Pašalić,785,Croatia,Right Wing,30.28,False
3857296,5463,Luka Modrić,785,Croatia,Right Center Midfield,93.98,True
3857296,22041,Marko Livaja,785,Croatia,Center Forward,63.27,True
3857296,3289,Romelu Lukaku Menama,782,Belgium,Center Forward,48.98,False
3857296,5469,Marcelo Brozović,785,Croatia,Center Defensive Midfield,93.98,True
3857296,5474,Ivan Perišić,785,Croatia,Left Wing,93.98,True
3857296,23650,Jeremy Doku,782,Belgium,Left Wing,22.48,False
3857296,20005,Toby Alderweireld,782,Belgium,Right Center Back,93.98,True
3857296,3621,Eden Hazard,782,Belgium,Right Wing,7.37,False
3857296,3176,Thomas Meunier,782,Belgium,Right Back,86.62,True
3857296,29163,Josip Juranović,785,Croatia,Right Back,93.98,True
3857296,16559,Leandro Trossard,782,Belgium,Center Forward,58.08,True
3857296,28914,Lovro Majer,785,Croatia,Left Center Midfield,3.08,False
3857296,3509,Thibaut Courtois,782,Belgium,Goalkeeper,93.98,True
3857296,33018,Joško Gvardiol,785,Croatia,Left Center Back,93.98,True
3857296,6331,Leander Dendoncker,782,Belgium,Right Defensive Midfield,71.62,True
3857296,5630,Dries Mertens,782,Belgium,Center Attacking Midfield,45.0,True
3857297,54144,Nawaf Shaker Al Abid,799,Saudi Arabia,Center Attacking Midfield,49.68,False
3857297,5187,Salem Mohammed Al Dawsari,799,Saudi Arabia,Left Wing,97.08,True
3857297,5188,Hattan Babhir,799,Saudi Arabia,Left Center Forward,2.4,False
3857297,44166,Jakub Piotr Kiwior,789,Poland,Left Center Back,97.08,True
3857297,5191,Mohammed Al Burayk,799,Saudi Arabia,Left Back,64.75,True
3857297,51710,Saud Abdullah Abdul Hamid,799,Saudi Arabia,Right Back,97.08,True
3857297,51469,Saleh Khalid Al Shehri,799,Saudi Arabia,Center Forward,85.0,True
3857297,12493,Krzysztof Piątek,789,Poland,Left Center Forward,26.47,False
3857297,5713,Mohammed Kanoo,799,Saudi Arabia,Right Defensive Midfield,97.08,True
3857297,5714,Mohammed Khalil Al Owais,799,Saudi Arabia,Goalkeeper,97.08,True
3857297,5715,Ali Albulayhi,799,Saudi Arabia,Left Center Back,97.08,True
3857297,31955,Jakub Kamiński,789,Poland,Right Midfield,34.95,False
3857297,57620,Sultan Abdullah Salim Al Ghannam,799,Saudi Arabia,Right Back,32.33,False
3857297,51094,Abdulelah Al Amri,799,Saudi Arabia,Right Center Back,97.08,True
3857297,11737,Krystian Bielik,789,Poland,Right Defensive Midfield,97.08,True
3857297,3034,Kamil Glik,789,Poland,Right Center Back,97.08,True
3857297,51099,Firas Tariq Nasser Al Albirakan,799,Saudi Arabia,Right Wing,97.08,True
3857297,5660,Piotr Zieliński,789,Poland,Center Attacking Midfield,62.13,True
3857297,5665,Arkadiusz Milik,789,Poland,Left Midfield,70.62,True
3857297,5668,Robert Lewandowski,789,Poland,Right Center Forward,97.08,True
3857297,5669,Wojciech Szczęsny,789,Poland,Goalkeeper,97.08,True
3857297,5673,Bartosz Bereszyński,789,Poland,Left Back,97.08,True
3857297,7979,Przemysław Frankowski,789,Poland,Left Midfield,97.08,True
3857297,51632,Sami Khalil Al Naji,799,Saudi Arabia,Center Attacking Midfield,45.0,True
3857297,56755,Abdulelah Saad Hameed Al-Malki,799,Saudi Arabia,Left Defensive Midfield,84.93,True
3857297,3637,Grzegorz Krychowiak,789,Poland,Left Defensive Midfield,97.08,True
3857297,51705,Abdulrahman Al-Obood,799,Saudi Arabia,Right Wing,12.15,False
3857297,4734,Matty Cash,789,Poland,Right Back,97.08,True
3857297,74623,Nasser Al Dawsari,799,Saudi Arabia,Left Defensive Midfield,12.08,False
3857298,12041,João Félix Sequeira,780,Portugal,Left Wing,87.38,True
3857298,17033,Mohammed Kudus,4885,Ghana,Left Center Midfield,75.67,True
3857298,12169,João Maria Lobo Alves Palhinha Gonçalves,780,Portugal,Right Center Midfield,12.6,False
3857298,3347,André Ayew Pelé,4885,Ghana,Right Center Forward,76.37,True
3857298,38803,Gonçalo Matias Ramos,780,Portugal,Center Forward,12.82,False
3857298,12325,Abdul Rahman Baba,4885,Ghana,Left Wing Back,100.12,True
3857298,8108,Lawrence Ati-Zigi,4885,Ghana,Goalkeeper,100.12,True
3857298,2989,Alexander Djiku,4885,Ghana,Center Back,91.72,True
3857298,11184,Otávio Edmilson da Silva Monteiro,780,Portugal,Left Center Midfield,55.82,True
3857298,4272,João Mário Naval da Costa Eduardo,780,Portugal,Right Wing,12.73,False
3857298,13621,Danilo Luís Hélio Pereira,780,Portugal,Left Center Back,100.12,True
3857298,31029,Salis Abdul Samed,4885,Ghana,Center Defensive Midfield,92.1,True
3857298,30519,Mohamed Salisu,4885,Ghana,Left Center Back,100.12,True
3857298,18360,Rafael Alexandre Conceição Leão,780,Portugal,Left Wing,23.35,False
3857298,3193,Bernardo Mota Veiga de Carvalho e Silva,780,Portugal,Right Center Midfield,87.52,True
3857298,33602,Tariq Lamptey,4885,Ghana,Right Wing Back,34.45,False
3857298,44225,Osman Bukari,4885,Ghana,Right Center Forward,24.45,False
3857298,9286,Antoine Semenyo,4885,Ghana,Center Attacking Midfield,8.4,False
3857298,9927,Rúben Diogo Da Silva Neves,780,Portugal,Center Defensive Midfield,76.77,True
3857298,28616,Daniel-Kofi Kyereh,4885,Ghana,Left Center Midfield,8.02,False
3857298,32975,Diogo Meireles Costa,780,Portugal,Goalkeeper,100.12,True
3857298,5204,Bruno Miguel Borges Fernandes,780,Portugal,Right Wing,100.12,True
3857298,5206,Rúben Santos Gato Alves Dias,780,Portugal,Right Center Back,100.12,True
3857298,5207,Cristiano Ronaldo dos Santos Aveiro,780,Portugal,Center Forward,87.3,True
3857298,5209,Raphaël Adelino José Guerreiro,780,Portugal,Left Back,100.12,True
3857298,7005,João Pedro Cavaco Cancelo,780,Portugal,Right Back,100.12,True
3857298,5214,William Silva de Carvalho,780,Portugal,Left Center Midfield,44.3,False
3857298,6383,Thomas Teye Partey,4885,Ghana,Right Center Midfield,100.12,True
3857298,45047,Alidu Seidu,4885,Ghana,Right Wing Back,65.67,True
3857298,6393,Iñaki Williams Arthuer,4885,Ghana,Left Center Forward,100.12,True
3857298,3450,Jordan Ayew,4885,Ghana,Left Center Midfield,23.75,False
3857298,3709,Daniel Amartey,4885,Ghana,Right Center Back,100.12,True
3857299,33602,Tariq Lamptey,4885,Ghana,Right Back,77.77,True
3857299,28616,Daniel-Kofi Kyereh,4885,Ghana,Center Attacking Midfield,23.13,False
3857299,37641,Seung-Gyu Kim,791,South Korea,Goalkeeper,100.92,True
3857299,17033,Mohammed Kudus,4885,Ghana,Right Wing,82.13,True
3857299,3083,Heung-Min Son,791,South Korea,Left Wing,100.92,True
3857299,35658,Kamaldeen Sulemana,4885,Ghana,Right Attacking Midfield,23.12,False
3857299,29966,Ui-Jo Hwang,791,South Korea,Center Attacking Midfield,22.77,False
3857299,3347,André Ayew Pelé,4885,Ghana,Center Attacking Midfield,77.78,True
3857299,23763,In-Beom Hwang,791,South Korea,Left Defensive Midfield,100.92,True
3857299,22740,Kang-In Lee,791,South Korea,Right Defensive Midfield,44.6,False
3857299,40538,Jin-Su Kim,791,South Korea,Left Back,100.92,True
3857299,3135,Chang-Hoon Kwon,791,South Korea,Right Wing,56.32,True
3857299,40542,Gue-Sung Cho,791,South Korea,Center Forward,100.92,True
3857299,40672,Moon-Hwan Kim,791,South Korea,Right Back,100.92,True
3857299,12259,Denis Odoi,4885,Ghana,Right Wing Back,23.15,False
3857299,5604,Young-Gwon Kim,791,South Korea,Left Center Back,100.92,True
3857299,12325,Abdul Rahman Baba,4885,Ghana,Left Wing Back,13.4,False
3857299,8108,Lawrence Ati-Zigi,4885,Ghana,Goalkeeper,100.92,True
3857299,43565,Min Jae Kim,791,South Korea,Right Center Back,91.7,True
3857299,2989,Alexander Djiku,4885,Ghana,Center Back,18.78,False
3857299,6383,Thomas Teye Partey,4885,Ghana,Right Defensive Midfield,100.92,True
3857299,41711,Sang-Ho Na,791,South Korea,Right Wing,55.92,False
3857299,5618,Woo-Young Jung,791,South Korea,Right Defensive Midfield,78.15,True
3857299,22067,Woo-Yeong Jeong,791,South Korea,Center Attacking Midfield,45.0,True
3857299,40564,Kyung-Won Kwon,791,South Korea,Right Center Back,9.22,False
3857299,31029,Salis Abdul Samed,4885,Ghana,Left Defensive Midfield,100.92,True
3857299,30519,Mohamed Salisu,4885,Ghana,Left Center Back,100.92,True
3857299,6393,Iñaki Williams Arthuer,4885,Ghana,Center Forward,100.92,True
3857299,3450,Jordan Ayew,4885,Ghana,Left Wing,77.8,True
3857299,3709,Daniel Amartey,4885,Ghana,Right Center Back,100.92,True
3857299,23615,Gideon Mensah,4885,Ghana,Left Back,87.52,True
3857300,11456,Lautaro Javier Martínez,779,Argentina,Left Center Forward,103.83,True
3857300,54144,Nawaf Shaker Al Abid,799,Saudi Arabia,Center Attacking Midfield,40.08,False
3857300,5507,Nicolás Alejandro Tagliafico,779,Argentina,Left Back,70.02,True
3857300,5187,Salem Mohammed Al Dawsari,799,Saudi Arabia,Left Midfield,103.83,True
3857300,121539,Haitham Mohammed Asiri,799,Saudi Arabia,Center Forward,15.42,False
3857300,5191,Mohammed Al Burayk,799,Saudi Arabia,Left Midfield,5.23,False
3857300,51469,Saleh Khalid Al Shehri,799,Saudi Arabia,Center Forward,77.35,True
3857300,19597,Marcos Javier Acuña,779,Argentina,Left Back,33.82,False
3857300,29201,Nahuel Molina Lucero,779,Argentina,Right Back,103.83,True
3857300,3090,Nicolás Hernán Otamendi,779,Argentina,Left Center Back,103.83,True
3857300,5713,Mohammed Kanoo,799,Saudi Arabia,Left Center Midfield,103.83,True
3857300,5714,Mohammed Khalil Al Owais,799,Saudi Arabia,Goalkeeper,103.83,True
3857300,5715,Ali Albulayhi,799,Saudi Arabia,Left Center Back,103.83,True
3857300,57620,Sultan Abdullah Salim Al Ghannam,799,Saudi Arabia,Right Midfield,26.48,False
3857300,51094,Abdulelah Al Amri,799,Saudi Arabia,Left Center Back,16.1,False
3857300,51546,Hassan Mohammed Al-Tambakti,799,Saudi Arabia,Right Center Back,103.83,True
3857300,51099,Firas Tariq Nasser Al Albirakan,799,Saudi Arabia,Right Midfield,88.42,True
3857300,20572,Cristian Gabriel Romero,779,Argentina,Right Center Back,58.23,True
3857300,7006,Alejandro Darío Gómez,779,Argentina,Left Midfield,58.25,True
3857300,5503,Lionel Andrés Messi Cuccittini,779,Argentina,Right Center Forward,103.83,True
3857300,38718,Enzo Fernandez,779,Argentina,Left Defensive Midfield,45.43,False
3857300,2995,Ángel Fabián Di María Hernández,779,Argentina,Right Midfield,103.83,True
3857300,16308,Leandro Daniel Paredes,779,Argentina,Left Defensive Midfield,58.4,True
3857300,56755,Abdulelah Saad Hameed Al-Malki,799,Saudi Arabia,Center Defensive Midfield,103.83,True
3857300,7797,Rodrigo Javier De Paul,779,Argentina,Right Defensive Midfield,103.83,True
3857300,29560,Julián Álvarez,779,Argentina,Left Midfield,45.58,False
3857300,27768,Lisandro Martínez,779,Argentina,Left Center Back,45.6,False
3857300,5178,Salman Mohammed Al Faraj,799,Saudi Arabia,Right Center Midfield,47.65,True
3857300,6909,Damián Emiliano Martínez,779,Argentina,Goalkeeper,103.83,True
3857300,51710,Saud Abdullah Abdul Hamid,799,Saudi Arabia,Right Back,103.83,True
3857300,5183,Yasir Gharsan Al Shahrani,799,Saudi Arabia,Left Back,98.6,True
3857301,13314,Famara Diedhiou,787,Senegal,Center Forward,73.78,True
3857301,20611,Boulaye Dia,787,Senegal,Center Attacking Midfield,96.03,True
3857301,50498,Pape Matar Sarr,787,Senegal,Right Center Midfield,19.07,False
3857301,31751,Pathé Ismaël Ciss,787,Senegal,Center Defensive Midfield,32.32,False
3857301,124488,Hassan Khalid Al Heidos,3566,Qatar,Left Center Midfield,74.28,True
3857301,124492,Karim Boudiaf,3566,Qatar,Right Center Midfield,68.32,True
3857301,124493,Boualem Khoukhi,3566,Qatar,Center Back,96.03,True
3857301,124494,Abdelkarim Hassan Al Haj Fadlalla,3566,Qatar,Left Center Back,96.03,True
3857301,124495,Almoez Ali Zainalabiddin Abdulla,3566,Qatar,Right Center Forward,96.03,True
3857301,40784,Akram Hassan Afif,3566,Qatar,Left Center Forward,96.03,True
3857301,3404,Youssouf Sabaly,787,Senegal,Right Back,96.03,True
3857301,32915,Ismail Jakobs,787,Senegal,Left Back,76.95,True
3857301,7379,Edouard Mendy,787,Senegal,Goalkeeper,96.03,True
3857301,124500,Assim Omer Al Haj Madibo,3566,Qatar,Center Defensive Midfield,96.03,True
3857301,20758,Krépin Diatta,787,Senegal,Left Wing,63.72,True
3857301,124504,Tarek Salman Salman,3566,Qatar,Right Center Back,13.9,False
3857301,4506,Nampalys Mendy,787,Senegal,Right Defensive Midfield,76.97,True
3857301,124506,Pedro Miguel Correia,3566,Qatar,Right Center Back,82.23,True
3857301,124510,Meshaal Aissa Barsham,3566,Qatar,Goalkeeper,96.03,True
3857301,124514,Abdulaziz Hatem Mohammed Abdullah,3566,Qatar,Right Center Midfield,27.72,False
3857301,124899,Ismaeel Mohammad Mohammad,3566,Qatar,Right Wing Back,96.03,True
3857301,124900,Homam Alamin Ahmed,3566,Qatar,Left Wing Back,82.13,True
3857301,80484,Iliman Ndiaye,787,Senegal,Right Wing,22.08,False
3857301,124901,Mohammed Muntari,3566,Qatar,Left Center Forward,21.75,False
3857301,15970,Pape Abou Cissé,787,Senegal,Left Center Back,19.08,False
3857301,8553,Abdou Diallo,787,Senegal,Left Center Back,96.03,True
3857301,5675,Kalidou Koulibaly,787,Senegal,Right Center Back,96.03,True
3857301,3436,Idrissa Gana Gueye,787,Senegal,Left Defensive Midfield,96.03,True
3857301,124909,Mohammed Waed Abdulwahhab Al Bayati,3566,Qatar,Left Center Back,13.8,False
3857301,88123,Cheikh Ahmadou Bamba Mbacke Dieng,787,Senegal,Center Forward,22.25,False
3857301,2941,Ismaïla Sarr,787,Senegal,Right Wing,73.95,True
3869117,8069,Matthijs de Ligt,941,Netherlands,Left Center Back,3.25,False
3869117,8326,Andries Noppert,941,Netherlands,Goalkeeper,96.17,True
3869117,4614,Antonee Robinson,1839,United States,Left Back,91.23,True
3869117,38792,Yunus Dimoara Musah,1839,United States,Right Center Midfield,96.17,True
3869117,20750,Cody Mathès Gakpo,941,Netherlands,Center Attacking Midfield,92.92,True
3869117,7829,Wout Weghorst,941,Netherlands,Left Center Forward,3.25,False
3869117,22433,Jesus Ferreira,1839,United States,Center Forward,45.0,True
3869117,34339,Giovanni Reyna,1839,United States,Right Wing,51.17,False
3869117,2988,Memphis Depay,941,Netherlands,Left Center Forward,82.02,True
3869117,21809,Jurriën David Norman Timber,941,Netherlands,Right Center Back,96.17,True
3869117,3377,Timothy Weah,1839,United States,Right Wing,66.85,True
3869117,24243,Brenden Aaronson,1839,United States,Left Center Midfield,29.32,False
3869117,8118,Frenkie de Jong,941,Netherlands,Left Defensive Midfield,96.17,True
3869117,8246,Christian Pulisic,1839,United States,Left Wing,96.17,True
3869117,8125,Denzel Dumfries,941,Netherlands,Right Wing Back,96.17,True
3869117,12352,Matthew Charles Turner,1839,United States,Goalkeeper,96.17,True
3869117,18242,Tim Ream,1839,United States,Left Center Back,96.17,True
3869117,8259,Steven Bergwijn,941,Netherlands,Right Center Forward,51.17,False
3869117,3658,DeAndre Yedlin,1839,United States,Right Back,21.22,False
3869117,8526,Weston McKennie,1839,United States,Right Center Midfield,66.85,True
3869117,12751,Tyler Adams,1839,United States,Center Defensive Midfield,96.17,True
3869117,6994,Marten de Roon,941,Netherlands,Right Defensive Midfield,45.0,True
3869117,7891,Teun Koopmeiners,941,Netherlands,Right Defensive Midfield,51.17,False
3869117,3669,Virgil van Dijk,941,Netherlands,Center Back,96.17,True
3869117,4318,Davy Klaassen,941,Netherlands,Center Attacking Midfield,45.0,True
3869117,3306,Nathan Aké,941,Netherlands,Left Center Back,92.92,True
3869117,12524,Walker Zimmerman,1839,United States,Right Center Back,96.17,True
3869117,23789,Jordan Morris,1839,United States,Right Back,4.93,False
3869117,3311,Daley Blind,941,Netherlands,Left Wing Back,96.17,True
3869117,22008,Haji Wright,1839,United States,Center Forward,29.32,False
3869117,21881,Sergino Dest,1839,United States,Right Back,74.95,True
3869117,39167,Xavi Simons,941,Netherlands,Left Center Forward,14.15,False
3869118,4354,Philip Foden,768,England,Left Wing,64.45,True
3869118,20611,Boulaye Dia,787,Senegal,Center Forward,71.12,True
3869118,13314,Famara Diedhiou,787,Senegal,Center Forward,23.08,False
3869118,3205,Kyle Walker,768,England,Right Back,94.2,True
3869118,31751,Pathé Ismaël Ciss,787,Senegal,Right Defensive Midfield,45.0,True
3869118,3336,Harry Maguire,768,England,Left Center Back,94.2,True
3869118,3468,Jordan Pickford,768,England,Goalkeeper,94.2,True
3869118,32915,Ismail Jakobs,787,Senegal,Left Back,83.9,True
3869118,20758,Krépin Diatta,787,Senegal,Right Wing,45.0,True
3869118,4506,Nampalys Mendy,787,Senegal,Left Defensive Midfield,94.2,True
3869118,21026,Pape Gueye,787,Senegal,Center Attacking Midfield,49.2,False
3869118,7843,Mason Mount,768,England,Center Attacking Midfield,18.28,False
3869118,9638,Jack Grealish,768,England,Left Wing,29.75,False
3869118,5675,Kalidou Koulibaly,787,Senegal,Right Center Back,94.2,True
3869118,3244,John Stones,768,England,Right Center Back,76.17,True
3869118,3382,Luke Shaw,768,England,Left Back,94.2,True
3869118,88123,Cheikh Ahmadou Bamba Mbacke Dieng,787,Senegal,Center Forward,49.18,False
3869118,50498,Pape Matar Sarr,787,Senegal,Center Attacking Midfield,49.2,False
3869118,22084,Bukayo Saka,768,England,Right Wing,64.32,True
3869118,10955,Harry Kane,768,England,Center Forward,94.2,True
3869118,3532,Jordan Brian Henderson,768,England,Right Center Midfield,81.15,True
3869118,3404,Youssouf Sabaly,787,Senegal,Right Back,94.2,True
3869118,10956,Eric Dier,768,England,Right Center Back,18.03,False
3869118,7379,Edouard Mendy,787,Senegal,Goalkeeper,94.2,True
3869118,3675,Fodé Ballo Touré,787,Senegal,Left Back,10.3,False
3869118,4706,Kalvin Phillips,768,England,Right Defensive Midfield,13.05,False
3869118,80484,Iliman Ndiaye,787,Senegal,Center Attacking Midfield,45.02,True
3869118,3943,Declan Rice,768,England,Center Defensive Midfield,94.2,True
3869118,8553,Abdou Diallo,787,Senegal,Left Center Back,94.2,True
3869118,3318,Marcus Rashford,768,England,Right Wing,29.88,False
3869118,30714,Jude Bellingham,768,England,Left Center Midfield,75.92,True
3869118,2941,Ismaïla Sarr,787,Senegal,Left Wing,94.2,True
3869151,5507,Nicolás Alejandro Tagliafico,779,Argentina,Left Wing Back,26.05,False
3869151,19597,Marcos Javier Acuña,779,Argentina,Left Back,71.32,True
3869151,29201,Nahuel Molina Lucero,779,Argentina,Right Back,79.25,True
3869151,3090,Nicolás Hernán Otamendi,779,Argentina,Left Center Back,97.37,True
3869151,22293,Harry Souttar,792,Australia,Right Center Back,97.37,True
3869151,8346,Craig Goodwin,792,Australia,Left Midfield,39.5,False
3869151,8859,Ajdin Hrustic,792,Australia,Right Midfield,39.5,False
3869151,3240,Mathew Ryan,792,Australia,Goalkeeper,97.37,True
3869151,27768,Lisandro Martínez,779,Argentina,Left Center Back,48.25,False
3869151,38718,Enzo Fernandez,779,Argentina,Center Defensive Midfield,97.37,True
3869151,11456,Lautaro Javier Martínez,779,Argentina,Left Center Forward,26.37,False
3869151,33477,Riley McGree,792,Australia,Left Midfield,57.87,True
3869151,33488,Keanu Baccus,792,Australia,Right Defensive Midfield,57.87,True
3869151,3281,Aaron Mooy,792,Australia,Left Defensive Midfield,97.37,True
3869151,28370,Fran Karačić,792,Australia,Right Back,25.55,False
3869151,33492,Mitchell Thomas Duke,792,Australia,Right Center Forward,71.8,True
3869151,15957,Miloš Degenek,792,Australia,Right Back,71.82,True
3869151,33495,Kye Rowles,792,Australia,Left Center Back,97.37,True
3869151,20572,Cristian Gabriel Romero,779,Argentina,Right Center Back,97.37,True
3869151,7006,Alejandro Darío Gómez,779,Argentina,Right Midfield,49.12,True
3869151,5479,Aziz Eraltay Behich,792,Australia,Left Back,97.37,True
3869151,28263,Gonzalo Ariel Montiel,779,Argentina,Right Wing Back,18.08,False
3869151,5481,Mathew Leckie,792,Australia,Right Midfield,71.8,True
3869151,28268,Exequiel Alejandro Palacios,779,Argentina,Left Center Midfield,18.12,False
3869151,27886,Alexis Mac Allister,779,Argentina,Left Center Midfield,79.28,True
3869151,227697,Garang Kuol,792,Australia,Left Center Forward,25.57,False
3869151,5490,Jackson Irvine,792,Australia,Left Center Forward,97.37,True
3869151,7797,Rodrigo Javier De Paul,779,Argentina,Right Center Midfield,97.37,True
3869151,29560,Julián Álvarez,779,Argentina,Left Center Forward,71.0,True
3869151,9980,Jamie MacLaren,792,Australia,Right Center Forward,25.57,False
3869151,6909,Damián Emiliano Martínez,779,Argentina,Goalkeeper,97.37,True
3869151,5503,Lionel Andrés Messi Cuccittini,779,Argentina,Right Center Forward,97.37,True
3869152,3009,Kylian Mbappé Lottin,771,France,Left Wing,99.27,True
3869152,44166,Jakub Piotr Kiwior,789,Poland,Left Center Back,86.22,True
3869152,8519,Dayotchanculle Upamecano,771,France,Left Center Back,99.27,True
3869152,50502,Nicola Zalewski,789,Poland,Right Wing,28.98,False
3869152,7439,Axel Disasi,771,France,Right Back,7.68,False
3869152,3026,Adrien Rabiot,771,France,Left Defensive Midfield,99.27,True
3869152,31955,Jakub Kamiński,789,Poland,Right Midfield,70.28,True
3869152,3604,Olivier Giroud,771,France,Center Forward,75.8,True
3869152,4626,Jan Bednarek,789,Poland,Left Center Back,13.05,False
3869152,11990,Youssouf Fofana,771,France,Right Defensive Midfield,33.6,False
3869152,11737,Krystian Bielik,789,Poland,Left Defensive Midfield,28.8,False
3869152,3034,Kamil Glik,789,Poland,Right Center Back,99.27,True
3869152,3099,Hugo Lloris,771,France,Goalkeeper,99.27,True
3869152,5660,Piotr Zieliński,789,Poland,Right Center Midfield,99.27,True
3869152,4445,Jules Koundé,771,France,Right Back,91.58,True
3869152,8217,Kingsley Coman,771,France,Right Wing,23.6,False
3869152,2972,Marcus Thuram,771,France,Left Wing,23.47,False
3869152,5665,Arkadiusz Milik,789,Poland,Center Attacking Midfield,35.48,False
3869152,5667,Kamil Grosicki,789,Poland,Left Wing,13.03,False
3869152,5668,Robert Lewandowski,789,Poland,Center Forward,99.27,True
3869152,5669,Wojciech Szczęsny,789,Poland,Goalkeeper,99.27,True
3869152,5477,Ousmane Dembélé,771,France,Right Wing,75.67,True
3869152,5673,Bartosz Bereszyński,789,Poland,Left Back,99.27,True
3869152,7979,Przemysław Frankowski,789,Poland,Left Midfield,86.23,True
3869152,5485,Raphaël Varane,771,France,Right Center Back,99.27,True
3869152,5487,Antoine Griezmann,771,France,Center Attacking Midfield,99.27,True
3869152,6704,Theo Bernard François Hernández,771,France,Left Back,99.27,True
3869152,10481,Aurélien Djani Tchouaméni,771,France,Right Defensive Midfield,65.67,True
3869152,3637,Grzegorz Krychowiak,789,Poland,Center Defensive Midfield,70.47,True
3869152,4664,Sebastian Szymański,789,Poland,Left Center Midfield,63.78,True
3869152,4734,Matty Cash,789,Poland,Right Back,99.27,True
3869219,7693,Bruno Petković,785,Croatia,Center Forward,61.32,True
3869219,3471,Dejan Lovren,785,Croatia,Right Center Back,124.5,True
3869219,16527,Mislav Oršić,785,Croatia,Left Wing,19.5,False
3869219,16531,Dominik Livaković,785,Croatia,Goalkeeper,124.5,True
3869219,22041,Marko Livaja,785,Croatia,Center Forward,19.5,False
3869219,30628,Daizen Maeda,778,Japan,Center Forward,63.48,True
3869219,23721,Wataru Endo,778,Japan,Right Defensive Midfield,124.5,True
3869219,8361,Ritsu Doan,778,Japan,Right Wing,86.15,True
3869219,11127,Borna Barišić,785,Croatia,Left Back,124.5,True
3869219,23730,Takehiro Tomiyasu,778,Japan,Right Center Back,124.5,True
3869219,5690,Yuto Nagatomo,778,Japan,Left Wing Back,63.28,True
3869219,9411,Daichi Kamada,778,Japan,Left Wing,73.9,True
3869219,8776,Takumi Minamino,778,Japan,Left Wing,38.35,False
3869219,3530,Hiroki Sakai,778,Japan,Right Wing Back,50.6,False
3869219,8654,Ante Budimir,785,Croatia,Center Forward,43.68,False
3869219,5456,Mateo Kovačić,785,Croatia,Left Center Midfield,98.42,True
3869219,11603,Mario Pašalić,785,Croatia,Right Wing,56.67,False
3869219,5460,Andrej Kramarić,785,Croatia,Right Wing,67.83,True
3869219,5463,Luka Modrić,785,Croatia,Right Center Midfield,98.35,True
3869219,37208,Ao Tanaka,778,Japan,Left Defensive Midfield,19.5,False
3869219,37211,Kaoru Mitoma,778,Japan,Left Wing Back,61.22,False
3869219,5469,Marcelo Brozović,785,Croatia,Center Defensive Midfield,124.5,True
3869219,37215,Shogo Taniguchi,778,Japan,Left Center Back,124.5,True
3869219,5474,Ivan Perišić,785,Croatia,Left Wing,105.0,True
3869219,3300,Maya Yoshida,778,Japan,Center Back,124.5,True
3869219,37221,Hidemasa Morita,778,Japan,Left Defensive Midfield,105.0,True
3869219,23527,Junya Ito,778,Japan,Right Wing Back,124.5,True
3869219,29163,Josip Juranović,785,Croatia,Right Back,124.5,True
3869219,3441,Nikola Vlašić,785,Croatia,Left Center Midfield,26.08,False
3869219,28914,Lovro Majer,785,Croatia,Right Center Midfield,26.15,False
3869219,8949,Takuma Asano,778,Japan,Center Forward,61.02,False
3869219,25719,Shūichi Gonda,778,Japan,Goalkeeper,124.5,True
3869219,33018,Joško Gvardiol,785,Croatia,Left Center Back,124.5,True
3869220,6785,Yassine Bounou,788,Morocco,Goalkeeper,125.63,True
3869220,4353,Aymeric Laporte,772,Spain,Left Center Back,125.63,True
3869220,15890,Noussair Mazraoui,788,Morocco,Left Back,82.83,True
3869220,16532,Daniel Olmo Carvajal,772,Spain,Left Wing,97.35,True
3869220,3477,Álvaro Borja Morata Martín,772,Spain,Center Forward,63.07,False
3869220,30486,Pedro González López,772,Spain,Left Center Midfield,125.63,True
3869220,6301,Youssef En-Nesyri,788,Morocco,Center Forward,81.62,True
3869220,7459,Jawad El Yamiq,788,Morocco,Right Center Back,41.63,False
3869220,30756,Anssumane Fati,772,Spain,Left Wing,28.28,False
3869220,3625,Sofiane Boufal,788,Morocco,Left Wing,65.87,True
3869220,46258,Azzedine Ounahi,788,Morocco,Right Center Midfield,119.5,True
3869220,3634,Abdelhamid Sabiri,788,Morocco,Left Center Midfield,44.02,False
3869220,6583,Carlos Soler Barragán,772,Spain,Right Center Midfield,63.08,False
3869220,6840,Marcos Llorente Moreno,772,Spain,Right Back,125.63,True
3869220,296254,Walid Cheddira,788,Morocco,Center Forward,44.05,False
3869220,31295,Yahia Attiyat allah,788,Morocco,Left Back,42.8,False
3869220,6720,Pablo Sarabia García,772,Spain,Right Wing,7.73,False
3869220,149714,Abdessamad Ezzalzouli,788,Morocco,Left Wing,59.77,False
3869220,5203,Sergio Busquets i Burgos,772,Spain,Center Defensive Midfield,125.63,True
3869220,5719,Marco Asensio Willemsen,772,Spain,Center Forward,62.57,True
3869220,5211,Jordi Alba Ramos,772,Spain,Left Back,97.5,True
3869220,6748,Ferrán Torres García,772,Spain,Right Wing,75.07,True
3869220,23774,Selim Amallah,788,Morocco,Left Center Midfield,81.58,True
3869220,68574,Nicholas Williams Arthuer,772,Spain,Right Wing,42.83,False
3869220,5219,Romain Saïss,788,Morocco,Left Center Back,125.63,True
3869220,11748,Unai Simón Mendibil,772,Spain,Goalkeeper,125.63,True
3869220,133353,Pablo Martín Páez Gavira,772,Spain,Right Center Midfield,62.55,True
3869220,6765,Rodrigo Hernández Cascante,772,Spain,Right Center Back,125.63,True
3869220,5234,Sofyan Amrabat,788,Morocco,Center Defensive Midfield,125.63,True
3869220,67700,Badr Banoun,788,Morocco,Left Center Back,6.13,False
3869220,12149,Nayef Aguerd,788,Morocco,Right Center Back,84.0,True
3869220,5237,Hakim Ziyech,788,Morocco,Right Wing,125.63,True
3869220,39161,Alejandro Balde Martínez,772,Spain,Left Back,28.13,False
3869220,5245,Achraf Hakimi Mouh,788,Morocco,Right Back,125.63,True
3869253,5623,Jae-Sung Lee,791,South Korea,Right Midfield,73.47,True
3869253,37641,Seung-Gyu Kim,791,South Korea,Goalkeeper,93.97,True
3869253,3083,Heung-Min Son,791,South Korea,Left Center Forward,93.97,True
3869253,25101,Weverton Pereira da Silva,781,Brazil,Goalkeeper,14.08,False
3869253,29966,Ui-Jo Hwang,791,South Korea,Center Forward,14.45,False
3869253,25104,Rodrygo Silva de Goes,781,Brazil,Center Attacking Midfield,13.68,False
3869253,4372,Marcos Aoás Corrêa,781,Brazil,Right Center Back,93.97,True
3869253,29976,Gabriel Teodoro Martinelli Silva,781,Brazil,Left Midfield,22.2,False
3869253,5539,Carlos Henrique Casimiro,781,Brazil,Left Defensive Midfield,93.97,True
3869253,5547,Alisson Ramsés Becker,781,Brazil,Goalkeeper,79.88,True
3869253,43565,Min Jae Kim,791,South Korea,Right Center Back,93.97,True
3869253,13620,Éder Gabriel Militão,781,Brazil,Right Back,62.55,True
3869253,22600,Lucas Tolentino Coelho de Lima,781,Brazil,Right Defensive Midfield,93.97,True
3869253,3280,Richarlison de Andrade,781,Brazil,Center Forward,93.97,True
3869253,23763,In-Beom Hwang,791,South Korea,Left Defensive Midfield,64.43,True
3869253,22740,Kang-In Lee,791,South Korea,Left Center Midfield,20.5,False
3869253,40538,Jin-Su Kim,791,South Korea,Left Back,45.0,True
3869253,18395,Vinícius José Paixão de Oliveira Júnior,781,Brazil,Left Wing,71.77,True
3869253,40542,Gue-Sung Cho,791,South Korea,Right Center Forward,79.52,True
3869253,3295,Thiago Emiliano da Silva,781,Brazil,Left Center Back,93.97,True
3869253,4320,Neymar da Silva Santos Junior,781,Brazil,Center Attacking Midfield,80.28,True
3869253,40672,Moon-Hwan Kim,791,South Korea,Right Back,93.97,True
3869253,5986,Chul Hong,791,South Korea,Left Back,48.97,False
3869253,10595,Raphael Dias Belloli,781,Brazil,Right Wing,93.97,True
3869253,5604,Young-Gwon Kim,791,South Korea,Left Center Back,93.97,True
3869253,4324,Daniel Alves da Silva,781,Brazil,Right Back,31.42,False
3869253,23264,Seung-Ho Paik,791,South Korea,Right Center Midfield,29.53,False
3869253,11493,Gleison Bremer Silva Nascimento,781,Brazil,Left Back,22.23,False
3869253,40558,Jun-Ho Son,791,South Korea,Center Defensive Midfield,48.97,False
3869253,5618,Woo-Young Jung,791,South Korea,Right Defensive Midfield,45.0,True
3869253,5620,Hee-Chan Hwang,791,South Korea,Right Midfield,93.97,True
3869253,3063,Danilo Luiz da Silva,781,Brazil,Left Back,71.73,True
3869254,12041,João Félix Sequeira,780,Portugal,Left Wing,72.82,True
3869254,38803,Gonçalo Matias Ramos,780,Portugal,Center Forward,72.58,True
3869254,16026,Djibril Sow,773,Switzerland,Right Center Midfield,53.9,True
3869254,16028,José Diogo Dalot Teixeira,780,Portugal,Right Back,94.13,True
3869254,5537,Fabian Lukas Schär,773,Switzerland,Center Back,45.0,True
3869254,5538,Denis Lemi Zakaria Lako Lado,773,Switzerland,Right Defensive Midfield,40.53,False
3869254,5543,Haris Seferović,773,Switzerland,Right Center Forward,40.23,False
3869254,5544,Ricardo Iván Rodríguez Araya,773,Switzerland,Left Center Back,94.13,True
3869254,5545,Breel-Donald Embolo,773,Switzerland,Right Center Forward,88.6,True
3869254,3500,Granit Xhaka,773,Switzerland,Center Defensive Midfield,94.13,True
3869254,5549,Manuel Obafemi Akanji,773,Switzerland,Right Center Back,94.13,True
3869254,5550,Yann Sommer,773,Switzerland,Goalkeeper,94.13,True
3869254,20016,Kléper Laveran Lima Ferreira,780,Portugal,Right Center Back,94.13,True
3869254,11184,Otávio Edmilson da Silva Monteiro,780,Portugal,Left Center Midfield,73.07,True
3869254,41655,Ardon Jashari,773,Switzerland,Left Center Forward,5.53,False
3869254,18360,Rafael Alexandre Conceição Leão,780,Portugal,Right Wing,7.47,False
3869254,30401,Ruben Vargas,773,Switzerland,Left Wing Back,65.72,True
3869254,6983,Remo Freuler,773,Switzerland,Left Center Midfield,53.6,True
3869254,9927,Rúben Diogo Da Silva Neves,780,Portugal,Center Defensive Midfield,13.48,False
3869254,3913,Edimilson Fernandes,773,Switzerland,Right Back,94.13,True
3869254,3533,Xherdan Shaqiri,773,Switzerland,Right Midfield,94.13,True
3869254,29006,Noah Okafor,773,Switzerland,Left Midfield,28.42,False
3869254,32975,Diogo Meireles Costa,780,Portugal,Goalkeeper,94.13,True
3869254,34639,Vitor Machado Ferreira,780,Portugal,Left Center Midfield,21.07,False
3869254,5204,Bruno Miguel Borges Fernandes,780,Portugal,Right Wing,86.67,True
3869254,29012,Eray Ervin Cömert,773,Switzerland,Left Center Back,49.13,False
3869254,5206,Rúben Santos Gato Alves Dias,780,Portugal,Left Center Back,94.13,True
3869254,5207,Cristiano Ronaldo dos Santos Aveiro,780,Portugal,Center Forward,21.32,False
3869254,5209,Raphaël Adelino José Guerreiro,780,Portugal,Left Back,94.13,True
3869254,5214,William Silva de Carvalho,780,Portugal,Center Defensive Midfield,94.13,True
3869254,10868,Ricardo Jorge Luz Horta,780,Portugal,Left Wing,21.55,False
3869254,3193,Bernardo Mota Veiga de Carvalho e Silva,780,Portugal,Right Center Midfield,80.65,True
3869321,5507,Nicolás Alejandro Tagliafico,779,Argentina,Left Wing Back,50.6,False
3869321,8326,Andries Noppert,941,Netherlands,Goalkeeper,127.75,True
3869321,19597,Marcos Javier Acuña,779,Argentina,Left Wing Back,77.15,True
3869321,20750,Cody Mathès Gakpo,941,Netherlands,Center Attacking Midfield,112.68,True
3869321,29201,Nahuel Molina Lucero,779,Argentina,Right Wing Back,105.0,True
3869321,3090,Nicolás Hernán Otamendi,779,Argentina,Center Back,127.75,True
3869321,7829,Wout Weghorst,941,Netherlands,Right Center Forward,49.8,False
3869321,21547,Noa Lang,941,Netherlands,Left Midfield,15.07,False
3869321,2988,Memphis Depay,941,Netherlands,Left Center Forward,77.95,True
3869321,21809,Jurriën David Norman Timber,941,Netherlands,Right Center Back,127.75,True
3869321,2995,Ángel Fabián Di María Hernández,779,Argentina,Right Wing,16.73,False
3869321,16308,Leandro Daniel Paredes,779,Argentina,Center Defensive Midfield,61.97,False
3869321,8118,Frenkie de Jong,941,Netherlands,Left Defensive Midfield,127.75,True
3869321,27768,Lisandro Martínez,779,Argentina,Left Center Back,111.02,True
3869321,8125,Denzel Dumfries,941,Netherlands,Right Wing Back,127.75,True
3869321,38718,Enzo Fernandez,779,Argentina,Center Defensive Midfield,127.75,True
3869321,11456,Lautaro Javier Martínez,779,Argentina,Left Center Forward,46.83,False
3869321,7745,Steven Berghuis,941,Netherlands,Center Attacking Midfield,82.75,False
3869321,20033,Luuk de Jong,941,Netherlands,Left Center Forward,63.73,False
3869321,8259,Steven Bergwijn,941,Netherlands,Right Center Forward,45.0,True
3869321,6994,Marten de Roon,941,Netherlands,Right Defensive Midfield,45.0,True
3869321,7891,Teun Koopmeiners,941,Netherlands,Right Defensive Midfield,82.75,False
3869321,3669,Virgil van Dijk,941,Netherlands,Center Back,127.75,True
3869321,20572,Cristian Gabriel Romero,779,Argentina,Right Center Back,77.47,True
3869321,28263,Gonzalo Ariel Montiel,779,Argentina,Right Back,22.75,False
3869321,3306,Nathan Aké,941,Netherlands,Left Center Back,127.75,True
3869321,27886,Alexis Mac Allister,779,Argentina,Left Center Midfield,127.75,True
3869321,3311,Daley Blind,941,Netherlands,Left Wing Back,64.02,True
3869321,7797,Rodrigo Javier De Paul,779,Argentina,Right Center Midfield,65.78,True
3869321,29560,Julián Álvarez,779,Argentina,Left Center Forward,80.92,True
3869321,7161,Germán Alejandro Pezzella,779,Argentina,Right Center Back,50.28,False
3869321,6909,Damián Emiliano Martínez,779,Argentina,Goalkeeper,127.75,True
3869321,5503,Lionel Andrés Messi Cuccittini,779,Argentina,Right Center Forward,127.75,True
3869354,3009,Kylian Mbappé Lottin,771,France,Left Wing,100.48,True
3869354,4354,Philip Foden,768,England,Left Wing,84.47,True
3869354,22084,Bukayo Saka,768,England,Right Wing,78.85,True
3869354,3205,Kyle Walker,768,England,Right Back,100.48,True
3869354,8519,Dayotchanculle Upamecano,771,France,Left Center Back,100.48,True
3869354,3336,Harry Maguire,768,England,Left Center Back,100.48,True
3869354,10955,Harry Kane,768,England,Center Forward,100.48,True
3869354,3468,Jordan Pickford,768,England,Goalkeeper,100.48,True
3869354,3532,Jordan Brian Henderson,768,England,Right Center Midfield,78.8,True
3869354,3026,Adrien Rabiot,771,France,Left Defensive Midfield,100.48,True
3869354,3604,Olivier Giroud,771,France,Center Forward,100.48,True
3869354,8217,Kingsley Coman,771,France,Right Wing,21.87,False
3869354,3099,Hugo Lloris,771,France,Goalkeeper,100.48,True
3869354,4445,Jules Koundé,771,France,Right Back,100.48,True
3869354,3233,Raheem Sterling,768,England,Right Wing,21.63,False
3869354,7843,Mason Mount,768,England,Right Center Midfield,21.68,False
3869354,5477,Ousmane Dembélé,771,France,Right Wing,78.62,True
3869354,9638,Jack Grealish,768,England,Left Center Midfield,3.42,False
3869354,3943,Declan Rice,768,England,Center Defensive Midfield,100.48,True
3869354,3244,John Stones,768,England,Right Center Back,97.07,True
3869354,5485,Raphaël Varane,771,France,Right Center Back,100.48,True
3869354,5487,Antoine Griezmann,771,France,Center Attacking Midfield,100.48,True
3869354,6704,Theo Bernard François Hernández,771,France,Left Back,100.48,True
3869354,10481,Aurélien Djani Tchouaméni,771,France,Right Defensive Midfield,100.48,True
3869354,3382,Luke Shaw,768,England,Left Back,100.48,True
3869354,3318,Marcus Rashford,768,England,Left Wing,16.02,False
3869354,30714,Jude Bellingham,768,England,Left Center Midfield,100.48,True
3869420,7693,Bruno Petković,785,Croatia,Center Forward,53.48,False
3869420,3471,Dejan Lovren,785,Croatia,Right Center Back,125.38,True
3869420,25104,Rodrygo Silva de Goes,781,Brazil,Left Midfield,61.68,False
3869420,16527,Mislav Oršić,785,Croatia,Left Midfield,12.28,False
3869420,16531,Dominik Livaković,785,Croatia,Goalkeeper,125.38,True
3869420,4372,Marcos Aoás Corrêa,781,Brazil,Left Center Back,125.38,True
3869420,25363,Antony Matheus dos Santos,781,Brazil,Right Midfield,70.2,False
3869420,6945,Alex Sandro Lobo Silva,781,Brazil,Left Back,20.37,False
3869420,5539,Carlos Henrique Casimiro,781,Brazil,Left Defensive Midfield,125.38,True
3869420,5547,Alisson Ramsés Becker,781,Brazil,Goalkeeper,125.38,True
3869420,9904,Frederico Rodrigues Santos,781,Brazil,Right Defensive Midfield,20.38,False
3869420,13620,Éder Gabriel Militão,781,Brazil,Right Back,105.02,True
3869420,22600,Lucas Tolentino Coelho de Lima,781,Brazil,Right Defensive Midfield,105.0,True
3869420,8654,Ante Budimir,785,Croatia,Left Center Forward,15.97,False
3869420,5456,Mateo Kovačić,785,Croatia,Left Center Midfield,105.0,True
3869420,12625,Borna Sosa,785,Croatia,Left Back,109.42,True
3869420,3280,Richarlison de Andrade,781,Brazil,Center Forward,83.3,True
3869420,11603,Mario Pašalić,785,Croatia,Right Wing,71.83,True
3869420,5460,Andrej Kramarić,785,Croatia,Center Forward,71.9,True
3869420,5463,Luka Modrić,785,Croatia,Right Center Midfield,125.38,True
3869420,25305,Pedro Guilherme Abreu dos Santos,781,Brazil,Center Forward,42.08,False
3869420,18395,Vinícius José Paixão de Oliveira Júnior,781,Brazil,Left Midfield,63.7,True
3869420,5469,Marcelo Brozović,785,Croatia,Center Defensive Midfield,113.1,True
3869420,3295,Thiago Emiliano da Silva,781,Brazil,Right Center Back,125.38,True
3869420,4320,Neymar da Silva Santos Junior,781,Brazil,Center Attacking Midfield,125.38,True
3869420,5474,Ivan Perišić,785,Croatia,Left Wing,125.38,True
3869420,10595,Raphael Dias Belloli,781,Brazil,Right Midfield,55.18,True
3869420,29163,Josip Juranović,785,Croatia,Right Back,125.38,True
3869420,3441,Nikola Vlašić,785,Croatia,Right Wing,53.55,False
3869420,28914,Lovro Majer,785,Croatia,Right Defensive Midfield,20.38,False
3869420,3063,Danilo Luiz da Silva,781,Brazil,Left Back,125.38,True
3869420,33018,Joško Gvardiol,785,Croatia,Left Center Back,125.38,True
3869486,6785,Yassine Bounou,788,Morocco,Goalkeeper,98.03,True
3869486,139016,Achraf Dari,788,Morocco,Right Center Back,41.08,False
3869486,12041,João Félix Sequeira,780,Portugal,Left Wing,98.03,True
3869486,102668,Yahya Jabrane,788,Morocco,Right Defensive Midfield,17.17,False
3869486,38803,Gonçalo Matias Ramos,780,Portugal,Center Forward,68.35,True
3869486,16028,José Diogo Dalot Teixeira,780,Portugal,Right Back,78.67,True
3869486,6301,Youssef En-Nesyri,788,Morocco,Center Forward,64.0,True
3869486,7459,Jawad El Yamiq,788,Morocco,Right Center Back,98.03,True
3869486,3625,Sofiane Boufal,788,Morocco,Left Midfield,80.87,True
3869486,20016,Kléper Laveran Lima Ferreira,780,Portugal,Right Center Back,98.03,True
3869486,11184,Otávio Edmilson da Silva Monteiro,780,Portugal,Left Center Midfield,68.48,True
3869486,46258,Azzedine Ounahi,788,Morocco,Right Center Midfield,98.03,True
3869486,18360,Rafael Alexandre Conceição Leão,780,Portugal,Left Wing,29.68,False
3869486,296254,Walid Cheddira,788,Morocco,Center Forward,34.27,False
3869486,31295,Yahia Attiyat allah,788,Morocco,Left Back,98.03,True
3869486,9927,Rúben Diogo Da Silva Neves,780,Portugal,Center Defensive Midfield,50.78,True
3869486,32975,Diogo Meireles Costa,780,Portugal,Goalkeeper,98.03,True
3869486,34639,Vitor Machado Ferreira,780,Portugal,Right Defensive Midfield,29.55,False
3869486,5204,Bruno Miguel Borges Fernandes,780,Portugal,Right Wing,98.03,True
3869486,5206,Rúben Santos Gato Alves Dias,780,Portugal,Left Center Back,98.03,True
3869486,5207,Cristiano Ronaldo dos Santos Aveiro,780,Portugal,Center Forward,47.25,False
3869486,5209,Raphaël Adelino José Guerreiro,780,Portugal,Left Back,50.72,True
3869486,7005,João Pedro Cavaco Cancelo,780,Portugal,Left Back,47.32,False
3869486,23774,Selim Amallah,788,Morocco,Left Center Midfield,63.77,True
3869486,5219,Romain Saïss,788,Morocco,Left Center Back,56.95,True
3869486,21736,Zakaria Aboukhlal,788,Morocco,Right Wing,17.45,False
3869486,5234,Sofyan Amrabat,788,Morocco,Center Defensive Midfield,98.03,True
3869486,67700,Badr Banoun,788,Morocco,Center Back,34.03,False
3869486,5237,Hakim Ziyech,788,Morocco,Right Midfield,80.58,True
3869486,10868,Ricardo Jorge Luz Horta,780,Portugal,Right Wing,19.37,False
3869486,3193,Bernardo Mota Veiga de Carvalho e Silva,780,Portugal,Left Defensive Midfield,98.03,True
3869486,5245,Achraf Hakimi Mouh,788,Morocco,Right Back,98.03,True
3869519,5507,Nicolás Alejandro Tagliafico,779,Argentina,Left Back,95.03,True
3869519,7693,Bruno Petković,785,Croatia,Center Forward,45.32,False
3869519,3471,Dejan Lovren,785,Croatia,Right Center Back,95.03,True
3869519,16527,Mislav Oršić,785,Croatia,Left Wing,50.03,False
3869519,29201,Nahuel Molina Lucero,779,Argentina,Right Back,85.95,True
3869519,3090,Nicolás Hernán Otamendi,779,Argentina,Left Center Back,95.03,True
3869519,16531,Dominik Livaković,785,Croatia,Goalkeeper,95.03,True
3869519,22041,Marko Livaja,785,Croatia,Center Attacking Midfield,23.25,False
3869519,16308,Leandro Daniel Paredes,779,Argentina,Right Defensive Midfield,61.47,True
3869519,27768,Lisandro Martínez,779,Argentina,Left Center Back,33.57,False
3869519,38718,Enzo Fernandez,779,Argentina,Left Defensive Midfield,95.03,True
3869519,5456,Mateo Kovačić,785,Croatia,Left Center Midfield,95.03,True
3869519,12625,Borna Sosa,785,Croatia,Left Back,45.0,True
3869519,11603,Mario Pašalić,785,Croatia,Right Wing,45.0,True
3869519,5460,Andrej Kramarić,785,Croatia,Center Forward,71.78,True
3869519,5463,Luka Modrić,785,Croatia,Right Center Midfield,80.67,True
3869519,21081,Juan Marcos Foyth,779,Argentina,Right Wing Back,9.08,False
3869519,20572,Cristian Gabriel Romero,779,Argentina,Right Center Back,95.03,True
3869519,5469,Marcelo Brozović,785,Croatia,Center Defensive Midfield,49.72,True
3869519,5474,Ivan Perišić,785,Croatia,Left Back,95.03,True
3869519,6377,Ángel Martín Correa,779,Argentina,Left Center Midfield,9.43,False
3869519,29163,Josip Juranović,785,Croatia,Right Back,95.03,True
3869519,28268,Exequiel Alejandro Palacios,779,Argentina,Right Center Midfield,21.4,False
3869519,27886,Alexis Mac Allister,779,Argentina,Left Midfield,85.6,True
3869519,5743,Paulo Bruno Exequiel Dybala,779,Argentina,Left Center Forward,21.25,False
3869519,3441,Nikola Vlašić,785,Croatia,Right Wing,50.03,False
3869519,28914,Lovro Majer,785,Croatia,Right Defensive Midfield,14.37,False
3869519,7797,Rodrigo Javier De Paul,779,Argentina,Right Midfield,73.63,True
3869519,29560,Julián Álvarez,779,Argentina,Left Center Forward,73.78,True
3869519,33018,Joško Gvardiol,785,Croatia,Left Center Back,95.03,True
3869519,6909,Damián Emiliano Martínez,779,Argentina,Goalkeeper,95.03,True
3869519,5503,Lionel Andrés Messi Cuccittini,779,Argentina,Right Center Forward,95.03,True
3869552,6785,Yassine Bounou,788,Morocco,Goalkeeper,95.97,True
3869552,3009,Kylian Mbappé Lottin,771,France,Left Wing,95.97,True
3869552,139016,Achraf Dari,788,Morocco,Right Center Back,95.97,True
3869552,31295,Yahia Attiyat allah,788,Morocco,Left Back,50.97,False
3869552,22097,Randal Kolo Muani,771,France,Right Wing,17.85,False
3869552,15890,Noussair Mazraoui,788,Morocco,Left Back,45.0,True
3869552,149714,Abdessamad Ezzalzouli,788,Morocco,Left Midfield,18.45,False
3869552,3604,Olivier Giroud,771,France,Center Forward,64.75,True
3869552,11990,Youssouf Fofana,771,France,Left Defensive Midfield,95.97,True
3869552,3099,Hugo Lloris,771,France,Goalkeeper,95.97,True
3869552,2972,Marcus Thuram,771,France,Left Wing,31.22,False
3869552,6301,Youssef En-Nesyri,788,Morocco,Center Forward,65.72,True
3869552,4445,Jules Koundé,771,France,Right Back,95.97,True
3869552,23774,Selim Amallah,788,Morocco,Left Center Midfield,56.92,False
3869552,7459,Jawad El Yamiq,788,Morocco,Left Center Back,95.97,True
3869552,5219,Romain Saïss,788,Morocco,Center Back,20.6,True
3869552,5477,Ousmane Dembélé,771,France,Right Wing,78.12,True
3869552,59493,Abderrazak Hamdallah,788,Morocco,Center Forward,30.25,False
3869552,21736,Zakaria Aboukhlal,788,Morocco,Left Center Forward,29.88,False
3869552,3625,Sofiane Boufal,788,Morocco,Left Wing,66.08,True
3869552,5485,Raphaël Varane,771,France,Right Center Back,95.97,True
3869552,5487,Antoine Griezmann,771,France,Center Attacking Midfield,95.97,True
3869552,6704,Theo Bernard François Hernández,771,France,Left Back,95.97,True
3869552,10481,Aurélien Djani Tchouaméni,771,France,Right Defensive Midfield,95.97,True
3869552,46258,Azzedine Ounahi,788,Morocco,Left Defensive Midfield,95.97,True
3869552,5234,Sofyan Amrabat,788,Morocco,Center Defensive Midfield,95.97,True
3869552,5237,Hakim Ziyech,788,Morocco,Right Wing,95.97,True
3869552,5245,Achraf Hakimi Mouh,788,Morocco,Right Back,95.97,True
3869552,11135,Ibrahima Konaté,771,France,Left Center Back,95.97,True
3869684,6785,Yassine Bounou,788,Morocco,Goalkeeper,96.15,True
3869684,139016,Achraf Dari,788,Morocco,Left Center Back,63.4,True
3869684,7693,Bruno Petković,785,Croatia,Center Forward,29.18,False
3869684,16527,Mislav Oršić,785,Croatia,Left Wing,94.87,True
3869684,5456,Mateo Kovačić,785,Croatia,Left Defensive Midfield,96.15,True
3869684,16531,Dominik Livaković,785,Croatia,Goalkeeper,96.15,True
3869684,5460,Andrej Kramarić,785,Croatia,Center Attacking Midfield,61.07,True
3869684,11603,Mario Pašalić,785,Croatia,Center Attacking Midfield,29.23,False
3869684,5463,Luka Modrić,785,Croatia,Right Defensive Midfield,96.15,True
3869684,22041,Marko Livaja,785,Croatia,Center Forward,66.97,True
3869684,32602,Kristijan Jakić,785,Croatia,Unknown,1.28,False
3869684,37148,Josip Šutalo,785,Croatia,Right Center Back,96.15,True
3869684,6301,Youssef En-Nesyri,788,Morocco,Center Forward,96.15,True
3869684,21214,Ilias Chair,788,Morocco,Right Center Midfield,51.15,False
3869684,131037,Anass Zaroury,788,Morocco,Left Wing,32.87,False
3869684,23774,Selim Amallah,788,Morocco,Left Center Midfield,29.35,False
3869684,5474,Ivan Perišić,785,Croatia,Left Back,96.15,True
3869684,7459,Jawad El Yamiq,788,Morocco,Right Center Back,66.8,True
3869684,3625,Sofiane Boufal,788,Morocco,Left Wing,63.28,True
3869684,3441,Nikola Vlašić,785,Croatia,Right Wing,35.08,False
3869684,3634,Abdelhamid Sabiri,788,Morocco,Left Center Midfield,45.0,True
3869684,28914,Lovro Majer,785,Croatia,Right Wing,66.92,True
3869684,5234,Sofyan Amrabat,788,Morocco,Center Defensive Midfield,96.15,True
3869684,5237,Hakim Ziyech,788,Morocco,Right Wing,96.15,True
3869684,46258,Azzedine Ounahi,788,Morocco,Center Defensive Midfield,41.12,False
3869684,67700,Badr Banoun,788,Morocco,Right Center Back,32.75,False
3869684,49337,Josip Stanišić,785,Croatia,Right Back,96.15,True
3869684,33018,Joško Gvardiol,785,Croatia,Left Center Back,96.15,True
3869684,5245,Achraf Hakimi Mouh,788,Morocco,Right Back,96.15,True
3869684,156734,Bilal El Khannous,788,Morocco,Right Center Midfield,55.03,True
3869684,31295,Yahia Attiyat allah,788,Morocco,Left Back,96.15,True
3869685,5507,Nicolás Alejandro Tagliafico,779,Argentina,Left Back,120.77,True
3869685,19597,Marcos Javier Acuña,779,Argentina,Left Wing,62.12,False
3869685,7439,Axel Disasi,771,France,Unknown,5.38,False
3869685,29201,Nahuel Molina Lucero,779,Argentina,Right Back,90.0,True
3869685,3090,Nicolás Hernán Otamendi,779,Argentina,Left Center Back,125.97,True
3869685,3604,Olivier Giroud,771,France,Center Forward,41.02,True
3869685,8217,Kingsley Coman,771,France,Right Midfield,55.48,False
3869685,3099,Hugo Lloris,771,France,Goalkeeper,125.97,True
3869685,2972,Marcus Thuram,771,France,Left Midfield,84.95,False
3869685,6704,Theo Bernard François Hernández,771,France,Left Back,70.45,True
3869685,2995,Ángel Fabián Di María Hernández,779,Argentina,Left Wing,63.85,True
3869685,16308,Leandro Daniel Paredes,779,Argentina,Center Defensive Midfield,24.35,False
3869685,38718,Enzo Fernandez,779,Argentina,Center Defensive Midfield,125.97,True
3869685,11456,Lautaro Javier Martínez,779,Argentina,Center Forward,24.15,False
3869685,3009,Kylian Mbappé Lottin,771,France,Left Center Forward,125.97,True
3869685,8519,Dayotchanculle Upamecano,771,France,Left Center Back,125.97,True
3869685,24778,Eduardo Camavinga,771,France,Left Back,55.52,False
3869685,22097,Randal Kolo Muani,771,France,Right Wing,85.43,False
3869685,3026,Adrien Rabiot,771,France,Left Defensive Midfield,95.17,True
3869685,11990,Youssouf Fofana,771,France,Left Defensive Midfield,30.8,False
3869685,11135,Ibrahima Konaté,771,France,Right Center Back,13.5,False
3869685,20572,Cristian Gabriel Romero,779,Argentina,Right Center Back,125.97,True
3869685,4445,Jules Koundé,771,France,Right Back,120.58,True
3869685,5477,Ousmane Dembélé,771,France,Right Wing,40.53,True
3869685,28263,Gonzalo Ariel Montiel,779,Argentina,Right Back,35.97,False
3869685,5485,Raphaël Varane,771,France,Right Center Back,112.47,True
3869685,27886,Alexis Mac Allister,779,Argentina,Left Center Midfield,115.37,True
3869685,5487,Antoine Griezmann,771,France,Center Attacking Midfield,70.48,True
3869685,5743,Paulo Bruno Exequiel Dybala,779,Argentina,Left Center Midfield,5.2,False
3869685,10481,Aurélien Djani Tchouaméni,771,France,Right Defensive Midfield,125.97,True
3869685,7797,Rodrigo Javier De Paul,779,Argentina,Right Center Midfield,101.62,True
3869685,29560,Julián Álvarez,779,Argentina,Center Forward,101.82,True
3869685,7161,Germán Alejandro Pezzella,779,Argentina,Center Back,10.6,False
3869685,6909,Damián Emiliano Martínez,779,Argentina,Goalkeeper,125.97,True
3869685,5503,Lionel Andrés Messi Cuccittini,779,Argentina,Right Wing,125.97,True
3920384,43072,Jean-Philippe Krasso,3374,Côte d'Ivoire,Center Forward,60.78,True
3920384,3013,Nicolas Pépé,3374,Côte d'Ivoire,Right Wing,33.38,False
3920384,36552,Ouparine Djoco,4894,Guinea-Bissau,Goalkeeper,93.98,True
3920384,3017,Ibrahim Sangaré,3374,Côte d'Ivoire,Center Defensive Midfield,89.63,True
3920384,136074,Karim Konaté,3374,Côte d'Ivoire,Center Forward,33.2,False
3920384,23307,Idrissa Doumbia,3374,Côte d'Ivoire,Center Defensive Midfield,4.35,False
3920384,196109,Ousmane Diomande,3374,Côte d'Ivoire,Right Center Back,76.4,True
3920384,36813,Janio Bikel Figueiredo Silva,4894,Guinea-Bissau,Left Defensive Midfield,93.98,True
3920384,24909,Moreto Moro Cassamã,4894,Guinea-Bissau,Center Attacking Midfield,66.6,True
3920384,7568,Opa Sangante,4894,Guinea-Bissau,Right Center Back,93.98,True
3920384,12175,Carlos Mendes Gomes,4894,Guinea-Bissau,Left Center Midfield,27.38,False
3920384,9933,Willy Boly,3374,Côte d'Ivoire,Right Center Back,17.58,False
3920384,10323,Alfa Semedo Esteves,4894,Guinea-Bissau,Right Defensive Midfield,93.98,True
3920384,36629,Yahia Fofana,3374,Côte d'Ivoire,Goalkeeper,93.98,True
3920384,380983,José Correia,4894,Guinea-Bissau,Right Wing,19.2,False
3920384,3481,Serge Aurier,3374,Côte d'Ivoire,Right Back,48.98,False
3920384,18651,Carlos Manuel Cardoso Mané,4894,Guinea-Bissau,Left Wing,66.45,True
3920384,41052,Fali Candé,4894,Guinea-Bissau,Left Back,93.98,True
3920384,4256,Jonathan Bamba,3374,Côte d'Ivoire,Left Wing,60.6,True
3920384,7713,Obite Evan Ndicka,3374,Côte d'Ivoire,Left Center Back,93.98,True
3920384,12064,Mama Samba Baldé,4894,Guinea-Bissau,Center Forward,84.42,True
3920384,25056,Marcelo Amado Djaló Taritolay,4894,Guinea-Bissau,Left Center Back,93.98,True
3920384,143863,Franculino Gluda Djú,4894,Guinea-Bissau,Center Forward,27.53,False
3920384,10854,Euciodálcio Gomes,4894,Guinea-Bissau,Left Center Midfield,9.57,False
3920384,4909,Jeremie Boga,3374,Côte d'Ivoire,Left Wing,93.98,True
3920384,7023,Franck Yannick Kessié,3374,Côte d'Ivoire,Right Center Midfield,93.98,True
3920384,7791,Seko Fofana,3374,Côte d'Ivoire,Left Center Midfield,93.98,True
3920384,32433,Jefferson Anilson Silva Encada,4894,Guinea-Bissau,Right Back,93.98,True
3920384,10039,Ghislain Konan,3374,Côte d'Ivoire,Left Back,93.98,True
3920384,36539,Wilfried Stephane Singo,3374,Côte d'Ivoire,Right Back,45.0,True
3920384,43007,Mauro Daniel Rodrigues Teixeira,4894,Guinea-Bissau,Right Wing,74.78,True
3920385,136064,Ernan Alberto Siluane,4978,Mozambique,Goalkeeper,101.47,True
3920385,129475,Feliciano João Jone,4978,Mozambique,Right Defensive Midfield,13.45,False
3920385,66886,Mostafa Mohamed Ahmed Abdallah,774,Egypt,Center Forward,101.47,True
3920385,66887,Hamdi Fathi,774,Egypt,Left Defensive Midfield,101.47,True
3920385,389641,Domingos João Macandza,4978,Mozambique,Right Back,101.47,True
3920385,3531,Mohamed Salah,774,Egypt,Center Attacking Midfield,101.47,True
3920385,66892,Mohamed Hany Gamal Eldemerdash,774,Egypt,Right Back,65.07,True
3920385,5261,Mahmoud Ibrahim Hassan,774,Egypt,Left Wing,65.02,True
3920385,65742,Edmilson Gabriel Dove,4978,Mozambique,Left Center Back,101.47,True
3920385,15311,Ahmed Hassan Mahgoub,774,Egypt,Right Center Forward,17.78,False
3920385,5265,Mohamed El Sayed Mohamed El Shenawy Gomaa,774,Egypt,Goalkeeper,101.47,True
3920385,263057,Amade Momade,4978,Mozambique,Right Wing,21.08,False
3920385,106068,Gildo Lourenço Vilanculos,4978,Mozambique,Left Midfield,45.0,True
3920385,106069,Clésio Bauque,4978,Mozambique,Left Wing,56.47,False
3920385,106070,Bruno Alberto Langa,4978,Mozambique,Left Wing Back,56.47,False
3920385,40761,Omar Marmoush,774,Egypt,Left Wing,36.45,False
3920385,23706,Alfons Amade,4978,Mozambique,Left Defensive Midfield,101.47,True
3920385,106074,Elias Gaspar Pelembe,4978,Mozambique,Center Attacking Midfield,45.0,True
3920385,67742,Emam Ashour Metwally Abdelghany,774,Egypt,Left Defensive Midfield,24.13,False
3920385,4063,Ahmed Elsayed Ali Elsayed Hegazy,774,Egypt,Right Center Back,101.47,True
3920385,10848,Reinildo Isnard Mandava,4978,Mozambique,Left Back,101.47,True
3920385,106082,Pachoio Lau Há King,4978,Mozambique,Center Forward,33.82,False
3920385,29482,Ricardo Martins Guimarães,4978,Mozambique,Right Defensive Midfield,88.02,True
3920385,3568,Mohamed Naser Elsayed Elneny,774,Egypt,Right Defensive Midfield,77.33,True
3920385,10865,Witiness Chimoio João Quembo,4978,Mozambique,Right Midfield,80.38,True
3920385,3250,Edson André Sitoe,4978,Mozambique,Right Center Back,101.47,True
3920385,70835,Mohamed Hamdy Sharaf,774,Egypt,Left Back,101.47,True
3920385,127547,Stanley Ratifo,4978,Mozambique,Center Forward,67.65,True
3920385,69563,Mohamed Abdelmonem,774,Egypt,Left Center Back,101.47,True
3920385,66878,Ahmed Sayed,774,Egypt,Right Wing,83.68,True
3920385,70783,Omar Kamal Abdel Wahed,774,Egypt,Right Back,36.4,False
3920386,40128,Jannick Buyla Sam,4992,Equatorial Guinea,Left Wing,74.47,True
3920386,43779,Calvin Bassey Ughelumba,775,Nigeria,Left Back,14.48,False
3920386,23559,José Ndong Machín Dicombo,4992,Equatorial Guinea,Center Attacking Midfield,85.47,True
3920386,358410,Stanley Bobo Nwabali,775,Nigeria,Goalkeeper,96.87,True
3920386,11277,Victor James Osimhen,775,Nigeria,Center Forward,96.87,True
3920386,13581,Emilio Nsue López,4992,Equatorial Guinea,Center Forward,96.87,True
3920386,31949,Zaidu Sanusi,775,Nigeria,Left Back,82.38,True
3920386,5455,William Troost-Ekong,775,Nigeria,Right Center Back,96.87,True
3920386,16335,Samuel Chimerenka Chukwueze,775,Nigeria,Right Midfield,28.98,False
3920386,17618,Carlos Akapo Martínez,4992,Equatorial Guinea,Right Back,96.87,True
3920386,24467,Frank Onyeka,775,Nigeria,Center Defensive Midfield,96.87,True
3920386,3923,Oluwasemilogo Adesewo Ibidapo Ajayi,775,Nigeria,Left Center Back,96.87,True
3920386,3856,Joe Aribo,775,Nigeria,Right Center Midfield,28.9,False
3920386,105942,Pablo Ganet Cómitre,4992,Equatorial Guinea,Left Defensive Midfield,74.1,True
3920386,30423,Ibán Salvador Edu,4992,Equatorial Guinea,Right Wing,92.8,True
3920386,34845,Federico Bikoro Akieme Nchama,4992,Equatorial Guinea,Right Defensive Midfield,96.87,True
3920386,3806,Bright Osayi-Samuel,775,Nigeria,Right Back,14.55,False
3920386,136414,Luis Miguel Nlavo Asue,4992,Equatorial Guinea,Left Wing,4.07,False
3920386,24478,Paul Onuachu,775,Nigeria,Left Center Midfield,3.78,False
3920386,136417,Alejandro Balboa Bandeira,4992,Equatorial Guinea,Right Defensive Midfield,22.77,False
3920386,482851,Esteban Orozco Fernández,4992,Equatorial Guinea,Right Center Back,96.87,True
3920386,105764,Basilio Ndong Owono Nchamaaa,4992,Equatorial Guinea,Left Back,96.87,True
3920386,105765,Jesús Lázaro Owono Ngua Akeng,4992,Equatorial Guinea,Goalkeeper,96.87,True
3920386,11492,Temitayo Olufisayo Olaoluwa Aina,775,Nigeria,Right Back,82.32,True
3920386,52324,Saúl Basilio Coco-Bassey Oubiña,4992,Equatorial Guinea,Left Center Back,96.87,True
3920386,422691,José Nabil Onva Adjugu,4992,Equatorial Guinea,Right Wing,22.4,False
3920386,27434,Alhassan Yusuf,775,Nigeria,Right Center Midfield,67.97,True
3920386,136298,Santiago Eneme Bocari,4992,Equatorial Guinea,Center Attacking Midfield,11.4,False
3920386,18163,Moses Daddy-Ajala Simon,775,Nigeria,Right Midfield,67.88,True
3920386,3447,Ademola Lookman,775,Nigeria,Left Midfield,96.87,True
3920386,3647,Alex Iwobi,775,Nigeria,Left Center Midfield,93.08,True
3920387,16001,Garry Mendes Rodrigues,4924,Cape Verde Islands,Left Wing,31.97,False
3920387,23301,Kenny Rocha Santos,4924,Cape Verde Islands,Right Center Midfield,31.92,False
3920387,3347,André Ayew Pelé,4885,Ghana,Center Attacking Midfield,37.57,False
3920387,68757,Richard Ofori Antwi,4885,Ghana,Goalkeeper,99.43,True
3920387,24087,Iddrisu Baba Mohammed,4885,Ghana,Right Defensive Midfield,99.43,True
3920387,8349,Deroy Duarte,4924,Cape Verde Islands,Right Center Midfield,67.52,True
3920387,7197,Steven Moreira,4924,Cape Verde Islands,Right Back,99.43,True
3920387,16546,Joseph Paintsil,4885,Ghana,Right Wing,61.87,True
3920387,40485,Ryan Isaac Mendes da Graça,4924,Cape Verde Islands,Right Wing,67.47,True
3920387,2989,Alexander Djiku,4885,Ghana,Right Center Back,99.43,True
3920387,133038,João Paulo Moreira Fernandes,4924,Cape Verde Islands,Left Back,99.43,True
3920387,36271,Roberto Lopes,4924,Cape Verde Islands,Left Center Back,99.43,True
3920387,21173,Laros Duarte,4924,Cape Verde Islands,Left Center Midfield,15.87,False
3920387,31029,Salis Abdul Samed,4885,Ghana,Left Defensive Midfield,12.5,False
3920387,30519,Mohamed Salisu,4885,Ghana,Left Center Back,99.43,True
3920387,23615,Gideon Mensah,4885,Ghana,Left Back,99.43,True
3920387,132800,Kevin Lenini Gonçalves Pereira de Pina,4924,Cape Verde Islands,Center Defensive Midfield,99.43,True
3920387,44225,Osman Bukari,4885,Ghana,Left Wing,6.27,False
3920387,9286,Antoine Semenyo,4885,Ghana,Center Forward,61.88,True
3920387,7753,Jamiro Gregory Monteiro Alvarenga,4924,Cape Verde Islands,Left Center Midfield,83.57,True
3920387,105932,Josimar José Évora Dias,4924,Cape Verde Islands,Goalkeeper,99.43,True
3920387,105936,Gilson Benchimol Tavares,4924,Cape Verde Islands,Center Forward,15.95,False
3920387,7900,Tiago Manuel Dias Correia,4924,Cape Verde Islands,Center Forward,73.98,True
3920387,12259,Denis Odoi,4885,Ghana,Right Back,99.43,True
3920387,30693,Majeed Ashimeru,4885,Ghana,Left Defensive Midfield,86.93,True
3920387,10598,Jovane Eduardo Borges Cabral,4924,Cape Verde Islands,Left Wing,83.48,True
3920387,33395,Ransford Königsdörffer,4885,Ghana,Center Attacking Midfield,61.87,True
3920387,45557,Logan Costa,4924,Cape Verde Islands,Right Center Back,99.43,True
3920387,233463,Ernest Appiah Nuamah,4885,Ghana,Right Wing,37.57,False
3920387,6393,Iñaki Williams Arthuer,4885,Ghana,Center Forward,37.55,False
3920387,3450,Jordan Ayew,4885,Ghana,Left Wing,93.17,True
3920387,28413,Willy Afonso Semedo Johnson,4924,Cape Verde Islands,Right Wing,25.45,False
3920388,31751,Pathé Ismaël Ciss,787,Senegal,Center Defensive Midfield,38.37,False
3920388,32915,Ismail Jakobs,787,Senegal,Left Back,96.03,True
3920388,20758,Krépin Diatta,787,Senegal,Right Back,96.03,True
3920388,44311,Alieu Fadera,4934,Gambia,Left Wing Back,21.32,False
3920388,4506,Nampalys Mendy,787,Senegal,Right Center Midfield,18.05,False
3920388,25759,Abdoulaye Seck,787,Senegal,Right Center Back,15.72,False
3920388,21026,Pape Gueye,787,Senegal,Left Center Midfield,77.98,True
3920388,5675,Kalidou Koulibaly,787,Senegal,Right Center Back,96.03,True
3920388,3629,Sadio Mané,787,Senegal,Left Wing,96.03,True
3920388,28212,Alasana Manneh,4934,Gambia,Right Center Midfield,65.48,True
3920388,50497,Nicolas Jackson,787,Senegal,Center Forward,38.27,False
3920388,50501,Ebrima Darboe,4934,Gambia,Left Center Midfield,82.37,True
3920388,307271,Yankuba Minteh,4934,Gambia,Right Attacking Midfield,82.3,True
3920388,6988,Musa Barrow,4934,Gambia,Left Midfield,96.03,True
3920388,12498,Omar Colley,4934,Gambia,Left Center Back,96.03,True
3920388,7379,Edouard Mendy,787,Senegal,Goalkeeper,96.03,True
3920388,18516,Habibou Mouhamadou Diallo,787,Senegal,Center Forward,57.77,True
3920388,4696,Ebou Adams,4934,Gambia,Center Defensive Midfield,96.03,True
3920388,3417,Saidy Janko,4934,Gambia,Right Back,96.03,True
3920388,392153,Lamine Camara,787,Senegal,Right Center Midfield,96.03,True
3920388,16607,Assan Ceesay,4934,Gambia,Right Wing Back,13.67,False
3920388,80484,Iliman Ndiaye,787,Senegal,Right Wing,20.15,False
3920388,51941,Muhammed Badamosi,4934,Gambia,Center Forward,30.63,False
3920388,8553,Abdou Diallo,787,Senegal,Center Defensive Midfield,57.67,True
3920388,35689,James Gomez,4934,Gambia,Right Center Back,96.03,True
3920388,185579,Baboucarr Gaye,4934,Gambia,Goalkeeper,96.03,True
3920388,29164,Hamza Barry,4934,Gambia,Right Defensive Midfield,30.55,False
3920388,47721,Abdulia Sanyang,4934,Gambia,Left Center Forward,13.73,False
3920388,29816,Ibou Touray,4934,Gambia,Left Back,74.72,True
3920388,50938,Ali Sowe,4934,Gambia,Center Forward,65.4,True
3920388,2941,Ismaïla Sarr,787,Senegal,Right Wing,75.88,True
3920388,3198,Moussa Niakhate,787,Senegal,Left Center Back,80.32,True
3920389,7360,Julian Jeanvier,4892,Guinea,Left Center Back,96.53,True
3920389,4352,Issiaga Sylla,4892,Guinea,Left Defensive Midfield,1.53,False
3920389,7426,Jean-Charles Castelletto,2722,Cameroon,Right Back,96.53,True
3920389,3141,André-Frank Zambo Anguissa,2722,Cameroon,Left Defensive Midfield,96.53,True
3920389,8454,Mohamed Bayo,4892,Guinea,Center Forward,84.15,True
3920389,39559,Aguibou Camara,4892,Guinea,Center Attacking Midfield,96.53,True
3920389,131849,Antoine Conte,4892,Guinea,Right Back,55.82,True
3920389,8012,José Kanté Martínez,4892,Guinea,Center Forward,12.38,False
3920389,3405,François Kamano,4892,Guinea,Left Wing,96.53,True
3920389,35285,Mory Konaté,4892,Guinea,Right Defensive Midfield,95.0,True
3920389,7386,Harold Moukoudi,2722,Cameroon,Left Center Back,96.53,True
3920389,47351,Morgan Guilavogui,4892,Guinea,Right Wing,55.8,True
3920389,74588,Christopher Wooh,2722,Cameroon,Right Center Back,74.07,True
3920389,28444,Oumar Gonzalez,2722,Cameroon,Right Center Back,22.47,False
3920389,24670,Joseph Fabrice Ondoa Ebogo,2722,Cameroon,Goalkeeper,96.53,True
3920389,3551,Karl Brillant Toko Ekambi,2722,Cameroon,Center Forward,96.53,True
3920389,39073,Moriba Kourouma Kourouma,4892,Guinea,Right Defensive Midfield,96.53,True
3920389,10530,Jules Olivier Ntcham,2722,Cameroon,Right Defensive Midfield,96.53,True
3920389,62627,Junior Tchamadeu,2722,Cameroon,Right Midfield,22.17,False
3920389,189348,Frank Magri,2722,Cameroon,Right Wing,74.37,True
3920389,132711,Sekou Oumar Sylla,4892,Guinea,Left Back,96.53,True
3920389,4267,Mouctar Diakhaby,4892,Guinea,Right Center Back,96.53,True
3920389,176683,Ibrahim Diakité,4892,Guinea,Right Back,40.72,False
3920389,182573,Ibrahim Kone,4892,Guinea,Goalkeeper,96.53,True
3920389,34293,Faris Pemi Moumbagna,2722,Cameroon,Left Center Forward,12.43,False
3920389,3639,Georges-Kévin Nkoudou Mbida,2722,Cameroon,Left Wing,96.53,True
3920389,406457,Facinet Conte,4892,Guinea,Left Midfield,40.73,False
3920389,7355,Olivier Michel Kemen,2722,Cameroon,Center Defensive Midfield,84.1,True
3920389,32190,Darlin Zidane Yongwa Ngameni,2722,Cameroon,Left Back,96.53,True
3920390,22274,Bruno Lourenço Pinto de Almeida Paz,4901,Angola,Left Center Midfield,40.5,True
3920390,389784,Manuel Keliano,4901,Angola,Right Defensive Midfield,9.55,False
3920390,90913,Zito André Sebastião Luvumbo,4901,Angola,Right Wing,77.05,True
3920390,145058,Eddie Marcos Melo Afonso,4901,Angola,Right Wing Back,20.05,False
3920390,41381,Anthony Louis Mandréa,4898,Algeria,Goalkeeper,97.33,True
3920390,103207,Loide António Augusto,4901,Angola,Right Wing Back,77.28,True
3920390,103464,Mohamed Youcef Belaïli,4898,Algeria,Left Wing,66.17,True
3920390,103465,Baghdad Bounedjah,4898,Algeria,Center Forward,66.45,True
3920390,135849,Adilson Cipriano da Cruz,4901,Angola,Goalkeeper,97.33,True
3920390,103208,Kialonda Gaspar,4901,Angola,Center Back,97.33,True
3920390,31016,Manuel Luís da Silva Cafumana,4901,Angola,Left Defensive Midfield,97.33,True
3920390,10040,Youcef Atal,4898,Algeria,Right Back,79.97,True
3920390,23873,Núrio Domingos Matias Fortuna,4901,Angola,Left Wing Back,97.33,True
3920390,270407,Joaquim Marcos Cunga Balanga,4901,Angola,Left Center Back,97.33,True
3920390,8520,Nabil Bentaleb,4898,Algeria,Center Defensive Midfield,70.92,True
3920390,38345,Ramiz Larbi Zerrouki,4898,Algeria,Center Defensive Midfield,26.42,False
3920390,10573,Jonathan Buatu Mananga,4901,Angola,Right Center Back,97.33,True
3920390,12111,Rayan Aït Nouri,4898,Algeria,Left Back,97.33,True
3920390,10448,Adam Ounas,4898,Algeria,Left Wing,31.17,False
3920390,10577,Jacinto Muondo Dala,4901,Angola,Left Wing,87.53,True
3920390,4308,Houssem Aouar,4898,Algeria,Left Center Midfield,17.37,False
3920390,41045,Felicio Mendes Joao Milson,4901,Angola,Right Wing,20.28,False
3920390,217047,Fares Chaïbi,4898,Algeria,Right Center Midfield,97.33,True
3920390,10844,Alfredo Kulembe Ribeiro,4901,Angola,Right Defensive Midfield,87.78,True
3920390,3811,Islam Slimani,4898,Algeria,Center Forward,30.88,False
3920390,3814,Riyad Mahrez,4898,Algeria,Right Wing,97.33,True
3920390,128881,Cristóvão Paciência Mabululo,4901,Angola,Center Forward,56.83,False
3920390,286708,Kévin Daniel Van Den Kerkhof,4898,Algeria,Right Back,17.37,False
3920390,3191,Ramy Bensebaini,4898,Algeria,Left Center Back,97.33,True
3920390,6648,Aïssa Mandi,4898,Algeria,Right Center Back,97.33,True
3920390,11515,Ismael Bennacer,4898,Algeria,Left Center Midfield,79.97,True
3920390,136312,Ambrosini Antonio Cabaça Salvador,4901,Angola,Left Wing,9.8,False
3920391,65727,Thapelo James Morena,4976,South Africa,Right Midfield,8.12,False
3920391,67714,Aliou Dieng,4930,Mali,Right Center Midfield,77.35,True
3920391,102722,Siyanda Xulu,4976,South Africa,Right Center Back,94.85,True
3920391,65732,Mothobi Mvala,4976,South Africa,Left Center Back,94.85,True
3920391,65733,Aubrey Maphosa Modiba,4976,South Africa,Left Back,94.85,True
3920391,8774,Amadou Haïdara,4930,Mali,Left Center Midfield,86.22,True
3920391,23623,Sekou Koita,4930,Mali,Right Center Forward,86.12,True
3920391,133003,Mihlali Samson Mayambela,4976,South Africa,Right Center Forward,21.72,False
3920391,12557,Falaye Sacko,4930,Mali,Left Back,94.85,True
3920391,102992,Djigui Diarra,4930,Mali,Goalkeeper,94.85,True
3920391,162132,Kamory Doumbia,4930,Mali,Center Attacking Midfield,94.85,True
3920391,65719,Khuliso Johnson Mudau,4976,South Africa,Right Back,94.85,True
3920391,66716,Teboho Mokoena,4976,South Africa,Right Defensive Midfield,94.85,True
3920391,105182,Lassine Sinayoko,4930,Mali,Left Center Forward,85.9,True
3920391,42527,Sphephelo S''Miso Sithole,4976,South Africa,Left Defensive Midfield,94.85,True
3920391,64607,Zakhele Lerato Lepasa,4976,South Africa,Left Center Forward,22.17,False
3920391,4385,Yves Bissouma,4930,Mali,Center Defensive Midfield,57.08,True
3920391,66721,Ronwen Williams,4976,South Africa,Goalkeeper,94.85,True
3920391,23331,Boubakar Kouyate,4930,Mali,Right Center Back,94.85,True
3920391,8992,Ibrahim Sissoko,4930,Mali,Center Forward,8.95,False
3920391,199653,Nene Dorgeles,4930,Mali,Left Wing,8.73,False
3920391,408674,Aboubacar Traoré,4930,Mali,Left Defensive Midfield,8.63,False
3920391,3433,Lassana Coulibaly,4930,Mali,Right Defensive Midfield,37.77,False
3920391,3710,Fousseni Diabaté,4930,Mali,Right Wing,17.5,False
3920391,3248,Hamari Traoré,4930,Mali,Right Back,94.85,True
3920391,202037,Thapelo Maseko,4976,South Africa,Left Midfield,86.73,True
3920391,29367,Percy Tau,4976,South Africa,Right Midfield,94.85,True
3920391,65853,Evidence Makgopa,4976,South Africa,Left Center Forward,72.68,True
3920391,65726,Themba Zwane,4976,South Africa,Right Center Forward,73.13,True
3920391,7295,Sikou Niakate,4930,Mali,Left Center Back,94.85,True
3920392,105921,Mamady Alex Bangré,4921,Burkina Faso,Right Wing,45.0,True
3920392,102661,Mohamed Dellahi Yali,4932,Mauritania,Right Center Back,32.73,False
3920392,32767,Boureima Hassane Bandé,4921,Burkina Faso,Center Attacking Midfield,13.98,False
3920392,102667,Hemeya Tanjy,4932,Mauritania,Left Midfield,56.8,True
3920392,416907,Sidi Bouna Sidi Amar,4932,Mauritania,Right Midfield,42.23,False
3920392,2956,Bertrand Isidore Traoré,4921,Burkina Faso,Right Wing,26.32,False
3920392,30606,Edmond Fayçal Tapsoba,4921,Burkina Faso,Left Center Back,99.03,True
3920392,35471,Issa Kabore,4921,Burkina Faso,Right Back,99.03,True
3920392,102800,Issoufou Dayo,4921,Burkina Faso,Right Center Back,99.03,True
3920392,43920,Mohamed Konaté,4921,Burkina Faso,Center Forward,84.83,True
3920392,44307,Cédric Badolo,4921,Burkina Faso,Left Wing,72.72,True
3920392,11923,Yacoub Aly Abeid,4932,Mauritania,Left Back,99.03,True
3920392,23892,Aboubakary Koita,4932,Mauritania,Center Attacking Midfield,99.03,True
3920392,188885,Oumar Ngom,4932,Mauritania,Right Center Midfield,32.45,False
3920392,36951,Babacar Niasse,4932,Mauritania,Goalkeeper,99.03,True
3920392,24411,Adama Guira,4921,Burkina Faso,Right Defensive Midfield,99.03,True
3920392,3035,Steeve Yago,4921,Burkina Faso,Left Back,99.03,True
3920392,225437,Stephane Aziz Ki,4921,Burkina Faso,Center Attacking Midfield,85.05,True
3920392,49763,Souleymane Anne,4932,Mauritania,Center Forward,71.73,False
3920392,4388,Kouakou Herve Koffi,4921,Burkina Faso,Goalkeeper,99.03,True
3920392,10280,Aboubakar Kamara,4932,Mauritania,Center Forward,27.3,True
3920392,341163,Omaré Gassama,4932,Mauritania,Right Defensive Midfield,99.03,True
3920392,389294,Nouh Mohamed El Abd,4932,Mauritania,Right Center Back,99.03,True
3920392,7214,El-Hadji Ba,4932,Mauritania,Left Center Midfield,41.35,False
3920392,128053,Idrissa Thiam,4932,Mauritania,Right Midfield,57.68,True
3920392,3255,Guessouma Fofana,4932,Mauritania,Left Defensive Midfield,66.58,True
3920392,43705,Abdoul Fessal Tapsoba,4921,Burkina Faso,Left Wing,54.03,False
3920392,264954,Lamine Ba,4932,Mauritania,Left Center Back,66.3,True
3920392,138875,Djibril Cheick Ouattara,4921,Burkina Faso,Center Forward,14.2,False
3920392,264956,Ibrahima Keita,4932,Mauritania,Right Back,99.03,True
3920392,23999,Ibrahim Blati Touré,4921,Burkina Faso,Left Defensive Midfield,99.03,True
3920393,32450,Montassar Omar Talbi,777,Tunisia,Left Center Back,96.92,True
3920393,389316,Ngero Kaanjuka Katua,4980,Namibia,Left Defensive Midfield,35.25,False
3920393,389319,Muzeu Bethuel,4980,Namibia,Center Attacking Midfield,24.42,False
3920393,35592,Anis Ben Slimane,777,Tunisia,Center Attacking Midfield,82.22,True
3920393,50503,Sayfallah Ltaief,777,Tunisia,Left Wing,14.7,False
3920393,125324,Lloyd Junior Kazapua,4980,Namibia,Goalkeeper,96.92,True
3920393,5647,Ali Maâloul,777,Tunisia,Left Back,96.92,True
3920393,5651,Yassine Meriah,777,Tunisia,Right Center Back,96.92,True
3920393,65555,Riaan Hanamub,4980,Namibia,Left Back,96.92,True
3920393,125333,Petrus Shitembi,4980,Namibia,Right Center Midfield,61.67,True
3920393,136406,Aprocious Petrus,4980,Namibia,Center Defensive Midfield,96.92,True
3920393,103803,Prins Menelik Tjiueza,4980,Namibia,Left Center Midfield,72.5,True
3920393,105944,Wajdi Kechrida,777,Tunisia,Right Back,96.92,True
3920393,128793,Taha Yassine Khenissi,777,Tunisia,Center Forward,14.67,True
3920393,3226,Bassem Srarfi,777,Tunisia,Right Wing,5.72,False
3920393,44955,Aïssa Bilal Laïdouni,777,Tunisia,Left Defensive Midfield,51.92,False
3920393,135004,Lubeni Haukongo,4980,Namibia,Left Center Back,96.92,True
3920393,102816,Mohamed Ali Ben Romdhane,777,Tunisia,Left Center Midfield,45.0,True
3920393,64612,Deon Hotto Kavendji,4980,Namibia,Left Midfield,96.92,True
3920393,23910,Youssef Msakni,777,Tunisia,Left Wing,96.92,True
3920393,136296,Bechir Ben Said,777,Tunisia,Goalkeeper,96.92,True
3920393,132461,Mohamed Elias Achouri,777,Tunisia,Right Wing,91.2,True
3920393,51571,Haythem Jouini,777,Tunisia,Center Forward,82.25,False
3920393,3767,Ellyes Joris Skhiri,777,Tunisia,Right Defensive Midfield,96.92,True
3920393,4218,Ryan Nyambe,4980,Namibia,Right Back,96.92,True
3920393,65723,Peter Shalulile,4980,Namibia,Center Forward,96.92,True
3920393,103804,Absalom Iimbondi,4980,Namibia,Right Midfield,96.92,True
3920393,264381,Kennedy Amutenya,4980,Namibia,Right Center Back,96.92,True
3920394,6785,Yassine Bounou,788,Morocco,Goalkeeper,96.53,True
3920394,149714,Abdessamad Ezzalzouli,788,Morocco,Left Midfield,70.75,True
3920394,5245,Achraf Hakimi Mouh,788,Morocco,Right Back,96.53,True
3920394,138493,Morice Michael Abraham,4953,Tanzania,Right Wing,51.53,False
3920394,6301,Youssef En-Nesyri,788,Morocco,Center Forward,81.82,True
3920394,103262,Aishi Manula,4953,Tanzania,Goalkeeper,96.53,True
3920394,23774,Selim Amallah,788,Morocco,Left Center Midfield,70.83,True
3920394,19426,Tarryn Allarakhia,4953,Tanzania,Left Wing,37.5,True
3920394,5219,Romain Saïss,788,Morocco,Left Center Back,96.53,True
3920394,16548,Mbwana Ally Samatta,4953,Tanzania,Right Wing,68.97,True
3920394,389092,Ibrahim Abdallah Hamad,4953,Tanzania,Left Center Back,96.53,True
3920394,51494,Haji Mnoga,4953,Tanzania,Right Back,96.53,True
3920394,105766,Mohamed Hussein Mohamed,4953,Tanzania,Left Back,96.53,True
3920394,103269,Bakari Nondo Mwamnyeto,4953,Tanzania,Right Center Back,96.53,True
3920394,103270,Simon Happygod Msuva,4953,Tanzania,Center Forward,59.03,False
3920394,103268,Faisal Salum Abdalla,4953,Tanzania,Right Defensive Midfield,27.57,False
3920394,3625,Sofiane Boufal,788,Morocco,Left Midfield,16.53,False
3920394,5229,Ayoub El Kaabi,788,Morocco,Center Forward,16.67,False
3920394,136055,Novatus Dismas Miroshi,4953,Tanzania,Left Center Midfield,96.53,True
3920394,33401,Amine Adli,788,Morocco,Right Midfield,25.78,False
3920394,46258,Azzedine Ounahi,788,Morocco,Right Center Midfield,80.0,True
3920394,86067,Himid Mao Mkami,4953,Tanzania,Center Defensive Midfield,96.53,True
3920394,80307,Charles M'Mombwa,4953,Tanzania,Center Forward,96.53,True
3920394,5234,Sofyan Amrabat,788,Morocco,Center Defensive Midfield,96.53,True
3920394,12149,Nayef Aguerd,788,Morocco,Right Center Back,96.53,True
3920394,5237,Hakim Ziyech,788,Morocco,Right Midfield,79.87,True
3920394,136057,Mudathiri Yahya,4953,Tanzania,Right Center Midfield,45.0,True
3920394,5243,Amine Harit,788,Morocco,Right Center Midfield,14.72,False
3920394,143165,Mohamed Chibi,788,Morocco,Left Back,96.53,True
3920394,156734,Bilal El Khannous,788,Morocco,Left Center Midfield,25.7,False
3920395,3587,Arthur Masuaku,4881,Congo DR,Left Back,96.1,True
3920395,108291,Tandi Mwape,4963,Zambia,Right Back,96.1,True
3920395,108292,Larry Bwalya,4963,Zambia,Center Attacking Midfield,3.5,False
3920395,23420,Lubambo Musonda,4963,Zambia,Right Midfield,74.77,True
3920395,6862,Cédric Bakambu,4881,Congo DR,Center Forward,80.43,True
3920395,44751,Lameck Banda,4963,Zambia,Left Wing,21.33,False
3920395,8785,Patson Daka,4963,Zambia,Center Forward,96.1,True
3920395,13329,Silas Katompa Mvumpa,4881,Congo DR,Right Wing,3.95,False
3920395,35413,Lionel Mpasi-Nzau,4881,Congo DR,Goalkeeper,96.1,True
3920395,68505,Roderick Kabwe,4963,Zambia,Left Back,96.1,True
3920395,151066,Kelvin Kapumbu,4963,Zambia,Center Defensive Midfield,96.1,True
3920395,105946,Henoc Inonga Baka,4881,Congo DR,Left Center Back,96.1,True
3920395,23708,Fashion Sakala,4963,Zambia,Left Midfield,96.1,True
3920395,23260,Emmanuel Justine Rabby Banda,4963,Zambia,Left Center Midfield,96.1,True
3920395,23203,Stopilla Sunzu,4963,Zambia,Right Center Back,96.1,True
3920395,389156,Tresford Lawrence Mulenga,4963,Zambia,Goalkeeper,96.1,True
3920395,3044,Chancel Mbemba Mangulu,4881,Congo DR,Right Center Back,96.1,True
3920395,35684,Meschak Elia,4881,Congo DR,Right Wing,26.05,False
3920395,23785,Théo Bongonda Mbul'Ofeko Batombo,4881,Congo DR,Right Wing,96.1,True
3920395,24826,Simon Bokote Banza,4881,Congo DR,Center Forward,15.67,False
3920395,47979,Frankie Musonda,4963,Zambia,Left Center Back,96.1,True
3920395,30193,Gedeon Kalulu Kyatengwa,4881,Congo DR,Right Back,96.1,True
3920395,44402,Kings Kangwa,4963,Zambia,Right Center Midfield,92.6,True
3920395,3130,Gaël Kakuta,4881,Congo DR,Center Attacking Midfield,70.05,True
3920395,4412,Samuel Moutoussamy,4881,Congo DR,Left Defensive Midfield,96.1,True
3920395,7294,Yoane Wissa,4881,Congo DR,Left Wing,92.15,True
3920395,28415,Charles Pickel,4881,Congo DR,Right Defensive Midfield,96.1,True
3920396,44225,Osman Bukari,4885,Ghana,Right Wing,16.13,False
3920396,9859,Elisha Owusu,4885,Ghana,Left Defensive Midfield,8.68,False
3920396,66886,Mostafa Mohamed Ahmed Abdallah,774,Egypt,Center Forward,97.12,True
3920396,66887,Hamdi Fathi,774,Egypt,Right Center Midfield,97.12,True
3920396,9286,Antoine Semenyo,4885,Ghana,Center Forward,97.12,True
3920396,17033,Mohammed Kudus,4885,Ghana,Center Attacking Midfield,97.12,True
3920396,3531,Mohamed Salah,774,Egypt,Right Wing,46.58,True
3920396,5261,Mahmoud Ibrahim Hassan,774,Egypt,Left Midfield,29.98,False
3920396,5265,Mohamed El Sayed Mohamed El Shenawy Gomaa,774,Egypt,Goalkeeper,97.12,True
3920396,68755,Mostafa Fathi,774,Egypt,Right Wing,50.53,False
3920396,68757,Richard Ofori Antwi,4885,Ghana,Goalkeeper,97.12,True
3920396,24087,Iddrisu Baba Mohammed,4885,Ghana,Right Defensive Midfield,35.4,False
3920396,70682,Marwan Attia Fahim Ghallab,774,Egypt,Center Defensive Midfield,7.5,False
3920396,67742,Emam Ashour Metwally Abdelghany,774,Egypt,Left Center Midfield,97.12,True
3920396,4063,Ahmed Elsayed Ali Elsayed Hegazy,774,Egypt,Right Center Back,97.12,True
3920396,70783,Omar Kamal Abdel Wahed,774,Egypt,Right Back,97.12,True
3920396,16546,Joseph Paintsil,4885,Ghana,Right Wing,8.93,False
3920396,12259,Denis Odoi,4885,Ghana,Right Back,97.12,True
3920396,30693,Majeed Ashimeru,4885,Ghana,Right Defensive Midfield,61.72,True
3920396,6393,Iñaki Williams Arthuer,4885,Ghana,Right Wing,72.05,True
3920396,2989,Alexander Djiku,4885,Ghana,Right Center Back,97.12,True
3920396,3568,Mohamed Naser Elsayed Elneny,774,Egypt,Center Defensive Midfield,67.13,True
3920396,70835,Mohamed Hamdy Sharaf,774,Egypt,Left Back,97.12,True
3920396,31029,Salis Abdul Samed,4885,Ghana,Left Defensive Midfield,88.43,True
3920396,30519,Mohamed Salisu,4885,Ghana,Left Center Back,97.12,True
3920396,40761,Omar Marmoush,774,Egypt,Left Wing,89.62,True
3920396,3450,Jordan Ayew,4885,Ghana,Left Wing,97.12,True
3920396,69563,Mohamed Abdelmonem,774,Egypt,Left Center Back,97.12,True
3920396,23615,Gideon Mensah,4885,Ghana,Left Back,97.12,True
3920397,23559,José Ndong Machín Dicombo,4992,Equatorial Guinea,Center Attacking Midfield,98.3,True
3920397,391434,Marciano Sanca Tchami,4894,Guinea-Bissau,Right Wing,35.47,False
3920397,13581,Emilio Nsue López,4992,Equatorial Guinea,Center Forward,83.52,True
3920397,12175,Carlos Mendes Gomes,4894,Guinea-Bissau,Left Wing,35.3,False
3920397,30104,Manconi Soriano Mané,4894,Guinea-Bissau,Left Center Back,98.3,True
3920397,349594,Noé Ela Mangue,4992,Equatorial Guinea,Center Forward,14.78,False
3920397,34845,Federico Bikoro Akieme Nchama,4992,Equatorial Guinea,Right Defensive Midfield,98.3,True
3920397,12064,Mama Samba Baldé,4894,Guinea-Bissau,Left Wing,62.83,True
3920397,105762,José Antonio Miranda Boacho,4992,Equatorial Guinea,Left Wing,79.2,True
3920397,482851,Esteban Orozco Fernández,4992,Equatorial Guinea,Right Center Back,98.3,True
3920397,105764,Basilio Ndong Owono Nchamaaa,4992,Equatorial Guinea,Left Back,98.3,True
3920397,105765,Jesús Lázaro Owono Ngua Akeng,4992,Equatorial Guinea,Goalkeeper,98.3,True
3920397,41134,Marvin José Anieboh Pallaruelo,4992,Equatorial Guinea,Right Back,19.1,False
3920397,32433,Jefferson Anilson Silva Encada,4894,Guinea-Bissau,Right Back,98.3,True
3920397,380983,José Correia,4894,Guinea-Bissau,Center Forward,21.47,False
3920397,40128,Jannick Buyla Sam,4992,Equatorial Guinea,Left Defensive Midfield,19.1,False
3920397,36552,Ouparine Djoco,4894,Guinea-Bissau,Goalkeeper,98.3,True
3920397,36813,Janio Bikel Figueiredo Silva,4894,Guinea-Bissau,Center Defensive Midfield,98.3,True
3920397,24909,Moreto Moro Cassamã,4894,Guinea-Bissau,Left Center Midfield,63.0,True
3920397,17618,Carlos Akapo Martínez,4992,Equatorial Guinea,Right Back,79.2,True
3920397,10323,Alfa Semedo Esteves,4894,Guinea-Bissau,Right Center Midfield,85.38,True
3920397,105942,Pablo Ganet Cómitre,4992,Equatorial Guinea,Left Defensive Midfield,72.33,True
3920397,30423,Ibán Salvador Edu,4992,Equatorial Guinea,Right Wing,79.2,True
3920397,18651,Carlos Manuel Cardoso Mané,4894,Guinea-Bissau,Left Center Midfield,12.92,False
3920397,41052,Fali Candé,4894,Guinea-Bissau,Left Back,98.3,True
3920397,136414,Luis Miguel Nlavo Asue,4992,Equatorial Guinea,Right Wing,19.1,False
3920397,25056,Marcelo Amado Djaló Taritolay,4894,Guinea-Bissau,Right Center Back,98.3,True
3920397,52324,Saúl Basilio Coco-Bassey Oubiña,4992,Equatorial Guinea,Left Center Back,98.3,True
3920397,10854,Euciodálcio Gomes,4894,Guinea-Bissau,Right Center Midfield,21.08,False
3920397,136298,Santiago Eneme Bocari,4992,Equatorial Guinea,Left Wing,25.97,False
3920397,143863,Franculino Gluda Djú,4894,Guinea-Bissau,Center Forward,76.83,True
3920397,43007,Mauro Daniel Rodrigues Teixeira,4894,Guinea-Bissau,Right Wing,77.22,True
3920398,43072,Jean-Philippe Krasso,3374,Côte d'Ivoire,Center Forward,83.83,True
3920398,43779,Calvin Bassey Ughelumba,775,Nigeria,Left Center Back,99.43,True
3920398,3013,Nicolas Pépé,3374,Côte d'Ivoire,Center Forward,33.38,False
3920398,5830,Kenneth Josiah Omeruo,775,Nigeria,Right Center Back,20.3,False
3920398,3017,Ibrahim Sangaré,3374,Côte d'Ivoire,Center Defensive Midfield,99.43,True
3920398,358410,Stanley Bobo Nwabali,775,Nigeria,Goalkeeper,99.43,True
3920398,212489,Oumar Diakité,3374,Côte d'Ivoire,Right Wing Back,19.98,False
3920398,136074,Karim Konaté,3374,Côte d'Ivoire,Right Attacking Midfield,15.6,False
3920398,196109,Ousmane Diomande,3374,Côte d'Ivoire,Right Center Back,99.43,True
3920398,11277,Victor James Osimhen,775,Nigeria,Center Forward,87.08,True
3920398,31949,Zaidu Sanusi,775,Nigeria,Left Wing Back,79.13,True
3920398,5455,William Troost-Ekong,775,Nigeria,Center Back,99.43,True
3920398,12496,Christian Kouamé,3374,Côte d'Ivoire,Right Wing,66.42,True
3920398,16335,Samuel Chimerenka Chukwueze,775,Nigeria,Right Wing,71.8,True
3920398,24467,Frank Onyeka,775,Nigeria,Right Defensive Midfield,99.43,True
3920398,3923,Oluwasemilogo Adesewo Ibidapo Ajayi,775,Nigeria,Right Center Back,99.43,True
3920398,36629,Yahia Fofana,3374,Côte d'Ivoire,Goalkeeper,99.43,True
3920398,3481,Serge Aurier,3374,Côte d'Ivoire,Right Back,65.87,True
3920398,3806,Bright Osayi-Samuel,775,Nigeria,Right Wing,20.67,False
3920398,24478,Paul Onuachu,775,Nigeria,Center Forward,12.35,False
3920398,4256,Jonathan Bamba,3374,Côte d'Ivoire,Left Wing Back,33.02,False
3920398,7713,Obite Evan Ndicka,3374,Côte d'Ivoire,Left Center Back,99.43,True
3920398,11492,Temitayo Olufisayo Olaoluwa Aina,775,Nigeria,Right Wing Back,99.43,True
3920398,4909,Jeremie Boga,3374,Côte d'Ivoire,Left Wing,66.05,True
3920398,7791,Seko Fofana,3374,Côte d'Ivoire,Right Center Midfield,99.43,True
3920398,7023,Franck Yannick Kessié,3374,Côte d'Ivoire,Left Center Midfield,99.43,True
3920398,18163,Moses Daddy-Ajala Simon,775,Nigeria,Left Wing,27.63,False
3920398,10039,Ghislain Konan,3374,Côte d'Ivoire,Left Back,79.45,True
3920398,36539,Wilfried Stephane Singo,3374,Côte d'Ivoire,Right Center Back,33.57,False
3920398,3447,Ademola Lookman,775,Nigeria,Left Wing,78.77,True
3920398,3647,Alex Iwobi,775,Nigeria,Left Defensive Midfield,99.43,True
3920399,136064,Ernan Alberto Siluane,4978,Mozambique,Goalkeeper,95.23,True
3920399,16001,Garry Mendes Rodrigues,4924,Cape Verde Islands,Right Midfield,21.22,False
3920399,136069,Shaquille Momad Nangy,4978,Mozambique,Left Defensive Midfield,28.75,False
3920399,23301,Kenny Rocha Santos,4924,Cape Verde Islands,Right Center Midfield,15.55,False
3920399,389641,Domingos João Macandza,4978,Mozambique,Right Wing Back,77.6,True
3920399,23706,Alfons Amade,4978,Mozambique,Right Defensive Midfield,66.48,True
3920399,8349,Deroy Duarte,4924,Cape Verde Islands,Right Center Midfield,79.68,True
3920399,7197,Steven Moreira,4924,Cape Verde Islands,Right Back,74.02,True
3920399,40485,Ryan Isaac Mendes da Graça,4924,Cape Verde Islands,Right Midfield,95.23,True
3920399,29482,Ricardo Martins Guimarães,4978,Mozambique,Right Defensive Midfield,95.23,True
3920399,417067,Infren David da Conceição Matola,4978,Mozambique,Right Wing Back,17.63,False
3920399,133038,João Paulo Moreira Fernandes,4924,Cape Verde Islands,Left Back,95.23,True
3920399,36271,Roberto Lopes,4924,Cape Verde Islands,Left Center Back,95.23,True
3920399,3250,Edson André Sitoe,4978,Mozambique,Right Center Back,95.23,True
3920399,127547,Stanley Ratifo,4978,Mozambique,Center Forward,45.0,True
3920399,132800,Kevin Lenini Gonçalves Pereira de Pina,4924,Cape Verde Islands,Center Defensive Midfield,95.23,True
3920399,127300,Geny Cipriano Catamo,4978,Mozambique,Right Center Forward,95.23,True
3920399,179524,Carlos Miguel Pereira Fernandes,4924,Cape Verde Islands,Left Center Midfield,15.5,False
3920399,7753,Jamiro Gregory Monteiro Alvarenga,4924,Cape Verde Islands,Left Center Midfield,79.73,True
3920399,105932,Josimar José Évora Dias,4924,Cape Verde Islands,Goalkeeper,95.23,True
3920399,65742,Edmilson Gabriel Dove,4978,Mozambique,Center Back,95.23,True
3920399,105936,Gilson Benchimol Tavares,4924,Cape Verde Islands,Center Forward,20.97,False
3920399,106068,Gildo Lourenço Vilanculos,4978,Mozambique,Left Wing Back,17.73,False
3920399,106070,Bruno Alberto Langa,4978,Mozambique,Left Wing Back,77.5,True
3920399,106074,Elias Gaspar Pelembe,4978,Mozambique,Center Attacking Midfield,50.23,False
3920399,7900,Tiago Manuel Dias Correia,4924,Cape Verde Islands,Center Forward,57.87,True
3920399,10848,Reinildo Isnard Mandava,4978,Mozambique,Left Center Back,95.23,True
3920399,106082,Pachoio Lau Há King,4978,Mozambique,Left Center Forward,50.23,False
3920399,10598,Jovane Eduardo Borges Cabral,4924,Cape Verde Islands,Left Midfield,74.27,True
3920399,10865,Witiness Chimoio João Quembo,4978,Mozambique,Left Attacking Midfield,45.0,True
3920399,45557,Logan Costa,4924,Cape Verde Islands,Right Center Back,95.23,True
3920399,28413,Willy Afonso Semedo Johnson,4924,Cape Verde Islands,Right Back,37.37,False
3920400,8064,André Onana,2722,Cameroon,Goalkeeper,98.08,True
3920400,43073,Yvan Neyou Noupa,2722,Cameroon,Center Defensive Midfield,78.32,True
3920400,7426,Jean-Charles Castelletto,2722,Cameroon,Left Center Back,98.08,True
3920400,135043,Enzo Gianni Tchato Mbiayi,2722,Cameroon,Right Back,90.57,True
3920400,50498,Pape Matar Sarr,787,Senegal,Right Center Midfield,73.0,True
3920400,3141,André-Frank Zambo Anguissa,2722,Cameroon,Left Center Midfield,98.08,True
3920400,50497,Nicolas Jackson,787,Senegal,Center Forward,17.4,False
3920400,31751,Pathé Ismaël Ciss,787,Senegal,Unknown,8.2,False
3920400,13454,Nouhou Tolo,2722,Cameroon,Left Back,98.08,True
3920400,16015,Nicolas Moumi Ngamaleu,2722,Cameroon,Right Midfield,73.37,True
3920400,32915,Ismail Jakobs,787,Senegal,Left Back,98.08,True
3920400,7379,Edouard Mendy,787,Senegal,Goalkeeper,98.08,True
3920400,18516,Habibou Mouhamadou Diallo,787,Senegal,Center Forward,80.68,True
3920400,20758,Krépin Diatta,787,Senegal,Right Back,98.08,True
3920400,392153,Lamine Camara,787,Senegal,Left Center Midfield,89.88,True
3920400,74588,Christopher Wooh,2722,Cameroon,Right Center Back,98.08,True
3920400,21026,Pape Gueye,787,Senegal,Center Defensive Midfield,98.08,True
3920400,10530,Jules Olivier Ntcham,2722,Cameroon,Center Defensive Midfield,19.77,False
3920400,189348,Frank Magri,2722,Cameroon,Center Forward,98.08,True
3920400,80484,Iliman Ndiaye,787,Senegal,Right Midfield,17.23,False
3920400,62627,Junior Tchamadeu,2722,Cameroon,Right Back,7.52,False
3920400,8553,Abdou Diallo,787,Senegal,Left Center Back,98.08,True
3920400,5675,Kalidou Koulibaly,787,Senegal,Right Center Back,98.08,True
3920400,3436,Idrissa Gana Gueye,787,Senegal,Right Center Midfield,25.08,False
3920400,3629,Sadio Mané,787,Senegal,Left Midfield,98.08,True
3920400,34293,Faris Pemi Moumbagna,2722,Cameroon,Center Forward,24.72,False
3920400,3639,Georges-Kévin Nkoudou Mbida,2722,Cameroon,Left Midfield,98.08,True
3920400,7355,Olivier Michel Kemen,2722,Cameroon,Right Center Midfield,98.08,True
3920400,2941,Ismaïla Sarr,787,Senegal,Right Midfield,80.85,True
3920401,4352,Issiaga Sylla,4892,Guinea,Left Back,98.15,True
3920401,7360,Julian Jeanvier,4892,Guinea,Left Center Back,98.15,True
3920401,3138,Abdoulaye Touré,4892,Guinea,Right Defensive Midfield,98.15,True
3920401,50501,Ebrima Darboe,4934,Gambia,Left Defensive Midfield,61.1,True
3920401,8454,Mohamed Bayo,4892,Guinea,Center Forward,91.28,True
3920401,39559,Aguibou Camara,4892,Guinea,Center Attacking Midfield,98.15,True
3920401,307271,Yankuba Minteh,4934,Gambia,Left Midfield,36.9,False
3920401,26825,Noah Sonko-Sundberg,4934,Gambia,Right Defensive Midfield,80.43,True
3920401,131849,Antoine Conte,4892,Guinea,Right Back,13.05,False
3920401,6988,Musa Barrow,4934,Gambia,Center Forward,98.15,True
3920401,8012,José Kanté Martínez,4892,Guinea,Center Forward,6.87,False
3920401,47762,Jacob Mendy,4934,Gambia,Left Back,98.15,True
3920401,12498,Omar Colley,4934,Gambia,Left Center Back,98.15,True
3920401,44311,Alieu Fadera,4934,Gambia,Left Midfield,61.25,True
3920401,3417,Saidy Janko,4934,Gambia,Right Back,98.15,True
3920401,47351,Morgan Guilavogui,4892,Guinea,Right Wing,76.57,True
3920401,8284,Amadou Diawara,4892,Guinea,Left Defensive Midfield,13.33,False
3920401,39073,Moriba Kourouma Kourouma,4892,Guinea,Left Defensive Midfield,84.82,True
3920401,51941,Muhammed Badamosi,4934,Gambia,Left Center Forward,26.73,False
3920401,132711,Sekou Oumar Sylla,4892,Guinea,Left Wing,76.38,True
3920401,8505,Naby Deco Keïta,4892,Guinea,Center Attacking Midfield,21.58,False
3920401,35689,James Gomez,4934,Gambia,Right Center Back,98.15,True
3920401,176683,Ibrahim Diakité,4892,Guinea,Right Back,85.1,True
3920401,4267,Mouctar Diakhaby,4892,Guinea,Right Center Back,98.15,True
3920401,182573,Ibrahim Kone,4892,Guinea,Goalkeeper,98.15,True
3920401,185579,Baboucarr Gaye,4934,Gambia,Goalkeeper,98.15,True
3920401,29164,Hamza Barry,4934,Gambia,Left Defensive Midfield,37.05,False
3920401,4471,Ablie Jallow,4934,Gambia,Center Attacking Midfield,98.15,True
3920401,406457,Facinet Conte,4892,Guinea,Left Wing,21.77,False
3920401,50938,Ali Sowe,4934,Gambia,Right Center Forward,17.72,False
3920401,33342,Ebrima Colley,4934,Gambia,Right Midfield,71.42,True
3920402,8520,Nabil Bentaleb,4898,Algeria,Right Defensive Midfield,80.38,True
3920402,38345,Ramiz Larbi Zerrouki,4898,Algeria,Left Defensive Midfield,99.07,True
3920402,2956,Bertrand Isidore Traoré,4921,Burkina Faso,Center Forward,35.87,False
3920402,30606,Edmond Fayçal Tapsoba,4921,Burkina Faso,Left Center Back,99.07,True
3920402,35471,Issa Kabore,4921,Burkina Faso,Right Midfield,99.07,True
3920402,102800,Issoufou Dayo,4921,Burkina Faso,Right Center Back,99.07,True
3920402,43920,Mohamed Konaté,4921,Burkina Faso,Center Forward,63.2,True
3920402,12111,Rayan Aït Nouri,4898,Algeria,Left Back,99.07,True
3920402,99280,Adamo Nagalo,4921,Burkina Faso,Right Back,83.75,True
3920402,10448,Adam Ounas,4898,Algeria,Right Midfield,25.95,False
3920402,44307,Cédric Badolo,4921,Burkina Faso,Left Midfield,15.97,False
3920402,217047,Fares Chaïbi,4898,Algeria,Left Defensive Midfield,25.77,False
3920402,45466,Gustavo Fabrice Sangaré,4921,Burkina Faso,Center Attacking Midfield,83.75,True
3920402,24411,Adama Guira,4921,Burkina Faso,Right Defensive Midfield,38.03,True
3920402,3035,Steeve Yago,4921,Burkina Faso,Left Back,99.07,True
3920402,408160,Dramane Salou,4921,Burkina Faso,Right Center Midfield,15.32,False
3920402,106681,Ismahila Ouédraogo,4921,Burkina Faso,Center Defensive Midfield,61.03,False
3920402,18724,Sofiane Feghouli,4898,Algeria,Center Attacking Midfield,45.0,True
3920402,41381,Anthony Louis Mandréa,4898,Algeria,Goalkeeper,99.07,True
3920402,4388,Kouakou Herve Koffi,4921,Burkina Faso,Goalkeeper,99.07,True
3920402,3814,Riyad Mahrez,4898,Algeria,Right Wing,73.12,True
3920402,103464,Mohamed Youcef Belaïli,4898,Algeria,Left Wing,73.3,True
3920402,103465,Baghdad Bounedjah,4898,Algeria,Center Forward,99.07,True
3920402,6648,Aïssa Mandi,4898,Algeria,Right Center Back,99.07,True
3920402,3811,Islam Slimani,4898,Algeria,Right Center Forward,18.68,False
3920402,141358,Mohamed El Amine Amoura,4898,Algeria,Center Attacking Midfield,54.07,False
3920402,136948,Yacouba Nasser Djiga,4921,Burkina Faso,Right Back,15.32,False
3920402,3191,Ramy Bensebaini,4898,Algeria,Left Center Back,99.07,True
3920402,10040,Youcef Atal,4898,Algeria,Right Back,99.07,True
3920402,43705,Abdoul Fessal Tapsoba,4921,Burkina Faso,Left Wing,83.1,True
3920402,23999,Ibrahim Blati Touré,4921,Burkina Faso,Left Defensive Midfield,99.07,True
3920403,23873,Núrio Domingos Matias Fortuna,4901,Angola,Left Back,96.22,True
3920403,270407,Joaquim Marcos Cunga Balanga,4901,Angola,Left Center Back,11.0,False
3920403,45064,Pape Ibnou Bâ,4932,Mauritania,Center Forward,58.6,True
3920403,416907,Sidi Bouna Sidi Amar,4932,Mauritania,Right Midfield,80.3,True
3920403,102667,Hemeya Tanjy,4932,Mauritania,Left Midfield,15.92,False
3920403,10573,Jonathan Buatu Mananga,4901,Angola,Left Center Back,96.22,True
3920403,389328,Deivi Miguel Vieira,4901,Angola,Right Wing,77.0,True
3920403,10577,Jacinto Muondo Dala,4901,Angola,Left Wing,84.95,True
3920403,11923,Yacoub Aly Abeid,4932,Mauritania,Left Back,45.0,True
3920403,23892,Aboubakary Koita,4932,Mauritania,Left Midfield,96.22,True
3920403,36951,Babacar Niasse,4932,Mauritania,Goalkeeper,96.22,True
3920403,389784,Manuel Keliano,4901,Angola,Right Center Midfield,35.25,False
3920403,10844,Alfredo Kulembe Ribeiro,4901,Angola,Right Defensive Midfield,85.22,True
3920403,90913,Zito André Sebastião Luvumbo,4901,Angola,Right Center Forward,19.22,False
3920403,145058,Eddie Marcos Melo Afonso,4901,Angola,Right Back,96.22,True
3920403,30626,Valdomiro Tualungo Paulo Lameiras,4901,Angola,Left Center Midfield,11.27,False
3920403,103208,Kialonda Gaspar,4901,Angola,Right Center Back,96.22,True
3920403,135849,Adilson Cipriano da Cruz,4901,Angola,Goalkeeper,96.22,True
3920403,31016,Manuel Luís da Silva Cafumana,4901,Angola,Left Defensive Midfield,96.22,True
3920403,341163,Omaré Gassama,4932,Mauritania,Right Center Midfield,96.22,True
3920403,389292,Khadim Diaw,4932,Mauritania,Left Back,51.22,False
3920403,10280,Aboubakar Kamara,4932,Mauritania,Right Center Forward,37.62,False
3920403,389294,Nouh Mohamed El Abd,4932,Mauritania,Right Center Back,96.22,True
3920403,128881,Cristóvão Paciência Mabululo,4901,Angola,Center Forward,96.22,True
3920403,51698,Souleymane Doukara,4932,Mauritania,Left Center Forward,37.62,False
3920403,146933,Bodda Mouhsine,4932,Mauritania,Left Center Midfield,96.22,True
3920403,3255,Guessouma Fofana,4932,Mauritania,Center Defensive Midfield,58.6,True
3920403,136312,Ambrosini Antonio Cabaça Salvador,4901,Angola,Center Attacking Midfield,60.97,True
3920403,264954,Lamine Ba,4932,Mauritania,Left Center Back,96.22,True
3920403,264956,Ibrahima Keita,4932,Mauritania,Right Back,96.22,True
3920404,32450,Montassar Omar Talbi,777,Tunisia,Left Center Back,98.13,True
3920404,8774,Amadou Haïdara,4930,Mali,Left Center Midfield,69.07,True
3920404,23623,Sekou Koita,4930,Mali,Left Center Forward,68.75,True
3920404,35592,Anis Ben Slimane,777,Tunisia,Left Center Forward,87.67,True
3920404,3767,Ellyes Joris Skhiri,777,Tunisia,Right Defensive Midfield,98.13,True
3920404,50442,Hamza Rafia,777,Tunisia,Right Midfield,77.55,True
3920404,50503,Sayfallah Ltaief,777,Tunisia,Left Midfield,28.23,False
3920404,12557,Falaye Sacko,4930,Mali,Left Back,98.13,True
3920404,68749,Seifeddine Jaziri,777,Tunisia,Center Forward,10.47,False
3920404,102992,Djigui Diarra,4930,Mali,Goalkeeper,98.13,True
3920404,5651,Yassine Meriah,777,Tunisia,Right Center Back,98.13,True
3920404,162132,Kamory Doumbia,4930,Mali,Center Attacking Midfield,82.63,True
3920404,105944,Wajdi Kechrida,777,Tunisia,Right Back,98.13,True
3920404,30681,Ali Abdi,777,Tunisia,Left Back,98.13,True
3920404,3226,Bassem Srarfi,777,Tunisia,Right Midfield,20.58,False
3920404,44955,Aïssa Bilal Laïdouni,777,Tunisia,Left Defensive Midfield,98.13,True
3920404,105182,Lassine Sinayoko,4930,Mali,Right Center Forward,82.5,True
3920404,8992,Ibrahim Sissoko,4930,Mali,Left Center Forward,15.5,False
3920404,4385,Yves Bissouma,4930,Mali,Center Defensive Midfield,15.4,False
3920404,102816,Mohamed Ali Ben Romdhane,777,Tunisia,Left Center Midfield,10.47,False
3920404,23331,Boubakar Kouyate,4930,Mali,Right Center Back,98.13,True
3920404,199653,Nene Dorgeles,4930,Mali,Right Center Midfield,29.07,False
3920404,23910,Youssef Msakni,777,Tunisia,Right Center Forward,87.67,True
3920404,51750,Youssoufou Niakaté,4930,Mali,Right Center Forward,15.63,False
3920404,136296,Bechir Ben Said,777,Tunisia,Goalkeeper,98.13,True
3920404,3433,Lassana Coulibaly,4930,Mali,Right Center Midfield,98.13,True
3920404,132461,Mohamed Elias Achouri,777,Tunisia,Left Midfield,69.9,True
3920404,3248,Hamari Traoré,4930,Mali,Right Back,98.13,True
3920404,8759,Diadie Samassekou,4930,Mali,Center Defensive Midfield,82.73,True
3920404,3710,Fousseni Diabaté,4930,Mali,Right Center Midfield,29.38,False
3920404,7295,Sikou Niakate,4930,Mali,Left Center Back,98.13,True
3920405,6785,Yassine Bounou,788,Morocco,Goalkeeper,99.0,True
3920405,3587,Arthur Masuaku,4881,Congo DR,Left Back,99.0,True
3920405,13329,Silas Katompa Mvumpa,4881,Congo DR,Left Wing,35.77,False
3920405,4753,Aaron Tshibola,4881,Congo DR,Right Defensive Midfield,10.38,False
3920405,6301,Youssef En-Nesyri,788,Morocco,Center Forward,79.58,True
3920405,3625,Sofiane Boufal,788,Morocco,Left Midfield,62.35,True
3920405,24105,Dylan Batubinsika,4881,Congo DR,Left Center Back,54.0,False
3920405,389291,Fiston Kalala Mayele,4881,Congo DR,Center Forward,47.33,False
3920405,46258,Azzedine Ounahi,788,Morocco,Right Center Midfield,79.87,True
3920405,3130,Gaël Kakuta,4881,Congo DR,Center Attacking Midfield,63.23,True
3920405,4412,Samuel Moutoussamy,4881,Congo DR,Left Defensive Midfield,99.0,True
3920405,143165,Mohamed Chibi,788,Morocco,Left Back,99.0,True
3920405,156734,Bilal El Khannous,788,Morocco,Left Center Midfield,36.52,False
3920405,6862,Cédric Bakambu,4881,Congo DR,Center Forward,51.67,True
3920405,149714,Abdessamad Ezzalzouli,788,Morocco,Left Midfield,36.65,False
3920405,35413,Lionel Mpasi-Nzau,4881,Congo DR,Goalkeeper,99.0,True
3920405,105946,Henoc Inonga Baka,4881,Congo DR,Left Center Back,45.0,True
3920405,23774,Selim Amallah,788,Morocco,Left Center Midfield,62.48,True
3920405,5219,Romain Saïss,788,Morocco,Left Center Back,99.0,True
3920405,3044,Chancel Mbemba Mangulu,4881,Congo DR,Right Center Back,99.0,True
3920405,35684,Meschak Elia,4881,Congo DR,Right Wing,47.35,False
3920405,23785,Théo Bongonda Mbul'Ofeko Batombo,4881,Congo DR,Right Wing,51.65,True
3920405,5229,Ayoub El Kaabi,788,Morocco,Center Forward,19.42,False
3920405,30193,Gedeon Kalulu Kyatengwa,4881,Congo DR,Right Back,99.0,True
3920405,5234,Sofyan Amrabat,788,Morocco,Center Defensive Midfield,99.0,True
3920405,12149,Nayef Aguerd,788,Morocco,Right Center Back,99.0,True
3920405,5237,Hakim Ziyech,788,Morocco,Right Midfield,71.97,True
3920405,33401,Amine Adli,788,Morocco,Right Midfield,27.03,False
3920405,5243,Amine Harit,788,Morocco,Right Center Midfield,19.13,False
3920405,5245,Achraf Hakimi Mouh,788,Morocco,Right Back,99.0,True
3920405,7294,Yoane Wissa,4881,Congo DR,Left Wing,99.0,True
3920405,28415,Charles Pickel,4881,Congo DR,Right Defensive Midfield,88.62,True
3920406,160904,Miguel Changa Chaiwa,4963,Zambia,Right Back,11.5,False
3920406,44751,Lameck Banda,4963,Zambia,Left Center Midfield,85.92,True
3920406,8785,Patson Daka,4963,Zambia,Left Center Forward,97.43,True
3920406,136596,Lusajo Mwaikenda,4953,Tanzania,Right Back,52.43,False
3920406,145622,Denis Kibu,4953,Tanzania,Left Wing,69.12,True
3920406,68505,Roderick Kabwe,4963,Zambia,Left Back,97.43,True
3920406,151066,Kelvin Kapumbu,4963,Zambia,Center Defensive Midfield,45.0,True
3920406,23708,Fashion Sakala,4963,Zambia,Right Center Forward,74.83,True
3920406,23260,Emmanuel Justine Rabby Banda,4963,Zambia,Center Defensive Midfield,97.43,True
3920406,103262,Aishi Manula,4953,Tanzania,Goalkeeper,97.43,True
3920406,29217,Edward Chilufya,4963,Zambia,Right Center Midfield,11.52,False
3920406,23203,Stopilla Sunzu,4963,Zambia,Right Center Back,97.43,True
3920406,389156,Tresford Lawrence Mulenga,4963,Zambia,Goalkeeper,97.43,True
3920406,16548,Mbwana Ally Samatta,4953,Tanzania,Left Wing,97.43,True
3920406,51494,Haji Mnoga,4953,Tanzania,Right Back,45.0,True
3920406,105766,Mohamed Hussein Mohamed,4953,Tanzania,Left Back,97.43,True
3920406,389092,Ibrahim Abdallah Hamad,4953,Tanzania,Left Center Back,97.43,True
3920406,105769,Mzamiru Yassin,4953,Tanzania,Left Defensive Midfield,97.43,True
3920406,103269,Bakari Nondo Mwamnyeto,4953,Tanzania,Right Center Back,97.43,True
3920406,103270,Simon Happygod Msuva,4953,Tanzania,Right Wing,97.43,True
3920406,103268,Faisal Salum Abdalla,4953,Tanzania,Center Attacking Midfield,58.78,True
3920406,47979,Frankie Musonda,4963,Zambia,Left Center Back,97.43,True
3920406,103910,Cletous Chama,4963,Zambia,Left Center Midfield,22.6,False
3920406,389675,Kennedy Musonda,4963,Zambia,Right Center Forward,22.5,False
3920406,44402,Kings Kangwa,4963,Zambia,Right Center Midfield,74.93,True
3920406,86067,Himid Mao Mkami,4953,Tanzania,Right Defensive Midfield,69.1,True
3920406,80307,Charles M'Mombwa,4953,Tanzania,Right Wing,28.32,False
3920406,108280,Benedict Chepeshi,4963,Zambia,Right Back,85.93,True
3920406,136057,Mudathiri Yahya,4953,Tanzania,Left Defensive Midfield,28.33,False
3920406,23420,Lubambo Musonda,4963,Zambia,Left Back,52.43,False
3920406,138493,Morice Michael Abraham,4953,Tanzania,Center Attacking Midfield,38.65,False
3920407,65732,Mothobi Mvala,4976,South Africa,Left Center Back,94.93,True
3920407,65733,Aubrey Maphosa Modiba,4976,South Africa,Left Back,94.93,True
3920407,389316,Ngero Kaanjuka Katua,4980,Namibia,Left Defensive Midfield,49.93,False
3920407,389319,Muzeu Bethuel,4980,Namibia,Right Wing,49.93,False
3920407,133003,Mihlali Samson Mayambela,4976,South Africa,Right Wing,15.75,False
3920407,125324,Lloyd Junior Kazapua,4980,Namibia,Goalkeeper,94.93,True
3920407,70093,Gomolemo Grant Kekana,4976,South Africa,Right Center Back,94.93,True
3920407,159949,Wendell Rudath,4980,Namibia,Left Wing,22.5,False
3920407,65555,Riaan Hanamub,4980,Namibia,Left Back,94.93,True
3920407,103803,Prins Menelik Tjiueza,4980,Namibia,Left Center Midfield,72.43,True
3920407,125333,Petrus Shitembi,4980,Namibia,Right Center Midfield,45.0,True
3920407,136406,Aprocious Petrus,4980,Namibia,Center Defensive Midfield,94.93,True
3920407,65719,Khuliso Johnson Mudau,4976,South Africa,Right Back,94.93,True
3920407,66716,Teboho Mokoena,4976,South Africa,Right Defensive Midfield,92.13,True
3920407,135004,Lubeni Haukongo,4980,Namibia,Left Center Back,94.93,True
3920407,42527,Sphephelo S''Miso Sithole,4976,South Africa,Left Defensive Midfield,69.45,True
3920407,82783,Joslin Kamatuka,4980,Namibia,Right Back,22.33,False
3920407,66721,Ronwen Williams,4976,South Africa,Goalkeeper,94.93,True
3920407,64607,Zakhele Lerato Lepasa,4976,South Africa,Center Forward,15.67,False
3920407,65761,Jayden Adams,4976,South Africa,Left Defensive Midfield,2.8,False
3920407,64612,Deon Hotto Kavendji,4980,Namibia,Left Midfield,94.93,True
3920407,65853,Evidence Makgopa,4976,South Africa,Center Forward,79.27,True
3920407,202037,Thapelo Maseko,4976,South Africa,Left Wing,25.6,False
3920407,64629,Thabang Amod Monare,4976,South Africa,Right Defensive Midfield,25.48,False
3920407,29367,Percy Tau,4976,South Africa,Left Wing,94.93,True
3920407,4218,Ryan Nyambe,4980,Namibia,Right Back,72.6,True
3920407,65723,Peter Shalulile,4980,Namibia,Center Forward,94.93,True
3920407,103804,Absalom Iimbondi,4980,Namibia,Right Midfield,45.0,True
3920407,264381,Kennedy Amutenya,4980,Namibia,Right Center Back,94.93,True
3920407,65726,Themba Zwane,4976,South Africa,Center Attacking Midfield,69.33,True
3920407,65727,Thapelo James Morena,4976,South Africa,Right Wing,79.18,True
3920408,23559,José Ndong Machín Dicombo,4992,Equatorial Guinea,Center Attacking Midfield,84.23,True
3920408,212489,Oumar Diakité,3374,Côte d'Ivoire,Right Wing,82.97,True
3920408,136074,Karim Konaté,3374,Côte d'Ivoire,Left Center Forward,33.38,False
3920408,13581,Emilio Nsue López,4992,Equatorial Guinea,Center Forward,77.4,True
3920408,36629,Yahia Fofana,3374,Côte d'Ivoire,Goalkeeper,97.1,True
3920408,34845,Federico Bikoro Akieme Nchama,4992,Equatorial Guinea,Left Defensive Midfield,97.1,True
3920408,7713,Obite Evan Ndicka,3374,Côte d'Ivoire,Left Center Back,97.1,True
3920408,105762,José Antonio Miranda Boacho,4992,Equatorial Guinea,Left Midfield,55.53,True
3920408,482851,Esteban Orozco Fernández,4992,Equatorial Guinea,Right Center Back,97.1,True
3920408,105764,Basilio Ndong Owono Nchamaaa,4992,Equatorial Guinea,Left Back,97.1,True
3920408,105765,Jesús Lázaro Owono Ngua Akeng,4992,Equatorial Guinea,Goalkeeper,97.1,True
3920408,4909,Jeremie Boga,3374,Côte d'Ivoire,Left Wing Back,33.33,False
3920408,105392,Simon Adingra,3374,Côte d'Ivoire,Left Wing Back,14.2,False
3920408,10039,Ghislain Konan,3374,Côte d'Ivoire,Left Back,63.77,True
3920408,36539,Wilfried Stephane Singo,3374,Côte d'Ivoire,Right Back,97.1,True
3920408,40128,Jannick Buyla Sam,4992,Equatorial Guinea,Left Midfield,41.57,False
3920408,43072,Jean-Philippe Krasso,3374,Côte d'Ivoire,Right Center Forward,33.33,False
3920408,4416,Max-Alain Gradel,3374,Côte d'Ivoire,Right Center Midfield,14.13,False
3920408,3013,Nicolas Pépé,3374,Côte d'Ivoire,Center Forward,63.77,True
3920408,3017,Ibrahim Sangaré,3374,Côte d'Ivoire,Right Center Midfield,97.1,True
3920408,9933,Willy Boly,3374,Côte d'Ivoire,Right Center Back,82.9,True
3920408,12496,Christian Kouamé,3374,Côte d'Ivoire,Left Wing,63.72,True
3920408,17618,Carlos Akapo Martínez,4992,Equatorial Guinea,Right Back,97.1,True
3920408,105942,Pablo Ganet Cómitre,4992,Equatorial Guinea,Right Defensive Midfield,84.3,True
3920408,30423,Ibán Salvador Edu,4992,Equatorial Guinea,Right Midfield,77.82,True
3920408,136411,Juan José Óscar Siafá Etoha,4992,Equatorial Guinea,Center Forward,19.7,False
3920408,136414,Luis Miguel Nlavo Asue,4992,Equatorial Guinea,Right Midfield,19.28,False
3920408,136417,Alejandro Balboa Bandeira,4992,Equatorial Guinea,Right Defensive Midfield,12.8,False
3920408,52324,Saúl Basilio Coco-Bassey Oubiña,4992,Equatorial Guinea,Left Center Back,97.1,True
3920408,136298,Santiago Eneme Bocari,4992,Equatorial Guinea,Left Midfield,12.87,False
3920408,7023,Franck Yannick Kessié,3374,Côte d'Ivoire,Center Defensive Midfield,97.1,True
3920408,7791,Seko Fofana,3374,Côte d'Ivoire,Left Center Midfield,97.1,True
3920409,43779,Calvin Bassey Ughelumba,775,Nigeria,Left Center Back,95.12,True
3920409,358410,Stanley Bobo Nwabali,775,Nigeria,Goalkeeper,95.12,True
3920409,391434,Marciano Sanca Tchami,4894,Guinea-Bissau,Right Wing,50.12,False
3920409,11277,Victor James Osimhen,775,Nigeria,Center Forward,95.12,True
3920409,12175,Carlos Mendes Gomes,4894,Guinea-Bissau,Left Wing,45.0,True
3920409,7568,Opa Sangante,4894,Guinea-Bissau,Left Center Back,95.12,True
3920409,9361,Houboulang Mendes,4894,Guinea-Bissau,Right Back,95.12,True
3920409,3856,Joe Aribo,775,Nigeria,Left Defensive Midfield,62.28,True
3920409,24467,Frank Onyeka,775,Nigeria,Right Defensive Midfield,61.8,True
3920409,68500,Jonas Asvedo Mendes,4894,Guinea-Bissau,Goalkeeper,95.12,True
3920409,4376,Edgar Miguel Ié,4894,Guinea-Bissau,Right Center Back,95.12,True
3920409,380983,José Correia,4894,Guinea-Bissau,Right Wing,27.5,False
3920409,3647,Alex Iwobi,775,Nigeria,Left Defensive Midfield,32.83,False
3920409,3447,Ademola Lookman,775,Nigeria,Left Attacking Midfield,16.05,False
3920409,3139,Chidozie Collins Awaziem,775,Nigeria,Right Wing Back,1.98,False
3920409,5830,Kenneth Josiah Omeruo,775,Nigeria,Center Back,95.12,True
3920409,36813,Janio Bikel Figueiredo Silva,4894,Guinea-Bissau,Left Defensive Midfield,95.12,True
3920409,38862,Raphael Onyedika,775,Nigeria,Right Defensive Midfield,33.32,False
3920409,16335,Samuel Chimerenka Chukwueze,775,Nigeria,Right Attacking Midfield,79.07,True
3920409,31949,Zaidu Sanusi,775,Nigeria,Left Wing Back,16.02,False
3920409,3923,Oluwasemilogo Adesewo Ibidapo Ajayi,775,Nigeria,Right Center Back,95.12,True
3920409,10323,Alfa Semedo Esteves,4894,Guinea-Bissau,Center Attacking Midfield,7.12,False
3920409,363738,Fernando de Lacerda Gomes,4894,Guinea-Bissau,Right Defensive Midfield,95.12,True
3920409,41052,Fali Candé,4894,Guinea-Bissau,Left Back,15.07,False
3920409,3806,Bright Osayi-Samuel,775,Nigeria,Right Wing Back,79.1,True
3920409,11492,Temitayo Olufisayo Olaoluwa Aina,775,Nigeria,Left Wing Back,93.13,True
3920409,23013,Eulânio Ângelo Chipela Gomes,4894,Guinea-Bissau,Left Back,80.05,True
3920409,10854,Euciodálcio Gomes,4894,Guinea-Bissau,Center Attacking Midfield,88.0,True
3920409,46312,Famana Quizera,4894,Guinea-Bissau,Right Wing,67.62,True
3920409,20840,Zinho Gano,4894,Guinea-Bissau,Center Forward,45.0,True
3920409,18163,Moses Daddy-Ajala Simon,775,Nigeria,Left Attacking Midfield,95.12,True
3920409,143863,Franculino Gluda Djú,4894,Guinea-Bissau,Center Forward,50.12,False
3920410,136069,Shaquille Momad Nangy,4978,Mozambique,Center Defensive Midfield,9.75,False
3920410,17033,Mohammed Kudus,4885,Ghana,Center Attacking Midfield,88.78,True
3920410,3347,André Ayew Pelé,4885,Ghana,Center Forward,51.13,False
3920410,68757,Richard Ofori Antwi,4885,Ghana,Goalkeeper,96.13,True
3920410,24087,Iddrisu Baba Mohammed,4885,Ghana,Right Defensive Midfield,59.57,False
3920410,23706,Alfons Amade,4978,Mozambique,Right Defensive Midfield,72.58,True
3920410,16546,Joseph Paintsil,4885,Ghana,Right Wing,45.0,True
3920410,29482,Ricardo Martins Guimarães,4978,Mozambique,Center Attacking Midfield,86.38,True
3920410,417067,Infren David da Conceição Matola,4978,Mozambique,Right Back,96.13,True
3920410,417068,João José Jone Bonde,4978,Mozambique,Right Center Midfield,9.83,False
3920410,2989,Alexander Djiku,4885,Ghana,Right Center Back,96.13,True
3920410,3250,Edson André Sitoe,4978,Mozambique,Right Center Back,96.13,True
3920410,31029,Salis Abdul Samed,4885,Ghana,Left Defensive Midfield,96.13,True
3920410,161718,Ivane Carminio Francisco Urrubal,4978,Mozambique,Goalkeeper,96.13,True
3920410,30519,Mohamed Salisu,4885,Ghana,Left Center Back,96.13,True
3920410,127547,Stanley Ratifo,4978,Mozambique,Left Center Forward,23.57,False
3920410,23615,Gideon Mensah,4885,Ghana,Left Back,96.13,True
3920410,129475,Feliciano João Jone,4978,Mozambique,Left Defensive Midfield,72.57,True
3920410,127300,Geny Cipriano Catamo,4978,Mozambique,Right Wing,96.13,True
3920410,9286,Antoine Semenyo,4885,Ghana,Center Forward,71.55,True
3920410,106068,Gildo Lourenço Vilanculos,4978,Mozambique,Left Midfield,35.82,False
3920410,106070,Bruno Alberto Langa,4978,Mozambique,Left Back,96.13,True
3920410,106074,Elias Gaspar Pelembe,4978,Mozambique,Left Defensive Midfield,23.55,False
3920410,10848,Reinildo Isnard Mandava,4978,Mozambique,Left Center Back,96.13,True
3920410,106082,Pachoio Lau Há King,4978,Mozambique,Center Forward,86.3,True
3920410,12259,Denis Odoi,4885,Ghana,Right Back,71.38,True
3920410,30693,Majeed Ashimeru,4885,Ghana,Right Defensive Midfield,36.57,True
3920410,10865,Witiness Chimoio João Quembo,4978,Mozambique,Left Wing,60.32,True
3920410,45047,Alidu Seidu,4885,Ghana,Right Wing Back,24.75,False
3920410,6393,Iñaki Williams Arthuer,4885,Ghana,Unknown,7.35,False
3920410,3450,Jordan Ayew,4885,Ghana,Left Wing,96.13,True
3920410,3709,Daniel Amartey,4885,Ghana,Right Center Back,24.58,False
3920411,16001,Garry Mendes Rodrigues,4924,Cape Verde Islands,Left Midfield,62.97,True
3920411,23301,Kenny Rocha Santos,4924,Cape Verde Islands,Right Center Midfield,102.67,True
3920411,5257,Mahmoud Abdul Monem Abdelhamid Soliman,774,Egypt,Right Center Forward,29.2,False
3920411,5261,Mahmoud Ibrahim Hassan,774,Egypt,Left Midfield,57.67,False
3920411,5265,Mohamed El Sayed Mohamed El Shenawy Gomaa,774,Egypt,Goalkeeper,101.57,True
3920411,68755,Mostafa Fathi,774,Egypt,Right Midfield,20.4,False
3920411,50968,Erickson Patrick Correia Andrade,4924,Cape Verde Islands,Left Center Midfield,69.2,True
3920411,67737,Ahmed Mohamed Abo El Fotouh Mohamed,774,Egypt,Left Back,45.0,True
3920411,70682,Marwan Attia Fahim Ghallab,774,Egypt,Center Defensive Midfield,102.67,True
3920411,7197,Steven Moreira,4924,Cape Verde Islands,Right Back,39.92,False
3920411,67742,Emam Ashour Metwally Abdelghany,774,Egypt,Left Center Midfield,102.67,True
3920411,40485,Ryan Isaac Mendes da Graça,4924,Cape Verde Islands,Right Midfield,62.75,True
3920411,133038,João Paulo Moreira Fernandes,4924,Cape Verde Islands,Left Midfield,33.47,False
3920411,70835,Mohamed Hamdy Sharaf,774,Egypt,Left Back,57.67,False
3920411,40761,Omar Marmoush,774,Egypt,Left Wing,82.27,True
3920411,69563,Mohamed Abdelmonem,774,Egypt,Left Center Back,102.67,True
3920411,66878,Ahmed Sayed,774,Egypt,Right Wing,73.47,True
3920411,66879,Mohamed Abougabal,774,Egypt,Unknown,1.1,False
3920411,132800,Kevin Lenini Gonçalves Pereira de Pina,4924,Cape Verde Islands,Center Defensive Midfield,74.15,True
3920411,179524,Carlos Miguel Pereira Fernandes,4924,Cape Verde Islands,Right Defensive Midfield,28.52,False
3920411,66886,Mostafa Mohamed Ahmed Abdallah,774,Egypt,Center Forward,102.67,True
3920411,66887,Hamdi Fathi,774,Egypt,Right Center Midfield,45.0,True
3920411,7753,Jamiro Gregory Monteiro Alvarenga,4924,Cape Verde Islands,Center Attacking Midfield,39.7,False
3920411,105931,Edilson Alberto Monteiro Sanches Borges,4924,Cape Verde Islands,Left Center Back,102.67,True
3920411,105932,Josimar José Évora Dias,4924,Cape Verde Islands,Goalkeeper,102.67,True
3920411,66892,Mohamed Hany Gamal Eldemerdash,774,Egypt,Right Back,102.67,True
3920411,105936,Gilson Benchimol Tavares,4924,Cape Verde Islands,Center Forward,62.88,True
3920411,48342,Dylan Tavares dos Santos,4924,Cape Verde Islands,Left Back,102.67,True
3920411,4063,Ahmed Elsayed Ali Elsayed Hegazy,774,Egypt,Right Center Back,102.67,True
3920411,32868,Bryan Alberto Silva Teixeira Jr.,4924,Cape Verde Islands,Center Forward,39.78,False
3920411,45557,Logan Costa,4924,Cape Verde Islands,Right Center Back,102.67,True
3920411,28413,Willy Afonso Semedo Johnson,4924,Cape Verde Islands,Right Back,102.67,True
3920412,4352,Issiaga Sylla,4892,Guinea,Left Back,96.18,True
3920412,8454,Mohamed Bayo,4892,Guinea,Center Forward,33.47,False
3920412,39559,Aguibou Camara,4892,Guinea,Right Midfield,96.18,True
3920412,131849,Antoine Conte,4892,Guinea,Right Back,63.07,True
3920412,9102,Serhou Guirassy,4892,Guinea,Left Center Forward,62.72,True
3920412,32915,Ismail Jakobs,787,Senegal,Left Back,86.93,True
3920412,20758,Krépin Diatta,787,Senegal,Right Back,96.18,True
3920412,16025,Mohamed Aly Camara,4892,Guinea,Left Center Back,96.18,True
3920412,4506,Nampalys Mendy,787,Senegal,Left Center Midfield,96.18,True
3920412,25759,Abdoulaye Seck,787,Senegal,Right Center Back,96.18,True
3920412,39073,Moriba Kourouma Kourouma,4892,Guinea,Left Defensive Midfield,72.38,True
3920412,21026,Pape Gueye,787,Senegal,Center Defensive Midfield,70.92,True
3920412,5675,Kalidou Koulibaly,787,Senegal,Left Center Back,96.18,True
3920412,176683,Ibrahim Diakité,4892,Guinea,Right Back,33.12,False
3920412,182573,Ibrahim Kone,4892,Guinea,Goalkeeper,96.18,True
3920412,3629,Sadio Mané,787,Senegal,Left Midfield,96.18,True
3920412,133549,Seydouba Cisse,4892,Guinea,Left Defensive Midfield,23.8,False
3920412,46008,Saidou Sow,4892,Guinea,Right Center Back,96.18,True
3920412,8505,Naby Deco Keïta,4892,Guinea,Right Center Forward,62.77,True
3920412,406457,Facinet Conte,4892,Guinea,Left Midfield,77.83,True
3920412,50497,Nicolas Jackson,787,Senegal,Center Forward,9.18,False
3920412,50498,Pape Matar Sarr,787,Senegal,Right Center Midfield,70.72,True
3920412,404676,Karim Cissé,4892,Guinea,Center Attacking Midfield,18.35,False
3920412,7379,Edouard Mendy,787,Senegal,Goalkeeper,96.18,True
3920412,18516,Habibou Mouhamadou Diallo,787,Senegal,Center Forward,87.0,True
3920412,3675,Fodé Ballo Touré,787,Senegal,Left Back,9.25,False
3920412,8284,Amadou Diawara,4892,Guinea,Right Defensive Midfield,96.18,True
3920412,3684,Cheikhou Kouyaté,787,Senegal,Center Defensive Midfield,25.27,False
3920412,80484,Iliman Ndiaye,787,Senegal,Right Midfield,23.8,False
3920412,3436,Idrissa Gana Gueye,787,Senegal,Right Center Midfield,25.47,False
3920412,47351,Morgan Guilavogui,4892,Guinea,Right Wing,33.42,False
3920412,2941,Ismaïla Sarr,787,Senegal,Right Midfield,72.38,True
3920413,7426,Jean-Charles Castelletto,2722,Cameroon,Right Center Back,100.08,True
3920413,135043,Enzo Gianni Tchato Mbiayi,2722,Cameroon,Right Wing Back,100.08,True
3920413,3141,André-Frank Zambo Anguissa,2722,Cameroon,Right Defensive Midfield,100.08,True
3920413,307271,Yankuba Minteh,4934,Gambia,Left Midfield,100.08,True
3920413,33342,Ebrima Colley,4934,Gambia,Center Attacking Midfield,16.12,False
3920413,16329,Bubacarr Sanneh,4934,Gambia,Right Center Back,31.8,False
3920413,6988,Musa Barrow,4934,Gambia,Center Attacking Midfield,100.08,True
3920413,13454,Nouhou Tolo,2722,Cameroon,Left Center Back,100.08,True
3920413,47762,Jacob Mendy,4934,Gambia,Left Back,100.08,True
3920413,12498,Omar Colley,4934,Gambia,Left Center Back,68.28,True
3920413,44311,Alieu Fadera,4934,Gambia,Right Midfield,31.53,False
3920413,7386,Harold Moukoudi,2722,Cameroon,Center Back,3.8,False
3920413,74588,Christopher Wooh,2722,Cameroon,Center Back,100.08,True
3920413,24670,Joseph Fabrice Ondoa Ebogo,2722,Cameroon,Goalkeeper,100.08,True
3920413,3551,Karl Brillant Toko Ekambi,2722,Cameroon,Right Wing,100.08,True
3920413,105952,Yusupha Bobb,4934,Gambia,Left Defensive Midfield,68.55,True
3920413,4471,Ablie Jallow,4934,Gambia,Right Midfield,83.97,True
3920413,10530,Jules Olivier Ntcham,2722,Cameroon,Left Defensive Midfield,100.08,True
3920413,16607,Assan Ceesay,4934,Gambia,Center Forward,27.2,False
3920413,189348,Frank Magri,2722,Cameroon,Center Forward,71.03,True
3920413,35689,James Gomez,4934,Gambia,Right Center Back,100.08,True
3920413,82922,Muhammed Sanneh,4934,Gambia,Right Back,100.08,True
3920413,185579,Baboucarr Gaye,4934,Gambia,Goalkeeper,100.08,True
3920413,28212,Alasana Manneh,4934,Gambia,Right Defensive Midfield,100.08,True
3920413,34293,Faris Pemi Moumbagna,2722,Cameroon,Center Forward,29.05,False
3920413,3639,Georges-Kévin Nkoudou Mbida,2722,Cameroon,Left Wing,96.28,True
3920413,50938,Ali Sowe,4934,Gambia,Center Forward,72.88,True
3920413,7355,Olivier Michel Kemen,2722,Cameroon,Right Center Midfield,20.67,False
3920413,32190,Darlin Zidane Yongwa Ngameni,2722,Cameroon,Left Wing Back,79.42,True
3920414,22274,Bruno Lourenço Pinto de Almeida Paz,4901,Angola,Center Defensive Midfield,63.35,True
3920414,2956,Bertrand Isidore Traoré,4921,Burkina Faso,Right Wing,76.17,True
3920414,30606,Edmond Fayçal Tapsoba,4921,Burkina Faso,Left Center Back,98.12,True
3920414,35471,Issa Kabore,4921,Burkina Faso,Right Back,98.12,True
3920414,102800,Issoufou Dayo,4921,Burkina Faso,Right Center Back,98.12,True
3920414,44307,Cédric Badolo,4921,Burkina Faso,Left Wing,45.0,True
3920414,45466,Gustavo Fabrice Sangaré,4921,Burkina Faso,Right Defensive Midfield,98.12,True
3920414,225436,Abdoul Razack Guiebre,4921,Burkina Faso,Left Back,76.12,True
3920414,225437,Stephane Aziz Ki,4921,Burkina Faso,Center Attacking Midfield,88.28,True
3920414,90913,Zito André Sebastião Luvumbo,4901,Angola,Right Midfield,40.92,False
3920414,145058,Eddie Marcos Melo Afonso,4901,Angola,Right Back,98.12,True
3920414,30626,Valdomiro Tualungo Paulo Lameiras,4901,Angola,Left Center Midfield,98.12,True
3920414,4388,Kouakou Herve Koffi,4921,Burkina Faso,Goalkeeper,98.12,True
3920414,103208,Kialonda Gaspar,4901,Angola,Right Center Back,98.12,True
3920414,135849,Adilson Cipriano da Cruz,4901,Angola,Goalkeeper,98.12,True
3920414,31016,Manuel Luís da Silva Cafumana,4901,Angola,Center Defensive Midfield,34.77,False
3920414,135851,Augusto de Jesus Corte Real Carneiro,4901,Angola,Left Back,98.12,True
3920414,23983,Jérémy Bela,4901,Angola,Left Wing,41.2,False
3920414,106681,Ismahila Ouédraogo,4921,Burkina Faso,Left Defensive Midfield,88.2,True
3920414,43705,Abdoul Fessal Tapsoba,4921,Burkina Faso,Left Wing,21.95,False
3920414,95042,Dango Aboubacar Faissal Ouattara,4921,Burkina Faso,Center Forward,98.12,True
3920414,270407,Joaquim Marcos Cunga Balanga,4901,Angola,Left Center Back,98.12,True
3920414,389328,Deivi Miguel Vieira,4901,Angola,Right Midfield,57.2,True
3920414,10577,Jacinto Muondo Dala,4901,Angola,Left Midfield,56.92,True
3920414,41045,Felicio Mendes Joao Milson,4901,Angola,Center Attacking Midfield,21.6,False
3920414,3035,Steeve Yago,4921,Burkina Faso,Left Back,22.0,False
3920414,10844,Alfredo Kulembe Ribeiro,4901,Angola,Right Center Midfield,76.68,True
3920414,128881,Cristóvão Paciência Mabululo,4901,Angola,Center Forward,76.52,True
3920414,136312,Ambrosini Antonio Cabaça Salvador,4901,Angola,Center Forward,21.43,False
3920414,138875,Djibril Cheick Ouattara,4921,Burkina Faso,Center Forward,53.12,False
3920414,300924,Sacha Jordan Bansé,4921,Burkina Faso,Left Defensive Midfield,9.92,False
3920414,32767,Boureima Hassane Bandé,4921,Burkina Faso,Center Attacking Midfield,9.83,False
3920415,315395,Bakari Camara,4932,Mauritania,Right Midfield,21.72,False
3920415,102661,Mohamed Dellahi Yali,4932,Mauritania,Right Center Back,67.03,True
3920415,45064,Pape Ibnou Bâ,4932,Mauritania,Left Midfield,21.02,False
3920415,416907,Sidi Bouna Sidi Amar,4932,Mauritania,Right Wing,80.63,True
3920415,32015,Hichem Boudaoui,4898,Algeria,Right Center Midfield,61.43,True
3920415,41381,Anthony Louis Mandréa,4898,Algeria,Goalkeeper,102.35,True
3920415,103464,Mohamed Youcef Belaïli,4898,Algeria,Left Midfield,41.15,False
3920415,103465,Baghdad Bounedjah,4898,Algeria,Center Forward,102.35,True
3920415,10280,Aboubakar Kamara,4932,Mauritania,Center Forward,21.3,False
3920415,341163,Omaré Gassama,4932,Mauritania,Left Defensive Midfield,102.35,True
3920415,389292,Khadim Diaw,4932,Mauritania,Left Back,102.35,True
3920415,141358,Mohamed El Amine Amoura,4898,Algeria,Left Wing,68.68,True
3920415,160943,Mohamed Amine Tougai,4898,Algeria,Left Center Back,102.35,True
3920415,136115,El Hacen Houeibib,4932,Mauritania,Right Center Back,35.32,False
3920415,128053,Idrissa Thiam,4932,Mauritania,Left Wing,81.33,True
3920415,3255,Guessouma Fofana,4932,Mauritania,Left Center Midfield,31.97,False
3920415,10040,Youcef Atal,4898,Algeria,Right Back,80.17,True
3920415,8520,Nabil Bentaleb,4898,Algeria,Right Defensive Midfield,40.92,False
3920415,38345,Ramiz Larbi Zerrouki,4898,Algeria,Left Defensive Midfield,102.35,True
3920415,12111,Rayan Aït Nouri,4898,Algeria,Left Back,102.35,True
3920415,10448,Adam Ounas,4898,Algeria,Right Wing,61.2,True
3920415,23892,Aboubakary Koita,4932,Mauritania,Center Attacking Midfield,81.05,True
3920415,4308,Houssem Aouar,4898,Algeria,Left Center Midfield,45.0,True
3920415,36951,Babacar Niasse,4932,Mauritania,Goalkeeper,102.35,True
3920415,49763,Souleymane Anne,4932,Mauritania,Center Forward,70.38,True
3920415,3811,Islam Slimani,4898,Algeria,Left Center Forward,33.67,False
3920415,3814,Riyad Mahrez,4898,Algeria,Right Midfield,57.35,False
3920415,286708,Kévin Daniel Van Den Kerkhof,4898,Algeria,Right Back,22.18,False
3920415,146933,Bodda Mouhsine,4932,Mauritania,Right Defensive Midfield,102.35,True
3920415,6648,Aïssa Mandi,4898,Algeria,Right Center Back,102.35,True
3920415,264954,Lamine Ba,4932,Mauritania,Left Center Back,102.35,True
3920415,264956,Ibrahima Keita,4932,Mauritania,Right Back,102.35,True
3920416,32450,Montassar Omar Talbi,777,Tunisia,Left Center Back,95.2,True
3920416,69442,Nyiko Mobbie,4976,South Africa,Right Back,50.2,False
3920416,65732,Mothobi Mvala,4976,South Africa,Left Center Back,95.2,True
3920416,65733,Aubrey Maphosa Modiba,4976,South Africa,Left Back,95.2,True
3920416,50503,Sayfallah Ltaief,777,Tunisia,Right Wing,26.02,False
3920416,35592,Anis Ben Slimane,777,Tunisia,Center Attacking Midfield,58.28,True
3920416,3767,Ellyes Joris Skhiri,777,Tunisia,Right Defensive Midfield,83.53,True
3920416,50442,Hamza Rafia,777,Tunisia,Right Wing,69.18,True
3920416,68749,Seifeddine Jaziri,777,Tunisia,Center Forward,69.18,True
3920416,70093,Gomolemo Grant Kekana,4976,South Africa,Right Center Back,95.2,True
3920416,5651,Yassine Meriah,777,Tunisia,Right Center Back,95.2,True
3920416,105944,Wajdi Kechrida,777,Tunisia,Right Back,95.2,True
3920416,65719,Khuliso Johnson Mudau,4976,South Africa,Right Back,45.0,True
3920416,30681,Ali Abdi,777,Tunisia,Left Back,95.2,True
3920416,44955,Aïssa Bilal Laïdouni,777,Tunisia,Left Defensive Midfield,95.2,True
3920416,66716,Teboho Mokoena,4976,South Africa,Right Defensive Midfield,95.2,True
3920416,42527,Sphephelo S''Miso Sithole,4976,South Africa,Left Defensive Midfield,95.2,True
3920416,64607,Zakhele Lerato Lepasa,4976,South Africa,Center Forward,11.83,False
3920416,66721,Ronwen Williams,4976,South Africa,Goalkeeper,95.2,True
3920416,102816,Mohamed Ali Ben Romdhane,777,Tunisia,Right Defensive Midfield,11.67,False
3920416,3557,Naïm Sliti,777,Tunisia,Center Attacking Midfield,26.03,False
3920416,23910,Youssef Msakni,777,Tunisia,Center Attacking Midfield,36.92,False
3920416,136296,Bechir Ben Said,777,Tunisia,Goalkeeper,95.2,True
3920416,132461,Mohamed Elias Achouri,777,Tunisia,Left Wing,69.17,True
3920416,51571,Haythem Jouini,777,Tunisia,Center Forward,26.02,False
3920416,202037,Thapelo Maseko,4976,South Africa,Left Wing,28.52,False
3920416,64629,Thabang Amod Monare,4976,South Africa,Left Defensive Midfield,15.27,False
3920416,29367,Percy Tau,4976,South Africa,Left Wing,95.2,True
3920416,65853,Evidence Makgopa,4976,South Africa,Center Forward,83.37,True
3920416,65726,Themba Zwane,4976,South Africa,Center Attacking Midfield,79.93,True
3920416,65727,Thapelo James Morena,4976,South Africa,Right Wing,66.68,True
3920417,67714,Aliou Dieng,4930,Mali,Right Defensive Midfield,67.52,True
3920417,389316,Ngero Kaanjuka Katua,4980,Namibia,Left Center Midfield,89.32,True
3920417,389319,Muzeu Bethuel,4980,Namibia,Right Midfield,73.1,True
3920417,125324,Lloyd Junior Kazapua,4980,Namibia,Goalkeeper,94.17,True
3920417,102992,Djigui Diarra,4930,Mali,Goalkeeper,94.17,True
3920417,65555,Riaan Hanamub,4980,Namibia,Left Back,94.17,True
3920417,103803,Prins Menelik Tjiueza,4980,Namibia,Right Center Midfield,78.47,True
3920417,162132,Kamory Doumbia,4930,Mali,Center Attacking Midfield,42.15,False
3920417,136406,Aprocious Petrus,4980,Namibia,Center Defensive Midfield,94.17,True
3920417,136404,Vetunuavi Charles Hambira,4980,Namibia,Left Center Midfield,4.85,False
3920417,135004,Lubeni Haukongo,4980,Namibia,Left Center Back,94.17,True
3920417,105182,Lassine Sinayoko,4930,Mali,Left Center Forward,51.48,True
3920417,8992,Ibrahim Sissoko,4930,Mali,Center Forward,42.68,False
3920417,4385,Yves Bissouma,4930,Mali,Left Defensive Midfield,94.17,True
3920417,23331,Boubakar Kouyate,4930,Mali,Right Center Back,94.17,True
3920417,64612,Deon Hotto Kavendji,4980,Namibia,Left Midfield,94.17,True
3920417,199653,Nene Dorgeles,4930,Mali,Left Midfield,94.17,True
3920417,51750,Youssoufou Niakaté,4930,Mali,Right Center Forward,52.02,True
3920417,40868,Amadou Dante,4930,Mali,Left Back,26.97,False
3920417,24806,Mohamed Camara,4930,Mali,Right Defensive Midfield,26.65,False
3920417,3248,Hamari Traoré,4930,Mali,Right Back,94.17,True
3920417,4464,Adama Traoré,4930,Mali,Right Wing,13.55,False
3920417,103797,Denzil Haoseb,4980,Namibia,Unknown,4.85,False
3920417,103799,Ivan Kamberipa,4980,Namibia,Right Back,94.17,True
3920417,32952,Moussa Diarra,4930,Mali,Left Back,67.2,True
3920417,103801,Marcel Papama,4980,Namibia,Right Center Midfield,15.7,False
3920417,65723,Peter Shalulile,4980,Namibia,Center Forward,89.32,True
3920417,103804,Absalom Iimbondi,4980,Namibia,Right Midfield,21.07,False
3920417,264381,Kennedy Amutenya,4980,Namibia,Right Center Back,94.17,True
3920417,3710,Fousseni Diabaté,4930,Mali,Right Midfield,80.62,True
3920417,7295,Sikou Niakate,4930,Mali,Left Center Back,94.17,True
3920418,3587,Arthur Masuaku,4881,Congo DR,Left Back,94.22,True
3920418,6862,Cédric Bakambu,4881,Congo DR,Center Forward,26.75,False
3920418,35684,Meschak Elia,4881,Congo DR,Right Wing,41.28,False
3920418,13329,Silas Katompa Mvumpa,4881,Congo DR,Right Wing,52.93,True
3920418,4753,Aaron Tshibola,4881,Congo DR,Right Defensive Midfield,27.17,False
3920418,136596,Lusajo Mwaikenda,4953,Tanzania,Right Back,94.22,True
3920418,35413,Lionel Mpasi-Nzau,4881,Congo DR,Goalkeeper,94.22,True
3920418,145622,Denis Kibu,4953,Tanzania,Center Forward,15.95,False
3920418,103262,Aishi Manula,4953,Tanzania,Goalkeeper,94.22,True
3920418,18783,Omenuke Mfulu,4881,Congo DR,Left Defensive Midfield,7.53,False
3920418,16548,Mbwana Ally Samatta,4953,Tanzania,Center Forward,85.4,True
3920418,389092,Ibrahim Abdallah Hamad,4953,Tanzania,Left Center Back,94.22,True
3920418,105766,Mohamed Hussein Mohamed,4953,Tanzania,Left Back,94.22,True
3920418,51494,Haji Mnoga,4953,Tanzania,Right Wing,94.22,True
3920418,103269,Bakari Nondo Mwamnyeto,4953,Tanzania,Right Center Back,94.22,True
3920418,24105,Dylan Batubinsika,4881,Congo DR,Left Center Back,94.22,True
3920418,103268,Faisal Salum Abdalla,4953,Tanzania,Center Attacking Midfield,78.27,True
3920418,389291,Fiston Kalala Mayele,4881,Congo DR,Center Forward,67.47,True
3920418,103270,Simon Happygod Msuva,4953,Tanzania,Left Wing,85.03,True
3920418,3044,Chancel Mbemba Mangulu,4881,Congo DR,Right Center Back,94.22,True
3920418,105769,Mzamiru Yassin,4953,Tanzania,Right Defensive Midfield,23.63,False
3920418,30193,Gedeon Kalulu Kyatengwa,4881,Congo DR,Right Back,94.22,True
3920418,86067,Himid Mao Mkami,4953,Tanzania,Right Defensive Midfield,70.58,True
3920418,80307,Charles M'Mombwa,4953,Tanzania,Left Attacking Midfield,8.82,False
3920418,136055,Novatus Dismas Miroshi,4953,Tanzania,Left Defensive Midfield,94.22,True
3920418,3130,Gaël Kakuta,4881,Congo DR,Center Attacking Midfield,86.68,True
3920418,4412,Samuel Moutoussamy,4881,Congo DR,Left Defensive Midfield,94.22,True
3920418,138493,Morice Michael Abraham,4953,Tanzania,Right Attacking Midfield,9.18,False
3920418,7294,Yoane Wissa,4881,Congo DR,Left Wing,94.22,True
3920418,28415,Charles Pickel,4881,Congo DR,Right Defensive Midfield,67.05,True
3920419,6785,Yassine Bounou,788,Morocco,Goalkeeper,95.13,True
3920419,108291,Tandi Mwape,4963,Zambia,Right Back,82.43,True
3920419,39174,Ismael Saibari,788,Morocco,Left Center Midfield,67.73,True
3920419,160904,Miguel Changa Chaiwa,4963,Zambia,Right Defensive Midfield,95.13,True
3920419,44751,Lameck Banda,4963,Zambia,Left Wing,95.13,True
3920419,8785,Patson Daka,4963,Zambia,Center Forward,95.13,True
3920419,7378,Yunis Abdelhamid,788,Morocco,Left Center Back,95.13,True
3920419,149714,Abdessamad Ezzalzouli,788,Morocco,Left Midfield,27.73,False
3920419,23260,Emmanuel Justine Rabby Banda,4963,Zambia,Left Defensive Midfield,95.13,True
3920419,23708,Fashion Sakala,4963,Zambia,Left Wing,25.1,False
3920419,118368,Amir Richardson,788,Morocco,Left Center Midfield,27.4,False
3920419,29217,Edward Chilufya,4963,Zambia,Right Wing,70.38,True
3920419,23203,Stopilla Sunzu,4963,Zambia,Right Center Back,95.13,True
3920419,389156,Tresford Lawrence Mulenga,4963,Zambia,Goalkeeper,95.13,True
3920419,103910,Cletous Chama,4963,Zambia,Left Center Midfield,12.7,False
3920419,3625,Sofiane Boufal,788,Morocco,Left Midfield,67.4,True
3920419,389675,Kennedy Musonda,4963,Zambia,Center Attacking Midfield,70.03,True
3920419,47979,Frankie Musonda,4963,Zambia,Left Center Back,95.13,True
3920419,5229,Ayoub El Kaabi,788,Morocco,Center Forward,72.28,True
3920419,46258,Azzedine Ounahi,788,Morocco,Right Center Midfield,83.75,True
3920419,5234,Sofyan Amrabat,788,Morocco,Center Defensive Midfield,95.13,True
3920419,44402,Kings Kangwa,4963,Zambia,Right Center Midfield,24.75,False
3920419,12149,Nayef Aguerd,788,Morocco,Right Center Back,95.13,True
3920419,5237,Hakim Ziyech,788,Morocco,Right Midfield,45.0,True
3920419,8050,Tarik Tissoudali,788,Morocco,Center Forward,22.85,False
3920419,33401,Amine Adli,788,Morocco,Right Midfield,50.13,False
3920419,23420,Lubambo Musonda,4963,Zambia,Left Back,95.13,True
3920419,5245,Achraf Hakimi Mouh,788,Morocco,Right Back,95.13,True
3920419,156734,Bilal El Khannous,788,Morocco,Right Center Midfield,11.38,False
3920419,31295,Yahia Attiyat allah,788,Morocco,Left Back,95.13,True
3922237,389316,Ngero Kaanjuka Katua,4980,Namibia,Left Defensive Midfield,59.33,True
3922237,389319,Muzeu Bethuel,4980,Namibia,Right Midfield,69.03,True
3922237,125324,Lloyd Junior Kazapua,4980,Namibia,Goalkeeper,95.15,True
3922237,10573,Jonathan Buatu Mananga,4901,Angola,Left Center Back,95.15,True
3922237,389328,Deivi Miguel Vieira,4901,Angola,Right Midfield,69.23,True
3922237,10577,Jacinto Muondo Dala,4901,Angola,Left Midfield,83.22,True
3922237,65555,Riaan Hanamub,4980,Namibia,Left Back,95.15,True
3922237,103803,Prins Menelik Tjiueza,4980,Namibia,Center Attacking Midfield,22.95,True
3922237,125333,Petrus Shitembi,4980,Namibia,Right Defensive Midfield,35.82,False
3922237,136406,Aprocious Petrus,4980,Namibia,Right Defensive Midfield,95.15,True
3922237,389784,Manuel Keliano,4901,Angola,Right Defensive Midfield,25.92,False
3922237,135004,Lubeni Haukongo,4980,Namibia,Left Center Back,95.15,True
3922237,10844,Alfredo Kulembe Ribeiro,4901,Angola,Right Defensive Midfield,69.18,True
3922237,90913,Zito André Sebastião Luvumbo,4901,Angola,Right Midfield,11.93,False
3922237,145058,Eddie Marcos Melo Afonso,4901,Angola,Right Back,95.15,True
3922237,30626,Valdomiro Tualungo Paulo Lameiras,4901,Angola,Left Center Midfield,19.47,True
3922237,64612,Deon Hotto Kavendji,4980,Namibia,Left Midfield,95.15,True
3922237,103208,Kialonda Gaspar,4901,Angola,Right Center Back,95.15,True
3922237,135849,Adilson Cipriano da Cruz,4901,Angola,Goalkeeper,95.15,True
3922237,31016,Manuel Luís da Silva Cafumana,4901,Angola,Left Defensive Midfield,95.15,True
3922237,135851,Augusto de Jesus Corte Real Carneiro,4901,Angola,Left Back,95.15,True
3922237,65837,Ananias Gebhardt,4980,Namibia,Left Center Back,35.65,False
3922237,23983,Jérémy Bela,4901,Angola,Left Midfield,12.17,False
3922237,128881,Cristóvão Paciência Mabululo,4901,Angola,Center Forward,82.98,True
3922237,136312,Ambrosini Antonio Cabaça Salvador,4901,Angola,Right Midfield,25.97,False
3922237,103799,Ivan Kamberipa,4980,Namibia,Right Center Back,95.15,True
3922237,408824,Signori Dominique Nymi António,4901,Angola,Goalkeeper,75.68,False
3922237,416889,Uetuuru Kambato,4980,Namibia,Right Midfield,26.12,False
3922237,65723,Peter Shalulile,4980,Namibia,Center Forward,95.15,True
3922237,103804,Absalom Iimbondi,4980,Namibia,Right Back,72.2,False
3922237,264381,Kennedy Amutenya,4980,Namibia,Right Center Back,59.5,True
3922238,7426,Jean-Charles Castelletto,2722,Cameroon,Right Center Back,100.75,True
3922238,43779,Calvin Bassey Ughelumba,775,Nigeria,Left Center Back,100.75,True
3922238,135043,Enzo Gianni Tchato Mbiayi,2722,Cameroon,Right Back,15.43,False
3922238,3141,André-Frank Zambo Anguissa,2722,Cameroon,Right Defensive Midfield,100.75,True
3922238,5830,Kenneth Josiah Omeruo,775,Nigeria,Left Wing Back,21.33,False
3922238,358410,Stanley Bobo Nwabali,775,Nigeria,Goalkeeper,79.32,True
3922238,11277,Victor James Osimhen,775,Nigeria,Center Forward,98.88,True
3922238,13454,Nouhou Tolo,2722,Cameroon,Left Wing Back,100.75,True
3922238,16015,Nicolas Moumi Ngamaleu,2722,Cameroon,Right Wing Back,85.32,True
3922238,31949,Zaidu Sanusi,775,Nigeria,Left Wing Back,79.42,True
3922238,5455,William Troost-Ekong,775,Nigeria,Center Back,100.75,True
3922238,5454,Francis Odinaka Uzoho,775,Nigeria,Goalkeeper,21.43,False
3922238,24467,Frank Onyeka,775,Nigeria,Right Defensive Midfield,100.75,True
3922238,3923,Oluwasemilogo Adesewo Ibidapo Ajayi,775,Nigeria,Right Center Back,100.75,True
3922238,28444,Oumar Gonzalez,2722,Cameroon,Center Back,77.07,True
3922238,74588,Christopher Wooh,2722,Cameroon,Left Center Back,100.75,True
3922238,24670,Joseph Fabrice Ondoa Ebogo,2722,Cameroon,Goalkeeper,100.75,True
3922238,3551,Karl Brillant Toko Ekambi,2722,Cameroon,Right Wing,95.1,True
3922238,3806,Bright Osayi-Samuel,775,Nigeria,Unknown,1.92,False
3922238,24478,Paul Onuachu,775,Nigeria,Center Forward,1.87,False
3922238,10530,Jules Olivier Ntcham,2722,Cameroon,Left Defensive Midfield,100.75,True
3922238,189348,Frank Magri,2722,Cameroon,Center Forward,100.75,True
3922238,11492,Temitayo Olufisayo Olaoluwa Aina,775,Nigeria,Right Wing Back,100.75,True
3922238,11174,Vincent Paté Aboubakar,2722,Cameroon,Left Center Forward,23.68,False
3922238,18163,Moses Daddy-Ajala Simon,775,Nigeria,Right Wing,98.83,True
3922238,34293,Faris Pemi Moumbagna,2722,Cameroon,Right Midfield,5.65,False
3922238,3639,Georges-Kévin Nkoudou Mbida,2722,Cameroon,Left Wing,100.75,True
3922238,3447,Ademola Lookman,775,Nigeria,Left Wing,100.75,True
3922238,3647,Alex Iwobi,775,Nigeria,Left Defensive Midfield,100.75,True
3922239,4352,Issiaga Sylla,4892,Guinea,Left Back,97.83,True
3922239,40128,Jannick Buyla Sam,4992,Equatorial Guinea,Left Wing,83.98,True
3922239,7360,Julian Jeanvier,4892,Guinea,Left Center Back,97.83,True
3922239,8454,Mohamed Bayo,4892,Guinea,Right Center Forward,97.83,True
3922239,23559,José Ndong Machín Dicombo,4992,Equatorial Guinea,Center Attacking Midfield,97.83,True
3922239,39559,Aguibou Camara,4892,Guinea,Left Center Forward,97.83,True
3922239,13581,Emilio Nsue López,4992,Equatorial Guinea,Center Forward,97.83,True
3922239,9102,Serhou Guirassy,4892,Guinea,Right Center Forward,38.12,False
3922239,3405,François Kamano,4892,Guinea,Left Midfield,19.2,False
3922239,17618,Carlos Akapo Martínez,4992,Equatorial Guinea,Right Back,97.83,True
3922239,35285,Mory Konaté,4892,Guinea,Right Defensive Midfield,78.25,True
3922239,105942,Pablo Ganet Cómitre,4992,Equatorial Guinea,Left Defensive Midfield,97.83,True
3922239,30423,Ibán Salvador Edu,4992,Equatorial Guinea,Right Wing,97.83,True
3922239,8284,Amadou Diawara,4892,Guinea,Left Defensive Midfield,97.83,True
3922239,34845,Federico Bikoro Akieme Nchama,4992,Equatorial Guinea,Right Defensive Midfield,97.83,True
3922239,136414,Luis Miguel Nlavo Asue,4992,Equatorial Guinea,Left Midfield,13.85,False
3922239,482851,Esteban Orozco Fernández,4992,Equatorial Guinea,Right Center Back,97.83,True
3922239,105764,Basilio Ndong Owono Nchamaaa,4992,Equatorial Guinea,Left Back,97.83,True
3922239,105765,Jesús Lázaro Owono Ngua Akeng,4992,Equatorial Guinea,Goalkeeper,97.83,True
3922239,52324,Saúl Basilio Coco-Bassey Oubiña,4992,Equatorial Guinea,Left Center Back,97.83,True
3922239,132711,Sekou Oumar Sylla,4892,Guinea,Left Midfield,78.63,True
3922239,176683,Ibrahim Diakité,4892,Guinea,Right Back,97.83,True
3922239,4267,Mouctar Diakhaby,4892,Guinea,Right Center Back,97.83,True
3922239,182573,Ibrahim Kone,4892,Guinea,Goalkeeper,97.83,True
3922239,47351,Morgan Guilavogui,4892,Guinea,Right Midfield,59.72,True
3922239,8505,Naby Deco Keïta,4892,Guinea,Left Defensive Midfield,19.58,False
3922240,3587,Arthur Masuaku,4881,Congo DR,Left Back,134.42,True
3922240,5261,Mahmoud Ibrahim Hassan,774,Egypt,Left Wing,82.67,True
3922240,67728,Mahmoud Hamada,774,Egypt,Left Defensive Midfield,51.78,False
3922240,4753,Aaron Tshibola,4881,Congo DR,Right Defensive Midfield,56.2,False
3922240,13329,Silas Katompa Mvumpa,4881,Congo DR,Left Wing,47.23,False
3922240,68755,Mostafa Fathi,774,Egypt,Right Wing,44.6,False
3922240,67737,Ahmed Mohamed Abo El Fotouh Mohamed,774,Egypt,Left Back,45.0,True
3922240,70682,Marwan Attia Fahim Ghallab,774,Egypt,Center Defensive Midfield,82.63,True
3922240,70783,Omar Kamal Abdel Wahed,774,Egypt,Left Back,35.55,False
3922240,24105,Dylan Batubinsika,4881,Congo DR,Left Center Back,65.02,True
3922240,70835,Mohamed Hamdy Sharaf,774,Egypt,Left Back,89.42,False
3922240,40761,Omar Marmoush,774,Egypt,Left Midfield,51.75,False
3922240,69563,Mohamed Abdelmonem,774,Egypt,Left Center Back,134.42,True
3922240,4412,Samuel Moutoussamy,4881,Congo DR,Left Defensive Midfield,134.42,True
3922240,66878,Ahmed Sayed,774,Egypt,Right Wing,89.82,True
3922240,66879,Mohamed Abougabal,774,Egypt,Goalkeeper,134.42,True
3922240,70464,Mohanad Mostafa Lasheen,774,Egypt,Right Defensive Midfield,23.33,False
3922240,18244,Grady Diangana,4881,Congo DR,Right Wing,28.27,False
3922240,66886,Mostafa Mohamed Ahmed Abdallah,774,Egypt,Center Forward,134.42,True
3922240,66887,Hamdi Fathi,774,Egypt,Left Center Midfield,98.87,True
3922240,66892,Mohamed Hany Gamal Eldemerdash,774,Egypt,Right Back,134.42,True
3922240,6862,Cédric Bakambu,4881,Congo DR,Center Forward,65.02,True
3922240,35413,Lionel Mpasi-Nzau,4881,Congo DR,Goalkeeper,134.42,True
3922240,105946,Henoc Inonga Baka,4881,Congo DR,Left Center Back,69.4,False
3922240,4063,Ahmed Elsayed Ali Elsayed Hegazy,774,Egypt,Right Center Back,134.42,True
3922240,3044,Chancel Mbemba Mangulu,4881,Congo DR,Right Center Back,134.42,True
3922240,35684,Meschak Elia,4881,Congo DR,Right Wing,106.15,True
3922240,23785,Théo Bongonda Mbul'Ofeko Batombo,4881,Congo DR,Center Attacking Midfield,134.42,True
3922240,3568,Mohamed Naser Elsayed Elneny,774,Egypt,Right Center Midfield,111.08,True
3922240,30193,Gedeon Kalulu Kyatengwa,4881,Congo DR,Right Back,134.42,True
3922240,24826,Simon Bokote Banza,4881,Congo DR,Center Forward,69.4,False
3922240,7294,Yoane Wissa,4881,Congo DR,Left Wing,87.18,True
3922240,28415,Charles Pickel,4881,Congo DR,Right Defensive Midfield,78.22,True
3922241,132800,Kevin Lenini Gonçalves Pereira de Pina,4924,Cape Verde Islands,Left Defensive Midfield,100.77,True
3922241,16001,Garry Mendes Rodrigues,4924,Cape Verde Islands,Left Wing,29.8,False
3922241,23301,Kenny Rocha Santos,4924,Cape Verde Islands,Right Defensive Midfield,29.97,False
3922241,45064,Pape Ibnou Bâ,4932,Mauritania,Left Center Forward,35.3,False
3922241,7753,Jamiro Gregory Monteiro Alvarenga,4924,Cape Verde Islands,Center Attacking Midfield,100.77,True
3922241,416907,Sidi Bouna Sidi Amar,4932,Mauritania,Right Midfield,65.95,True
3922241,102667,Hemeya Tanjy,4932,Mauritania,Left Midfield,65.47,True
3922241,105932,Josimar José Évora Dias,4924,Cape Verde Islands,Goalkeeper,100.77,True
3922241,105936,Gilson Benchimol Tavares,4924,Cape Verde Islands,Center Forward,16.18,False
3922241,23892,Aboubakary Koita,4932,Mauritania,Left Center Forward,100.77,True
3922241,36951,Babacar Niasse,4932,Mauritania,Goalkeeper,100.77,True
3922241,7900,Tiago Manuel Dias Correia,4924,Cape Verde Islands,Center Forward,70.97,True
3922241,8349,Deroy Duarte,4924,Cape Verde Islands,Right Defensive Midfield,70.8,True
3922241,7197,Steven Moreira,4924,Cape Verde Islands,Right Back,94.12,True
3922241,49763,Souleymane Anne,4932,Mauritania,Right Center Forward,78.48,True
3922241,40485,Ryan Isaac Mendes da Graça,4924,Cape Verde Islands,Right Wing,100.77,True
3922241,10598,Jovane Eduardo Borges Cabral,4924,Cape Verde Islands,Left Wing,84.58,True
3922241,10280,Aboubakar Kamara,4932,Mauritania,Right Midfield,34.82,False
3922241,341163,Omaré Gassama,4932,Mauritania,Left Center Midfield,34.53,True
3922241,389292,Khadim Diaw,4932,Mauritania,Left Back,100.77,True
3922241,133038,João Paulo Moreira Fernandes,4924,Cape Verde Islands,Left Back,100.77,True
3922241,36271,Roberto Lopes,4924,Cape Verde Islands,Left Center Back,100.77,True
3922241,7214,El-Hadji Ba,4932,Mauritania,Right Center Forward,22.28,False
3922241,136115,El Hacen Houeibib,4932,Mauritania,Right Center Back,100.77,True
3922241,45557,Logan Costa,4924,Cape Verde Islands,Right Center Back,100.77,True
3922241,146933,Bodda Mouhsine,4932,Mauritania,Right Center Midfield,100.77,True
3922241,3255,Guessouma Fofana,4932,Mauritania,Left Center Midfield,66.23,False
3922241,128056,Yassin Cheikh El Welly,4932,Mauritania,Right Back,21.45,False
3922241,264954,Lamine Ba,4932,Mauritania,Left Center Back,100.77,True
3922241,264956,Ibrahima Keita,4932,Mauritania,Right Back,79.32,True
3922241,28413,Willy Afonso Semedo Johnson,4924,Cape Verde Islands,Right Back,6.65,False
3922242,212489,Oumar Diakité,3374,Côte d'Ivoire,Right Midfield,64.15,True
3922242,408457,Idrissa Gueye,787,Senegal,Left Defensive Midfield,43.37,False
3922242,32915,Ismail Jakobs,787,Senegal,Left Wing Back,129.83,True
3922242,36629,Yahia Fofana,3374,Côte d'Ivoire,Goalkeeper,129.83,True
3922242,20758,Krépin Diatta,787,Senegal,Right Wing Back,129.83,True
3922242,3481,Serge Aurier,3374,Côte d'Ivoire,Right Back,129.83,True
3922242,3359,Jean Michaël Seri,3374,Côte d'Ivoire,Left Defensive Midfield,129.83,True
3922242,7713,Obite Evan Ndicka,3374,Côte d'Ivoire,Left Center Back,129.83,True
3922242,5675,Kalidou Koulibaly,787,Senegal,Right Center Back,129.83,True
3922242,3629,Sadio Mané,787,Senegal,Left Wing,129.83,True
3922242,105392,Simon Adingra,3374,Côte d'Ivoire,Left Midfield,66.02,False
3922242,10039,Ghislain Konan,3374,Côte d'Ivoire,Left Back,129.83,True
3922242,36539,Wilfried Stephane Singo,3374,Côte d'Ivoire,Right Center Back,14.67,False
3922242,88123,Cheikh Ahmadou Bamba Mbacke Dieng,787,Senegal,Right Center Forward,12.78,False
3922242,4416,Max-Alain Gradel,3374,Côte d'Ivoire,Left Midfield,63.82,True
3922242,43072,Jean-Philippe Krasso,3374,Côte d'Ivoire,Center Forward,71.92,True
3922242,50498,Pape Matar Sarr,787,Senegal,Right Defensive Midfield,129.83,True
3922242,27133,Odilon Kossonou,3374,Côte d'Ivoire,Right Center Back,115.17,True
3922242,50497,Nicolas Jackson,787,Senegal,Center Forward,63.62,False
3922242,3013,Nicolas Pépé,3374,Côte d'Ivoire,Right Midfield,65.68,False
3922242,3017,Ibrahim Sangaré,3374,Côte d'Ivoire,Right Defensive Midfield,71.92,True
3922242,12496,Christian Kouamé,3374,Côte d'Ivoire,Center Attacking Midfield,51.05,False
3922242,7379,Edouard Mendy,787,Senegal,Goalkeeper,129.83,True
3922242,18516,Habibou Mouhamadou Diallo,787,Senegal,Center Forward,66.22,True
3922242,392153,Lamine Camara,787,Senegal,Left Defensive Midfield,86.47,True
3922242,8673,Sébastien Haller,3374,Côte d'Ivoire,Center Forward,57.92,False
3922242,80484,Iliman Ndiaye,787,Senegal,Right Wing,34.63,False
3922242,8553,Abdou Diallo,787,Senegal,Center Back,117.05,True
3922242,7791,Seko Fofana,3374,Côte d'Ivoire,Center Attacking Midfield,78.78,True
3922242,7023,Franck Yannick Kessié,3374,Côte d'Ivoire,Right Defensive Midfield,57.92,False
3922242,2941,Ismaïla Sarr,787,Senegal,Right Wing,95.2,True
3922242,3198,Moussa Niakhate,787,Senegal,Left Center Back,129.83,True
3922243,6785,Yassine Bounou,788,Morocco,Goalkeeper,102.33,True
3922243,65732,Mothobi Mvala,4976,South Africa,Left Center Back,102.33,True
3922243,65733,Aubrey Maphosa Modiba,4976,South Africa,Left Back,102.33,True
3922243,39174,Ismael Saibari,788,Morocco,Left Midfield,43.22,False
3922243,70093,Gomolemo Grant Kekana,4976,South Africa,Right Center Back,102.33,True
3922243,31295,Yahia Attiyat allah,788,Morocco,Left Back,27.17,False
3922243,15890,Noussair Mazraoui,788,Morocco,Left Back,75.17,True
3922243,149714,Abdessamad Ezzalzouli,788,Morocco,Left Wing,68.55,True
3922243,5245,Achraf Hakimi Mouh,788,Morocco,Right Back,102.33,True
3922243,66716,Teboho Mokoena,4976,South Africa,Right Defensive Midfield,102.33,True
3922243,6301,Youssef En-Nesyri,788,Morocco,Center Forward,102.33,True
3922243,23774,Selim Amallah,788,Morocco,Left Center Midfield,59.12,True
3922243,42527,Sphephelo S''Miso Sithole,4976,South Africa,Left Defensive Midfield,86.83,True
3922243,64607,Zakhele Lerato Lepasa,4976,South Africa,Left Center Forward,31.1,False
3922243,66721,Ronwen Williams,4976,South Africa,Goalkeeper,102.33,True
3922243,5219,Romain Saïss,788,Morocco,Left Center Back,102.33,True
3922243,29367,Percy Tau,4976,South Africa,Left Midfield,102.33,True
3922243,5229,Ayoub El Kaabi,788,Morocco,Left Center Forward,33.78,False
3922243,46258,Azzedine Ounahi,788,Morocco,Right Center Midfield,102.33,True
3922243,5234,Sofyan Amrabat,788,Morocco,Center Defensive Midfield,102.33,True
3922243,12149,Nayef Aguerd,788,Morocco,Right Center Back,102.33,True
3922243,202037,Thapelo Maseko,4976,South Africa,Left Midfield,33.2,False
3922243,65719,Khuliso Johnson Mudau,4976,South Africa,Right Back,102.33,True
3922243,64629,Thabang Amod Monare,4976,South Africa,Left Defensive Midfield,15.5,False
3922243,33401,Amine Adli,788,Morocco,Right Wing,59.13,True
3922243,5243,Amine Harit,788,Morocco,Right Midfield,43.2,False
3922243,65853,Evidence Makgopa,4976,South Africa,Right Center Forward,71.23,True
3922243,65726,Themba Zwane,4976,South Africa,Left Center Forward,69.13,True
3922243,65727,Thapelo James Morena,4976,South Africa,Right Midfield,102.33,True
3922244,2956,Bertrand Isidore Traoré,4921,Burkina Faso,Right Wing,76.57,True
3922244,12557,Falaye Sacko,4930,Mali,Left Back,99.17,True
3922244,30606,Edmond Fayçal Tapsoba,4921,Burkina Faso,Left Center Back,99.17,True
3922244,35471,Issa Kabore,4921,Burkina Faso,Right Wing Back,99.17,True
3922244,102800,Issoufou Dayo,4921,Burkina Faso,Center Back,99.17,True
3922244,43920,Mohamed Konaté,4921,Burkina Faso,Left Center Forward,99.17,True
3922244,44307,Cédric Badolo,4921,Burkina Faso,Left Wing Back,54.17,False
3922244,45466,Gustavo Fabrice Sangaré,4921,Burkina Faso,Right Center Midfield,86.55,True
3922244,225437,Stephane Aziz Ki,4921,Burkina Faso,Right Center Midfield,12.62,False
3922244,23331,Boubakar Kouyate,4930,Mali,Right Center Back,99.17,True
3922244,4388,Kouakou Herve Koffi,4921,Burkina Faso,Goalkeeper,99.17,True
3922244,58878,Boubacar Traore,4930,Mali,Center Forward,6.58,False
3922244,3248,Hamari Traoré,4930,Mali,Right Back,99.17,True
3922244,8759,Diadie Samassekou,4930,Mali,Right Defensive Midfield,26.3,False
3922244,106681,Ismahila Ouédraogo,4921,Burkina Faso,Center Defensive Midfield,67.92,True
3922244,43705,Abdoul Fessal Tapsoba,4921,Burkina Faso,Left Wing,45.0,True
3922244,23999,Ibrahim Blati Touré,4921,Burkina Faso,Left Center Midfield,99.17,True
3922244,95042,Dango Aboubacar Faissal Ouattara,4921,Burkina Faso,Right Center Forward,22.6,False
3922244,8774,Amadou Haïdara,4930,Mali,Left Center Midfield,72.87,True
3922244,23623,Sekou Koita,4930,Mali,Left Wing,26.08,False
3922244,102992,Djigui Diarra,4930,Mali,Goalkeeper,99.17,True
3922244,99280,Adamo Nagalo,4921,Burkina Faso,Right Center Back,54.17,False
3922244,10705,Mamadou Fofana,4930,Mali,Left Defensive Midfield,7.05,False
3922244,162132,Kamory Doumbia,4930,Mali,Center Attacking Midfield,99.17,True
3922244,3035,Steeve Yago,4921,Burkina Faso,Left Back,45.0,True
3922244,105182,Lassine Sinayoko,4930,Mali,Left Center Forward,92.58,True
3922244,24806,Mohamed Camara,4930,Mali,Center Defensive Midfield,92.12,True
3922244,3433,Lassana Coulibaly,4930,Mali,Right Center Midfield,73.88,True
3922244,4464,Adama Traoré,4930,Mali,Right Center Forward,73.08,True
3922244,300924,Sacha Jordan Bansé,4921,Burkina Faso,Center Defensive Midfield,31.25,False
3922244,3710,Fousseni Diabaté,4930,Mali,Right Wing,25.28,False
3922244,7295,Sikou Niakate,4930,Mali,Left Center Back,99.17,True
3922321,22274,Bruno Lourenço Pinto de Almeida Paz,4901,Angola,Right Center Midfield,32.07,False
3922321,43779,Calvin Bassey Ughelumba,775,Nigeria,Left Center Back,97.55,True
3922321,5830,Kenneth Josiah Omeruo,775,Nigeria,Left Center Back,3.2,False
3922321,358410,Stanley Bobo Nwabali,775,Nigeria,Goalkeeper,97.55,True
3922321,11277,Victor James Osimhen,775,Nigeria,Center Forward,93.95,True
3922321,31949,Zaidu Sanusi,775,Nigeria,Left Wing Back,97.55,True
3922321,10573,Jonathan Buatu Mananga,4901,Angola,Left Center Back,97.55,True
3922321,5455,William Troost-Ekong,775,Nigeria,Center Back,97.55,True
3922321,389328,Deivi Miguel Vieira,4901,Angola,Right Wing,65.58,True
3922321,10577,Jacinto Muondo Dala,4901,Angola,Left Wing,85.27,True
3922321,24467,Frank Onyeka,775,Nigeria,Right Defensive Midfield,86.88,True
3922321,3923,Oluwasemilogo Adesewo Ibidapo Ajayi,775,Nigeria,Right Center Back,97.55,True
3922321,41045,Felicio Mendes Joao Milson,4901,Angola,Left Wing,12.28,False
3922321,3856,Joe Aribo,775,Nigeria,Right Defensive Midfield,10.67,False
3922321,10844,Alfredo Kulembe Ribeiro,4901,Angola,Right Center Midfield,65.48,True
3922321,24478,Paul Onuachu,775,Nigeria,Center Forward,3.6,False
3922321,90913,Zito André Sebastião Luvumbo,4901,Angola,Right Wing,31.97,False
3922321,145058,Eddie Marcos Melo Afonso,4901,Angola,Right Back,77.73,True
3922321,30626,Valdomiro Tualungo Paulo Lameiras,4901,Angola,Left Center Midfield,45.0,True
3922321,11492,Temitayo Olufisayo Olaoluwa Aina,775,Nigeria,Right Wing Back,97.55,True
3922321,103208,Kialonda Gaspar,4901,Angola,Right Center Back,97.55,True
3922321,31016,Manuel Luís da Silva Cafumana,4901,Angola,Center Defensive Midfield,97.55,True
3922321,27434,Alhassan Yusuf,775,Nigeria,Left Defensive Midfield,17.87,False
3922321,135851,Augusto de Jesus Corte Real Carneiro,4901,Angola,Left Back,97.55,True
3922321,23983,Jérémy Bela,4901,Angola,Right Back,19.82,False
3922321,128881,Cristóvão Paciência Mabululo,4901,Angola,Center Forward,97.55,True
3922321,18163,Moses Daddy-Ajala Simon,775,Nigeria,Left Attacking Midfield,97.55,True
3922321,3447,Ademola Lookman,775,Nigeria,Right Attacking Midfield,94.35,True
3922321,408824,Signori Dominique Nymi António,4901,Angola,Goalkeeper,97.55,True
3922321,136312,Ambrosini Antonio Cabaça Salvador,4901,Angola,Left Center Midfield,52.55,False
3922321,3647,Alex Iwobi,775,Nigeria,Left Defensive Midfield,79.68,True
3922356,4352,Issiaga Sylla,4892,Guinea,Left Back,95.17,True
3922356,7360,Julian Jeanvier,4892,Guinea,Left Center Back,95.17,True
3922356,3138,Abdoulaye Touré,4892,Guinea,Center Defensive Midfield,37.17,False
3922356,3587,Arthur Masuaku,4881,Congo DR,Left Back,95.17,True
3922356,8454,Mohamed Bayo,4892,Guinea,Center Forward,91.25,True
3922356,39559,Aguibou Camara,4892,Guinea,Center Attacking Midfield,95.17,True
3922356,131849,Antoine Conte,4892,Guinea,Right Back,4.35,False
3922356,4939,Joris Kayembe Ditu,4881,Congo DR,Left Midfield,11.37,False
3922356,3405,François Kamano,4892,Guinea,Right Center Forward,3.92,False
3922356,6862,Cédric Bakambu,4881,Congo DR,Center Forward,71.3,True
3922356,9102,Serhou Guirassy,4892,Guinea,Left Center Forward,26.33,False
3922356,13329,Silas Katompa Mvumpa,4881,Congo DR,Right Midfield,36.18,False
3922356,4753,Aaron Tshibola,4881,Congo DR,Right Defensive Midfield,11.03,False
3922356,35413,Lionel Mpasi-Nzau,4881,Congo DR,Goalkeeper,95.17,True
3922356,105946,Henoc Inonga Baka,4881,Congo DR,Left Center Back,95.17,True
3922356,8284,Amadou Diawara,4892,Guinea,Right Defensive Midfield,68.83,True
3922356,3044,Chancel Mbemba Mangulu,4881,Congo DR,Right Center Back,95.17,True
3922356,35684,Meschak Elia,4881,Congo DR,Right Midfield,58.98,True
3922356,132711,Sekou Oumar Sylla,4892,Guinea,Left Wing,58.33,True
3922356,23785,Théo Bongonda Mbul'Ofeko Batombo,4881,Congo DR,Center Attacking Midfield,84.13,True
3922356,176683,Ibrahim Diakité,4892,Guinea,Right Back,90.82,True
3922356,4267,Mouctar Diakhaby,4892,Guinea,Right Center Back,95.17,True
3922356,182573,Ibrahim Kone,4892,Guinea,Goalkeeper,95.17,True
3922356,30193,Gedeon Kalulu Kyatengwa,4881,Congo DR,Right Back,95.17,True
3922356,47351,Morgan Guilavogui,4892,Guinea,Right Wing,58.0,True
3922356,8505,Naby Deco Keïta,4892,Guinea,Left Defensive Midfield,95.17,True
3922356,24826,Simon Bokote Banza,4881,Congo DR,Center Forward,23.87,False
3922356,406457,Facinet Conte,4892,Guinea,Left Center Midfield,36.83,False
3922356,4412,Samuel Moutoussamy,4881,Congo DR,Left Defensive Midfield,95.17,True
3922356,7294,Yoane Wissa,4881,Congo DR,Left Midfield,83.8,True
3922356,28415,Charles Pickel,4881,Congo DR,Right Defensive Midfield,95.17,True
3922658,16001,Garry Mendes Rodrigues,4924,Cape Verde Islands,Left Wing,71.73,True
3922658,23301,Kenny Rocha Santos,4924,Cape Verde Islands,Right Center Midfield,117.88,True
3922658,133003,Mihlali Samson Mayambela,4976,South Africa,Right Wing,43.93,False
3922658,50968,Erickson Patrick Correia Andrade,4924,Cape Verde Islands,Left Defensive Midfield,63.87,False
3922658,66716,Teboho Mokoena,4976,South Africa,Right Defensive Midfield,128.52,True
3922658,7197,Steven Moreira,4924,Cape Verde Islands,Right Back,128.52,True
3922658,42527,Sphephelo S''Miso Sithole,4976,South Africa,Left Defensive Midfield,128.52,True
3922658,66721,Ronwen Williams,4976,South Africa,Goalkeeper,128.52,True
3922658,40485,Ryan Isaac Mendes da Graça,4924,Cape Verde Islands,Right Wing,64.13,True
3922658,133038,João Paulo Moreira Fernandes,4924,Cape Verde Islands,Left Back,128.52,True
3922658,36271,Roberto Lopes,4924,Cape Verde Islands,Left Center Back,128.52,True
3922658,202037,Thapelo Maseko,4976,South Africa,Left Wing,51.17,False
3922658,21173,Laros Duarte,4924,Cape Verde Islands,Center Attacking Midfield,42.67,False
3922658,65719,Khuliso Johnson Mudau,4976,South Africa,Right Back,102.47,True
3922658,29367,Percy Tau,4976,South Africa,Left Wing,84.58,True
3922658,65853,Evidence Makgopa,4976,South Africa,Center Forward,102.58,True
3922658,65726,Themba Zwane,4976,South Africa,Center Attacking Midfield,90.0,True
3922658,65727,Thapelo James Morena,4976,South Africa,Right Wing,62.72,True
3922658,132800,Kevin Lenini Gonçalves Pereira de Pina,4924,Cape Verde Islands,Center Defensive Midfield,64.65,True
3922658,69442,Nyiko Mobbie,4976,South Africa,Right Back,26.05,False
3922658,65732,Mothobi Mvala,4976,South Africa,Left Center Back,128.52,True
3922658,65733,Aubrey Maphosa Modiba,4976,South Africa,Left Back,128.52,True
3922658,7753,Jamiro Gregory Monteiro Alvarenga,4924,Cape Verde Islands,Left Center Midfield,85.85,True
3922658,105932,Josimar José Évora Dias,4924,Cape Verde Islands,Goalkeeper,128.52,True
3922658,70093,Gomolemo Grant Kekana,4976,South Africa,Right Center Back,128.52,True
3922658,105936,Gilson Benchimol Tavares,4924,Cape Verde Islands,Center Forward,42.48,False
3922658,65750,Terrence Mashego,4976,South Africa,Left Wing,14.63,False
3922658,7900,Tiago Manuel Dias Correia,4924,Cape Verde Islands,Left Wing,56.78,False
3922658,64607,Zakhele Lerato Lepasa,4976,South Africa,Center Forward,25.93,False
3922658,65761,Jayden Adams,4976,South Africa,Center Attacking Midfield,38.52,False
3922658,32868,Bryan Alberto Silva Teixeira Jr.,4924,Cape Verde Islands,Right Defensive Midfield,10.63,False
3922658,10598,Jovane Eduardo Borges Cabral,4924,Cape Verde Islands,Center Forward,86.03,True
3922658,45557,Logan Costa,4924,Cape Verde Islands,Right Center Back,128.52,True
3922658,28413,Willy Afonso Semedo Johnson,4924,Cape Verde Islands,Right Wing,64.38,False
3922659,212489,Oumar Diakité,3374,Côte d'Ivoire,Right Wing Back,52.07,False
3922659,12557,Falaye Sacko,4930,Mali,Left Back,124.33,True
3922659,36629,Yahia Fofana,3374,Côte d'Ivoire,Goalkeeper,124.33,True
3922659,3481,Serge Aurier,3374,Côte d'Ivoire,Right Back,45.0,True
3922659,3359,Jean Michaël Seri,3374,Côte d'Ivoire,Center Defensive Midfield,85.72,True
3922659,8992,Ibrahim Sissoko,4930,Mali,Center Forward,23.0,False
3922659,7713,Obite Evan Ndicka,3374,Côte d'Ivoire,Left Center Back,124.33,True
3922659,4385,Yves Bissouma,4930,Mali,Center Attacking Midfield,27.73,False
3922659,23331,Boubakar Kouyate,4930,Mali,Right Center Back,124.33,True
3922659,58878,Boubacar Traore,4930,Mali,Left Defensive Midfield,36.37,False
3922659,3248,Hamari Traoré,4930,Mali,Right Back,124.33,True
3922659,105392,Simon Adingra,3374,Côte d'Ivoire,Left Center Midfield,38.62,False
3922659,10039,Ghislain Konan,3374,Côte d'Ivoire,Left Wing Back,124.33,True
3922659,8759,Diadie Samassekou,4930,Mali,Center Defensive Midfield,101.33,True
3922659,36539,Wilfried Stephane Singo,3374,Côte d'Ivoire,Right Center Back,77.27,False
3922659,4416,Max-Alain Gradel,3374,Côte d'Ivoire,Left Midfield,72.27,True
3922659,3013,Nicolas Pépé,3374,Côte d'Ivoire,Right Midfield,47.07,True
3922659,8774,Amadou Haïdara,4930,Mali,Left Center Midfield,61.35,True
3922659,9933,Willy Boly,3374,Côte d'Ivoire,Center Back,79.33,False
3922659,102992,Djigui Diarra,4930,Mali,Goalkeeper,124.33,True
3922659,12496,Christian Kouamé,3374,Côte d'Ivoire,Center Forward,45.0,True
3922659,10705,Mamadou Fofana,4930,Mali,Right Defensive Midfield,36.72,False
3922659,162132,Kamory Doumbia,4930,Mali,Center Attacking Midfield,96.6,True
3922659,105182,Lassine Sinayoko,4930,Mali,Left Center Forward,87.62,True
3922659,8673,Sébastien Haller,3374,Côte d'Ivoire,Center Forward,79.33,False
3922659,199653,Nene Dorgeles,4930,Mali,Left Wing,62.48,False
3922659,3433,Lassana Coulibaly,4930,Mali,Right Center Midfield,87.97,True
3922659,7023,Franck Yannick Kessié,3374,Côte d'Ivoire,Right Center Midfield,124.33,True
3922659,4464,Adama Traoré,4930,Mali,Right Center Forward,61.85,True
3922659,7791,Seko Fofana,3374,Côte d'Ivoire,Left Center Midfield,124.33,True
3922659,27133,Odilon Kossonou,3374,Côte d'Ivoire,Right Center Back,124.33,True
3922659,3710,Fousseni Diabaté,4930,Mali,Right Wing,62.98,False
3922659,7295,Sikou Niakate,4930,Mali,Left Center Back,124.33,True
3922837,102722,Siyanda Xulu,4976,South Africa,Center Back,75.02,True
3922837,43779,Calvin Bassey Ughelumba,775,Nigeria,Left Center Back,127.52,True
3922837,65732,Mothobi Mvala,4976,South Africa,Left Center Back,127.52,True
3922837,65733,Aubrey Maphosa Modiba,4976,South Africa,Left Wing Back,127.52,True
3922837,67974,Nkosinathi Sibisi,4976,South Africa,Right Center Back,11.22,False
3922837,5830,Kenneth Josiah Omeruo,775,Nigeria,Right Wing Back,5.7,False
3922837,358410,Stanley Bobo Nwabali,775,Nigeria,Goalkeeper,127.52,True
3922837,133003,Mihlali Samson Mayambela,4976,South Africa,Left Midfield,52.5,False
3922837,11277,Victor James Osimhen,775,Nigeria,Center Forward,109.23,True
3922837,70093,Gomolemo Grant Kekana,4976,South Africa,Right Center Back,127.52,True
3922837,5455,William Troost-Ekong,775,Nigeria,Center Back,127.52,True
3922837,16335,Samuel Chimerenka Chukwueze,775,Nigeria,Right Wing,65.5,False
3922837,3856,Joe Aribo,775,Nigeria,Right Defensive Midfield,26.12,False
3922837,24467,Frank Onyeka,775,Nigeria,Right Defensive Midfield,101.4,True
3922837,3923,Oluwasemilogo Adesewo Ibidapo Ajayi,775,Nigeria,Right Center Back,127.52,True
3922837,66716,Teboho Mokoena,4976,South Africa,Right Defensive Midfield,127.52,True
3922837,3806,Bright Osayi-Samuel,775,Nigeria,Right Wing Back,121.82,True
3922837,42527,Sphephelo S''Miso Sithole,4976,South Africa,Left Defensive Midfield,127.52,True
3922837,64607,Zakhele Lerato Lepasa,4976,South Africa,Left Center Forward,41.3,False
3922837,66721,Ronwen Williams,4976,South Africa,Goalkeeper,127.52,True
3922837,3708,Kelechi Promise Iheanacho,775,Nigeria,Right Wing,26.18,False
3922837,34335,Terem Igobor Moffi,775,Nigeria,Center Forward,18.28,False
3922837,11492,Temitayo Olufisayo Olaoluwa Aina,775,Nigeria,Left Wing Back,127.52,True
3922837,29367,Percy Tau,4976,South Africa,Right Wing,127.52,True
3922837,27434,Alhassan Yusuf,775,Nigeria,Left Defensive Midfield,65.45,False
3922837,18163,Moses Daddy-Ajala Simon,775,Nigeria,Right Wing,62.02,True
3922837,65719,Khuliso Johnson Mudau,4976,South Africa,Right Wing Back,127.52,True
3922837,3447,Ademola Lookman,775,Nigeria,Left Wing,101.33,True
3922837,65853,Evidence Makgopa,4976,South Africa,Center Forward,127.52,True
3922837,65726,Themba Zwane,4976,South Africa,Left Wing,75.0,True
3922837,3647,Alex Iwobi,775,Nigeria,Left Defensive Midfield,62.07,True
3922838,3587,Arthur Masuaku,4881,Congo DR,Left Back,94.92,True
3922838,4753,Aaron Tshibola,4881,Congo DR,Left Defensive Midfield,25.78,False
3922838,13329,Silas Katompa Mvumpa,4881,Congo DR,Left Midfield,17.25,False
3922838,36629,Yahia Fofana,3374,Côte d'Ivoire,Goalkeeper,94.92,True
3922838,23957,Jean Thierry Lazare Amani,3374,Côte d'Ivoire,Center Attacking Midfield,34.62,False
3922838,3359,Jean Michaël Seri,3374,Côte d'Ivoire,Center Defensive Midfield,60.3,True
3922838,4256,Jonathan Bamba,3374,Côte d'Ivoire,Right Wing,15.22,False
3922838,7713,Obite Evan Ndicka,3374,Côte d'Ivoire,Left Center Back,94.92,True
3922838,389291,Fiston Kalala Mayele,4881,Congo DR,Right Center Forward,26.27,False
3922838,4909,Jeremie Boga,3374,Côte d'Ivoire,Left Wing,5.28,False
3922838,105392,Simon Adingra,3374,Côte d'Ivoire,Left Wing,79.7,True
3922838,10039,Ghislain Konan,3374,Côte d'Ivoire,Left Back,94.92,True
3922838,3130,Gaël Kakuta,4881,Congo DR,Center Attacking Midfield,45.0,True
3922838,36539,Wilfried Stephane Singo,3374,Côte d'Ivoire,Right Back,94.92,True
3922838,4412,Samuel Moutoussamy,4881,Congo DR,Left Defensive Midfield,94.92,True
3922838,4416,Max-Alain Gradel,3374,Côte d'Ivoire,Right Wing,89.63,True
3922838,43072,Jean-Philippe Krasso,3374,Côte d'Ivoire,Center Forward,5.88,False
3922838,3017,Ibrahim Sangaré,3374,Côte d'Ivoire,Right Defensive Midfield,34.17,False
3922838,9933,Willy Boly,3374,Côte d'Ivoire,Right Center Back,94.92,True
3922838,6862,Cédric Bakambu,4881,Congo DR,Center Forward,68.65,True
3922838,35413,Lionel Mpasi-Nzau,4881,Congo DR,Goalkeeper,94.92,True
3922838,105946,Henoc Inonga Baka,4881,Congo DR,Left Center Back,94.92,True
3922838,8673,Sébastien Haller,3374,Côte d'Ivoire,Center Forward,89.03,True
3922838,3044,Chancel Mbemba Mangulu,4881,Congo DR,Right Center Back,94.92,True
3922838,35684,Meschak Elia,4881,Congo DR,Right Wing,77.67,True
3922838,23785,Théo Bongonda Mbul''Ofeko Batombo,4881,Congo DR,Right Midfield,49.92,False
3922838,7023,Franck Yannick Kessié,3374,Côte d'Ivoire,Right Center Midfield,94.92,True
3922838,7791,Seko Fofana,3374,Côte d'Ivoire,Left Center Midfield,60.75,True
3922838,30193,Gedeon Kalulu Kyatengwa,4881,Congo DR,Right Back,94.92,True
3922838,24826,Simon Bokote Banza,4881,Congo DR,Left Center Forward,26.27,False
3922838,7294,Yoane Wissa,4881,Congo DR,Left Wing,68.65,True
3922838,28415,Charles Pickel,4881,Congo DR,Right Defensive Midfield,69.13,True
3923880,102722,Siyanda Xulu,4976,South Africa,Right Center Back,132.37,True
3923880,18244,Grady Diangana,4881,Congo DR,Center Attacking Midfield,67.18,True
3923880,65733,Aubrey Maphosa Modiba,4976,South Africa,Left Back,132.37,True
3923880,67974,Nkosinathi Sibisi,4976,South Africa,Left Center Back,132.37,True
3923880,133003,Mihlali Samson Mayambela,4976,South Africa,Left Midfield,88.12,True
3923880,297356,Brian Jephte Bayeye,4881,Congo DR,Right Back,132.37,True
3923880,4939,Joris Kayembe Ditu,4881,Congo DR,Left Back,132.37,True
3923880,6862,Cédric Bakambu,4881,Congo DR,Center Forward,54.55,False
3923880,4753,Aaron Tshibola,4881,Congo DR,Right Defensive Midfield,45.0,True
3923880,13329,Silas Katompa Mvumpa,4881,Congo DR,Left Wing,77.9,True
3923880,65750,Terrence Mashego,4976,South Africa,Left Back,61.03,False
3923880,7294,Yoane Wissa,4881,Congo DR,Center Attacking Midfield,65.18,False
3923880,66716,Teboho Mokoena,4976,South Africa,Right Defensive Midfield,132.37,True
3923880,42527,Sphephelo S''Miso Sithole,4976,South Africa,Left Defensive Midfield,132.37,True
3923880,18783,Omenuke Mfulu,4881,Congo DR,Right Defensive Midfield,87.37,False
3923880,66721,Ronwen Williams,4976,South Africa,Goalkeeper,132.37,True
3923880,64607,Zakhele Lerato Lepasa,4976,South Africa,Center Forward,44.25,False
3923880,3044,Chancel Mbemba Mangulu,4881,Congo DR,Right Center Back,132.37,True
3923880,35684,Meschak Elia,4881,Congo DR,Right Wing,99.83,False
3923880,66725,Oswin Reagan Appollis,4976,South Africa,Right Wing,74.73,False
3923880,22823,Dimitry Bertaud,4881,Congo DR,Goalkeeper,132.37,True
3923880,24105,Dylan Batubinsika,4881,Congo DR,Left Center Back,132.37,True
3923880,23785,Théo Bongonda Mbul'Ofeko Batombo,4881,Congo DR,Right Wing,32.53,True
3923880,389291,Fiston Kalala Mayele,4881,Congo DR,Center Attacking Midfield,54.47,False
3923880,64629,Thabang Amod Monare,4976,South Africa,Right Defensive Midfield,74.43,False
3923880,65719,Khuliso Johnson Mudau,4976,South Africa,Right Back,132.37,True
3923880,24826,Simon Bokote Banza,4881,Congo DR,Center Forward,77.82,True
3923880,4412,Samuel Moutoussamy,4881,Congo DR,Left Defensive Midfield,132.37,True
3923880,65853,Evidence Makgopa,4976,South Africa,Center Forward,57.63,True
3923880,65726,Themba Zwane,4976,South Africa,Center Attacking Midfield,57.93,True
3923880,65727,Thapelo James Morena,4976,South Africa,Right Midfield,71.33,True
3923881,43779,Calvin Bassey Ughelumba,775,Nigeria,Left Center Back,97.15,True
3923881,212489,Oumar Diakité,3374,Côte d'Ivoire,Right Wing,27.95,False
3923881,358410,Stanley Bobo Nwabali,775,Nigeria,Goalkeeper,97.15,True
3923881,11277,Victor James Osimhen,775,Nigeria,Center Forward,97.15,True
3923881,3856,Joe Aribo,775,Nigeria,Left Defensive Midfield,9.57,False
3923881,24467,Frank Onyeka,775,Nigeria,Right Defensive Midfield,85.72,True
3923881,36629,Yahia Fofana,3374,Côte d'Ivoire,Goalkeeper,97.15,True
3923881,23957,Jean Thierry Lazare Amani,3374,Côte d'Ivoire,Right Center Midfield,5.47,False
3923881,3481,Serge Aurier,3374,Côte d'Ivoire,Right Back,69.07,True
3923881,3359,Jean Michaël Seri,3374,Côte d'Ivoire,Center Defensive Midfield,91.68,True
3923881,34335,Terem Igobor Moffi,775,Nigeria,Center Attacking Midfield,11.43,False
3923881,7713,Obite Evan Ndicka,3374,Côte d'Ivoire,Left Center Back,97.15,True
3923881,27434,Alhassan Yusuf,775,Nigeria,Right Defensive Midfield,18.97,False
3923881,105392,Simon Adingra,3374,Côte d'Ivoire,Left Wing,97.15,True
3923881,10039,Ghislain Konan,3374,Côte d'Ivoire,Left Back,97.15,True
3923881,36539,Wilfried Stephane Singo,3374,Côte d'Ivoire,Right Back,28.08,False
3923881,3647,Alex Iwobi,775,Nigeria,Left Defensive Midfield,78.18,True
3923881,4416,Max-Alain Gradel,3374,Côte d'Ivoire,Right Wing,69.2,True
3923881,43072,Jean-Philippe Krasso,3374,Côte d'Ivoire,Center Forward,9.57,False
3923881,3017,Ibrahim Sangaré,3374,Côte d'Ivoire,Center Defensive Midfield,9.57,False
3923881,31949,Zaidu Sanusi,775,Nigeria,Left Wing Back,87.58,True
3923881,5455,William Troost-Ekong,775,Nigeria,Center Back,97.15,True
3923881,16335,Samuel Chimerenka Chukwueze,775,Nigeria,Right Wing,55.72,True
3923881,3923,Oluwasemilogo Adesewo Ibidapo Ajayi,775,Nigeria,Right Center Back,97.15,True
3923881,8673,Sébastien Haller,3374,Côte d'Ivoire,Center Forward,87.58,True
3923881,11492,Temitayo Olufisayo Olaoluwa Aina,775,Nigeria,Right Wing Back,97.15,True
3923881,7023,Franck Yannick Kessié,3374,Côte d'Ivoire,Right Center Midfield,97.15,True
3923881,7791,Seko Fofana,3374,Côte d'Ivoire,Left Center Midfield,87.58,True
3923881,18163,Moses Daddy-Ajala Simon,775,Nigeria,Right Wing,41.43,False
3923881,3447,Ademola Lookman,775,Nigeria,Left Wing,78.33,True
3923881,3708,Kelechi Promise Iheanacho,775,Nigeria,Right Wing,18.82,False
3923881,27133,Odilon Kossonou,3374,Côte d'Ivoire,Right Center Back,97.15,True
3930158,8966,Kai Havertz,770,Germany,Center Forward,62.37,True
3930158,9478,Kenneth McLean,942,Scotland,Left Center Midfield,27.03,False
3930158,9481,Grant Campbell Hanley,942,Scotland,Center Back,48.65,False
3930158,39565,Jamal Musiala,770,Germany,Right Wing,73.27,True
3930158,10002,Scott McKenna,942,Scotland,Left Center Back,17.3,False
3930158,40724,Florian Wirtz,770,Germany,Left Wing,62.03,True
3930158,3097,Pascal Groß,770,Germany,Right Defensive Midfield,48.65,False
3930158,38169,Lawrence Shankland,942,Scotland,Center Forward,12.75,False
3930158,8221,Jonathan Tah,770,Germany,Left Center Back,93.65,True
3930158,22308,Anthony Ralston,942,Scotland,Right Wing Back,93.65,True
3930158,3620,Scott McTominay,942,Scotland,Right Center Midfield,93.65,True
3930158,10534,Callum McGregor,942,Scotland,Left Defensive Midfield,66.43,True
3930158,3493,Emre Can,770,Germany,Right Defensive Midfield,13.62,False
3930158,10540,Kieran Tierney,942,Scotland,Left Center Back,76.35,True
3930158,10287,İlkay Gündoğan,770,Germany,Center Attacking Midfield,93.65,True
3930158,5562,Thomas Müller,770,Germany,Left Wing,20.38,False
3930158,5570,Manuel Neuer,770,Germany,Goalkeeper,93.65,True
3930158,5574,Toni Kroos,770,Germany,Left Defensive Midfield,80.03,True
3930158,3655,Andrew Robertson,942,Scotland,Left Wing Back,93.65,True
3930158,5579,Joshua Kimmich,770,Germany,Right Back,93.65,True
3930158,31067,Billy Gilmour,942,Scotland,Center Defensive Midfield,27.22,False
3930158,12510,Ryan Christie,942,Scotland,Left Wing,80.9,True
3930158,3167,Antonio Rüdiger,770,Germany,Right Center Back,93.65,True
3930158,8546,Niclas Füllkrug,770,Germany,Center Forward,31.28,False
3930158,9195,Robert Andrich,770,Germany,Right Defensive Midfield,45.0,True
3930158,22379,Angus Gunn,942,Scotland,Goalkeeper,93.65,True
3930158,18797,Ryan Porteous,942,Scotland,Right Center Back,93.65,True
3930158,11116,Jack Hendry,942,Scotland,Center Back,93.65,True
3930158,3053,Leroy Sané,770,Germany,Right Wing,31.62,False
3930158,9974,John McGinn,942,Scotland,Left Center Midfield,66.62,True
3930158,12407,Maximilian Mittelstädt,770,Germany,Left Back,93.65,True
3930158,9466,Che Adams,942,Scotland,Center Forward,45.0,True
3930159,30401,Ruben Vargas,773,Switzerland,Left Attacking Midfield,73.08,True
3930159,11457,Vincent Sierro,773,Switzerland,Right Defensive Midfield,11.87,False
3930159,11268,Attila Fiola,916,Hungary,Right Center Back,97.0,True
3930159,46789,Bendegúz Bolla,916,Hungary,Right Wing Back,52.0,False
3930159,45190,Dan Ndoye,773,Switzerland,Right Attacking Midfield,85.23,True
3930159,42822,András Schäfer,916,Hungary,Left Defensive Midfield,97.0,True
3930159,6983,Remo Freuler,773,Switzerland,Right Defensive Midfield,85.13,True
3930159,50436,Fabian Rieder,773,Switzerland,Right Attacking Midfield,11.77,False
3930159,8524,Péter Gulácsi,916,Hungary,Goalkeeper,97.0,True
3930159,48335,Mohamed Zeki Amdouni,773,Switzerland,Left Attacking Midfield,29.53,False
3930159,16016,Michel Aebischer,773,Switzerland,Left Wing Back,97.0,True
3930159,3153,Ádám Lang,916,Hungary,Right Center Back,45.0,True
3930159,264277,Martin Ádám,916,Hungary,Right Attacking Midfield,18.27,False
3930159,40920,Márton Dárdai,916,Hungary,Left Center Back,18.1,False
3930159,21209,Dominik Szoboszlai,916,Hungary,Left Attacking Midfield,97.0,True
3930159,5537,Fabian Lukas Schär,773,Switzerland,Right Center Back,97.0,True
3930159,89635,Milos Kerkez,916,Hungary,Left Wing Back,78.73,True
3930159,46376,Attila Szalai,916,Hungary,Left Center Back,78.9,True
3930159,5544,Ricardo Iván Rodríguez Araya,773,Switzerland,Left Center Back,97.0,True
3930159,5545,Breel-Donald Embolo,773,Switzerland,Center Forward,23.92,False
3930159,29227,Leonidas Stergiou,773,Switzerland,Right Wing Back,29.28,False
3930159,3500,Granit Xhaka,773,Switzerland,Left Defensive Midfield,97.0,True
3930159,5549,Manuel Obafemi Akanji,773,Switzerland,Center Back,97.0,True
3930159,5550,Yann Sommer,773,Switzerland,Goalkeeper,97.0,True
3930159,49007,Kwadwo Duah,773,Switzerland,Center Forward,67.47,True
3930159,19316,Roland Sallai,916,Hungary,Right Attacking Midfield,97.0,True
3930159,7796,Silvan Widmer,773,Switzerland,Right Wing Back,67.72,True
3930159,16502,László Kleinheisler,916,Hungary,Right Defensive Midfield,30.58,False
3930159,12921,Barnabás Varga,916,Hungary,Center Forward,97.0,True
3930159,7162,Ádám Nagy,916,Hungary,Right Defensive Midfield,66.42,True
3930159,8509,Willi Orban,916,Hungary,Center Back,97.0,True
3930160,39490,Luka Sučić,785,Croatia,Right Center Midfield,30.28,False
3930160,8773,Marin Pongracic,785,Croatia,Left Center Back,95.15,True
3930160,7693,Bruno Petković,785,Croatia,Center Forward,23.65,False
3930160,316046,Lamine Yamal Nasraoui Ebana,772,Spain,Right Wing,85.25,True
3930160,8654,Ante Budimir,785,Croatia,Center Forward,55.22,True
3930160,5456,Mateo Kovačić,785,Croatia,Left Center Midfield,64.87,True
3930160,5202,José Ignacio Fernández Iglesias,772,Spain,Left Center Back,95.15,True
3930160,16531,Dominik Livaković,785,Croatia,Goalkeeper,95.15,True
3930160,17620,Marc Cucurella Saseta,772,Spain,Left Back,95.15,True
3930160,3477,Álvaro Borja Morata Martín,772,Spain,Center Forward,66.7,True
3930160,30486,Pedro González López,772,Spain,Center Attacking Midfield,58.97,True
3930160,5460,Andrej Kramarić,785,Croatia,Left Wing,71.5,True
3930160,5463,Luka Modrić,785,Croatia,Right Center Midfield,64.53,True
3930160,5721,Daniel Carvajal Ramos,772,Spain,Right Back,95.15,True
3930160,16532,Daniel Olmo Carvajal,772,Spain,Left Wing,36.18,False
3930160,11603,Mario Pašalić,785,Croatia,Right Wing,30.62,False
3930160,37148,Josip Šutalo,785,Croatia,Right Center Back,95.15,True
3930160,5469,Marcelo Brozović,785,Croatia,Center Defensive Midfield,95.15,True
3930160,68574,Nicholas Williams Arthuer,772,Spain,Left Wing,66.88,True
3930160,6685,Mikel Oyarzabal Ugarte,772,Spain,Center Forward,28.45,False
3930160,24921,Martín Zubimendi Ibáñez,772,Spain,Left Defensive Midfield,10.03,False
3930160,6748,Ferrán Torres García,772,Spain,Right Wing,9.9,False
3930160,5474,Ivan Perišić,785,Croatia,Left Wing,39.93,False
3930160,3042,Mikel Merino Zazón,772,Spain,Center Attacking Midfield,28.27,False
3930160,11748,Unai Simón Mendibil,772,Spain,Goalkeeper,95.15,True
3930160,6765,Rodrigo Hernández Cascante,772,Spain,Right Defensive Midfield,85.12,True
3930160,22128,Robin Aime Robert Le Normand,772,Spain,Right Center Back,95.15,True
3930160,28914,Lovro Majer,785,Croatia,Right Wing,95.15,True
3930160,49337,Josip Stanišić,785,Croatia,Right Back,95.15,True
3930160,33018,Joško Gvardiol,785,Croatia,Left Back,95.15,True
3930160,6655,Fabián Ruiz Peña,772,Spain,Left Defensive Midfield,95.15,True
3930161,133698,Arbër Hoxha,906,Albania,Left Wing,27.8,False
3930161,92611,Ernest Muçi,906,Albania,Center Attacking Midfield,9.4,False
3930161,7108,Berat Djimsiti,906,Albania,Left Center Back,95.42,True
3930161,49097,Mario Mitaj,906,Albania,Left Back,95.42,True
3930161,30926,Davide Frattesi,914,Italy,Right Center Midfield,95.42,True
3930161,6993,Bryan Cristante,914,Italy,Left Center Midfield,18.82,False
3930161,36885,Armando Broja,906,Albania,Center Forward,75.48,True
3930161,57303,Kristjan Asllani,906,Albania,Left Defensive Midfield,95.42,True
3930161,29531,Taulant Sulejmanov,906,Albania,Left Wing,67.88,True
3930161,32030,Nedim Bajrami,906,Albania,Center Attacking Midfield,86.02,True
3930161,12255,Federico Dimarco,914,Italy,Left Back,82.15,True
3930161,41186,Jasir Asani,906,Albania,Right Wing,67.62,True
3930161,8291,Arlind Afrim Ajeti,906,Albania,Right Center Back,95.42,True
3930161,49445,Michael Ijemuan Folorunsho,914,Italy,Left Wing,3.9,False
3930161,41768,Riccardo Calafiori,914,Italy,Left Center Back,95.42,True
3930161,50729,Andrea Cambiaso,914,Italy,Right Wing,18.95,False
3930161,7531,Qazim Laçi,906,Albania,Right Wing,27.53,False
3930161,4587,Matteo Darmian,914,Italy,Left Back,13.27,False
3930161,7789,Thomas Strakosha,906,Albania,Goalkeeper,95.42,True
3930161,7024,Jorge Luiz Frello Filho,914,Italy,Center Defensive Midfield,95.42,True
3930161,10992,Gianluca Scamacca,914,Italy,Center Forward,81.88,True
3930161,6963,Lorenzo Pellegrini,914,Italy,Left Wing,76.6,True
3930161,7156,Federico Chiesa,914,Italy,Right Wing,76.47,True
3930161,8181,Nicolò Barella,914,Italy,Left Center Midfield,91.52,True
3930161,24438,Ylber Ramadani,906,Albania,Right Defensive Midfield,95.42,True
3930161,7031,Elseid Hysaj,906,Albania,Right Back,95.42,True
3930161,7480,Alessandro Bastoni,914,Italy,Right Center Back,95.42,True
3930161,23987,Rey Manaj,906,Albania,Center Forward,19.93,False
3930161,11514,Giovanni Di Lorenzo,914,Italy,Right Back,95.42,True
3930161,31093,Mateo Retegui,914,Italy,Center Forward,13.53,False
3930161,7036,Gianluigi Donnarumma,914,Italy,Goalkeeper,95.42,True
3930162,21261,Jonas Older Wind,776,Denmark,Right Center Forward,82.65,True
3930162,137487,Žan Karničnik,944,Slovenia,Right Back,94.47,True
3930162,16528,Petar Stojanović,944,Slovenia,Right Midfield,66.57,True
3930162,5527,Thomas Delaney,776,Denmark,Left Defensive Midfield,5.47,False
3930162,15896,Timi Elšnik,944,Slovenia,Left Defensive Midfield,75.0,True
3930162,11416,Jon Gorenc Stankovič,944,Slovenia,Left Defensive Midfield,19.47,False
3930162,6941,Jasmin Kurtič,944,Slovenia,Unknown,0.57,False
3930162,6302,Kasper Dolberg,776,Denmark,Left Center Forward,11.82,False
3930162,5536,Yussuf Yurary Poulsen,776,Denmark,Right Center Forward,11.83,False
3930162,16554,Joakim Mæhle,776,Denmark,Left Wing Back,17.43,False
3930162,8621,Morten Hjulmand,776,Denmark,Right Defensive Midfield,89.0,True
3930162,24109,Žan Celar,944,Slovenia,Right Midfield,19.82,False
3930162,16047,Jaka Bijol,944,Slovenia,Left Center Back,94.47,True
3930162,101806,David Brekalo,944,Slovenia,Right Center Forward,0.83,False
3930162,28211,Erik Janža,944,Slovenia,Left Back,94.47,True
3930162,60343,Victor Bernth Kristansen,776,Denmark,Left Wing Back,77.03,True
3930162,8247,Joachim Andersen,776,Denmark,Right Center Back,94.47,True
3930162,7097,Christian Nørgaard,776,Denmark,Right Defensive Midfield,11.12,False
3930162,51672,Rasmus Winther Højlund,776,Denmark,Left Center Forward,82.63,True
3930162,31968,Adam Gnezda Čerin,944,Slovenia,Right Defensive Midfield,94.47,True
3930162,24547,Alexander Hartmann Bah,776,Denmark,Right Wing Back,94.47,True
3930162,3043,Christian Dannemann Eriksen,776,Denmark,Center Attacking Midfield,94.47,True
3930162,38759,Benjamin Šeško,944,Slovenia,Left Center Forward,93.9,True
3930162,3815,Kasper Schmeichel,776,Denmark,Goalkeeper,94.47,True
3930162,6378,Jan Oblak,944,Slovenia,Goalkeeper,94.47,True
3930162,205932,Vanja Drkušić,944,Slovenia,Right Center Back,94.47,True
3930162,8815,Jannik Vestergaard,776,Denmark,Left Center Back,94.47,True
3930162,31089,Jan Mlakar,944,Slovenia,Left Midfield,74.65,True
3930162,3570,Pierre-Emile Højbjerg,776,Denmark,Left Defensive Midfield,83.35,True
3930162,3959,Andreas Christensen,776,Denmark,Center Back,94.47,True
3930162,31866,Andraž Šporar,944,Slovenia,Right Center Forward,93.63,True
3930162,16510,Benjamin Verbič,944,Slovenia,Left Midfield,27.9,False
3930163,4354,Phil Foden,768,England,Left Wing,94.03,True
3930163,22084,Bukayo Saka,768,England,Right Wing,75.1,True
3930163,3205,Kyle Walker,768,England,Right Back,94.03,True
3930163,27719,Strahinja Pavlović,786,Serbia,Left Center Back,94.03,True
3930163,10955,Harry Kane,768,England,Center Forward,94.03,True
3930163,3468,Jordan Pickford,768,England,Goalkeeper,94.03,True
3930163,3664,Trent Alexander-Arnold,768,England,Right Defensive Midfield,68.33,True
3930163,5589,Sergej Milinković-Savić,786,Serbia,Left Center Midfield,94.03,True
3930163,5591,Filip Kostić,786,Serbia,Left Wing Back,43.0,True
3930163,29399,Conor Gallagher,768,England,Right Center Midfield,25.7,False
3930163,34526,Marc Guehi,768,England,Left Center Back,94.03,True
3930163,6687,Saša Lukić,786,Serbia,Right Center Midfield,60.52,True
3930163,18015,Dušan Vlahović,786,Serbia,Right Center Forward,94.03,True
3930163,5603,Nikola Milenković,786,Serbia,Center Back,94.03,True
3930163,30179,Ivan Ilić,786,Serbia,Right Defensive Midfield,49.03,False
3930163,99174,Kobbie Mainoo,768,England,Left Center Midfield,8.72,False
3930163,3943,Declan Rice,768,England,Left Defensive Midfield,94.03,True
3930163,9640,Jarrod Bowen,768,England,Right Wing,18.93,False
3930163,16489,Nemanja Gudelj,786,Serbia,Center Defensive Midfield,45.0,True
3930163,28075,Veljko Birmančević,786,Serbia,Right Wing Back,20.43,False
3930163,3244,John Stones,768,England,Right Center Back,94.03,True
3930163,4269,Aleksandar Mitrović,786,Serbia,Left Center Forward,60.03,True
3930163,6318,Andrija Živković,786,Serbia,Right Wing Back,73.6,True
3930163,3308,Kieran Trippier,768,England,Left Back,94.03,True
3930163,6319,Luka Jović,786,Serbia,Left Center Forward,33.52,False
3930163,6321,Milos Veljkovic,786,Serbia,Right Center Back,94.03,True
3930163,15731,Predrag Rajković,786,Serbia,Goalkeeper,94.03,True
3930163,3831,Dušan Tadić,786,Serbia,Center Attacking Midfield,34.0,False
3930163,7993,Filip Mladenović,786,Serbia,Left Wing Back,51.03,False
3930163,30714,Jude Bellingham,768,England,Center Attacking Midfield,85.32,True
3930164,28032,Ivan Schranz,908,Slovakia,Right Wing,80.35,True
3930164,5633,Yannick Ferreira Carrasco,782,Belgium,Left Back,83.1,True
3930164,52218,Johan Bakayoko,782,Belgium,Right Wing,41.78,False
3930164,35653,Tomáš Suslov,908,Slovakia,Left Wing,28.68,False
3930164,8967,Ondrej Duda,908,Slovakia,Left Center Midfield,93.8,True
3930164,43976,David Strelec,908,Slovakia,Center Forward,28.85,False
3930164,44167,Dávid Ďuriš,908,Slovakia,Right Wing,17.68,False
3930164,2954,Youri Tielemans,782,Belgium,Right Defensive Midfield,24.17,False
3930164,85063,Adam Obert,908,Slovakia,Left Center Back,4.23,False
3930164,6989,Timothy Castagne,782,Belgium,Right Back,98.03,True
3930164,6798,Stanislav Lobotka,908,Slovakia,Center Defensive Midfield,98.03,True
3930164,6990,Milan Škriniar,908,Slovakia,Left Center Back,98.03,True
3930164,114832,Zeno Debast,782,Belgium,Left Center Back,98.03,True
3930164,3089,Kevin De Bruyne,782,Belgium,Center Attacking Midfield,98.03,True
3930164,12306,Dodi Lukebakio,782,Belgium,Right Wing Back,14.93,False
3930164,16275,Ikoma Loïs Openda,782,Belgium,Left Center Forward,14.97,False
3930164,8854,Wout Faes,782,Belgium,Right Center Back,98.03,True
3930164,34904,Róbert Boženík,908,Slovakia,Center Forward,69.18,True
3930164,3289,Romelu Lukaku Menama,782,Belgium,Center Forward,98.03,True
3930164,48347,Amadou Onana,782,Belgium,Left Defensive Midfield,98.03,True
3930164,23650,Jeremy Doku,782,Belgium,Left Wing,83.07,True
3930164,10919,Juraj Kucka,908,Slovakia,Right Center Midfield,98.03,True
3930164,7975,Lukáš Haraslín,908,Slovakia,Left Wing,69.35,True
3930164,16298,Denis Vavro,908,Slovakia,Right Center Back,98.03,True
3930164,16559,Leandro Trossard,782,Belgium,Left Wing,73.87,True
3930164,8240,Koen Casteels,782,Belgium,Goalkeeper,98.03,True
3930164,16879,Dávid Hancko,908,Slovakia,Left Back,98.03,True
3930164,8950,Orel Mangala,782,Belgium,Right Defensive Midfield,56.25,True
3930164,9722,Peter Pekarík,908,Slovakia,Right Back,98.03,True
3930164,3711,Martin Dúbravka,908,Slovakia,Goalkeeper,98.03,True
3930165,3009,Kylian Mbappé Lottin,771,France,Center Forward,89.88,True
3930165,13315,Philipp Mwene,915,Austria,Left Back,87.93,True
3930165,8068,Maximilian Wöber,915,Austria,Left Center Back,58.65,True
3930165,9731,Patrick Pentz,915,Austria,Goalkeeper,99.22,True
3930165,11396,Florian Grillitsch,915,Austria,Left Defensive Midfield,59.35,True
3930165,8518,Marcel Sabitzer,915,Austria,Left Wing,99.22,True
3930165,8519,Dayotchanculle Upamecano,771,France,Right Center Back,99.22,True
3930165,8778,Gernot Trauner,915,Austria,Left Center Back,40.57,False
3930165,24778,Eduardo Camavinga,771,France,Left Center Midfield,28.77,False
3930165,8784,Romano Schmid,915,Austria,Right Defensive Midfield,8.27,False
3930165,24977,Christoph Baumgartner,915,Austria,Center Attacking Midfield,99.22,True
3930165,3026,Adrien Rabiot,771,France,Left Defensive Midfield,70.45,True
3930165,33297,Patrick Wimmer,915,Austria,Right Wing,39.87,False
3930165,22097,Randal Kolo Muani,771,France,Right Wing,29.2,False
3930165,3604,Olivier Giroud,771,France,Center Forward,9.33,False
3930165,11990,Youssouf Fofana,771,France,Right Center Midfield,9.15,False
3930165,2972,Marcus Thuram,771,France,Left Wing,99.22,True
3930165,4445,Jules Koundé,771,France,Right Back,99.22,True
3930165,39460,Nicolas Seiwald,915,Austria,Right Defensive Midfield,99.22,True
3930165,5477,Ousmane Dembélé,771,France,Right Wing,70.02,True
3930165,11820,Kevin Danso,915,Austria,Right Center Back,99.22,True
3930165,11821,Stefan Posch,915,Austria,Right Back,99.22,True
3930165,5487,Antoine Griezmann,771,France,Center Attacking Midfield,90.07,True
3930165,6704,Theo Bernard François Hernández,771,France,Left Back,99.22,True
3930165,3761,Mike Maignan,771,France,Goalkeeper,99.22,True
3930165,39545,Alexander Prass,915,Austria,Left Back,11.28,False
3930165,8309,Michael Gregoritsch,915,Austria,Center Forward,58.82,True
3930165,17592,William Saliba,771,France,Left Center Back,99.22,True
3930165,3961,N'Golo Kanté,771,France,Right Defensive Midfield,99.22,True
3930165,8506,Konrad Laimer,915,Austria,Right Wing,90.95,True
3930165,3325,Marko Arnautović,915,Austria,Center Forward,40.4,False
3930166,28034,Lukáš Provod,912,Czech Republic,Right Center Midfield,78.9,True
3930166,41092,Nuno Mendes,780,Portugal,Left Center Back,89.52,True
3930166,7044,Patrik Schick,912,Czech Republic,Right Center Forward,60.03,True
3930166,4870,Tomáš Souček,912,Czech Republic,Center Defensive Midfield,95.03,True
3930166,28040,Jindřich Staněk,912,Czech Republic,Goalkeeper,95.03,True
3930166,16028,José Diogo Dalot Teixeira,780,Portugal,Right Wing Back,62.85,True
3930166,23454,Petr Ševčík,912,Czech Republic,Right Attacking Midfield,16.17,False
3930166,29484,Jan Kuchta,912,Czech Republic,Left Center Forward,59.88,True
3930166,20016,Kléper Laveran Lima Ferreira,780,Portugal,Center Back,95.03,True
3930166,81330,Robin Hranáč,912,Czech Republic,Center Back,95.03,True
3930166,27826,Ondřej Lingr,912,Czech Republic,Left Attacking Midfield,35.15,False
3930166,18360,Rafael Alexandre Conceição Leão,780,Portugal,Left Center Forward,62.85,True
3930166,16570,Vladimír Coufal,912,Czech Republic,Right Wing Back,95.03,True
3930166,28227,Pavel Šulc,912,Czech Republic,Left Center Midfield,78.87,True
3930166,39624,Francisco Fernandes Conceição,780,Portugal,Center Attacking Midfield,5.52,False
3930166,9929,Diogo José Teixeira da Silva,780,Portugal,Left Center Forward,32.18,False
3930166,32975,Diogo Meireles Costa,780,Portugal,Goalkeeper,95.03,True
3930166,34639,Vitor Machado Ferreira,780,Portugal,Right Defensive Midfield,89.52,True
3930166,7801,Antonín Barák,912,Czech Republic,Right Defensive Midfield,16.13,False
3930166,5204,Bruno Miguel Borges Fernandes,780,Portugal,Left Defensive Midfield,95.03,True
3930166,16469,Tomáš Holeš,912,Czech Republic,Right Center Back,92.72,True
3930166,5206,Rúben Santos Gato Alves Dias,780,Portugal,Right Center Back,95.03,True
3930166,5207,Cristiano Ronaldo dos Santos Aveiro,780,Portugal,Right Center Forward,95.03,True
3930166,23256,Pedro Lomba Neto,780,Portugal,Left Wing Back,5.52,False
3930166,32985,Mojmír Chytil,912,Czech Republic,Center Forward,35.0,False
3930166,7005,João Pedro Cavaco Cancelo,780,Portugal,Left Wing Back,89.18,True
3930166,6374,Nélson Cabral Semedo,780,Portugal,Unknown,5.85,False
3930166,21226,Tomáš Chorý,912,Czech Republic,Left Center Forward,2.32,False
3930166,28272,Ladislav Krejčí,912,Czech Republic,Left Center Back,95.03,True
3930166,35441,David Doudera,912,Czech Republic,Left Wing Back,95.03,True
3930166,3193,Bernardo Mota Veiga de Carvalho e Silva,780,Portugal,Center Attacking Midfield,95.03,True
3930166,42106,Gonçalo Bernardo Inácio,780,Portugal,Left Center Back,32.18,False
3930167,39490,Luka Sučić,785,Croatia,Center Attacking Midfield,53.08,False
3930167,133698,Arbër Hoxha,906,Albania,Left Midfield,13.9,False
3930167,7108,Berat Djimsiti,906,Albania,Left Center Back,98.08,True
3930167,49097,Mario Mitaj,906,Albania,Left Back,98.08,True
3930167,7693,Bruno Petković,785,Croatia,Center Forward,68.3,True
3930167,8654,Ante Budimir,785,Croatia,Center Forward,29.78,False
3930167,5456,Mateo Kovačić,785,Croatia,Left Defensive Midfield,98.08,True
3930167,12625,Borna Sosa,785,Croatia,Left Back,14.92,False
3930167,63505,Martin Baturina,785,Croatia,Left Wing,14.45,False
3930167,16531,Dominik Livaković,785,Croatia,Goalkeeper,98.08,True
3930167,5460,Andrej Kramarić,785,Croatia,Left Wing,83.63,True
3930167,11603,Mario Pašalić,785,Croatia,Right Wing,53.08,False
3930167,5463,Luka Modrić,785,Croatia,Right Defensive Midfield,98.08,True
3930167,57303,Kristjan Asllani,906,Albania,Left Center Midfield,98.08,True
3930167,29531,Taulant Sulejmanov,906,Albania,Left Midfield,34.95,False
3930167,37148,Josip Šutalo,785,Croatia,Right Center Back,98.08,True
3930167,5469,Marcelo Brozović,785,Croatia,Center Defensive Midfield,45.0,True
3930167,32030,Nedim Bajrami,906,Albania,Left Midfield,98.08,True
3930167,5474,Ivan Perišić,785,Croatia,Left Back,83.17,True
3930167,8291,Arlind Afrim Ajeti,906,Albania,Right Center Back,98.08,True
3930167,41186,Jasir Asani,906,Albania,Right Midfield,63.13,True
3930167,9893,Klaus Gjasula,906,Albania,Right Defensive Midfield,26.57,False
3930167,29163,Josip Juranović,785,Croatia,Right Back,98.08,True
3930167,7531,Qazim Laçi,906,Albania,Right Center Midfield,71.52,True
3930167,7789,Thomas Strakosha,906,Albania,Goalkeeper,98.08,True
3930167,28914,Lovro Majer,785,Croatia,Right Wing,45.0,True
3930167,23987,Rey Manaj,906,Albania,Center Forward,84.13,True
3930167,24438,Ylber Ramadani,906,Albania,Center Defensive Midfield,84.18,True
3930167,7031,Elseid Hysaj,906,Albania,Right Back,98.08,True
3930167,33018,Joško Gvardiol,785,Croatia,Left Center Back,98.08,True
3930167,54140,Mirlind Daku,906,Albania,Center Forward,13.95,False
3930168,11268,Attila Fiola,916,Hungary,Right Center Back,93.15,True
3930168,8966,Kai Havertz,770,Germany,Center Forward,57.53,True
3930168,39565,Jamal Musiala,770,Germany,Right Wing,71.23,True
3930168,40724,Florian Wirtz,770,Germany,Left Wing,57.48,True
3930168,50329,Dániel Gazdag,916,Hungary,Left Center Forward,6.73,False
3930168,8221,Jonathan Tah,770,Germany,Left Center Back,93.15,True
3930168,73886,Zsolt Nagy,916,Hungary,Left Wing Back,18.3,False
3930168,89635,Milos Kerkez,916,Hungary,Left Wing Back,74.85,True
3930168,3493,Emre Can,770,Germany,Right Defensive Midfield,22.5,False
3930168,131243,Deniz Undav,770,Germany,Center Attacking Midfield,10.0,False
3930168,10287,İlkay Gündoğan,770,Germany,Center Attacking Midfield,83.15,True
3930168,8509,Willi Orban,916,Hungary,Center Back,93.15,True
3930168,23614,Chris Führich,770,Germany,Left Wing,21.92,False
3930168,5570,Manuel Neuer,770,Germany,Goalkeeper,93.15,True
3930168,46789,Bendegúz Bolla,916,Hungary,Right Wing Back,74.78,True
3930168,5574,Toni Kroos,770,Germany,Left Defensive Midfield,93.15,True
3930168,42822,András Schäfer,916,Hungary,Left Defensive Midfield,93.15,True
3930168,5579,Joshua Kimmich,770,Germany,Right Back,93.15,True
3930168,8524,Péter Gulácsi,916,Hungary,Goalkeeper,93.15,True
3930168,264277,Martin Ádám,916,Hungary,Right Center Forward,18.37,False
3930168,40920,Márton Dárdai,916,Hungary,Left Center Back,93.15,True
3930168,21209,Dominik Szoboszlai,916,Hungary,Right Attacking Midfield,93.15,True
3930168,3167,Antonio Rüdiger,770,Germany,Right Center Back,93.15,True
3930168,389882,Kevin Csoboth,916,Hungary,Right Wing Back,6.33,False
3930168,8546,Niclas Füllkrug,770,Germany,Center Forward,35.62,False
3930168,9195,Robert Andrich,770,Germany,Right Defensive Midfield,70.65,True
3930168,3053,Leroy Sané,770,Germany,Right Wing,35.67,False
3930168,19316,Roland Sallai,916,Hungary,Left Attacking Midfield,86.82,True
3930168,16502,László Kleinheisler,916,Hungary,Left Center Midfield,29.77,False
3930168,12407,Maximilian Mittelstädt,770,Germany,Left Back,93.15,True
3930168,12921,Barnabás Varga,916,Hungary,Center Forward,86.42,True
3930168,7162,Ádám Nagy,916,Hungary,Right Defensive Midfield,63.38,True
3930169,30401,Ruben Vargas,773,Switzerland,Left Center Forward,74.57,True
3930169,11457,Vincent Sierro,773,Switzerland,Right Defensive Midfield,20.27,False
3930169,50436,Fabian Rieder,773,Switzerland,Right Wing,19.5,False
3930169,45190,Dan Ndoye,773,Switzerland,Right Center Forward,85.55,True
3930169,3655,Andrew Robertson,942,Scotland,Left Wing Back,94.07,True
3930169,6983,Remo Freuler,773,Switzerland,Right Defensive Midfield,73.8,True
3930169,9481,Grant Campbell Hanley,942,Scotland,Center Back,94.07,True
3930169,9478,Kenneth McLean,942,Scotland,Right Defensive Midfield,15.4,False
3930169,3533,Xherdan Shaqiri,773,Switzerland,Center Attacking Midfield,58.65,True
3930169,48335,Mohamed Zeki Amdouni,773,Switzerland,Left Wing,8.52,False
3930169,16016,Michel Aebischer,773,Switzerland,Left Wing Back,94.07,True
3930169,10002,Scott McKenna,942,Scotland,Left Center Back,33.23,False
3930169,38169,Lawrence Shankland,942,Scotland,Right Center Forward,4.37,False
3930169,31067,Billy Gilmour,942,Scotland,Right Defensive Midfield,78.67,True
3930169,12510,Ryan Christie,942,Scotland,Left Center Forward,4.5,False
3930169,5537,Fabian Lukas Schär,773,Switzerland,Right Center Back,94.07,True
3930169,22308,Anthony Ralston,942,Scotland,Right Wing Back,94.07,True
3930169,3620,Scott McTominay,942,Scotland,Center Attacking Midfield,94.07,True
3930169,10534,Callum McGregor,942,Scotland,Left Defensive Midfield,94.07,True
3930169,5544,Ricardo Iván Rodríguez Araya,773,Switzerland,Left Center Back,94.07,True
3930169,5545,Breel-Donald Embolo,773,Switzerland,Center Forward,35.42,False
3930169,22379,Angus Gunn,942,Scotland,Goalkeeper,94.07,True
3930169,10540,Kieran Tierney,942,Scotland,Left Center Back,60.83,True
3930169,5549,Manuel Obafemi Akanji,773,Switzerland,Center Back,94.07,True
3930169,5550,Yann Sommer,773,Switzerland,Goalkeeper,94.07,True
3930169,3500,Granit Xhaka,773,Switzerland,Left Defensive Midfield,94.07,True
3930169,11116,Jack Hendry,942,Scotland,Right Center Back,94.07,True
3930169,29227,Leonidas Stergiou,773,Switzerland,Right Wing Back,8.57,False
3930169,7796,Silvan Widmer,773,Switzerland,Right Wing Back,85.5,True
3930169,9974,John McGinn,942,Scotland,Left Center Forward,89.57,True
3930169,9466,Che Adams,942,Scotland,Right Center Forward,89.7,True
3930170,27719,Strahinja Pavlović,786,Serbia,Left Center Back,96.43,True
3930170,137487,Žan Karničnik,944,Slovenia,Right Back,96.43,True
3930170,16528,Petar Stojanović,944,Slovenia,Right Midfield,75.6,True
3930170,5589,Sergej Milinković-Savić,786,Serbia,Left Defensive Midfield,32.57,False
3930170,15896,Timi Elšnik,944,Slovenia,Left Defensive Midfield,90.65,True
3930170,11416,Jon Gorenc Stankovič,944,Slovenia,Center Defensive Midfield,33.72,False
3930170,8669,Mijat Gaćinović,786,Serbia,Left Wing Back,51.43,False
3930170,6687,Saša Lukić,786,Serbia,Left Defensive Midfield,63.87,True
3930170,18015,Dušan Vlahović,786,Serbia,Left Attacking Midfield,63.15,True
3930170,31968,Adam Gnezda Čerin,944,Slovenia,Right Defensive Midfield,96.43,True
3930170,40735,Lazar Samardžić,786,Serbia,Center Attacking Midfield,15.17,False
3930170,5603,Nikola Milenković,786,Serbia,Center Back,96.43,True
3930170,30179,Ivan Ilić,786,Serbia,Right Defensive Midfield,96.43,True
3930170,38759,Benjamin Šeško,944,Slovenia,Left Center Forward,75.53,True
3930170,6378,Jan Oblak,944,Slovenia,Goalkeeper,96.43,True
3930170,28075,Veljko Birmančević,786,Serbia,Left Wing Back,15.33,False
3930170,205932,Vanja Drkušić,944,Slovenia,Right Center Back,96.43,True
3930170,4269,Aleksandar Mitrović,786,Serbia,Center Forward,96.43,True
3930170,6318,Andrija Živković,786,Serbia,Right Wing Back,81.1,True
3930170,16047,Jaka Bijol,944,Slovenia,Left Center Back,96.43,True
3930170,6319,Luka Jović,786,Serbia,Right Center Forward,33.28,False
3930170,6321,Milos Veljkovic,786,Serbia,Right Center Back,96.43,True
3930170,31089,Jan Mlakar,944,Slovenia,Left Midfield,62.72,True
3930170,28211,Erik Janža,944,Slovenia,Left Back,96.43,True
3930170,15731,Predrag Rajković,786,Serbia,Goalkeeper,96.43,True
3930170,290289,Žan Vipotnik,944,Slovenia,Left Center Forward,20.9,False
3930170,101806,David Brekalo,944,Slovenia,Left Center Back,5.78,False
3930170,3831,Dušan Tadić,786,Serbia,Right Attacking Midfield,81.27,True
3930170,7993,Filip Mladenović,786,Serbia,Left Wing Back,45.0,True
3930170,31866,Andraž Šporar,944,Slovenia,Right Center Forward,96.43,True
3930170,16510,Benjamin Verbič,944,Slovenia,Right Midfield,20.83,False
3930171,4354,Phil Foden,768,England,Left Wing,68.13,True
3930171,22084,Bukayo Saka,768,England,Right Wing,68.92,True
3930171,3205,Kyle Walker,768,England,Right Back,93.08,True
3930171,10955,Harry Kane,768,England,Center Forward,68.55,True
3930171,3468,Jordan Pickford,768,England,Goalkeeper,93.08,True
3930171,21261,Jonas Older Wind,776,Denmark,Right Wing,56.28,True
3930171,3959,Andreas Christensen,776,Denmark,Left Center Back,93.08,True
3930171,3664,Trent Alexander-Arnold,768,England,Right Defensive Midfield,53.43,True
3930171,17042,Andreas Skov Olsen,776,Denmark,Right Wing,11.17,False
3930171,8247,Joachim Andersen,776,Denmark,Right Center Back,93.08,True
3930171,29399,Conor Gallagher,768,England,Right Defensive Midfield,39.65,False
3930171,51672,Rasmus Winther Højlund,776,Denmark,Center Forward,66.37,True
3930171,4760,Ollie Watkins,768,England,Center Forward,24.53,False
3930171,34526,Marc Guehi,768,England,Left Center Back,93.08,True
3930171,5536,Yussuf Yurary Poulsen,776,Denmark,Center Forward,26.72,False
3930171,3043,Christian Dannemann Eriksen,776,Denmark,Left Wing,81.92,True
3930171,24547,Alexander Hartmann Bah,776,Denmark,Right Wing Back,36.87,False
3930171,3815,Kasper Schmeichel,776,Denmark,Goalkeeper,93.08,True
3930171,3943,Declan Rice,768,England,Left Defensive Midfield,93.08,True
3930171,9640,Jarrod Bowen,768,England,Right Wing,24.95,False
3930171,16554,Joakim Mæhle,776,Denmark,Right Wing Back,93.08,True
3930171,9000,Eberechi Eze,768,England,Left Wing,24.17,False
3930171,3244,John Stones,768,England,Right Center Back,93.08,True
3930171,8621,Morten Hjulmand,776,Denmark,Right Defensive Midfield,81.98,True
3930171,3308,Kieran Trippier,768,England,Left Back,93.08,True
3930171,8815,Jannik Vestergaard,776,Denmark,Center Back,93.08,True
3930171,3570,Pierre-Emile Højbjerg,776,Denmark,Left Defensive Midfield,93.08,True
3930171,60343,Victor Bernth Kristansen,776,Denmark,Left Wing Back,56.22,True
3930171,7097,Christian Nørgaard,776,Denmark,Right Defensive Midfield,11.1,False
3930171,30714,Jude Bellingham,768,England,Center Attacking Midfield,93.08,True
3930171,24443,Mikkel Damsgaard,776,Denmark,Left Wing,36.8,False
3930172,4353,Aymeric Laporte,772,Spain,Left Center Back,96.23,True
3930172,3076,Ayoze Pérez Gutiérrez,772,Spain,Left Wing,19.12,False
3930172,316046,Lamine Yamal Nasraoui Ebana,772,Spain,Right Wing,70.82,True
3930172,3477,Álvaro Borja Morata Martín,772,Spain,Center Forward,77.33,True
3930172,30486,Pedro González López,772,Spain,Center Attacking Midfield,70.82,True
3930172,41115,Alejandro Baena Rodríguez,772,Spain,Center Attacking Midfield,25.42,False
3930172,6685,Mikel Oyarzabal Ugarte,772,Spain,Center Forward,18.9,False
3930172,41768,Riccardo Calafiori,914,Italy,Left Center Back,96.23,True
3930172,50729,Andrea Cambiaso,914,Italy,Right Wing,51.23,False
3930172,6963,Lorenzo Pellegrini,914,Italy,Left Wing,81.05,True
3930172,7480,Alessandro Bastoni,914,Italy,Right Center Back,96.23,True
3930172,30926,Davide Frattesi,914,Italy,Right Center Midfield,45.0,True
3930172,6993,Bryan Cristante,914,Italy,Right Center Midfield,51.23,False
3930172,17620,Marc Cucurella Saseta,772,Spain,Left Back,96.23,True
3930172,8792,Mattia Zaccagni,914,Italy,Left Wing,33.2,False
3930172,5721,Daniel Carvajal Ramos,772,Spain,Right Back,96.23,True
3930172,25048,Giacomo Raspadori,914,Italy,Left Center Midfield,15.18,False
3930172,6748,Ferrán Torres García,772,Spain,Right Wing,25.42,False
3930172,68574,Nicholas Williams Arthuer,772,Spain,Left Wing,77.12,True
3930172,12255,Federico Dimarco,914,Italy,Left Back,96.23,True
3930172,3042,Mikel Merino Zazón,772,Spain,Unknown,2.5,False
3930172,11748,Unai Simón Mendibil,772,Spain,Goalkeeper,96.23,True
3930172,6765,Rodrigo Hernández Cascante,772,Spain,Right Defensive Midfield,96.23,True
3930172,22128,Robin Aime Robert Le Normand,772,Spain,Right Center Back,96.23,True
3930172,7024,Jorge Luiz Frello Filho,914,Italy,Center Defensive Midfield,45.0,True
3930172,10992,Gianluca Scamacca,914,Italy,Center Forward,63.38,True
3930172,7156,Federico Chiesa,914,Italy,Right Wing,63.03,True
3930172,8181,Nicolò Barella,914,Italy,Left Center Midfield,96.23,True
3930172,31093,Mateo Retegui,914,Italy,Center Forward,32.85,False
3930172,11514,Giovanni Di Lorenzo,914,Italy,Right Back,96.23,True
3930172,7036,Gianluigi Donnarumma,914,Italy,Goalkeeper,96.23,True
3930172,6655,Fabián Ruiz Peña,772,Spain,Left Defensive Midfield,93.73,True
3930173,21633,Joey Veerman,941,Netherlands,Center Defensive Midfield,23.08,False
3930173,8519,Dayotchanculle Upamecano,771,France,Right Center Back,95.37,True
3930173,32712,Jeremie Frimpong,941,Netherlands,Right Wing,72.32,True
3930173,20750,Cody Mathès Gakpo,941,Netherlands,Left Wing,95.37,True
3930173,15503,Jerdy Schouten,941,Netherlands,Right Defensive Midfield,72.35,True
3930173,21582,Tijjani Reijnders,941,Netherlands,Left Defensive Midfield,95.37,True
3930173,22352,Lutsharel Geertruida,941,Netherlands,Right Back,23.05,False
3930173,3026,Adrien Rabiot,771,France,Left Midfield,95.37,True
3930173,3604,Olivier Giroud,771,France,Center Forward,20.68,False
3930173,3669,Virgil van Dijk,941,Netherlands,Left Center Back,95.37,True
3930173,7829,Wout Weghorst,941,Netherlands,Center Forward,17.08,False
3930173,8217,Kingsley Coman,771,France,Right Midfield,20.85,False
3930173,37274,Bart Verbruggen,941,Netherlands,Goalkeeper,95.37,True
3930173,2972,Marcus Thuram,771,France,Center Forward,74.68,True
3930173,4445,Jules Koundé,771,France,Right Back,95.37,True
3930173,5477,Ousmane Dembélé,771,France,Right Midfield,74.52,True
3930173,3306,Nathan Aké,941,Netherlands,Left Back,95.37,True
3930173,7787,Stefan de Vrij,941,Netherlands,Right Center Back,95.37,True
3930173,2988,Memphis Depay,941,Netherlands,Center Forward,78.28,True
3930173,5487,Antoine Griezmann,771,France,Center Attacking Midfield,95.37,True
3930173,6704,Theo Bernard François Hernández,771,France,Left Back,95.37,True
3930173,3761,Mike Maignan,771,France,Goalkeeper,95.37,True
3930173,10481,Aurélien Djani Tchouaméni,771,France,Left Defensive Midfield,95.37,True
3930173,3567,Georginio Wijnaldum,941,Netherlands,Left Center Midfield,23.02,False
3930173,17592,William Saliba,771,France,Left Center Back,95.37,True
3930173,3961,N'Golo Kanté,771,France,Right Defensive Midfield,95.37,True
3930173,8125,Denzel Dumfries,941,Netherlands,Right Back,95.37,True
3930173,39167,Xavi Simons,941,Netherlands,Center Attacking Midfield,72.28,True
3930174,41092,Nuno Mendes,780,Portugal,Left Back,95.08,True
3930174,12293,Kaan Ayhan,909,Turkey,Left Defensive Midfield,57.95,True
3930174,151813,Kenan Yildiz,909,Turkey,Left Wing,37.12,False
3930174,23558,Merih Demiral,909,Turkey,Right Center Back,20.17,False
3930174,12169,João Maria Lobo Alves Palhinha Gonçalves,780,Portugal,Left Defensive Midfield,45.0,True
3930174,49689,Muhammed Kerem Aktürkoğlu,909,Turkey,Left Wing,57.97,True
3930174,78241,İsmail Yüksek,909,Turkey,Right Defensive Midfield,37.13,False
3930174,18723,Yunus Akgün,909,Turkey,Right Wing,68.98,True
3930174,29989,Yusuf Yazıcı,909,Turkey,Center Attacking Midfield,50.08,False
3930174,20016,Kléper Laveran Lima Ferreira,780,Portugal,Left Center Back,82.12,True
3930174,18360,Rafael Alexandre Conceição Leão,780,Portugal,Left Wing,45.0,True
3930174,133305,Samet Akaydin,909,Turkey,Right Center Back,74.92,True
3930174,134209,Barış Alper Yılmaz,909,Turkey,Center Forward,95.08,True
3930174,22212,Orkun Kökçü,909,Turkey,Center Attacking Midfield,45.0,True
3930174,9927,Rúben Diogo Da Silva Neves,780,Portugal,Left Defensive Midfield,50.08,False
3930174,32975,Diogo Meireles Costa,780,Portugal,Goalkeeper,95.08,True
3930174,34639,Vitor Machado Ferreira,780,Portugal,Right Defensive Midfield,87.93,True
3930174,5204,Bruno Miguel Borges Fernandes,780,Portugal,Center Attacking Midfield,95.08,True
3930174,5206,Rúben Santos Gato Alves Dias,780,Portugal,Right Center Back,95.08,True
3930174,5207,Cristiano Ronaldo dos Santos Aveiro,780,Portugal,Center Forward,95.08,True
3930174,7039,Hakan Çalhanoğlu,909,Turkey,Right Defensive Midfield,95.08,True
3930174,23256,Pedro Lomba Neto,780,Portugal,Left Wing,50.08,False
3930174,7005,João Pedro Cavaco Cancelo,780,Portugal,Right Back,68.08,True
3930174,30438,Ferdi Erenay Kadıoğlu,909,Turkey,Left Back,95.08,True
3930174,6374,Nélson Cabral Semedo,780,Portugal,Right Back,27.0,False
3930174,30442,Altay Bayındır,909,Turkey,Goalkeeper,95.08,True
3930174,116587,Arda Güler,909,Turkey,Center Attacking Midfield,26.1,False
3930174,10349,Mehmet Zeki Çelik,909,Turkey,Right Back,95.08,True
3930174,143854,António João Pereira Albuquerque Tavares Silva,780,Portugal,Right Center Back,12.97,False
3930174,143859,João Neves,780,Portugal,Right Defensive Midfield,7.15,False
3930174,3193,Bernardo Mota Veiga de Carvalho e Silva,780,Portugal,Right Wing,95.08,True
3930174,48383,Abdülkerim Bardakcı,909,Turkey,Left Center Back,95.08,True
3930175,72512,Valentin Mihai Mihăilă,905,Romania,Left Midfield,67.07,True
3930175,30913,Marius Mihai Marin,905,Romania,Center Defensive Midfield,66.88,True
3930175,5633,Yannick Ferreira Carrasco,782,Belgium,Left Wing,22.33,False
3930175,3077,Jan Vertonghen,782,Belgium,Left Center Back,94.03,True
3930175,43913,Arthur Theate,782,Belgium,Left Back,75.92,True
3930175,2954,Youri Tielemans,782,Belgium,Right Defensive Midfield,71.17,True
3930175,56905,Dennis Man,905,Romania,Right Midfield,94.03,True
3930175,6989,Timothy Castagne,782,Belgium,Right Back,94.03,True
3930175,114832,Zeno Debast,782,Belgium,Right Back,18.12,False
3930175,3089,Kevin De Bruyne,782,Belgium,Center Attacking Midfield,94.03,True
3930175,12306,Dodi Lukebakio,782,Belgium,Right Wing,55.25,True
3930175,28242,Florin Constantin Niţă,905,Romania,Goalkeeper,94.03,True
3930175,28565,Ianis Hagi,905,Romania,Left Midfield,26.97,False
3930175,8854,Wout Faes,782,Belgium,Right Center Back,94.03,True
3930175,16344,Răzvan Gabriel Marin,905,Romania,Right Center Midfield,94.03,True
3930175,3289,Romelu Lukaku Menama,782,Belgium,Center Forward,94.03,True
3930175,31193,Denis Mihai Drăguş,905,Romania,Center Forward,80.23,True
3930175,48347,Amadou Onana,782,Belgium,Left Defensive Midfield,94.03,True
3930175,24861,Andrei Florin Ratiu,905,Romania,Right Back,88.8,True
3930175,23650,Jeremy Doku,782,Belgium,Left Wing,71.7,True
3930175,10915,Denis Alibec,905,Romania,Center Forward,13.8,False
3930175,31908,Andrei Burcă Andonie,905,Romania,Left Center Back,94.03,True
3930175,10916,Nicolae Claudiu Stanciu,905,Romania,Left Center Midfield,94.03,True
3930175,34600,Nicușor Silviu Bancu,905,Romania,Left Back,94.03,True
3930175,130984,Deian Cristian Sorescu,905,Romania,Right Back,5.23,False
3930175,16559,Leandro Trossard,782,Belgium,Right Wing,38.78,False
3930175,8240,Koen Casteels,782,Belgium,Goalkeeper,94.03,True
3930175,8950,Orel Mangala,782,Belgium,Right Defensive Midfield,22.87,False
3930175,101821,Darius Dumitru Olaru,905,Romania,Right Center Midfield,27.15,False
3930175,39615,Radu Drăgușin,905,Romania,Right Center Back,94.03,True
3930176,30401,Ruben Vargas,773,Switzerland,Left Attacking Midfield,28.83,False
3930176,5570,Manuel Neuer,770,Germany,Goalkeeper,94.07,True
3930176,12034,David Raum,770,Germany,Left Back,33.4,False
3930176,50436,Fabian Rieder,773,Switzerland,Right Attacking Midfield,65.23,True
3930176,45190,Dan Ndoye,773,Switzerland,Left Attacking Midfield,64.5,True
3930176,8966,Kai Havertz,770,Germany,Center Forward,94.07,True
3930176,5574,Toni Kroos,770,Germany,Left Defensive Midfield,94.07,True
3930176,6983,Remo Freuler,773,Switzerland,Right Defensive Midfield,94.07,True
3930176,5579,Joshua Kimmich,770,Germany,Right Back,94.07,True
3930176,39565,Jamal Musiala,770,Germany,Right Wing,75.37,True
3930176,48335,Mohamed Zeki Amdouni,773,Switzerland,Right Attacking Midfield,29.57,False
3930176,16016,Michel Aebischer,773,Switzerland,Left Wing Back,94.07,True
3930176,40724,Florian Wirtz,770,Germany,Left Wing,75.12,True
3930176,8221,Jonathan Tah,770,Germany,Left Center Back,60.57,True
3930176,3167,Antonio Rüdiger,770,Germany,Right Center Back,94.07,True
3930176,5537,Fabian Lukas Schär,773,Switzerland,Right Center Back,94.07,True
3930176,8546,Niclas Füllkrug,770,Germany,Center Forward,18.7,False
3930176,5544,Ricardo Iván Rodríguez Araya,773,Switzerland,Left Center Back,94.07,True
3930176,5545,Breel-Donald Embolo,773,Switzerland,Center Forward,65.23,True
3930176,35242,Maximilian Beier,770,Germany,Left Wing,28.83,False
3930176,9195,Robert Andrich,770,Germany,Right Defensive Midfield,65.23,True
3930176,3500,Granit Xhaka,773,Switzerland,Left Defensive Midfield,94.07,True
3930176,5549,Manuel Obafemi Akanji,773,Switzerland,Center Back,94.07,True
3930176,5550,Yann Sommer,773,Switzerland,Goalkeeper,94.07,True
3930176,10287,İlkay Gündoğan,770,Germany,Center Attacking Midfield,94.07,True
3930176,49007,Kwadwo Duah,773,Switzerland,Center Forward,28.83,False
3930176,3053,Leroy Sané,770,Germany,Right Wing,18.95,False
3930176,7796,Silvan Widmer,773,Switzerland,Right Wing Back,94.07,True
3930176,24118,Nico Schlotterbeck,770,Germany,Left Center Back,33.5,False
3930176,12407,Maximilian Mittelstädt,770,Germany,Left Back,60.67,True
3930177,9478,Kenneth McLean,942,Scotland,Left Wing Back,18.6,False
3930177,9481,Grant Campbell Hanley,942,Scotland,Center Back,101.55,True
3930177,31887,Endre Botka,916,Hungary,Right Center Back,101.55,True
3930177,10002,Scott McKenna,942,Scotland,Left Center Back,101.55,True
3930177,38169,Lawrence Shankland,942,Scotland,Left Center Forward,25.63,False
3930177,73886,Zsolt Nagy,916,Hungary,Left Wing Back,15.92,False
3930177,89635,Milos Kerkez,916,Hungary,Left Wing Back,85.63,True
3930177,22308,Anthony Ralston,942,Scotland,Right Wing Back,82.95,True
3930177,3620,Scott McTominay,942,Scotland,Left Attacking Midfield,101.55,True
3930177,10534,Callum McGregor,942,Scotland,Left Defensive Midfield,101.55,True
3930177,16931,Lewis Morgan,942,Scotland,Right Center Forward,13.33,False
3930177,46376,Attila Szalai,916,Hungary,Left Center Back,27.73,False
3930177,10285,Stuart Armstrong,942,Scotland,Left Center Midfield,25.75,False
3930177,8509,Willi Orban,916,Hungary,Center Back,101.55,True
3930177,4286,Callum Styles,916,Hungary,Left Defensive Midfield,60.55,True
3930177,7162,Ádám Nagy,916,Hungary,Left Defensive Midfield,41.0,False
3930177,46789,Bendegúz Bolla,916,Hungary,Right Wing Back,85.65,True
3930177,42822,András Schäfer,916,Hungary,Right Defensive Midfield,101.55,True
3930177,3655,Andrew Robertson,942,Scotland,Left Wing Back,88.22,True
3930177,8524,Péter Gulácsi,916,Hungary,Goalkeeper,101.55,True
3930177,264277,Martin Ádám,916,Hungary,Center Forward,27.75,False
3930177,40920,Márton Dárdai,916,Hungary,Left Center Back,73.82,True
3930177,21209,Dominik Szoboszlai,916,Hungary,Right Attacking Midfield,101.55,True
3930177,31067,Billy Gilmour,942,Scotland,Right Defensive Midfield,82.73,True
3930177,12510,Ryan Christie,942,Scotland,Right Wing Back,18.82,False
3930177,389882,Kevin Csoboth,916,Hungary,Right Wing Back,15.9,False
3930177,22379,Angus Gunn,942,Scotland,Goalkeeper,101.55,True
3930177,11116,Jack Hendry,942,Scotland,Right Center Back,101.55,True
3930177,19316,Roland Sallai,916,Hungary,Left Attacking Midfield,101.55,True
3930177,9974,John McGinn,942,Scotland,Right Attacking Midfield,75.8,True
3930177,12921,Barnabás Varga,916,Hungary,Center Forward,73.8,True
3930177,9466,Che Adams,942,Scotland,Center Forward,75.92,True
3930178,16531,Dominik Livaković,785,Croatia,Goalkeeper,99.02,True
3930178,37148,Josip Šutalo,785,Croatia,Right Center Back,99.02,True
3930178,41768,Riccardo Calafiori,914,Italy,Left Center Back,99.02,True
3930178,6963,Lorenzo Pellegrini,914,Italy,Left Center Midfield,45.0,True
3930178,7480,Alessandro Bastoni,914,Italy,Center Back,99.02,True
3930178,49337,Josip Stanišić,785,Croatia,Right Back,99.02,True
3930178,39490,Luka Sučić,785,Croatia,Right Wing,69.52,True
3930178,8773,Marin Pongracic,785,Croatia,Left Center Back,99.02,True
3930178,11514,Giovanni Di Lorenzo,914,Italy,Right Center Back,99.02,True
3930178,30926,Davide Frattesi,914,Italy,Right Center Midfield,54.02,False
3930178,8654,Ante Budimir,785,Croatia,Center Forward,54.02,False
3930178,5456,Mateo Kovačić,785,Croatia,Left Center Midfield,69.93,True
3930178,28368,Luka Ivanušec,785,Croatia,Left Center Midfield,29.08,False
3930178,11603,Mario Pašalić,785,Croatia,Left Wing,45.0,True
3930178,5460,Andrej Kramarić,785,Croatia,Center Forward,89.1,True
3930178,5463,Luka Modrić,785,Croatia,Right Center Midfield,80.03,True
3930178,25048,Giacomo Raspadori,914,Italy,Right Center Forward,74.33,True
3930178,8792,Mattia Zaccagni,914,Italy,Left Wing Back,18.13,False
3930178,5469,Marcelo Brozović,785,Croatia,Center Defensive Midfield,99.02,True
3930178,12255,Federico Dimarco,914,Italy,Left Wing Back,56.67,True
3930178,5474,Ivan Perišić,785,Croatia,Left Wing Back,29.5,False
3930178,4587,Matteo Darmian,914,Italy,Right Center Back,80.88,True
3930178,29163,Josip Juranović,785,Croatia,Right Center Midfield,9.92,False
3930178,7024,Jorge Luiz Frello Filho,914,Italy,Center Defensive Midfield,80.87,True
3930178,10992,Gianluca Scamacca,914,Italy,Left Center Forward,24.68,False
3930178,28914,Lovro Majer,785,Croatia,Right Center Midfield,18.98,False
3930178,7156,Federico Chiesa,914,Italy,Right Wing Back,42.35,False
3930178,8181,Nicolò Barella,914,Italy,Left Center Midfield,99.02,True
3930178,31093,Mateo Retegui,914,Italy,Left Center Forward,99.02,True
3930178,33018,Joško Gvardiol,785,Croatia,Left Back,99.02,True
3930178,7036,Gianluigi Donnarumma,914,Italy,Goalkeeper,99.02,True
3930178,38909,Nicolò Fagioli,914,Italy,Center Defensive Midfield,18.15,False
3930179,4353,Aymeric Laporte,772,Spain,Left Center Back,45.0,True
3930179,3265,José Luis Sanmartín Mato,772,Spain,Center Forward,70.8,True
3930179,133698,Arbër Hoxha,906,Albania,Left Wing,24.77,False
3930179,7108,Berat Djimsiti,906,Albania,Left Center Back,94.62,True
3930179,92611,Ernest Muçi,906,Albania,Right Wing,13.67,False
3930179,41542,Daniel Vivian Moreno,772,Spain,Right Center Back,94.62,True
3930179,49097,Mario Mitaj,906,Albania,Left Back,94.62,True
3930179,316046,Lamine Yamal Nasraoui Ebana,772,Spain,Right Wing,23.93,False
3930179,142800,Medon Berisha,906,Albania,Center Attacking Midfield,24.9,False
3930179,16532,Daniel Olmo Carvajal,772,Spain,Center Attacking Midfield,83.65,True
3930179,36885,Armando Broja,906,Albania,Center Forward,36.55,False
3930179,3477,Álvaro Borja Morata Martín,772,Spain,Center Forward,23.82,False
3930179,57303,Kristjan Asllani,906,Albania,Left Defensive Midfield,94.62,True
3930179,24921,Martín Zubimendi Ibáñez,772,Spain,Right Defensive Midfield,94.62,True
3930179,41115,Alejandro Baena Rodríguez,772,Spain,Left Wing,10.97,False
3930179,6748,Ferrán Torres García,772,Spain,Right Wing,70.68,True
3930179,6685,Mikel Oyarzabal Ugarte,772,Spain,Left Wing,61.22,True
3930179,32030,Nedim Bajrami,906,Albania,Left Wing,69.85,True
3930179,4127,David Raya Martin,772,Spain,Goalkeeper,94.62,True
3930179,10336,Alejandro Grimaldo García,772,Spain,Left Back,94.62,True
3930179,41186,Jasir Asani,906,Albania,Right Wing,80.95,True
3930179,8291,Arlind Afrim Ajeti,906,Albania,Right Center Back,94.62,True
3930179,3042,Mikel Merino Zazón,772,Spain,Left Defensive Midfield,94.62,True
3930179,6821,Jesús Navas González,772,Spain,Right Back,94.62,True
3930179,7531,Qazim Laçi,906,Albania,Center Attacking Midfield,69.72,True
3930179,7789,Thomas Strakosha,906,Albania,Goalkeeper,94.62,True
3930179,22128,Robin Aime Robert Le Normand,772,Spain,Left Center Back,49.62,False
3930179,3378,Iván Balliu Campeny,906,Albania,Right Back,94.62,True
3930179,23987,Rey Manaj,906,Albania,Center Forward,58.07,True
3930179,24438,Ylber Ramadani,906,Albania,Right Defensive Midfield,94.62,True
3930179,143864,Fermin Lopez Marin,772,Spain,Center Attacking Midfield,33.4,False
3930180,152512,Leopold Querfeld,915,Austria,Right Center Back,35.62,False
3930180,21633,Joey Veerman,941,Netherlands,Left Center Midfield,34.18,True
3930180,9731,Patrick Pentz,915,Austria,Goalkeeper,97.12,True
3930180,8068,Maximilian Wöber,915,Austria,Left Center Back,97.12,True
3930180,11396,Florian Grillitsch,915,Austria,Left Defensive Midfield,63.4,True
3930180,8518,Marcel Sabitzer,915,Austria,Center Attacking Midfield,97.12,True
3930180,4813,Andreas Weimann,915,Austria,Right Wing,5.92,False
3930180,20750,Cody Mathès Gakpo,941,Netherlands,Left Wing,97.12,True
3930180,15503,Jerdy Schouten,941,Netherlands,Right Defensive Midfield,97.12,True
3930180,21582,Tijjani Reijnders,941,Netherlands,Left Defensive Midfield,64.77,True
3930180,33297,Patrick Wimmer,915,Austria,Left Wing,62.45,True
3930180,22352,Lutsharel Geertruida,941,Netherlands,Right Back,97.12,True
3930180,8784,Romano Schmid,915,Austria,Right Wing,91.2,True
3930180,24977,Christoph Baumgartner,915,Austria,Center Attacking Midfield,34.67,False
3930180,3669,Virgil van Dijk,941,Netherlands,Left Center Back,97.12,True
3930180,7829,Wout Weghorst,941,Netherlands,Center Forward,26.03,False
3930180,37274,Bart Verbruggen,941,Netherlands,Goalkeeper,97.12,True
3930180,15582,Donyell Malen,941,Netherlands,Right Wing,71.08,True
3930180,8931,Philipp Lienhart,915,Austria,Right Center Back,61.5,True
3930180,39460,Nicolas Seiwald,915,Austria,Right Defensive Midfield,97.12,True
3930180,32547,Micky van de Ven,941,Netherlands,Left Back,32.13,False
3930180,3306,Nathan Aké,941,Netherlands,Left Back,64.98,True
3930180,7787,Stefan de Vrij,941,Netherlands,Right Center Back,97.12,True
3930180,2988,Memphis Depay,941,Netherlands,Center Forward,97.12,True
3930180,11821,Stefan Posch,915,Austria,Right Back,97.12,True
3930180,3567,Georginio Wijnaldum,941,Netherlands,Left Defensive Midfield,32.35,False
3930180,8309,Michael Gregoritsch,915,Austria,Center Forward,19.3,False
3930180,39545,Alexander Prass,915,Austria,Left Back,97.12,True
3930180,8506,Konrad Laimer,915,Austria,Left Defensive Midfield,33.72,False
3930180,3325,Marko Arnautović,915,Austria,Center Forward,77.82,True
3930180,39167,Xavi Simons,941,Netherlands,Center Attacking Midfield,62.93,False
3930181,4354,Phil Foden,768,England,Left Wing,88.88,True
3930181,22084,Bukayo Saka,768,England,Right Wing,70.08,True
3930181,3205,Kyle Walker,768,England,Right Back,94.03,True
3930181,28104,Anthony Gordon,768,England,Left Wing,5.15,False
3930181,10955,Harry Kane,768,England,Center Forward,94.03,True
3930181,3468,Jordan Pickford,768,England,Goalkeeper,94.03,True
3930181,137487,Žan Karničnik,944,Slovenia,Right Back,94.03,True
3930181,16528,Petar Stojanović,944,Slovenia,Right Midfield,94.03,True
3930181,3664,Trent Alexander-Arnold,768,England,Right Back,10.22,False
3930181,29399,Conor Gallagher,768,England,Right Defensive Midfield,45.0,True
3930181,15896,Timi Elšnik,944,Slovenia,Left Defensive Midfield,94.03,True
3930181,11416,Jon Gorenc Stankovič,944,Slovenia,Left Midfield,9.2,False
3930181,30940,Jure Balkovec,944,Slovenia,Left Back,4.07,False
3930181,34526,Marc Guehi,768,England,Left Center Back,94.03,True
3930181,31968,Adam Gnezda Čerin,944,Slovenia,Right Defensive Midfield,94.03,True
3930181,30714,Jude Bellingham,768,England,Center Attacking Midfield,94.03,True
3930181,7139,Josip Iličić,944,Slovenia,Left Center Forward,19.17,False
3930181,39461,Cole Palmer,768,England,Right Wing,23.95,False
3930181,99174,Kobbie Mainoo,768,England,Right Defensive Midfield,49.03,False
3930181,3943,Declan Rice,768,England,Left Defensive Midfield,94.03,True
3930181,38759,Benjamin Šeško,944,Slovenia,Left Center Forward,74.87,True
3930181,6378,Jan Oblak,944,Slovenia,Goalkeeper,94.03,True
3930181,3244,John Stones,768,England,Right Center Back,94.03,True
3930181,3308,Kieran Trippier,768,England,Left Back,83.82,True
3930181,205932,Vanja Drkušić,944,Slovenia,Right Center Back,94.03,True
3930181,16047,Jaka Bijol,944,Slovenia,Left Center Back,94.03,True
3930181,24109,Žan Celar,944,Slovenia,Right Center Forward,8.4,False
3930181,31089,Jan Mlakar,944,Slovenia,Left Midfield,84.83,True
3930181,28211,Erik Janža,944,Slovenia,Left Back,89.97,True
3930181,31866,Andraž Šporar,944,Slovenia,Right Center Forward,85.63,True
3930182,21261,Jonas Older Wind,776,Denmark,Right Attacking Midfield,45.0,True
3930182,17042,Andreas Skov Olsen,776,Denmark,Right Attacking Midfield,50.07,False
3930182,5527,Thomas Delaney,776,Denmark,Left Defensive Midfield,18.85,False
3930182,6302,Kasper Dolberg,776,Denmark,Center Forward,37.02,False
3930182,40735,Lazar Samardžić,786,Serbia,Right Wing,45.0,True
3930182,6687,Saša Lukić,786,Serbia,Left Wing,86.58,True
3930182,5536,Yussuf Yurary Poulsen,776,Denmark,Left Attacking Midfield,7.78,False
3930182,16554,Joakim Mæhle,776,Denmark,Left Wing Back,95.07,True
3930182,8621,Morten Hjulmand,776,Denmark,Left Defensive Midfield,76.22,True
3930182,6318,Andrija Živković,786,Serbia,Left Wing Back,95.07,True
3930182,4269,Aleksandar Mitrović,786,Serbia,Center Forward,95.07,True
3930182,6319,Luka Jović,786,Serbia,Left Wing,50.07,False
3930182,6321,Milos Veljkovic,786,Serbia,Right Center Back,95.07,True
3930182,8247,Joachim Andersen,776,Denmark,Right Center Back,95.07,True
3930182,60343,Victor Bernth Kristansen,776,Denmark,Left Wing Back,18.83,False
3930182,7993,Filip Mladenović,786,Serbia,Left Wing Back,22.07,False
3930182,27719,Strahinja Pavlović,786,Serbia,Left Center Back,95.07,True
3930182,3831,Dušan Tadić,786,Serbia,Right Center Midfield,50.07,False
3930182,5589,Sergej Milinković-Savić,786,Serbia,Center Defensive Midfield,8.48,False
3930182,51672,Rasmus Winther Højlund,776,Denmark,Center Forward,58.05,True
3930182,18015,Dušan Vlahović,786,Serbia,Left Center Forward,28.08,False
3930182,24547,Alexander Hartmann Bah,776,Denmark,Right Wing Back,76.23,True
3930182,3043,Christian Dannemann Eriksen,776,Denmark,Left Attacking Midfield,87.28,True
3930182,5603,Nikola Milenković,786,Serbia,Center Back,95.07,True
3930182,30179,Ivan Ilić,786,Serbia,Right Defensive Midfield,66.98,True
3930182,3815,Kasper Schmeichel,776,Denmark,Goalkeeper,95.07,True
3930182,16489,Nemanja Gudelj,786,Serbia,Left Defensive Midfield,45.0,True
3930182,8815,Jannik Vestergaard,776,Denmark,Center Back,95.07,True
3930182,3570,Pierre-Emile Højbjerg,776,Denmark,Right Defensive Midfield,95.07,True
3930182,15731,Predrag Rajković,786,Serbia,Goalkeeper,95.07,True
3930182,3959,Andreas Christensen,776,Denmark,Left Center Back,95.07,True
3930182,52089,Srđan Mijailović,786,Serbia,Right Wing Back,73.0,True
3930183,28032,Ivan Schranz,908,Slovakia,Right Wing,76.72,True
3930183,30913,Marius Mihai Marin,905,Romania,Center Defensive Midfield,94.22,True
3930183,35653,Tomáš Suslov,908,Slovakia,Left Wing,24.6,False
3930183,8967,Ondrej Duda,908,Slovakia,Left Center Midfield,91.43,True
3930183,43976,David Strelec,908,Slovakia,Center Forward,69.72,True
3930183,56905,Dennis Man,905,Romania,Right Midfield,28.37,False
3930183,44167,Dávid Ďuriš,908,Slovakia,Right Wing,17.5,False
3930183,20043,Norbert Gyömbér,908,Slovakia,Unknown,2.97,False
3930183,15546,Matúš Bero,908,Slovakia,Left Center Midfield,2.78,False
3930183,6798,Stanislav Lobotka,908,Slovakia,Center Defensive Midfield,94.22,True
3930183,6990,Milan Škriniar,908,Slovakia,Left Center Back,94.22,True
3930183,28242,Florin Constantin Niţă,905,Romania,Goalkeeper,94.22,True
3930183,8660,George Alexandru Puşcaş,905,Romania,Center Forward,28.17,False
3930183,28565,Ianis Hagi,905,Romania,Right Midfield,65.85,True
3930183,16344,Răzvan Gabriel Marin,905,Romania,Right Center Midfield,85.42,True
3930183,31193,Denis Mihai Drăguş,905,Romania,Center Forward,66.05,True
3930183,34904,Róbert Boženík,908,Slovakia,Center Forward,24.5,False
3930183,24861,Andrei Florin Ratiu,905,Romania,Right Back,94.22,True
3930183,31908,Andrei Burcă Andonie,905,Romania,Left Center Back,94.22,True
3930183,10916,Nicolae Claudiu Stanciu,905,Romania,Left Center Midfield,94.22,True
3930183,10919,Juraj Kucka,908,Slovakia,Right Center Midfield,94.22,True
3930183,7975,Lukáš Haraslín,908,Slovakia,Left Wing,69.62,True
3930183,34600,Nicușor Silviu Bancu,905,Romania,Left Back,94.22,True
3930183,16298,Denis Vavro,908,Slovakia,Right Center Back,94.22,True
3930183,34599,Florinel Teodor Coman,905,Romania,Left Midfield,57.85,True
3930183,130984,Deian Cristian Sorescu,905,Romania,Left Midfield,36.37,False
3930183,34602,Adrián Rus,905,Romania,Right Defensive Midfield,8.8,False
3930183,16879,Dávid Hancko,908,Slovakia,Left Back,94.22,True
3930183,3711,Martin Dúbravka,908,Slovakia,Goalkeeper,94.22,True
3930183,9722,Peter Pekarík,908,Slovakia,Right Back,91.25,True
3930183,39615,Radu Drăgușin,905,Romania,Right Center Back,94.22,True
3930184,134272,David Jurásek,912,Czech Republic,Left Wing Back,80.6,True
3930184,28034,Lukáš Provod,912,Czech Republic,Left Center Midfield,74.45,True
3930184,151813,Kenan Yildiz,909,Turkey,Left Wing,75.47,True
3930184,4870,Tomáš Souček,912,Czech Republic,Center Defensive Midfield,97.67,True
3930184,23558,Merih Demiral,909,Turkey,Left Center Back,97.67,True
3930184,28040,Jindřich Staněk,912,Czech Republic,Goalkeeper,54.48,True
3930184,12293,Kaan Ayhan,909,Turkey,Right Defensive Midfield,52.67,False
3930184,12555,Okay Yokuşlu,909,Turkey,Left Defensive Midfield,35.03,False
3930184,49689,Muhammed Kerem Aktürkoğlu,909,Turkey,Left Wing,22.2,False
3930184,78241,İsmail Yüksek,909,Turkey,Left Defensive Midfield,62.63,True
3930184,29484,Jan Kuchta,912,Czech Republic,Right Center Midfield,42.87,False
3930184,81330,Robin Hranáč,912,Czech Republic,Center Back,97.67,True
3930184,27826,Ondřej Lingr,912,Czech Republic,Left Center Midfield,23.22,False
3930184,133305,Samet Akaydin,909,Turkey,Right Center Back,97.67,True
3930184,16570,Vladimír Coufal,912,Czech Republic,Right Wing Back,97.67,True
3930184,3648,Cenk Tosun,909,Turkey,Center Forward,22.38,False
3930184,134209,Barış Alper Yılmaz,909,Turkey,Right Wing,97.67,True
3930184,22212,Orkun Kökçü,909,Turkey,Left Center Midfield,10.85,False
3930184,10826,Mert Müldür,909,Turkey,Right Back,97.67,True
3930184,28239,Adam Hložek,912,Czech Republic,Right Center Midfield,54.62,True
3930184,16469,Tomáš Holeš,912,Czech Republic,Right Center Back,97.67,True
3930184,32985,Mojmír Chytil,912,Czech Republic,Center Forward,54.8,True
3930184,46046,Matěj Kovář,912,Czech Republic,Goalkeeper,43.18,False
3930184,30310,Fehmi Mert Günok,909,Turkey,Goalkeeper,97.67,True
3930184,30438,Ferdi Erenay Kadıoğlu,909,Turkey,Left Back,97.67,True
3930184,39143,Matěj Jurásek,912,Czech Republic,Left Wing Back,17.07,False
3930184,21226,Tomáš Chorý,912,Czech Republic,Center Forward,43.05,False
3930184,116587,Arda Güler,909,Turkey,Center Forward,75.28,True
3930184,28272,Ladislav Krejčí,912,Czech Republic,Left Center Back,97.67,True
3930184,7801,Antonín Barák,912,Czech Republic,Right Attacking Midfield,97.67,True
3930184,9085,Salih Özcan,909,Turkey,Right Defensive Midfield,45.0,True
3930184,7039,Hakan Çalhanoğlu,909,Turkey,Center Attacking Midfield,86.82,True
3938637,21633,Joey Veerman,941,Netherlands,Left Defensive Midfield,61.47,True
3938637,8836,Karol Świderski,789,Poland,Left Center Forward,40.82,False
3938637,44166,Jakub Piotr Kiwior,789,Poland,Left Center Back,95.03,True
3938637,20750,Cody Mathès Gakpo,941,Netherlands,Left Wing,80.07,True
3938637,15503,Jerdy Schouten,941,Netherlands,Right Defensive Midfield,95.03,True
3938637,33680,Kacper Urbanski,789,Poland,Left Center Forward,54.22,True
3938637,4626,Jan Bednarek,789,Poland,Right Center Back,95.03,True
3938637,7829,Wout Weghorst,941,Netherlands,Center Forward,14.65,False
3938637,37274,Bart Verbruggen,941,Netherlands,Goalkeeper,95.03,True
3938637,5660,Piotr Zieliński,789,Poland,Left Center Midfield,77.18,True
3938637,32547,Micky van de Ven,941,Netherlands,Left Back,8.52,False
3938637,5669,Wojciech Szczęsny,789,Poland,Goalkeeper,95.03,True
3938637,29480,Jakub Moder,789,Poland,Left Center Midfield,50.03,False
3938637,5673,Bartosz Bereszyński,789,Poland,Right Center Back,9.27,False
3938637,7979,Przemysław Frankowski,789,Poland,Right Wing Back,95.03,True
3938637,2988,Memphis Depay,941,Netherlands,Center Forward,80.38,True
3938637,7982,Taras Wiktorowicz Romanczuk,789,Poland,Center Defensive Midfield,54.62,True
3938637,4664,Sebastian Szymański,789,Poland,Right Center Midfield,45.0,True
3938637,8125,Denzel Dumfries,941,Netherlands,Right Back,95.03,True
3938637,50502,Nicola Zalewski,789,Poland,Left Wing Back,95.03,True
3938637,32712,Jeremie Frimpong,941,Netherlands,Right Wing,14.97,False
3938637,21582,Tijjani Reijnders,941,Netherlands,Center Attacking Midfield,95.03,True
3938637,3669,Virgil van Dijk,941,Netherlands,Left Center Back,95.03,True
3938637,15582,Donyell Malen,941,Netherlands,Right Wing,33.32,False
3938637,8289,Bartosz Salamon,789,Poland,Center Back,85.77,True
3938637,20841,Jakub Piotrowski,789,Poland,Right Center Midfield,17.85,False
3938637,3306,Nathan Aké,941,Netherlands,Left Back,86.52,True
3938637,7787,Stefan de Vrij,941,Netherlands,Right Center Back,95.03,True
3938637,7663,Adam Buksa,789,Poland,Right Center Forward,95.03,True
3938637,3567,Georginio Wijnaldum,941,Netherlands,Center Attacking Midfield,33.57,False
3938637,15859,Bartosz Slisz,789,Poland,Center Defensive Midfield,40.42,False
3938637,39167,Xavi Simons,941,Netherlands,Right Wing,61.72,True
3938638,21390,Andriy Lunin,911,Ukraine,Goalkeeper,94.07,True
3938638,28565,Ianis Hagi,905,Romania,Right Midfield,32.55,False
3938638,24861,Andrei Florin Ratiu,905,Romania,Right Back,94.07,True
3938638,31908,Andrei Burcă Andonie,905,Romania,Left Center Back,94.07,True
3938638,10916,Nicolae Claudiu Stanciu,905,Romania,Left Center Midfield,86.23,True
3938638,34599,Florinel Teodor Coman,905,Romania,Left Midfield,61.77,True
3938638,34600,Nicușor Silviu Bancu,905,Romania,Left Back,94.07,True
3938638,45863,Oleksandr Tymchyk,911,Ukraine,Right Back,22.82,False
3938638,34602,Adrián Rus,905,Romania,Center Defensive Midfield,19.13,False
3938638,16557,Ruslan Malinovskiy,911,Ukraine,Left Defensive Midfield,11.75,False
3938638,21294,Mykola Shaparenko,911,Ukraine,Right Defensive Midfield,62.52,True
3938638,18617,Mykola Matvienko,911,Ukraine,Left Center Back,94.07,True
3938638,39483,Mykhailo Mudryk,911,Ukraine,Left Wing,94.07,True
3938638,39615,Radu Drăgușin,905,Romania,Right Center Back,94.07,True
3938638,38975,Georgiy Sudakov,911,Ukraine,Center Attacking Midfield,82.32,True
3938638,30913,Marius Mihai Marin,905,Romania,Center Defensive Midfield,74.93,True
3938638,72512,Valentin Mihai Mihăilă,905,Romania,Left Midfield,32.3,False
3938638,3575,Oleksandr Zinchenko,911,Ukraine,Left Back,94.07,True
3938638,56905,Dennis Man,905,Romania,Right Midfield,61.52,True
3938638,28242,Florin Constantin Niţă,905,Romania,Goalkeeper,94.07,True
3938638,8660,George Alexandru Puşcaş,905,Romania,Center Forward,19.07,False
3938638,16344,Răzvan Gabriel Marin,905,Romania,Right Center Midfield,94.07,True
3938638,45785,Yukhym Konoplya,911,Ukraine,Right Back,71.25,True
3938638,31193,Denis Mihai Drăguş,905,Romania,Center Forward,75.0,True
3938638,45023,Bogdan Racovițan,905,Romania,Right Center Back,7.83,False
3938638,39136,Illia Zabarnyi,911,Ukraine,Right Center Back,94.07,True
3938638,23649,Roman Yaremchuk,911,Ukraine,Left Center Forward,31.55,False
3938638,25079,Artem Dovbyk,911,Ukraine,Center Forward,94.07,True
3938638,11000,Taras Stepanenko,911,Ukraine,Left Defensive Midfield,61.9,True
3938638,16509,Viktor Tsygankov,911,Ukraine,Right Wing,62.52,True
3938638,8830,Andriy Yarmolenko,911,Ukraine,Right Midfield,31.55,False
3938638,144127,Volodymyr Brazhko,911,Ukraine,Right Defensive Midfield,32.17,False
3938639,134209,Barış Alper Yılmaz,909,Turkey,Right Wing,97.73,True
3938639,22212,Orkun Kökçü,909,Turkey,Center Attacking Midfield,97.73,True
3938639,12293,Kaan Ayhan,909,Turkey,Left Defensive Midfield,78.52,True
3938639,151813,Kenan Yildiz,909,Turkey,Left Wing,85.22,True
3938639,16005,Solomon Kverkvelia,2138,Georgia,Right Center Back,85.03,True
3938639,23558,Merih Demiral,909,Turkey,Center Back,19.22,False
3938639,10826,Mert Müldür,909,Turkey,Right Back,85.2,True
3938639,25036,Otar Kakabadze,2138,Georgia,Right Wing Back,97.73,True
3938639,264017,Anzor Mekvabishvili,2138,Georgia,Center Defensive Midfield,88.67,True
3938639,33234,Georges Mikautadze,2138,Georgia,Right Center Forward,97.73,True
3938639,38229,Khvicha Kvaratskhelia,2138,Georgia,Left Center Forward,97.73,True
3938639,7039,Hakan Çalhanoğlu,909,Turkey,Right Defensive Midfield,90.5,True
3938639,44183,Zuriko Davitashvili,2138,Georgia,Right Midfield,24.93,False
3938639,49689,Muhammed Kerem Aktürkoğlu,909,Turkey,Left Wing,12.52,False
3938639,23646,Giorgi Chakvetadze,2138,Georgia,Right Center Midfield,72.8,True
3938639,7839,Guram Kashia,2138,Georgia,Center Back,97.73,True
3938639,22242,Heorhii Tsitaishvili,2138,Georgia,Left Wing Back,73.0,True
3938639,102371,Giorgi Mamardashvili,2138,Georgia,Goalkeeper,97.73,True
3938639,102372,Budu Zivzivadze,2138,Georgia,Right Center Forward,12.7,False
3938639,29989,Yusuf Yazıcı,909,Turkey,Center Forward,19.53,False
3938639,30438,Ferdi Erenay Kadıoğlu,909,Turkey,Left Back,97.73,True
3938639,30310,Fehmi Mert Günok,909,Turkey,Goalkeeper,97.73,True
3938639,7655,Lasha Dvali,2138,Georgia,Left Center Back,97.73,True
3938639,135844,Sandro Altunashvili,2138,Georgia,Left Defensive Midfield,9.07,False
3938639,116587,Arda Güler,909,Turkey,Right Wing,78.2,True
3938639,10349,Mehmet Zeki Çelik,909,Turkey,Right Wing Back,12.53,False
3938639,41202,Giorgi Kochorashvili,2138,Georgia,Left Center Midfield,97.73,True
3938639,48178,Luka Lochoshvili,2138,Georgia,Left Wing Back,24.73,False
3938639,133305,Samet Akaydin,909,Turkey,Right Center Back,97.73,True
3938639,9085,Salih Özcan,909,Turkey,Right Defensive Midfield,7.23,False
3938639,48383,Abdülkerim Bardakcı,909,Turkey,Left Center Back,97.73,True
3938640,28032,Ivan Schranz,908,Slovakia,Right Wing,85.67,True
3938640,16514,Serhii Sydorchuk,911,Ukraine,Center Defensive Midfield,10.6,False
3938640,8967,Ondrej Duda,908,Slovakia,Left Center Midfield,59.38,True
3938640,6798,Stanislav Lobotka,908,Slovakia,Center Defensive Midfield,95.27,True
3938640,144127,Volodymyr Brazhko,911,Ukraine,Left Defensive Midfield,84.67,True
3938640,31892,Oleksandr Zubkov,911,Ukraine,Right Midfield,29.0,False
3938640,163610,Leo Sauer,908,Slovakia,Left Wing,9.6,False
3938640,10919,Juraj Kucka,908,Slovakia,Right Center Midfield,95.27,True
3938640,7975,Lukáš Haraslín,908,Slovakia,Left Wing,66.58,True
3938640,45863,Oleksandr Tymchyk,911,Ukraine,Right Back,95.27,True
3938640,16298,Denis Vavro,908,Slovakia,Right Center Back,95.27,True
3938640,16557,Ruslan Malinovskiy,911,Ukraine,Right Center Midfield,10.88,False
3938640,21294,Mykola Shaparenko,911,Ukraine,Right Defensive Midfield,91.05,True
3938640,36911,Maksym Talovierov,911,Ukraine,Left Center Midfield,4.22,False
3938640,11383,László Bénes,908,Slovakia,Left Center Midfield,35.88,False
3938640,18617,Mykola Matvienko,911,Ukraine,Left Center Back,95.27,True
3938640,39483,Mykhailo Mudryk,911,Ukraine,Left Midfield,84.38,True
3938640,38975,Georgiy Sudakov,911,Ukraine,Center Attacking Midfield,95.27,True
3938640,3575,Oleksandr Zinchenko,911,Ukraine,Left Back,95.27,True
3938640,35653,Tomáš Suslov,908,Slovakia,Left Wing,28.68,False
3938640,85063,Adam Obert,908,Slovakia,Left Back,28.6,False
3938640,43976,David Strelec,908,Slovakia,Center Forward,35.72,False
3938640,6990,Milan Škriniar,908,Slovakia,Left Center Back,95.27,True
3938640,37330,Anatolii Trubin,911,Ukraine,Goalkeeper,95.27,True
3938640,34904,Róbert Boženík,908,Slovakia,Center Forward,59.55,True
3938640,39136,Illia Zabarnyi,911,Ukraine,Right Center Back,95.27,True
3938640,23649,Roman Yaremchuk,911,Ukraine,Center Forward,29.15,False
3938640,16879,Dávid Hancko,908,Slovakia,Left Back,66.67,True
3938640,25079,Artem Dovbyk,911,Ukraine,Center Forward,66.12,True
3938640,9722,Peter Pekarík,908,Slovakia,Right Back,95.27,True
3938640,8830,Andriy Yarmolenko,911,Ukraine,Right Midfield,66.27,True
3938640,3711,Martin Dúbravka,908,Slovakia,Goalkeeper,95.27,True
3938641,9731,Patrick Pentz,915,Austria,Goalkeeper,94.0,True
3938641,13315,Philipp Mwene,915,Austria,Left Back,62.17,True
3938641,11396,Florian Grillitsch,915,Austria,Left Defensive Midfield,45.0,True
3938641,44166,Jakub Piotr Kiwior,789,Poland,Left Center Back,94.0,True
3938641,8836,Karol Świderski,789,Poland,Right Center Forward,34.98,False
3938641,33680,Kacper Urbanski,789,Poland,Left Defensive Midfield,7.83,False
3938641,24977,Christoph Baumgartner,915,Austria,Right Wing,79.75,True
3938641,4626,Jan Bednarek,789,Poland,Right Center Back,94.0,True
3938641,30739,Paweł Dawidowicz,789,Poland,Center Back,94.0,True
3938641,33297,Patrick Wimmer,915,Austria,Right Wing,49.0,False
3938641,5660,Piotr Zieliński,789,Poland,Right Center Midfield,86.17,True
3938641,5667,Kamil Grosicki,789,Poland,Left Midfield,19.05,False
3938641,39460,Nicolas Seiwald,915,Austria,Right Defensive Midfield,94.0,True
3938641,5669,Wojciech Szczęsny,789,Poland,Goalkeeper,94.0,True
3938641,5668,Robert Lewandowski,789,Poland,Left Center Forward,34.72,False
3938641,29480,Jakub Moder,789,Poland,Left Center Midfield,49.0,False
3938641,7979,Przemysław Frankowski,789,Poland,Right Wing Back,94.0,True
3938641,11820,Kevin Danso,915,Austria,Right Center Back,35.63,False
3938641,11821,Stefan Posch,915,Austria,Right Back,94.0,True
3938641,8506,Konrad Laimer,915,Austria,Left Defensive Midfield,94.0,True
3938641,50502,Nicola Zalewski,789,Poland,Left Wing Back,94.0,True
3938641,8518,Marcel Sabitzer,915,Austria,Left Wing,94.0,True
3938641,8778,Gernot Trauner,915,Austria,Right Center Back,58.37,True
3938641,12493,Krzysztof Piątek,789,Poland,Right Center Forward,59.02,True
3938641,8784,Romano Schmid,915,Austria,Left Midfield,14.25,False
3938641,8931,Philipp Lienhart,915,Austria,Left Center Back,94.0,True
3938641,20841,Jakub Piotrowski,789,Poland,Left Center Midfield,45.0,True
3938641,7663,Adam Buksa,789,Poland,Left Center Forward,59.28,True
3938641,15859,Bartosz Slisz,789,Poland,Center Defensive Midfield,74.95,True
3938641,8309,Michael Gregoritsch,915,Austria,Right Center Forward,13.85,False
3938641,39545,Alexander Prass,915,Austria,Left Back,31.83,False
3938641,3325,Marko Arnautović,915,Austria,Center Forward,80.15,True
3938642,134272,David Jurásek,912,Czech Republic,Left Wing Back,80.62,True
3938642,28034,Lukáš Provod,912,Czech Republic,Left Defensive Midfield,80.7,True
3938642,7044,Patrik Schick,912,Czech Republic,Center Forward,67.5,True
3938642,16005,Solomon Kverkvelia,2138,Georgia,Right Center Back,80.62,True
3938642,4870,Tomáš Souček,912,Czech Republic,Right Defensive Midfield,95.18,True
3938642,28040,Jindřich Staněk,912,Czech Republic,Goalkeeper,95.18,True
3938642,44183,Zuriko Davitashvili,2138,Georgia,Right Wing,61.63,True
3938642,23454,Petr Ševčík,912,Czech Republic,Left Defensive Midfield,14.57,False
3938642,7839,Guram Kashia,2138,Georgia,Center Back,95.18,True
3938642,398886,Giorgi Gvelesiani,2138,Georgia,Right Center Back,14.57,False
3938642,7087,Saba Lobzhanidze,2138,Georgia,Right Wing,14.5,False
3938642,81330,Robin Hranáč,912,Czech Republic,Center Back,95.18,True
3938642,27826,Ondřej Lingr,912,Czech Republic,Left Attacking Midfield,40.43,False
3938642,8116,Václav Černý,912,Czech Republic,Right Attacking Midfield,54.42,True
3938642,48178,Luka Lochoshvili,2138,Georgia,Left Wing Back,33.55,False
3938642,16570,Vladimír Coufal,912,Czech Republic,Right Wing Back,95.18,True
3938642,25036,Otar Kakabadze,2138,Georgia,Right Wing Back,95.18,True
3938642,28239,Adam Hložek,912,Czech Republic,Left Attacking Midfield,54.75,True
3938642,264017,Anzor Mekvabishvili,2138,Georgia,Right Defensive Midfield,95.18,True
3938642,33234,Georges Mikautadze,2138,Georgia,Center Forward,87.48,True
3938642,38229,Khvicha Kvaratskhelia,2138,Georgia,Left Wing,80.68,True
3938642,16469,Tomáš Holeš,912,Czech Republic,Right Center Back,95.18,True
3938642,32985,Mojmír Chytil,912,Czech Republic,Center Forward,27.68,False
3938642,24284,Giorgi Kvilitaia,2138,Georgia,Center Forward,7.7,False
3938642,23646,Giorgi Chakvetadze,2138,Georgia,Right Wing,33.55,False
3938642,22242,Heorhii Tsitaishvili,2138,Georgia,Left Wing Back,61.63,True
3938642,102371,Giorgi Mamardashvili,2138,Georgia,Goalkeeper,95.18,True
3938642,7655,Lasha Dvali,2138,Georgia,Left Center Back,95.18,True
3938642,39143,Matěj Jurásek,912,Czech Republic,Right Attacking Midfield,40.77,False
3938642,28272,Ladislav Krejčí,912,Czech Republic,Left Center Back,95.18,True
3938642,41202,Giorgi Kochorashvili,2138,Georgia,Left Defensive Midfield,95.18,True
3938642,7801,Antonín Barák,912,Czech Republic,Right Attacking Midfield,14.48,False
3938643,3009,Kylian Mbappé Lottin,771,France,Center Forward,95.78,True
3938643,8836,Karol Świderski,789,Poland,Right Center Forward,28.3,False
3938643,44166,Jakub Piotr Kiwior,789,Poland,Left Center Back,95.78,True
3938643,50502,Nicola Zalewski,789,Poland,Left Wing Back,67.48,True
3938643,8519,Dayotchanculle Upamecano,771,France,Right Center Back,95.78,True
3938643,24778,Eduardo Camavinga,771,France,Left Center Midfield,35.48,False
3938643,33680,Kacper Urbanski,789,Poland,Right Center Forward,95.78,True
3938643,22097,Randal Kolo Muani,771,France,Right Wing,10.55,False
3938643,4626,Jan Bednarek,789,Poland,Right Center Back,95.78,True
3938643,30739,Paweł Dawidowicz,789,Poland,Center Back,95.78,True
3938643,3026,Adrien Rabiot,771,France,Left Center Midfield,60.3,True
3938643,3604,Olivier Giroud,771,France,Center Forward,35.45,False
3938643,11990,Youssouf Fofana,771,France,Center Defensive Midfield,15.02,False
3938643,5660,Piotr Zieliński,789,Poland,Left Center Midfield,95.78,True
3938643,4445,Jules Koundé,771,France,Right Back,95.78,True
3938643,5668,Robert Lewandowski,789,Poland,Left Center Forward,95.78,True
3938643,5477,Ousmane Dembélé,771,France,Right Wing,85.23,True
3938643,28453,Michał Skóraś,789,Poland,Right Wing Back,28.3,False
3938643,29480,Jakub Moder,789,Poland,Center Defensive Midfield,95.78,True
3938643,7979,Przemysław Frankowski,789,Poland,Right Wing Back,95.78,True
3938643,5487,Antoine Griezmann,771,France,Right Center Midfield,35.13,False
3938643,6704,Theo Bernard François Hernández,771,France,Left Back,95.78,True
3938643,3761,Mike Maignan,771,France,Goalkeeper,95.78,True
3938643,10481,Aurélien Djani Tchouaméni,771,France,Center Defensive Midfield,80.77,True
3938643,11508,Łukasz Skorupski,789,Poland,Goalkeeper,95.78,True
3938643,4664,Sebastian Szymański,789,Poland,Right Center Midfield,67.48,True
3938643,3961,N'Golo Kanté,771,France,Right Center Midfield,60.65,True
3938643,39420,Bradley Barcola,771,France,Left Wing,60.33,True
3938643,17592,William Saliba,771,France,Left Center Back,95.78,True
3938644,16005,Solomon Kverkvelia,2138,Georgia,Right Center Back,18.4,False
3938644,11335,Otar Kiteishvili,2138,Georgia,Center Defensive Midfield,94.25,True
3938644,39624,Francisco Fernandes Conceição,780,Portugal,Right Attacking Midfield,94.25,True
3938644,12169,João Maria Lobo Alves Palhinha Gonçalves,780,Portugal,Left Defensive Midfield,45.0,True
3938644,12041,João Félix Sequeira,780,Portugal,Left Attacking Midfield,94.25,True
3938644,9927,Rúben Diogo Da Silva Neves,780,Portugal,Left Defensive Midfield,49.25,False
3938644,25036,Otar Kakabadze,2138,Georgia,Right Wing Back,94.25,True
3938644,9929,Diogo José Teixeira da Silva,780,Portugal,Right Attacking Midfield,19.98,False
3938644,32975,Diogo Meireles Costa,780,Portugal,Goalkeeper,94.25,True
3938644,264017,Anzor Mekvabishvili,2138,Georgia,Right Center Midfield,13.75,False
3938644,33234,Georges Mikautadze,2138,Georgia,Right Center Forward,94.25,True
3938644,38803,Gonçalo Matias Ramos,780,Portugal,Center Forward,29.18,False
3938644,38229,Khvicha Kvaratskhelia,2138,Georgia,Left Center Forward,81.08,True
3938644,5207,Cristiano Ronaldo dos Santos Aveiro,780,Portugal,Center Forward,65.07,True
3938644,23256,Pedro Lomba Neto,780,Portugal,Left Wing Back,74.27,True
3938644,44183,Zuriko Davitashvili,2138,Georgia,Left Center Forward,13.17,False
3938644,16028,José Diogo Dalot Teixeira,780,Portugal,Right Center Back,94.25,True
3938644,23646,Giorgi Chakvetadze,2138,Georgia,Right Center Midfield,80.5,True
3938644,7839,Guram Kashia,2138,Georgia,Center Back,94.25,True
3938644,22242,Heorhii Tsitaishvili,2138,Georgia,Left Wing Back,31.55,False
3938644,102371,Giorgi Mamardashvili,2138,Georgia,Goalkeeper,94.25,True
3938644,398886,Giorgi Gvelesiani,2138,Georgia,Right Center Back,75.85,True
3938644,7655,Lasha Dvali,2138,Georgia,Left Center Back,94.25,True
3938644,6374,Nélson Cabral Semedo,780,Portugal,Right Wing Back,29.17,False
3938644,40874,Matheus Luiz Nunes,780,Portugal,Right Defensive Midfield,19.48,False
3938644,143854,António João Pereira Albuquerque Tavares Silva,780,Portugal,Right Center Back,65.08,True
3938644,48178,Luka Lochoshvili,2138,Georgia,Left Wing Back,62.7,True
3938644,41202,Giorgi Kochorashvili,2138,Georgia,Left Center Midfield,94.25,True
3938644,143859,João Neves,780,Portugal,Right Defensive Midfield,74.77,True
3938644,13621,Danilo Luís Hélio Pereira,780,Portugal,Center Back,94.25,True
3938644,42106,Gonçalo Bernardo Inácio,780,Portugal,Left Center Back,94.25,True
3938645,5633,Yannick Ferreira Carrasco,782,Belgium,Right Wing,32.77,False
3938645,3575,Oleksandr Zinchenko,911,Ukraine,Left Wing Back,36.65,False
3938645,3077,Jan Vertonghen,782,Belgium,Left Center Back,94.07,True
3938645,43913,Arthur Theate,782,Belgium,Left Back,94.07,True
3938645,2954,Youri Tielemans,782,Belgium,Left Defensive Midfield,61.03,True
3938645,6989,Timothy Castagne,782,Belgium,Right Back,94.07,True
3938645,40141,Vladyslav Vanat,911,Ukraine,Right Center Forward,24.48,False
3938645,3089,Kevin De Bruyne,782,Belgium,Center Attacking Midfield,94.07,True
3938645,37330,Anatolii Trubin,911,Ukraine,Goalkeeper,94.07,True
3938645,144127,Volodymyr Brazhko,911,Ukraine,Center Defensive Midfield,69.62,True
3938645,16275,Ikoma Loïs Openda,782,Belgium,Center Forward,4.73,False
3938645,8854,Wout Faes,782,Belgium,Right Center Back,94.07,True
3938645,3289,Romelu Lukaku Menama,782,Belgium,Center Forward,89.33,True
3938645,48347,Amadou Onana,782,Belgium,Right Defensive Midfield,94.07,True
3938645,20827,Vitalii Mykolenko,911,Ukraine,Left Wing Back,57.42,True
3938645,39136,Illia Zabarnyi,911,Ukraine,Right Center Back,94.07,True
3938645,23649,Roman Yaremchuk,911,Ukraine,Left Center Forward,69.72,True
3938645,23650,Jeremy Doku,782,Belgium,Left Wing,76.75,True
3938645,45863,Oleksandr Tymchyk,911,Ukraine,Right Wing Back,94.07,True
3938645,30059,Oleksandr Svatok,911,Ukraine,Center Back,80.05,True
3938645,16557,Ruslan Malinovskiy,911,Ukraine,Right Defensive Midfield,24.35,False
3938645,21294,Mykola Shaparenko,911,Ukraine,Right Center Midfield,69.58,True
3938645,16559,Leandro Trossard,782,Belgium,Right Wing,61.3,True
3938645,8240,Koen Casteels,782,Belgium,Goalkeeper,94.07,True
3938645,8950,Orel Mangala,782,Belgium,Left Defensive Midfield,33.03,False
3938645,25079,Artem Dovbyk,911,Ukraine,Right Center Forward,94.07,True
3938645,11000,Taras Stepanenko,911,Ukraine,Center Defensive Midfield,24.45,False
3938645,18617,Mykola Matvienko,911,Ukraine,Left Center Back,94.07,True
3938645,52218,Johan Bakayoko,782,Belgium,Right Wing,17.32,False
3938645,8830,Andriy Yarmolenko,911,Ukraine,Right Midfield,14.02,False
3938645,38975,Georgiy Sudakov,911,Ukraine,Left Center Midfield,94.07,True
3939969,11456,Lautaro Javier Martínez,779,Argentina,Left Center Forward,19.47,False
3939969,23363,Liam Millar,1833,Canada,Left Midfield,84.7,True
3939969,5507,Nicolás Alejandro Tagliafico,779,Argentina,Left Wing Back,6.47,False
3939969,16459,Cyle Larin,1833,Canada,Left Center Forward,79.35,True
3939969,19597,Marcos Javier Acuña,779,Argentina,Left Back,88.83,True
3939969,12365,Alphonso Davies,1833,Canada,Left Back,95.3,True
3939969,23758,Maxime Crépeau,1833,Canada,Goalkeeper,95.3,True
3939969,23760,Derek Cornelius,1833,Canada,Left Center Back,95.3,True
3939969,29201,Nahuel Molina Lucero,779,Argentina,Right Back,88.83,True
3939969,383250,Moise Bombito,1833,Canada,Right Center Back,95.3,True
3939969,3090,Nicolás Hernán Otamendi,779,Argentina,Center Back,19.67,False
3939969,16120,Richie Laryea,1833,Canada,Left Back,15.95,False
3939969,24024,Tajon Buchanan,1833,Canada,Right Midfield,58.93,True
3939969,23640,Jonathan David,1833,Canada,Right Center Forward,95.3,True
3939969,20572,Cristian Gabriel Romero,779,Argentina,Right Center Back,95.3,True
3939969,44703,Alistair Johnston,1833,Canada,Right Back,95.3,True
3939969,12770,Jonathan Osorio,1833,Canada,Right Defensive Midfield,10.68,False
3939969,28263,Gonzalo Ariel Montiel,779,Argentina,Right Wing Back,6.47,False
3939969,26152,Jacob Shaffelburg,1833,Canada,Right Midfield,36.37,False
3939969,133229,Ismael Koné,1833,Canada,Right Defensive Midfield,84.62,True
3939969,27886,Alexis Mac Allister,779,Argentina,Left Midfield,95.3,True
3939969,3313,Giovani Lo Celso,779,Argentina,Left Center Midfield,28.5,False
3939969,2995,Ángel Fabián Di María Hernández,779,Argentina,Right Midfield,66.8,True
3939969,16308,Leandro Daniel Paredes,779,Argentina,Left Defensive Midfield,75.63,True
3939969,11187,Stephen Antunes Eustáquio,1833,Canada,Left Defensive Midfield,95.3,True
3939969,7797,Rodrigo Javier De Paul,779,Argentina,Right Defensive Midfield,95.3,True
3939969,29560,Julián Álvarez,779,Argentina,Left Center Forward,75.83,True
3939969,27768,Lisandro Martínez,779,Argentina,Left Center Back,95.3,True
3939969,225215,Jacen Russell-Rowe,1833,Canada,Right Center Forward,10.6,False
3939969,6909,Damián Emiliano Martínez,779,Argentina,Goalkeeper,95.3,True
3939969,5503,Lionel Andrés Messi Cuccittini,779,Argentina,Right Center Forward,95.3,True
3939970,26369,Diego Alfonso Valdés Contreras,3562,Chile,Left Wing,45.0,True
3939970,15481,Alexander Martín Marquinho Callens Asín,784,Peru,Left Center Back,83.63,True
3939970,101509,Piero Aldair Quispe Córdova,784,Peru,Left Center Midfield,70.65,True
3939970,23749,Marcos Johan López Lanfranco,784,Peru,Left Wing Back,61.43,False
3939970,36359,Carlos Augusto Zambrano Ochandarte,784,Peru,Center Back,95.55,True
3939970,7175,Erick Antonio Pulgar Farfán,3562,Chile,Left Defensive Midfield,95.55,True
3939970,26256,Igor Lichnovsky Osorio,3562,Chile,Right Center Back,95.55,True
3939970,5521,Luis Jan Piers Advíncula Castrillón,784,Peru,Left Wing Back,34.12,True
3939970,4691,Claudio Andrés Bravo Muñoz,3562,Chile,Goalkeeper,95.55,True
3939970,10836,Sergio Fernando Peña Flores,784,Peru,Right Center Midfield,95.55,True
3939970,5525,Édison Michael Flores Peralta,784,Peru,Left Center Forward,70.9,True
3939970,33176,Miguel Gianpierre Araujo Blanco,784,Peru,Right Center Back,95.55,True
3939970,5528,Pedro David Gallese Quiróz,784,Peru,Goalkeeper,95.55,True
3939970,35738,Rodrigo Eduardo Echeverría Sáez,3562,Chile,Right Defensive Midfield,11.5,False
3939970,5535,José Paolo Guerrero Gonzáles,784,Peru,Left Center Forward,24.65,False
3939970,30944,Víctor Alejandro Dávila Zavala,3562,Chile,Right Wing,63.98,True
3939970,35939,Marcos Nikolas Bolados Hidalgo,3562,Chile,Left Wing,31.57,False
3939970,31012,Paulo César Díaz Huincales,3562,Chile,Left Center Back,95.55,True
3939970,7143,Gianluca Lapadula Vargas,784,Peru,Right Center Forward,95.55,True
3939970,6313,Wilder José Cartagena Mendoza,784,Peru,Center Defensive Midfield,95.55,True
3939970,130731,Oliver Sonne,784,Peru,Right Wing Back,12.03,False
3939970,28669,Luis Alfonso Abram Ugarelli,784,Peru,Left Center Back,11.92,False
3939970,36532,Marcelino Ignacio Nuñez Espinoza,3562,Chile,Right Defensive Midfield,84.05,True
3939970,27317,Eduardo Jesús Vargas Rojas,3562,Chile,Center Forward,64.33,True
3939970,36212,Gabriel Alonso Suazo Urbina,3562,Chile,Left Back,95.55,True
3939970,3385,Alexis Alejandro Sánchez Sánchez,3562,Chile,Center Attacking Midfield,95.55,True
3939970,18874,Mauricio Aníbal Isla Isla,3562,Chile,Right Back,95.55,True
3939970,13435,Andy Jorman Polo Andrade,784,Peru,Right Wing Back,83.52,True
3939970,204925,Darío Esteban Osorio Osorio,3562,Chile,Right Wing,50.55,False
3939970,41342,Joao Alberto Grimaldo Ubidia,784,Peru,Left Center Midfield,24.9,False
3939970,4735,Ben Brereton Díaz,3562,Chile,Center Forward,31.22,False
3939971,26368,César Jasib Montes Castro,794,Mexico,Right Center Back,93.58,True
3939971,16768,Michael Hector,2305,Jamaica,Center Back,25.83,False
3939971,4610,Ethan Pinnock,2305,Jamaica,Left Center Back,93.58,True
3939971,9923,Bobby Armani De Cordova-Reid,2305,Jamaica,Right Defensive Midfield,80.15,True
3939971,435137,Kaheim Dixon,2305,Jamaica,Right Attacking Midfield,13.43,False
3939971,26375,Roberto Carlos Alvarado Hernández,794,Mexico,Right Wing,16.92,False
3939971,31053,Santiago Tomás Giménez,794,Mexico,Center Forward,66.9,True
3939971,26386,Luis Francisco Romo Barrón,794,Mexico,Center Defensive Midfield,63.67,False
3939971,26297,Carlos Alberto Rodríguez Gómez,794,Mexico,Right Center Midfield,26.58,False
3939971,61204,Dexter Lembikisa,2305,Jamaica,Right Wing Back,93.58,True
3939971,3349,Michail Antonio,2305,Jamaica,Center Forward,79.9,True
3939971,36949,Julio José González Vela-Alvizu,794,Mexico,Goalkeeper,93.58,True
3939971,3159,Gregory Leigh,2305,Jamaica,Left Wing Back,93.58,True
3939971,28825,Luis Gerardo Chávez Magallón,794,Mexico,Left Center Midfield,76.78,True
3939971,226523,Jahmali Waite,2305,Jamaica,Goalkeeper,93.58,True
3939971,15452,Carlos Uriel Antuna Romero,794,Mexico,Right Wing,76.67,True
3939971,31455,Shamar Nicholson,2305,Jamaica,Right Wing,93.58,True
3939971,26336,Johan Felipe Vásquez Ibarra,794,Mexico,Left Center Back,93.58,True
3939971,49120,Damion Lowe,2305,Jamaica,Right Defensive Midfield,25.95,False
3939971,43555,Erick Daniel Sánchez Ocegueda,794,Mexico,Right Defensive Midfield,16.8,False
3939971,26406,Jorge Eduardo Sánchez Ramos,794,Mexico,Right Back,93.58,True
3939971,405926,Renaldo Showayne Cephas,2305,Jamaica,Left Wing,13.68,False
3939971,26280,Orbelín Pineda Alvarado,794,Mexico,Right Center Midfield,67.0,True
3939971,75305,Guillermo Martínez Ayala,794,Mexico,Center Forward,26.68,False
3939971,32685,Joël Latibeaudiere,2305,Jamaica,Center Back,93.58,True
3939971,35375,Julián Andrés Quiñones Quiñones,794,Mexico,Left Wing,93.58,True
3939971,3312,Demarai Gray,2305,Jamaica,Left Wing,67.63,True
3939971,3317,Kasey Palmer,2305,Jamaica,Left Defensive Midfield,93.58,True
3939971,27896,Gerardo Daniel Arteaga Zamora,794,Mexico,Left Back,93.58,True
3939971,33145,Di'Shon Bernard,2305,Jamaica,Right Center Back,67.75,True
3939971,5567,Edson Omar Álvarez Velázquez,794,Mexico,Center Defensive Midfield,29.92,True
3939972,4041,José Salomón Rondón Giménez,3563,Venezuela,Left Center Forward,83.28,True
3939972,35785,Eduard Alexander Bello Gil,3563,Venezuela,Right Midfield,50.38,False
3939972,21131,John Yeboah Zamora,3565,Ecuador,Right Wing,34.63,True
3939972,32012,Rafael Enrique Romo Pérez,3563,Venezuela,Goalkeeper,95.38,True
3939972,28559,Enner Remberto Valencia Lastra,3565,Ecuador,Center Forward,95.38,True
3939972,44304,Eric Kleybel Ramírez Matheus,3563,Venezuela,Left Center Forward,12.1,False
3939972,40211,Jeremy Leonel Sarmiento Morante,3565,Ecuador,Left Wing,62.15,True
3939972,348757,Kevin José Rodríguez Cortez,3565,Ecuador,Center Forward,60.75,False
3939972,16249,Yangel Clemente Herrera Ravelo,3563,Venezuela,Left Defensive Midfield,91.22,True
3939972,11162,Jhonder Leonel Cádiz Fernández,3563,Venezuela,Right Center Forward,50.38,False
3939972,25115,Yeferson Julio Soteldo Martínez,3563,Venezuela,Left Midfield,83.12,True
3939972,37726,Moisés Isaac Caicedo Corozo,3565,Ecuador,Right Defensive Midfield,95.38,True
3939972,30111,Felix Eduardo Torres Caicedo,3565,Ecuador,Right Center Back,95.38,True
3939972,10337,Yordan Hernando Osorio Paredes,3563,Venezuela,Left Center Back,95.38,True
3939972,123554,Jordy Josué Caicedo Medina,3565,Ecuador,Center Forward,17.1,False
3939972,13025,Jefferson David Savarino Quintero,3563,Venezuela,Right Midfield,12.27,False
3939972,32677,Alexander Domínguez Carabalí,3565,Ecuador,Goalkeeper,95.38,True
3939972,12583,Carlos Armando Gruezo Arboleda,3565,Ecuador,Right Defensive Midfield,33.23,False
3939972,36520,Miguel Ángel Navarro Zárate,3563,Venezuela,Left Back,95.38,True
3939972,24168,Alexander David González Sibulo,3563,Venezuela,Right Back,95.38,True
3939972,37737,Angelo Smit Preciado Quiñónez,3565,Ecuador,Right Back,95.38,True
3939972,123625,Alan Steve Minda García,3565,Ecuador,Right Wing,17.23,False
3939972,11501,Darwin Daniel Machís Marcano,3563,Venezuela,Right Wing,45.0,True
3939972,41593,Willian Joel Pacho Tenorio,3565,Ecuador,Left Center Back,95.38,True
3939972,49587,Nahuel Adolfo Ferraresi Hernández,3563,Venezuela,Right Center Back,95.38,True
3939972,38004,Piero Martín Hincapié Reyna,3565,Ecuador,Left Back,95.38,True
3939972,36917,José Andrés Martínez Torres,3563,Venezuela,Right Defensive Midfield,95.38,True
3939972,13493,Cristian Sleiker Cásseres Yepes,3563,Venezuela,Center Attacking Midfield,45.0,True
3939972,7475,Tomás Eduardo Rincón Hernández,3563,Venezuela,Left Defensive Midfield,4.17,False
3939972,384888,Ray Kendry Páez Andrade,3565,Ecuador,Right Wing,78.15,True
3939972,37945,Alan Steven Franco Palma,3565,Ecuador,Left Defensive Midfield,78.28,True
3939973,7104,Mathías Olivera Miramontes,783,Uruguay,Left Center Back,59.8,True
3939973,36288,Facundo Pellistri Rebollo,783,Uruguay,Right Wing,94.97,True
3939973,5634,Erick Javier Davis Grajales,798,Panama,Left Wing Back,94.97,True
3939973,5637,Edgar Yoel Bárcenas Herrera,798,Panama,Left Wing,88.48,True
3939973,5641,Michael Amir Murillo Bermudez,798,Panama,Right Wing Back,94.97,True
3939973,5258,Giorgian Daniel De Arrascaeta Benedetti,783,Uruguay,Center Attacking Midfield,59.83,True
3939973,5259,José María Giménez de Vargas,783,Uruguay,Right Center Back,49.97,False
3939973,5260,Rodrigo Bentancur Colmán,783,Uruguay,Left Defensive Midfield,10.45,False
3939973,113279,Freddy Elías Góndola Smith,798,Panama,Left Wing,11.7,False
3939973,91089,José Fajardo Nelson,798,Panama,Center Forward,83.07,True
3939973,363986,Jovani Francisco Welch Lopez,798,Panama,Right Defensive Midfield,30.72,False
3939973,50971,Eduardo Antonio Guerrero Lozcano,798,Panama,Center Forward,11.9,False
3939973,32478,Darwin Gabriel Núñez Ribeiro,783,Uruguay,Center Forward,94.97,True
3939973,32480,Ronald Federico Araújo da Silva,783,Uruguay,Right Center Back,45.0,True
3939973,223971,José Ángel Córdoba Chambers,798,Panama,Center Back,94.97,True
3939973,35492,Maximiliano Javier Araújo Vilches,783,Uruguay,Left Wing,94.97,True
3939973,36710,Sergio Rochet Álvarez,783,Uruguay,Goalkeeper,94.97,True
3939973,35432,Abdiel Armando Ayarza Cocanegra,798,Panama,Left Defensive Midfield,7.08,False
3939973,35690,Sebastián Enzo Cáceres Ramos,783,Uruguay,Left Center Back,35.17,False
3939973,34476,Matías Nicolás Viña Susperreguy,783,Uruguay,Left Back,94.97,True
3939973,22256,Roderick Alonso Miller Molina,798,Panama,Left Center Back,94.97,True
3939973,47345,Adalberto Eliécer Carrasquilla Alcázar,798,Panama,Left Defensive Midfield,87.88,True
3939973,36659,Manuel Ugarte Ribeiro,783,Uruguay,Left Defensive Midfield,94.97,True
3939973,104179,Orlando Mosquera,798,Panama,Goalkeeper,94.97,True
3939973,260212,Edgardo Isaac Fariña Wynter,798,Panama,Right Center Back,94.97,True
3939973,6773,Federico Santiago Valverde Dipetta,783,Uruguay,Right Defensive Midfield,84.52,True
3939973,383095,Kahiser Lenis Navarro,798,Panama,Right Wing,6.48,False
3939973,28729,Diego Nicolás De La Cruz Arcosa,783,Uruguay,Center Attacking Midfield,35.13,False
3939973,5628,José Luis Rodríguez Francis,798,Panama,Right Wing,83.27,True
3939973,16637,Cristian Jesús Martínez,798,Panama,Right Defensive Midfield,64.25,True
3939973,5247,Nahitan Michel Nández Acosta,783,Uruguay,Right Back,94.97,True
3939974,4614,Antonee Robinson,1839,United States,Left Back,94.1,True
3939974,38792,Yunus Dimoara Musah,1839,United States,Right Center Midfield,49.1,False
3939974,51733,Folarin Balogun,1839,United States,Center Forward,64.67,True
3939974,398489,Héctor Manuel Cuellar Rosales,3564,Bolivia,Right Back,49.1,False
3939974,47131,Leonel Justiniano Arauz,3564,Bolivia,Center Defensive Midfield,45.0,True
3939974,336796,Miguel Ángel Terceros,3564,Bolivia,Center Attacking Midfield,49.1,False
3939974,232736,Diego Daniel Medina Roman,3564,Bolivia,Right Wing Back,45.0,True
3939974,34339,Giovanni Reyna,1839,United States,Left Center Midfield,64.83,True
3939974,26151,Ricardo Daniel Pepi,1839,United States,Center Forward,29.43,False
3939974,113712,Rodrigo Luis Ramallo Cornejo,3564,Bolivia,Right Wing,49.1,False
3939974,3377,Timothy Weah,1839,United States,Right Wing,85.35,True
3939974,41266,Chris Richards,1839,United States,Right Center Back,94.1,True
3939974,113715,Fernando Javier Saucedo Pereyra,3564,Bolivia,Right Defensive Midfield,94.1,True
3939974,24243,Brenden Aaronson,1839,United States,Right Wing,8.75,False
3939974,113717,Carmelo Algarañaz Añez,3564,Bolivia,Center Forward,27.17,False
3939974,8246,Christian Pulisic,1839,United States,Left Wing,94.1,True
3939974,12352,Matthew Charles Turner,1839,United States,Goalkeeper,94.1,True
3939974,18242,Tim Ream,1839,United States,Left Center Back,94.1,True
3939974,113730,César Alejandro Menacho Claros,3564,Bolivia,Right Center Forward,45.0,True
3939974,113732,Gabriel Alejandro Villamíl Cortéz,3564,Bolivia,Left Defensive Midfield,94.1,True
3939974,21315,Bruno Miranda Villagomez,3564,Bolivia,Left Center Forward,66.93,True
3939974,113995,Ramiro Vaca Ponce,3564,Bolivia,Center Attacking Midfield,19.37,False
3939974,8526,Weston McKennie,1839,United States,Right Center Midfield,76.97,True
3939974,12751,Tyler Adams,1839,United States,Center Defensive Midfield,45.0,True
3939974,37070,Luis Fernando Haquín Lopez,3564,Bolivia,Center Back,94.1,True
3939974,47057,Guillermo Viscarra Bruckner,3564,Bolivia,Goalkeeper,94.1,True
3939974,47055,Roberto Carlos Fernández Toro,3564,Bolivia,Left Wing Back,74.73,True
3939974,114003,José Manuel Sagredo Chávez,3564,Bolivia,Left Center Back,94.1,True
3939974,114004,Jesús Manuel Sagredo Chávez,3564,Bolivia,Right Center Back,94.1,True
3939974,36830,Joseph Scally,1839,United States,Right Back,94.1,True
3939974,33274,Luca de la Torre,1839,United States,Left Center Midfield,17.13,False
3939974,32122,João Lucas de Souza Cardoso,1839,United States,Center Defensive Midfield,29.27,False
3939975,87429,Mathías Adalberto Villasanti Rolón,3567,Paraguay,Right Center Midfield,79.03,True
3939975,47112,Julio César Enciso Espínola,3567,Paraguay,Left Wing,91.38,True
3939975,27277,Jhon Adolfo Arias Andrade,769,Colombia,Left Center Midfield,91.42,True
3939975,28943,Víctor Gustavo Velázquez Ramos,3567,Paraguay,Right Back,97.28,True
3939975,27158,Luis Fernando Díaz Marulanda,769,Colombia,Left Center Forward,97.28,True
3939975,87449,Damián Josué Bobadilla Benítez,3567,Paraguay,Left Center Midfield,39.4,False
3939975,27423,Daniel Muñoz Mejía,769,Colombia,Right Back,97.28,True
3939975,3494,Davinson Sánchez Mina,769,Colombia,Left Center Back,97.28,True
3939975,18855,Jhon Janer Lucumí Bonilla,769,Colombia,Left Center Back,24.95,True
3939975,5678,Jefferson Andrés Lerma Solís,769,Colombia,Center Defensive Midfield,67.05,True
3939975,6193,Andrés Mateus Uribe Villa,769,Colombia,Center Defensive Midfield,30.23,False
3939975,10290,Fabián Cornelio Balbuena González,3567,Paraguay,Right Center Back,97.28,True
3939975,87603,Ramón Sosa Acosta,3567,Paraguay,Left Wing,39.27,False
3939975,6196,Yerry Fernando Mina González,769,Colombia,Right Center Back,72.33,False
3939975,5691,Johan Andrés Mojica Palacio,769,Colombia,Left Back,97.28,True
3939975,12603,Miguel Ángel Almirón Rejala,3567,Paraguay,Right Wing,58.02,True
3939975,5692,Juan Fernando Quintero Paniagua,769,Colombia,Center Attacking Midfield,6.48,False
3939975,5695,James David Rodríguez Rubio,769,Colombia,Center Attacking Midfield,90.8,True
3939975,62016,Rodrigo Mario Morínigo Acosta,3567,Paraguay,Goalkeeper,97.28,True
3939975,26306,Adam Fernando Bareiro Gamarra,3567,Paraguay,Center Forward,18.52,False
3939975,30795,Ángel Rodrigo Romero Villamayor,3567,Paraguay,Right Wing,18.25,False
3939975,29009,Omar Federico Alderete Fernández,3567,Paraguay,Left Center Back,97.28,True
3939975,47186,Hernesto Ezequiel Caballero Benítez,3567,Paraguay,Left Center Midfield,57.88,True
3939975,46677,Matías David Espinoza Acosta,3567,Paraguay,Left Back,97.28,True
3939975,27225,Camilo Andrés Vargas Gil,769,Colombia,Goalkeeper,97.28,True
3939975,28266,Rafael Santos Borré Amaury,769,Colombia,Right Center Forward,67.35,True
3939975,60138,Kevin Duvan Castaño Gil,769,Colombia,Left Center Midfield,5.87,False
3939975,28657,Adrián Andrés Cubas,3567,Paraguay,Center Defensive Midfield,97.28,True
3939975,8817,Jhon Andrés Córdoba Copete,769,Colombia,Right Center Forward,29.93,False
3939975,49395,Richard Rios Montoya,769,Colombia,Right Center Midfield,97.28,True
3939975,170230,Alex Adrián Arce Barrios,3567,Paraguay,Center Forward,78.77,True
3939975,27767,Matías Nicolás Rojas Romero,3567,Paraguay,Center Attacking Midfield,5.9,False
3939976,6919,Guilherme Antonio Arana Lopes,781,Brazil,Left Back,95.12,True
3939976,22600,Lucas Tolentino Coelho de Lima,781,Brazil,Center Attacking Midfield,95.12,True
3939976,97291,Patrick Gilmar Sequeira Mejías,795,Costa Rica,Goalkeeper,95.12,True
3939976,5581,Joel Nathaniel Campbell Samuels,795,Costa Rica,Right Center Forward,26.32,False
3939976,154895,Warren Steven Madrigal Molina,795,Costa Rica,Left Center Forward,32.02,False
3939976,25104,Rodrygo Silva de Goes,781,Brazil,Center Forward,95.12,True
3939976,130193,Jefferson Brenes Rojas,795,Costa Rica,Center Defensive Midfield,62.85,True
3939976,48720,João Victor Gomes da Silva,781,Brazil,Left Defensive Midfield,82.4,True
3939976,132755,Alejandro Jesús Bran Flores,795,Costa Rica,Right Center Midfield,32.27,False
3939976,4372,Marcos Aoás Corrêa,781,Brazil,Left Center Back,95.12,True
3939976,184468,Álvaro José Zamora Mata,795,Costa Rica,Right Center Forward,68.8,True
3939976,29976,Gabriel Teodoro Martinelli Silva,781,Brazil,Left Midfield,12.72,False
3939976,143385,Jeyland Yahir Mitchell Baltodano,795,Costa Rica,Right Center Back,95.12,True
3939976,27163,Juan Pablo Vargas Campos,795,Costa Rica,Center Back,95.12,True
3939976,36251,Manfred Ugalde,795,Costa Rica,Left Center Forward,63.1,True
3939976,19101,Ariel Lassiter,795,Costa Rica,Left Wing Back,91.28,True
3939976,132510,Haxzel Quirós Cruz,795,Costa Rica,Right Wing Back,95.12,True
3939976,18395,Vinícius José Paixão de Oliveira Júnior,781,Brazil,Left Wing,70.2,True
3939976,5600,Francisco Javier Calvo Quesada,795,Costa Rica,Left Center Back,95.12,True
3939976,10595,Raphael Dias Belloli,781,Brazil,Right Wing,69.32,True
3939976,132516,Orlando Moisés Galo Calderón,795,Costa Rica,Right Center Midfield,95.12,True
3939976,44455,Sávio Moreira de Oliveira,781,Brazil,Right Midfield,25.8,False
3939976,5547,Alisson Ramsés Becker,781,Brazil,Goalkeeper,95.12,True
3939976,193965,Gerald Taylor,795,Costa Rica,Right Wing,3.82,False
3939976,13620,Éder Gabriel Militão,781,Brazil,Right Center Back,95.12,True
3939976,108340,Brandon Aguilera Zamora,795,Costa Rica,Left Center Midfield,91.3,True
3939976,25142,Bruno Guimarães Rodriguez Moura,781,Brazil,Right Defensive Midfield,95.12,True
3939976,3063,Danilo Luiz da Silva,781,Brazil,Right Back,95.12,True
3939976,271988,Endrick Felipe Moreira de Sousa,781,Brazil,Left Wing,24.92,False
3939976,13367,Joseph Martín Mora Cortéz,795,Costa Rica,Left Wing Back,3.83,False
3939977,11456,Lautaro Javier Martínez,779,Argentina,Left Center Forward,23.67,False
3939977,5507,Nicolás Alejandro Tagliafico,779,Argentina,Left Back,82.77,True
3939977,7175,Erick Antonio Pulgar Farfán,3562,Chile,Right Defensive Midfield,75.87,True
3939977,6909,Damián Emiliano Martínez,779,Argentina,Goalkeeper,95.85,True
3939977,19597,Marcos Javier Acuña,779,Argentina,Left Back,13.62,False
3939977,20687,Nicolás Iván González,779,Argentina,Left Midfield,72.22,True
3939977,26256,Igor Lichnovsky Osorio,3562,Chile,Right Center Back,95.85,True
3939977,29201,Nahuel Molina Lucero,779,Argentina,Right Back,82.23,True
3939977,4735,Ben Brereton Díaz,3562,Chile,Left Center Forward,9.7,False
3939977,4691,Claudio Andrés Bravo Muñoz,3562,Chile,Goalkeeper,95.85,True
3939977,35738,Rodrigo Eduardo Echeverría Sáez,3562,Chile,Left Defensive Midfield,95.85,True
3939977,20572,Cristian Gabriel Romero,779,Argentina,Right Center Back,95.85,True
3939977,30944,Víctor Alejandro Dávila Zavala,3562,Chile,Left Wing,95.85,True
3939977,35939,Marcos Nikolas Bolados Hidalgo,3562,Chile,Left Midfield,30.93,False
3939977,31012,Paulo César Díaz Huincales,3562,Chile,Left Center Back,95.85,True
3939977,28263,Gonzalo Ariel Montiel,779,Argentina,Right Back,13.08,False
3939977,27886,Alexis Mac Allister,779,Argentina,Right Defensive Midfield,95.85,True
3939977,36016,Nicolás Esteban Fernández Muñoz,3562,Chile,Right Back,9.62,False
3939977,3313,Giovani Lo Celso,779,Argentina,Left Defensive Midfield,32.17,False
3939977,2995,Ángel Fabián Di María Hernández,779,Argentina,Right Midfield,23.63,False
3939977,36212,Gabriel Alonso Suazo Urbina,3562,Chile,Left Back,95.85,True
3939977,27317,Eduardo Jesús Vargas Rojas,3562,Chile,Center Forward,86.15,True
3939977,7797,Rodrigo Javier De Paul,779,Argentina,Right Midfield,95.85,True
3939977,36532,Marcelino Ignacio Nuñez Espinoza,3562,Chile,Right Defensive Midfield,19.98,False
3939977,29560,Julián Álvarez,779,Argentina,Left Center Forward,72.18,True
3939977,3385,Alexis Alejandro Sánchez Sánchez,3562,Chile,Center Attacking Midfield,64.92,True
3939977,18874,Mauricio Aníbal Isla Isla,3562,Chile,Right Back,86.23,True
3939977,27768,Lisandro Martínez,779,Argentina,Left Center Back,95.85,True
3939977,204925,Darío Esteban Osorio Osorio,3562,Chile,Right Wing,95.85,True
3939977,38718,Enzo Fernandez,779,Argentina,Left Defensive Midfield,63.68,True
3939977,5503,Lionel Andrés Messi Cuccittini,779,Argentina,Right Center Forward,95.85,True
3939978,101509,Piero Aldair Quispe Córdova,784,Peru,Left Center Midfield,61.73,True
3939978,36359,Carlos Augusto Zambrano Ochandarte,784,Peru,Center Back,78.12,True
3939978,5519,Christian Alberto Cueva Bravo,784,Peru,Left Center Midfield,19.33,False
3939978,383250,Moise Bombito,1833,Canada,Right Center Back,97.45,True
3939978,23828,Kamal Miller,1833,Canada,Left Center Back,52.45,False
3939978,5525,Édison Michael Flores Peralta,784,Peru,Left Center Forward,61.85,True
3939978,33176,Miguel Gianpierre Araujo Blanco,784,Peru,Right Center Back,97.45,True
3939978,5528,Pedro David Gallese Quiróz,784,Peru,Goalkeeper,97.45,True
3939978,44703,Alistair Johnston,1833,Canada,Right Back,97.45,True
3939978,5535,José Paolo Guerrero Gonzáles,784,Peru,Right Center Forward,28.25,False
3939978,26152,Jacob Shaffelburg,1833,Canada,Left Attacking Midfield,52.45,False
3939978,6313,Wilder José Cartagena Mendoza,784,Peru,Center Defensive Midfield,97.45,True
3939978,3632,André Martín Carrillo Díaz,784,Peru,Right Center Midfield,19.23,False
3939978,11187,Stephen Antunes Eustáquio,1833,Canada,Left Defensive Midfield,97.45,True
3939978,23363,Liam Millar,1833,Canada,Right Wing,45.0,True
3939978,23749,Marcos Johan López Lanfranco,784,Peru,Left Wing Back,97.45,True
3939978,111560,Brayan Roberto Reyna Casaverde,784,Peru,Left Center Forward,35.72,False
3939978,16459,Cyle Larin,1833,Canada,Center Forward,81.55,True
3939978,12365,Alphonso Davies,1833,Canada,Left Wing Back,97.45,True
3939978,23758,Maxime Crépeau,1833,Canada,Goalkeeper,97.45,True
3939978,23760,Derek Cornelius,1833,Canada,Left Center Back,45.0,True
3939978,10836,Sergio Fernando Peña Flores,784,Peru,Right Center Midfield,78.22,True
3939978,23640,Jonathan David,1833,Canada,Right Attacking Midfield,97.45,True
3939978,24024,Tajon Buchanan,1833,Canada,Right Wing Back,31.68,False
3939978,224603,Tanitoluwa Oluwaseyi,1833,Canada,Center Forward,15.9,False
3939978,12770,Jonathan Osorio,1833,Canada,Right Defensive Midfield,52.45,False
3939978,7143,Gianluca Lapadula Vargas,784,Peru,Right Center Forward,69.2,True
3939978,5738,Anderson Santamaría Bardales,784,Peru,Right Center Back,35.6,False
3939978,133229,Ismael Koné,1833,Canada,Right Defensive Midfield,45.0,True
3939978,16120,Richie Laryea,1833,Canada,Left Back,65.77,True
3939978,15481,Alexander Martín Marquinho Callens Asín,784,Peru,Left Center Back,97.45,True
3939978,13435,Andy Jorman Polo Andrade,784,Peru,Right Wing Back,97.45,True
3939979,26368,César Jasib Montes Castro,794,Mexico,Right Center Back,45.0,True
3939979,32012,Rafael Enrique Romo Pérez,3563,Venezuela,Goalkeeper,97.45,True
3939979,26386,Luis Francisco Romo Barrón,794,Mexico,Center Defensive Midfield,97.45,True
3939979,28825,Luis Gerardo Chávez Magallón,794,Mexico,Left Center Midfield,97.45,True
3939979,11162,Jhonder Leonel Cádiz Fernández,3563,Venezuela,Center Forward,16.22,False
3939979,25115,Yeferson Julio Soteldo Martínez,3563,Venezuela,Left Wing,81.17,True
3939979,26406,Jorge Eduardo Sánchez Ramos,794,Mexico,Right Back,97.45,True
3939979,36520,Miguel Ángel Navarro Zárate,3563,Venezuela,Left Back,97.45,True
3939979,75305,Guillermo Martínez Ayala,794,Mexico,Center Forward,36.95,False
3939979,113450,Jon Mikel Aramburu Mejías,3563,Venezuela,Right Back,97.45,True
3939979,26280,Orbelín Pineda Alvarado,794,Mexico,Left Midfield,20.43,False
3939979,35375,Julián Andrés Quiñones Quiñones,794,Mexico,Left Midfield,77.02,True
3939979,49587,Nahuel Adolfo Ferraresi Hernández,3563,Venezuela,Right Center Back,97.45,True
3939979,36147,Christian Frederick Bayoi Makoun Reyes,3563,Venezuela,Left Wing Back,9.05,False
3939979,36917,José Andrés Martínez Torres,3563,Venezuela,Right Defensive Midfield,97.45,True
3939979,13493,Cristian Sleiker Cásseres Yepes,3563,Venezuela,Right Defensive Midfield,52.45,False
3939979,26297,Carlos Alberto Rodríguez Gómez,794,Mexico,Right Center Midfield,60.22,True
3939979,26301,Ernesto Alexis Vega Rojas,794,Mexico,Right Center Midfield,37.23,False
3939979,35785,Eduard Alexander Bello Gil,3563,Venezuela,Right Wing,70.4,True
3939979,4041,José Salomón Rondón Giménez,3563,Venezuela,Center Forward,81.23,True
3939979,31053,Santiago Tomás Giménez,794,Mexico,Center Forward,60.5,True
3939979,47822,Wilker José Ángel Romero,3563,Venezuela,Center Back,16.28,False
3939979,36949,Julio José González Vela-Alvizu,794,Mexico,Goalkeeper,97.45,True
3939979,15452,Carlos Uriel Antuna Romero,794,Mexico,Right Midfield,72.28,True
3939979,26336,Johan Felipe Vásquez Ibarra,794,Mexico,Left Center Back,97.45,True
3939979,10337,Yordan Hernando Osorio Paredes,3563,Venezuela,Left Center Back,97.45,True
3939979,13025,Jefferson David Savarino Quintero,3563,Venezuela,Center Attacking Midfield,45.0,True
3939979,33126,Israel Reyes Romero,794,Mexico,Right Center Back,52.45,False
3939979,11501,Darwin Daniel Machís Marcano,3563,Venezuela,Right Wing,27.05,False
3939979,27889,César Saúl Huerta Valera,794,Mexico,Right Midfield,25.17,False
3939979,27896,Gerardo Daniel Arteaga Zamora,794,Mexico,Left Back,97.45,True
3939979,16249,Yangel Clemente Herrera Ravelo,3563,Venezuela,Left Defensive Midfield,88.4,True
3939980,16768,Michael Hector,2305,Jamaica,Right Center Back,51.07,False
3939980,435137,Kaheim Dixon,2305,Jamaica,Right Wing,13.2,False
3939980,4610,Ethan Pinnock,2305,Jamaica,Left Center Back,96.07,True
3939980,9923,Bobby Armani De Cordova-Reid,2305,Jamaica,Right Defensive Midfield,96.07,True
3939980,21131,John Yeboah Zamora,3565,Ecuador,Right Wing,63.55,True
3939980,40211,Jeremy Leonel Sarmiento Morante,3565,Ecuador,Left Wing,94.4,True
3939980,61204,Dexter Lembikisa,2305,Jamaica,Right Back,87.92,True
3939980,3349,Michail Antonio,2305,Jamaica,Center Forward,96.07,True
3939980,348757,Kevin José Rodríguez Cortez,3565,Ecuador,Center Forward,86.93,True
3939980,3159,Gregory Leigh,2305,Jamaica,Left Back,96.07,True
3939980,226523,Jahmali Waite,2305,Jamaica,Goalkeeper,96.07,True
3939980,37726,Moisés Isaac Caicedo Corozo,3565,Ecuador,Left Defensive Midfield,96.07,True
3939980,30111,Felix Eduardo Torres Caicedo,3565,Ecuador,Right Center Back,96.07,True
3939980,31455,Shamar Nicholson,2305,Jamaica,Right Wing,82.87,True
3939980,49120,Damion Lowe,2305,Jamaica,Right Defensive Midfield,45.0,True
3939980,206048,Karoy Anderson,2305,Jamaica,Left Defensive Midfield,13.0,False
3939980,123554,Jordy Josué Caicedo Medina,3565,Ecuador,Center Forward,9.13,False
3939980,32677,Alexander Domínguez Carabalí,3565,Ecuador,Goalkeeper,96.07,True
3939980,405926,Renaldo Showayne Cephas,2305,Jamaica,Right Back,8.15,False
3939980,12583,Carlos Armando Gruezo Arboleda,3565,Ecuador,Right Defensive Midfield,8.88,False
3939980,37737,Angelo Smit Preciado Quiñónez,3565,Ecuador,Right Back,96.07,True
3939980,33145,Di'Shon Bernard,2305,Jamaica,Right Center Back,45.0,True
3939980,123625,Alan Steve Minda García,3565,Ecuador,Right Wing,32.52,False
3939980,32685,Joël Latibeaudiere,2305,Jamaica,Left Defensive Midfield,83.07,True
3939980,37560,Janner Hitcler Corozo Alman,3565,Ecuador,Left Wing,1.67,False
3939980,3312,Demarai Gray,2305,Jamaica,Left Wing,51.07,False
3939980,41593,Willian Joel Pacho Tenorio,3565,Ecuador,Left Center Back,96.07,True
3939980,38004,Piero Martín Hincapié Reyna,3565,Ecuador,Left Back,96.07,True
3939980,3317,Kasey Palmer,2305,Jamaica,Center Attacking Midfield,96.07,True
3939980,384888,Ray Kendry Páez Andrade,3565,Ecuador,Center Attacking Midfield,87.18,True
3939980,37945,Alan Steven Franco Palma,3565,Ecuador,Right Defensive Midfield,96.07,True
3939981,12352,Matthew Charles Turner,1839,United States,Goalkeeper,45.0,True
3939981,5634,Erick Javier Davis Grajales,798,Panama,Left Wing Back,94.35,True
3939981,18242,Tim Ream,1839,United States,Left Center Back,85.6,True
3939981,5637,Edgar Yoel Bárcenas Herrera,798,Panama,Left Wing,94.35,True
3939981,4614,Antonee Robinson,1839,United States,Left Back,94.35,True
3939981,5641,Michael Amir Murillo Bermudez,798,Panama,Right Wing Back,94.35,True
3939981,8526,Weston McKennie,1839,United States,Right Center Midfield,94.35,True
3939981,12751,Tyler Adams,1839,United States,Left Defensive Midfield,45.0,True
3939981,44305,César Rodolfo Blackman Camarena,798,Panama,Right Wing,59.13,True
3939981,91089,José Fajardo Nelson,798,Panama,Center Forward,49.35,False
3939981,21201,Ethan Horvath,1839,United States,Goalkeeper,49.35,False
3939981,51733,Folarin Balogun,1839,United States,Center Forward,71.45,True
3939981,22168,Joshua Sargent,1839,United States,Left Center Forward,8.75,False
3939981,50971,Eduardo Antonio Guerrero Lozcano,798,Panama,Center Forward,45.0,True
3939981,36830,Joseph Scally,1839,United States,Right Back,94.35,True
3939981,34339,Giovanni Reyna,1839,United States,Right Midfield,45.0,True
3939981,223971,José Ángel Córdoba Chambers,798,Panama,Center Back,94.35,True
3939981,15971,Cameron Carter-Vickers,1839,United States,Center Back,49.35,False
3939981,26151,Ricardo Daniel Pepi,1839,United States,Center Forward,22.9,False
3939981,35432,Abdiel Armando Ayarza Cocanegra,798,Panama,Right Defensive Midfield,19.3,False
3939981,22256,Roderick Alonso Miller Molina,798,Panama,Left Center Back,94.35,True
3939981,3377,Timothy Weah,1839,United States,Right Wing,94.35,True
3939981,41266,Chris Richards,1839,United States,Right Center Back,94.35,True
3939981,47345,Adalberto Eliécer Carrasquilla Alcázar,798,Panama,Left Defensive Midfield,94.35,True
3939981,104179,Orlando Mosquera,798,Panama,Goalkeeper,94.35,True
3939981,260212,Edgardo Isaac Fariña Wynter,798,Panama,Right Center Back,94.35,True
3939981,8246,Christian Pulisic,1839,United States,Left Center Midfield,94.35,True
3939981,32122,João Lucas de Souza Cardoso,1839,United States,Center Defensive Midfield,49.35,False
3939981,16637,Cristian Jesús Martínez,798,Panama,Right Defensive Midfield,75.05,True
3939981,113279,Freddy Elías Góndola Smith,798,Panama,Left Wing,35.22,False
3939982,5258,Giorgian Daniel De Arrascaeta Benedetti,783,Uruguay,Center Attacking Midfield,5.22,False
3939982,5260,Rodrigo Bentancur Colmán,783,Uruguay,Left Defensive Midfield,8.18,False
3939982,28949,Boris Cespedes,3564,Bolivia,Right Defensive Midfield,93.28,True
3939982,398489,Héctor Manuel Cuellar Rosales,3564,Bolivia,Right Center Back,93.28,True
3939982,223769,Marcelo Sebastián Suárez Justiniano,3564,Bolivia,Left Wing Back,48.28,False
3939982,24730,Lucas René Olaza Catrofe,783,Uruguay,Left Back,11.35,False
3939982,336796,Miguel Ángel Terceros,3564,Bolivia,Left Wing,67.43,True
3939982,5246,Luis Alberto Suárez Díaz,783,Uruguay,Center Forward,10.97,False
3939982,232736,Diego Daniel Medina Roman,3564,Bolivia,Right Wing Back,19.55,False
3939982,35492,Maximiliano Javier Araújo Vilches,783,Uruguay,Left Wing,93.28,True
3939982,34476,Matías Nicolás Viña Susperreguy,783,Uruguay,Left Back,81.93,True
3939982,36659,Manuel Ugarte Ribeiro,783,Uruguay,Right Defensive Midfield,93.28,True
3939982,113717,Carmelo Algarañaz Añez,3564,Bolivia,Center Forward,81.78,True
3939982,28729,Diego Nicolás De La Cruz Arcosa,783,Uruguay,Center Attacking Midfield,88.07,True
3939982,7104,Mathías Olivera Miramontes,783,Uruguay,Left Center Back,93.28,True
3939982,36288,Facundo Pellistri Rebollo,783,Uruguay,Right Wing,85.05,True
3939982,113732,Gabriel Alejandro Villamíl Cortéz,3564,Bolivia,Left Defensive Midfield,93.28,True
3939982,113734,Lucas Leónidas Chávez Cruz,3564,Bolivia,Left Wing,25.85,False
3939982,113995,Ramiro Vaca Ponce,3564,Bolivia,Right Wing,73.77,True
3939982,37070,Luis Fernando Haquín Lopez,3564,Bolivia,Center Back,93.28,True
3939982,47055,Roberto Carlos Fernández Toro,3564,Bolivia,Left Wing Back,45.0,True
3939982,47057,Guillermo Viscarra Bruckner,3564,Bolivia,Goalkeeper,93.28,True
3939982,114003,José Manuel Sagredo Chávez,3564,Bolivia,Left Center Back,93.28,True
3939982,32478,Darwin Gabriel Núñez Ribeiro,783,Uruguay,Center Forward,82.32,True
3939982,32480,Ronald Federico Araújo da Silva,783,Uruguay,Right Center Back,93.28,True
3939982,36706,Cristian Gonzalo Olivera Ibarra,783,Uruguay,Right Wing,8.23,False
3939982,40037,Jaume Cuéllar Mendoza,3564,Bolivia,Right Center Forward,19.52,False
3939982,36710,Sergio Rochet Álvarez,783,Uruguay,Goalkeeper,93.28,True
3939982,6773,Federico Santiago Valverde Dipetta,783,Uruguay,Left Defensive Midfield,85.1,True
3939982,367353,Yomar Rene Rocha Rodriguez,3564,Bolivia,Right Wing Back,73.73,True
3939982,398462,Adalid Terrazas Abasto,3564,Bolivia,Left Center Midfield,11.5,False
3939982,5247,Nahitan Michel Nández Acosta,783,Uruguay,Right Back,93.28,True
3939983,87429,Mathías Adalberto Villasanti Rolón,3567,Paraguay,Left Defensive Midfield,93.0,True
3939983,6406,Gabriel dos Santos Magalhães,781,Brazil,Left Center Back,7.22,False
3939983,47112,Julio César Enciso Espínola,3567,Paraguay,Center Attacking Midfield,72.47,True
3939983,28943,Víctor Gustavo Velázquez Ramos,3567,Paraguay,Right Back,93.0,True
3939983,25104,Rodrygo Silva de Goes,781,Brazil,Right Center Forward,77.87,True
3939983,4372,Marcos Aoás Corrêa,781,Brazil,Left Center Back,93.0,True
3939983,8212,Wendell Nascimento Borges,781,Brazil,Left Back,93.0,True
3939983,195989,Néstor Rafael Giménez Florentín,3567,Paraguay,Left Back,20.55,False
3939983,87449,Damián Josué Bobadilla Benítez,3567,Paraguay,Right Wing,83.8,True
3939983,44455,Sávio Moreira de Oliveira,781,Brazil,Right Midfield,71.03,True
3939983,5547,Alisson Ramsés Becker,781,Brazil,Goalkeeper,93.0,True
3939983,6574,Douglas Luiz Soares de Paulo,781,Brazil,Left Defensive Midfield,21.6,False
3939983,10290,Fabián Cornelio Balbuena González,3567,Paraguay,Right Center Back,93.0,True
3939983,87603,Ramón Sosa Acosta,3567,Paraguay,Left Wing,16.18,False
3939983,13620,Éder Gabriel Militão,781,Brazil,Right Center Back,85.78,True
3939983,25142,Bruno Guimarães Rodriguez Moura,781,Brazil,Right Defensive Midfield,71.4,True
3939983,12603,Miguel Ángel Almirón Rejala,3567,Paraguay,Left Wing,76.82,True
3939983,6846,Andreas Hoelgebaum Pereira,781,Brazil,Left Midfield,14.97,False
3939983,62016,Rodrigo Mario Morínigo Acosta,3567,Paraguay,Goalkeeper,93.0,True
3939983,26306,Adam Fernando Bareiro Gamarra,3567,Paraguay,Center Forward,20.55,False
3939983,22600,Lucas Tolentino Coelho de Lima,781,Brazil,Left Midfield,78.03,True
3939983,48720,João Victor Gomes da Silva,781,Brazil,Left Defensive Midfield,93.0,True
3939983,29009,Omar Federico Alderete Fernández,3567,Paraguay,Left Center Back,93.0,True
3939983,47186,Hernesto Ezequiel Caballero Benítez,3567,Paraguay,Right Defensive Midfield,9.2,False
3939983,46677,Matías David Espinoza Acosta,3567,Paraguay,Left Back,72.45,True
3939983,12758,Alejandro Romero Gamarra,3567,Paraguay,Center Attacking Midfield,20.53,False
3939983,18395,Vinícius José Paixão de Oliveira Júnior,781,Brazil,Left Center Forward,93.0,True
3939983,10595,Raphael Dias Belloli,781,Brazil,Right Midfield,21.97,False
3939983,28657,Adrián Andrés Cubas,3567,Paraguay,Right Defensive Midfield,93.0,True
3939983,271988,Endrick Felipe Moreira de Sousa,781,Brazil,Right Center Forward,15.13,False
3939983,170230,Alex Adrián Arce Barrios,3567,Paraguay,Center Forward,72.45,True
3939983,3063,Danilo Luiz da Silva,781,Brazil,Right Back,93.0,True
3939984,30976,Jhon Jáder Durán Palacio,769,Colombia,Right Center Forward,15.62,False
3939984,97291,Patrick Gilmar Sequeira Mejías,795,Costa Rica,Goalkeeper,92.0,True
3939984,27277,Jhon Adolfo Arias Andrade,769,Colombia,Left Center Midfield,92.0,True
3939984,154895,Warren Steven Madrigal Molina,795,Costa Rica,Left Attacking Midfield,82.23,True
3939984,130193,Jefferson Brenes Rojas,795,Costa Rica,Right Defensive Midfield,26.88,False
3939984,184468,Álvaro José Zamora Mata,795,Costa Rica,Right Attacking Midfield,65.47,True
3939984,27158,Luis Fernando Díaz Marulanda,769,Colombia,Left Center Forward,76.38,True
3939984,28567,Carlos Eccehomo Cuesta Figueroa,769,Colombia,Left Center Back,92.0,True
3939984,143385,Jeyland Yahir Mitchell Baltodano,795,Costa Rica,Right Center Back,92.0,True
3939984,27163,Juan Pablo Vargas Campos,795,Costa Rica,Center Back,92.0,True
3939984,36251,Manfred Ugalde,795,Costa Rica,Center Forward,45.0,True
3939984,19101,Ariel Lassiter,795,Costa Rica,Left Wing Back,45.0,True
3939984,132510,Haxzel Quirós Cruz,795,Costa Rica,Right Wing Back,92.0,True
3939984,27423,Daniel Muñoz Mejía,769,Colombia,Right Back,92.0,True
3939984,132257,Josimar Alcócer,795,Costa Rica,Left Attacking Midfield,26.53,False
3939984,132516,Orlando Moisés Galo Calderón,795,Costa Rica,Right Defensive Midfield,92.0,True
3939984,3494,Davinson Sánchez Mina,769,Colombia,Right Center Back,92.0,True
3939984,5678,Jefferson Andrés Lerma Solís,769,Colombia,Center Defensive Midfield,71.1,True
3939984,6193,Andrés Mateus Uribe Villa,769,Colombia,Center Defensive Midfield,47.0,False
3939984,108340,Brandon Aguilera Zamora,795,Costa Rica,Left Defensive Midfield,65.12,True
3939984,13367,Joseph Martín Mora Cortéz,795,Costa Rica,Left Wing Back,47.0,False
3939984,5691,Johan Andrés Mojica Palacio,769,Colombia,Left Back,92.0,True
3939984,5695,James David Rodríguez Rubio,769,Colombia,Center Attacking Midfield,71.52,True
3939984,388549,Andy Rojas Maroto,795,Costa Rica,Center Forward,9.77,False
3939984,5581,Joel Nathaniel Campbell Samuels,795,Costa Rica,Right Attacking Midfield,47.0,False
3939984,27225,Camilo Andrés Vargas Gil,769,Colombia,Goalkeeper,92.0,True
3939984,5600,Francisco Javier Calvo Quesada,795,Costa Rica,Left Center Back,92.0,True
3939984,60514,Yaser Esneider Asprilla Martínez,769,Colombia,Center Attacking Midfield,20.48,False
3939984,60138,Kevin Duvan Castaño Gil,769,Colombia,Right Center Midfield,20.9,False
3939984,28266,Rafael Santos Borré Amaury,769,Colombia,Left Center Forward,15.23,False
3939984,8817,Jhon Andrés Córdoba Copete,769,Colombia,Right Center Forward,76.77,True
3939984,49395,Richard Rios Montoya,769,Colombia,Right Center Midfield,45.0,True
3939985,37057,Thomas Ignacio Galdames Millán,3562,Chile,Left Back,67.85,False
3939985,23363,Liam Millar,1833,Canada,Left Wing,33.37,False
3939985,217795,César Ignacio Pérez Maldonado,3562,Chile,Right Defensive Midfield,16.07,False
3939985,6855,Guillermo Alfonso Maripán Loaysa,3562,Chile,Left Center Back,97.6,True
3939985,7175,Erick Antonio Pulgar Farfán,3562,Chile,Left Defensive Midfield,52.6,False
3939985,16459,Cyle Larin,1833,Canada,Center Forward,75.37,True
3939985,12365,Alphonso Davies,1833,Canada,Left Back,97.6,True
3939985,23758,Maxime Crépeau,1833,Canada,Goalkeeper,97.6,True
3939985,26256,Igor Lichnovsky Osorio,3562,Chile,Right Center Back,97.6,True
3939985,23760,Derek Cornelius,1833,Canada,Left Center Back,97.6,True
3939985,383250,Moise Bombito,1833,Canada,Right Center Back,97.6,True
3939985,23828,Kamal Miller,1833,Canada,Left Center Back,3.38,False
3939985,23640,Jonathan David,1833,Canada,Center Attacking Midfield,94.22,True
3939985,24024,Tajon Buchanan,1833,Canada,Right Wing,22.13,False
3939985,35738,Rodrigo Eduardo Echeverría Sáez,3562,Chile,Left Defensive Midfield,81.53,True
3939985,224603,Tanitoluwa Oluwaseyi,1833,Canada,Center Forward,22.23,False
3939985,44703,Alistair Johnston,1833,Canada,Right Back,97.6,True
3939985,30944,Víctor Alejandro Dávila Zavala,3562,Chile,Right Midfield,76.3,True
3939985,12770,Jonathan Osorio,1833,Canada,Right Defensive Midfield,97.6,True
3939985,35939,Marcos Nikolas Bolados Hidalgo,3562,Chile,Left Midfield,52.6,False
3939985,26152,Jacob Shaffelburg,1833,Canada,Left Wing,64.23,True
3939985,28648,Gabriel Arias Arroyo,3562,Chile,Goalkeeper,97.6,True
3939985,11187,Stephen Antunes Eustáquio,1833,Canada,Left Defensive Midfield,97.6,True
3939985,36532,Marcelino Ignacio Nuñez Espinoza,3562,Chile,Right Defensive Midfield,45.0,True
3939985,27317,Eduardo Jesús Vargas Rojas,3562,Chile,Center Forward,45.0,True
3939985,36212,Gabriel Alonso Suazo Urbina,3562,Chile,Left Back,97.6,True
3939985,16120,Richie Laryea,1833,Canada,Right Wing,75.47,True
3939985,3385,Alexis Alejandro Sánchez Sánchez,3562,Chile,Center Forward,97.6,True
3939985,18874,Mauricio Aníbal Isla Isla,3562,Chile,Right Back,97.6,True
3939985,204925,Darío Esteban Osorio Osorio,3562,Chile,Right Wing,29.75,True
3939985,4735,Ben Brereton Díaz,3562,Chile,Left Midfield,21.3,False
3939986,5507,Nicolás Alejandro Tagliafico,779,Argentina,Left Back,94.13,True
3939986,35205,Jesús Abdallah Castillo Molina,784,Peru,Center Defensive Midfield,49.13,False
3939986,36359,Carlos Augusto Zambrano Ochandarte,784,Peru,Center Back,94.13,True
3939986,5519,Christian Alberto Cueva Bravo,784,Peru,Center Attacking Midfield,17.12,False
3939986,3090,Nicolás Hernán Otamendi,779,Argentina,Left Center Back,94.13,True
3939986,5525,Édison Michael Flores Peralta,784,Peru,Left Center Midfield,55.57,True
3939986,5528,Pedro David Gallese Quiróz,784,Peru,Goalkeeper,94.13,True
3939986,5535,José Paolo Guerrero Gonzáles,784,Peru,Center Forward,55.38,True
3939986,52129,Alejandro Garnacho Ferreyra,779,Argentina,Left Wing,64.93,True
3939986,26404,Guido Rodríguez,779,Argentina,Center Defensive Midfield,16.92,False
3939986,6313,Wilder José Cartagena Mendoza,784,Peru,Center Defensive Midfield,45.0,True
3939986,130731,Oliver Sonne,784,Peru,Right Wing Back,94.13,True
3939986,148397,Valentin Carboni,779,Argentina,Right Wing,17.95,False
3939986,2995,Ángel Fabián Di María Hernández,779,Argentina,Right Wing,76.18,True
3939986,16308,Leandro Daniel Paredes,779,Argentina,Center Defensive Midfield,77.22,True
3939986,28728,Lucas Martínez Quarta,779,Argentina,Right Center Back,12.17,False
3939986,38718,Enzo Fernandez,779,Argentina,Left Center Midfield,28.32,False
3939986,11456,Lautaro Javier Martínez,779,Argentina,Center Forward,94.13,True
3939986,35009,Aldo Sebastián Corzo Chávez,784,Peru,Right Center Back,94.13,True
3939986,15481,Alexander Martín Marquinho Callens Asín,784,Peru,Left Center Back,94.13,True
3939986,45377,Franco Zanelatto Téllez,784,Peru,Left Midfield,31.47,False
3939986,37700,José Daniel Rivera Martínez,784,Peru,Right Midfield,38.57,False
3939986,23749,Marcos Johan López Lanfranco,784,Peru,Left Wing Back,77.02,True
3939986,111560,Brayan Roberto Reyna Casaverde,784,Peru,Left Attacking Midfield,62.67,True
3939986,20687,Nicolás Iván González,779,Argentina,Left Wing,29.2,False
3939986,10836,Sergio Fernando Peña Flores,784,Peru,Right Center Midfield,94.13,True
3939986,28263,Gonzalo Ariel Montiel,779,Argentina,Right Back,94.13,True
3939986,7143,Gianluca Lapadula Vargas,784,Peru,Center Forward,38.75,False
3939986,28268,Exequiel Alejandro Palacios,779,Argentina,Right Center Midfield,94.13,True
3939986,3313,Giovani Lo Celso,779,Argentina,Left Center Midfield,65.82,True
3939986,7161,Germán Alejandro Pezzella,779,Argentina,Right Center Back,81.97,True
3939986,6909,Damián Emiliano Martínez,779,Argentina,Goalkeeper,94.13,True
3939987,16768,Michael Hector,2305,Jamaica,Center Back,92.92,True
3939987,4610,Ethan Pinnock,2305,Jamaica,Left Center Back,92.92,True
3939987,129288,Alexander Andre Marshsall,2305,Jamaica,Right Attacking Midfield,6.15,False
3939987,13577,Wes Harding,2305,Jamaica,Right Wing Back,66.28,True
3939987,32012,Rafael Enrique Romo Pérez,3563,Venezuela,Goalkeeper,92.92,True
3939987,44304,Eric Kleybel Ramírez Matheus,3563,Venezuela,Center Forward,12.18,False
3939987,3349,Michail Antonio,2305,Jamaica,Center Forward,66.18,True
3939987,25115,Yeferson Julio Soteldo Martínez,3563,Venezuela,Left Wing,33.5,False
3939987,405926,Renaldo Showayne Cephas,2305,Jamaica,Right Attacking Midfield,45.0,True
3939987,113450,Jon Mikel Aramburu Mejías,3563,Venezuela,Left Back,80.95,True
3939987,32685,Joël Latibeaudiere,2305,Jamaica,Right Center Back,86.82,True
3939987,113455,Kervin Mario Andrade Navarro,3563,Venezuela,Center Attacking Midfield,19.5,False
3939987,7475,Tomás Eduardo Rincón Hernández,3563,Venezuela,Right Defensive Midfield,33.03,False
3939987,36147,Christian Frederick Bayoi Makoun Reyes,3563,Venezuela,Left Back,11.97,False
3939987,36917,José Andrés Martínez Torres,3563,Venezuela,Center Defensive Midfield,92.92,True
3939987,135988,Richard Larkland King,2305,Jamaica,Right Wing Back,6.1,False
3939987,435137,Kaheim Dixon,2305,Jamaica,Right Attacking Midfield,47.92,False
3939987,35785,Eduard Alexander Bello Gil,3563,Venezuela,Right Wing,92.92,True
3939987,4041,José Salomón Rondón Giménez,3563,Venezuela,Center Forward,80.73,True
3939987,47822,Wilker José Ángel Romero,3563,Venezuela,Left Center Back,92.92,True
3939987,226523,Jahmali Waite,2305,Jamaica,Goalkeeper,92.92,True
3939987,190172,Telasco José Segovia Pérez,3563,Venezuela,Right Center Midfield,73.42,True
3939987,31455,Shamar Nicholson,2305,Jamaica,Center Forward,26.73,False
3939987,49120,Damion Lowe,2305,Jamaica,Right Defensive Midfield,92.92,True
3939987,10337,Yordan Hernando Osorio Paredes,3563,Venezuela,Right Center Back,92.92,True
3939987,110050,Jonathan Bell,2305,Jamaica,Left Wing Back,92.92,True
3939987,206048,Karoy Anderson,2305,Jamaica,Right Defensive Midfield,26.63,False
3939987,24168,Alexander David González Sibulo,3563,Venezuela,Right Back,92.92,True
3939987,11501,Darwin Daniel Machís Marcano,3563,Venezuela,Left Midfield,59.42,True
3939987,3312,Demarai Gray,2305,Jamaica,Left Attacking Midfield,86.77,True
3939987,3317,Kasey Palmer,2305,Jamaica,Left Defensive Midfield,92.92,True
3939987,16249,Yangel Clemente Herrera Ravelo,3563,Venezuela,Left Center Midfield,59.88,True
3939988,26368,César Jasib Montes Castro,794,Mexico,Right Center Back,99.87,True
3939988,31053,Santiago Tomás Giménez,794,Mexico,Center Forward,99.87,True
3939988,28559,Enner Remberto Valencia Lastra,3565,Ecuador,Left Center Forward,99.87,True
3939988,64207,José Andrés Hurtado Cheme,3565,Ecuador,Right Back,10.22,False
3939988,26385,Jordi Cortizo de la Piedra,794,Mexico,Left Midfield,14.9,False
3939988,26386,Luis Francisco Romo Barrón,794,Mexico,Center Defensive Midfield,85.07,True
3939988,40211,Jeremy Leonel Sarmiento Morante,3565,Ecuador,Left Midfield,74.43,True
3939988,384888,Ray Kendry Páez Andrade,3565,Ecuador,Right Midfield,67.22,True
3939988,36949,Julio José González Vela-Alvizu,794,Mexico,Goalkeeper,99.87,True
3939988,348757,Kevin José Rodríguez Cortez,3565,Ecuador,Right Center Forward,75.27,True
3939988,28825,Luis Gerardo Chávez Magallón,794,Mexico,Left Center Midfield,99.87,True
3939988,15452,Carlos Uriel Antuna Romero,794,Mexico,Right Midfield,32.65,False
3939988,37726,Moisés Isaac Caicedo Corozo,3565,Ecuador,Left Defensive Midfield,99.87,True
3939988,30111,Felix Eduardo Torres Caicedo,3565,Ecuador,Right Center Back,99.87,True
3939988,26336,Johan Felipe Vásquez Ibarra,794,Mexico,Left Center Back,99.87,True
3939988,28511,Ángel Israel Mena Delgado,3565,Ecuador,Right Wing,25.43,False
3939988,43555,Erick Daniel Sánchez Ocegueda,794,Mexico,Right Defensive Midfield,14.8,False
3939988,32677,Alexander Domínguez Carabalí,3565,Ecuador,Goalkeeper,99.87,True
3939988,26406,Jorge Eduardo Sánchez Ramos,794,Mexico,Right Back,99.87,True
3939988,12583,Carlos Armando Gruezo Arboleda,3565,Ecuador,Left Defensive Midfield,24.6,False
3939988,26280,Orbelín Pineda Alvarado,794,Mexico,Right Center Midfield,67.22,True
3939988,37737,Angelo Smit Preciado Quiñónez,3565,Ecuador,Right Back,89.65,True
3939988,75305,Guillermo Martínez Ayala,794,Mexico,Left Center Forward,32.65,False
3939988,123625,Alan Steve Minda García,3565,Ecuador,Left Wing,32.65,False
3939988,35375,Julián Andrés Quiñones Quiñones,794,Mexico,Left Midfield,84.97,True
3939988,27889,César Saúl Huerta Valera,794,Mexico,Right Midfield,67.22,True
3939988,41593,Willian Joel Pacho Tenorio,3565,Ecuador,Left Center Back,99.87,True
3939988,38004,Piero Martín Hincapié Reyna,3565,Ecuador,Left Back,99.87,True
3939988,27896,Gerardo Daniel Arteaga Zamora,794,Mexico,Left Back,90.05,True
3939988,37945,Alan Steven Franco Palma,3565,Ecuador,Right Defensive Midfield,99.87,True
3939988,26301,Ernesto Alexis Vega Rojas,794,Mexico,Left Midfield,9.82,False
3939989,5634,Erick Javier Davis Grajales,798,Panama,Left Wing Back,94.98,True
3939989,5637,Edgar Yoel Bárcenas Herrera,798,Panama,Left Wing,94.98,True
3939989,5641,Michael Amir Murillo Bermudez,798,Panama,Right Wing Back,45.0,True
3939989,44305,César Rodolfo Blackman Camarena,798,Panama,Right Wing,94.98,True
3939989,28949,Boris Cespedes,3564,Bolivia,Right Defensive Midfield,63.32,True
3939989,223769,Marcelo Sebastián Suárez Justiniano,3564,Bolivia,Left Center Back,94.98,True
3939989,398489,Héctor Manuel Cuellar Rosales,3564,Bolivia,Right Center Back,94.98,True
3939989,47131,Leonel Justiniano Arauz,3564,Bolivia,Right Defensive Midfield,31.67,False
3939989,336796,Miguel Ángel Terceros,3564,Bolivia,Right Attacking Midfield,80.4,True
3939989,50971,Eduardo Antonio Guerrero Lozcano,798,Panama,Center Forward,21.65,False
3939989,113715,Fernando Javier Saucedo Pereyra,3564,Bolivia,Left Defensive Midfield,14.6,False
3939989,113717,Carmelo Algarañaz Añez,3564,Bolivia,Center Forward,94.98,True
3939989,21315,Bruno Miranda Villagomez,3564,Bolivia,Center Forward,32.3,False
3939989,113732,Gabriel Alejandro Villamíl Cortéz,3564,Bolivia,Left Defensive Midfield,62.73,True
3939989,113734,Lucas Leónidas Chávez Cruz,3564,Bolivia,Right Wing,14.58,False
3939989,113995,Ramiro Vaca Ponce,3564,Bolivia,Left Attacking Midfield,80.38,True
3939989,37070,Luis Fernando Haquín Lopez,3564,Bolivia,Center Back,94.98,True
3939989,47057,Guillermo Viscarra Bruckner,3564,Bolivia,Goalkeeper,94.98,True
3939989,363986,Jovani Francisco Welch Lopez,798,Panama,Left Defensive Midfield,89.6,True
3939989,114003,José Manuel Sagredo Chávez,3564,Bolivia,Left Wing Back,94.98,True
3939989,91089,José Fajardo Nelson,798,Panama,Center Forward,82.47,True
3939989,223971,José Ángel Córdoba Chambers,798,Panama,Center Back,94.98,True
3939989,34148,Carlos Miguel Harvey Cesneros,798,Panama,Left Center Back,73.33,True
3939989,35432,Abdiel Armando Ayarza Cocanegra,798,Panama,Right Defensive Midfield,21.88,False
3939989,104179,Orlando Mosquera,798,Panama,Goalkeeper,94.98,True
3939989,260212,Edgardo Isaac Fariña Wynter,798,Panama,Right Center Back,94.98,True
3939989,104181,César Augusto Yanis Velasco,798,Panama,Center Attacking Midfield,5.38,False
3939989,383095,Kahiser Lenis Navarro,798,Panama,Right Wing,49.98,False
3939989,367353,Yomar Rene Rocha Rodriguez,3564,Bolivia,Right Wing Back,62.68,True
3939989,16637,Cristian Jesús Martínez,798,Panama,Right Defensive Midfield,73.1,True
3939989,398462,Adalid Terrazas Abasto,3564,Bolivia,Left Defensive Midfield,32.25,False
3939989,113279,Freddy Elías Góndola Smith,798,Panama,Left Wing,12.52,False
3939990,12352,Matthew Charles Turner,1839,United States,Goalkeeper,96.2,True
3939990,7104,Mathías Olivera Miramontes,783,Uruguay,Left Center Back,96.2,True
3939990,18242,Tim Ream,1839,United States,Left Center Back,88.53,True
3939990,36288,Facundo Pellistri Rebollo,783,Uruguay,Right Wing,96.2,True
3939990,4614,Antonee Robinson,1839,United States,Left Back,96.2,True
3939990,38792,Yunus Dimoara Musah,1839,United States,Left Center Midfield,71.32,True
3939990,5259,José María Giménez de Vargas,783,Uruguay,Left Center Back,25.18,False
3939990,5260,Rodrigo Bentancur Colmán,783,Uruguay,Left Defensive Midfield,17.83,False
3939990,8526,Weston McKennie,1839,United States,Right Center Midfield,96.2,True
3939990,12751,Tyler Adams,1839,United States,Center Defensive Midfield,96.2,True
3939990,51733,Folarin Balogun,1839,United States,Center Forward,40.55,True
3939990,22168,Joshua Sargent,1839,United States,Right Wing,24.88,False
3939990,39259,Malik Tillman,1839,United States,Left Center Midfield,7.67,False
3939990,36830,Joseph Scally,1839,United States,Right Back,78.35,True
3939990,32478,Darwin Gabriel Núñez Ribeiro,783,Uruguay,Center Forward,88.27,True
3939990,32480,Ronald Federico Araújo da Silva,783,Uruguay,Right Center Back,96.2,True
3939990,36706,Cristian Gonzalo Olivera Ibarra,783,Uruguay,Left Wing,69.77,False
3939990,34339,Giovanni Reyna,1839,United States,Left Wing,96.2,True
3939990,35492,Maximiliano Javier Araújo Vilches,783,Uruguay,Left Wing,26.43,True
3939990,36710,Sergio Rochet Álvarez,783,Uruguay,Goalkeeper,96.2,True
3939990,26151,Ricardo Daniel Pepi,1839,United States,Center Forward,55.65,False
3939990,35690,Sebastián Enzo Cáceres Ramos,783,Uruguay,Left Center Back,8.02,False
3939990,34476,Matías Nicolás Viña Susperreguy,783,Uruguay,Left Back,71.02,True
3939990,41266,Chris Richards,1839,United States,Right Center Back,96.2,True
3939990,36659,Manuel Ugarte Ribeiro,783,Uruguay,Left Defensive Midfield,88.18,True
3939990,6773,Federico Santiago Valverde Dipetta,783,Uruguay,Right Defensive Midfield,96.2,True
3939990,8246,Christian Pulisic,1839,United States,Right Wing,96.2,True
3939990,22008,Haji Wright,1839,United States,Left Wing,17.85,False
3939990,28729,Diego Nicolás De La Cruz Arcosa,783,Uruguay,Center Attacking Midfield,78.37,True
3939990,5246,Luis Alberto Suárez Díaz,783,Uruguay,Center Forward,7.93,False
3939990,5247,Nahitan Michel Nández Acosta,783,Uruguay,Right Back,96.2,True
3939991,27277,Jhon Adolfo Arias Andrade,769,Colombia,Left Center Midfield,95.27,True
3939991,25104,Rodrygo Silva de Goes,781,Brazil,Center Forward,72.93,True
3939991,8212,Wendell Nascimento Borges,781,Brazil,Left Back,85.6,True
3939991,4372,Marcos Aoás Corrêa,781,Brazil,Left Center Back,95.27,True
3939991,27158,Luis Fernando Díaz Marulanda,769,Colombia,Left Center Forward,88.9,True
3939991,28567,Carlos Eccehomo Cuesta Figueroa,769,Colombia,Left Center Back,95.27,True
3939991,27423,Daniel Muñoz Mejía,769,Colombia,Right Back,95.27,True
3939991,3494,Davinson Sánchez Mina,769,Colombia,Right Center Back,95.27,True
3939991,44455,Sávio Moreira de Oliveira,781,Brazil,Right Wing,22.33,False
3939991,5547,Alisson Ramsés Becker,781,Brazil,Goalkeeper,95.27,True
3939991,5678,Jefferson Andrés Lerma Solís,769,Colombia,Center Defensive Midfield,95.27,True
3939991,6574,Douglas Luiz Soares de Paulo,781,Brazil,Left Defensive Midfield,9.63,False
3939991,6193,Andrés Mateus Uribe Villa,769,Colombia,Right Center Midfield,20.03,False
3939991,28723,Jorge Andrés Carrascal Guardo,769,Colombia,Center Forward,14.52,False
3939991,13620,Éder Gabriel Militão,781,Brazil,Right Center Back,95.27,True
3939991,25142,Bruno Guimarães Rodriguez Moura,781,Brazil,Left Defensive Midfield,85.63,True
3939991,27702,Éderson José dos Santos Lourenço da Silva,781,Brazil,Right Defensive Midfield,22.62,False
3939991,16184,Luis Fernando Sinisterra Lucumí,769,Colombia,Right Wing,6.37,False
3939991,5691,Johan Andrés Mojica Palacio,769,Colombia,Left Back,50.27,False
3939991,6846,Andreas Hoelgebaum Pereira,781,Brazil,Left Center Midfield,50.27,False
3939991,5695,James David Rodríguez Rubio,769,Colombia,Center Attacking Midfield,80.75,True
3939991,22600,Lucas Tolentino Coelho de Lima,781,Brazil,Center Attacking Midfield,45.0,True
3939991,48720,João Victor Gomes da Silva,781,Brazil,Right Defensive Midfield,72.65,True
3939991,27473,Deiver Andrés Machado Mena,769,Colombia,Left Back,45.0,True
3939991,27225,Camilo Andrés Vargas Gil,769,Colombia,Goalkeeper,95.27,True
3939991,18395,Vinícius José Paixão de Oliveira Júnior,781,Brazil,Left Wing,95.27,True
3939991,10595,Raphael Dias Belloli,781,Brazil,Right Wing,95.27,True
3939991,28266,Rafael Santos Borré Amaury,769,Colombia,Right Wing,19.92,False
3939991,8817,Jhon Andrés Córdoba Copete,769,Colombia,Right Center Forward,75.35,True
3939991,49395,Richard Rios Montoya,769,Colombia,Right Center Midfield,75.23,True
3939991,271988,Endrick Felipe Moreira de Sousa,781,Brazil,Center Forward,9.67,False
3939991,3063,Danilo Luiz da Silva,781,Brazil,Right Back,95.27,True
3939992,87429,Mathías Adalberto Villasanti Rolón,3567,Paraguay,Left Defensive Midfield,73.32,True
3939992,47112,Julio César Enciso Espínola,3567,Paraguay,Center Forward,96.23,True
3939992,97291,Patrick Gilmar Sequeira Mejías,795,Costa Rica,Goalkeeper,96.23,True
3939992,154895,Warren Steven Madrigal Molina,795,Costa Rica,Right Wing,77.93,True
3939992,28943,Víctor Gustavo Velázquez Ramos,3567,Paraguay,Right Back,73.17,True
3939992,130193,Jefferson Brenes Rojas,795,Costa Rica,Left Defensive Midfield,77.92,True
3939992,132755,Alejandro Jesús Bran Flores,795,Costa Rica,Right Center Midfield,18.32,False
3939992,184468,Álvaro José Zamora Mata,795,Costa Rica,Right Center Forward,28.33,False
3939992,195989,Néstor Rafael Giménez Florentín,3567,Paraguay,Left Back,96.23,True
3939992,87449,Damián Josué Bobadilla Benítez,3567,Paraguay,Right Defensive Midfield,82.23,True
3939992,143385,Jeyland Yahir Mitchell Baltodano,795,Costa Rica,Right Center Back,96.23,True
3939992,27163,Juan Pablo Vargas Campos,795,Costa Rica,Center Back,96.23,True
3939992,132257,Josimar Alcócer,795,Costa Rica,Left Wing,67.9,True
3939992,132516,Orlando Moisés Galo Calderón,795,Costa Rica,Right Defensive Midfield,96.23,True
3939992,193965,Gerald Taylor,795,Costa Rica,Right Wing Back,96.23,True
3939992,47149,Iván Rodrigo Ramírez Segovia,3567,Paraguay,Right Back,23.07,False
3939992,26543,Derlis Alberto González Galeano,3567,Paraguay,Left Center Midfield,14.0,False
3939992,10290,Fabián Cornelio Balbuena González,3567,Paraguay,Right Center Back,96.23,True
3939992,87603,Ramón Sosa Acosta,3567,Paraguay,Left Wing,96.23,True
3939992,108340,Brandon Aguilera Zamora,795,Costa Rica,Left Center Midfield,28.33,False
3939992,13367,Joseph Martín Mora Cortéz,795,Costa Rica,Left Wing Back,87.62,True
3939992,12603,Miguel Ángel Almirón Rejala,3567,Paraguay,Right Wing,45.0,True
3939992,62016,Rodrigo Mario Morínigo Acosta,3567,Paraguay,Goalkeeper,96.23,True
3939992,26306,Adam Fernando Bareiro Gamarra,3567,Paraguay,Center Forward,45.0,True
3939992,132296,Anthony Daniel Contreras Enríquez,795,Costa Rica,Left Center Forward,18.3,False
3939992,30795,Ángel Rodrigo Romero Villamayor,3567,Paraguay,Right Wing,51.23,False
3939992,5581,Joel Nathaniel Campbell Samuels,795,Costa Rica,Center Forward,67.9,True
3939992,29009,Omar Federico Alderete Fernández,3567,Paraguay,Left Center Back,96.23,True
3939992,47186,Hernesto Ezequiel Caballero Benítez,3567,Paraguay,Center Defensive Midfield,51.23,False
3939992,12758,Alejandro Romero Gamarra,3567,Paraguay,Right Center Midfield,22.92,False
3939992,5600,Francisco Javier Calvo Quesada,795,Costa Rica,Left Center Back,96.23,True
3939992,13433,Julio César Cascante Solórzano,795,Costa Rica,Left Center Back,8.62,False
3940878,50436,Fabian Rieder,773,Switzerland,Right Attacking Midfield,70.82,True
3940878,45190,Dan Ndoye,773,Switzerland,Right Wing Back,76.43,True
3940878,16016,Michel Aebischer,773,Switzerland,Left Wing Back,91.33,True
3940878,5537,Fabian Lukas Schär,773,Switzerland,Right Center Back,92.03,True
3940878,12326,Renato Steffen,773,Switzerland,Left Wing Back,0.7,False
3940878,5544,Ricardo Iván Rodríguez Araya,773,Switzerland,Left Center Back,92.03,True
3940878,5545,Breel-Donald Embolo,773,Switzerland,Center Forward,76.75,True
3940878,50729,Andrea Cambiaso,914,Italy,Left Back,17.93,False
3940878,29227,Leonidas Stergiou,773,Switzerland,Right Wing Back,21.22,False
3940878,3500,Granit Xhaka,773,Switzerland,Left Defensive Midfield,92.03,True
3940878,5549,Manuel Obafemi Akanji,773,Switzerland,Center Back,92.03,True
3940878,5550,Yann Sommer,773,Switzerland,Goalkeeper,92.03,True
3940878,5548,Steven Zuber,773,Switzerland,Left Attacking Midfield,21.1,False
3940878,6963,Lorenzo Pellegrini,914,Italy,Right Defensive Midfield,17.9,False
3940878,7480,Alessandro Bastoni,914,Italy,Left Center Back,92.03,True
3940878,30401,Ruben Vargas,773,Switzerland,Left Attacking Midfield,70.93,True
3940878,11457,Vincent Sierro,773,Switzerland,Right Attacking Midfield,15.6,False
3940878,6979,Stephan El Shaarawy,914,Italy,Left Wing,45.0,True
3940878,6983,Remo Freuler,773,Switzerland,Right Defensive Midfield,92.03,True
3940878,30926,Davide Frattesi,914,Italy,Right Defensive Midfield,6.18,False
3940878,6993,Bryan Cristante,914,Italy,Right Defensive Midfield,74.13,True
3940878,8792,Mattia Zaccagni,914,Italy,Left Midfield,47.03,False
3940878,7004,Gianluca Mancini,914,Italy,Right Center Back,92.03,True
3940878,4587,Matteo Darmian,914,Italy,Left Back,74.1,True
3940878,49007,Kwadwo Duah,773,Switzerland,Center Forward,15.28,False
3940878,10992,Gianluca Scamacca,914,Italy,Center Forward,92.03,True
3940878,7156,Federico Chiesa,914,Italy,Right Wing,92.03,True
3940878,8181,Nicolò Barella,914,Italy,Left Center Midfield,63.42,True
3940878,31093,Mateo Retegui,914,Italy,Right Center Forward,28.62,False
3940878,11514,Giovanni Di Lorenzo,914,Italy,Right Back,92.03,True
3940878,7036,Gianluigi Donnarumma,914,Italy,Goalkeeper,92.03,True
3940878,38909,Nicolò Fagioli,914,Italy,Left Defensive Midfield,85.85,True
3940983,8961,Jacob Bruun Larsen,776,Denmark,Right Wing,15.13,False
3940983,12034,David Raum,770,Germany,Left Back,80.15,True
3940983,8966,Kai Havertz,770,Germany,Center Forward,95.95,True
3940983,39565,Jamal Musiala,770,Germany,Left Wing,80.1,True
3940983,21261,Jonas Older Wind,776,Denmark,Center Attacking Midfield,15.53,False
3940983,17042,Andreas Skov Olsen,776,Denmark,Right Attacking Midfield,68.82,True
3940983,8211,Benjamin Henrichs,770,Germany,Left Wing Back,15.8,False
3940983,40724,Florian Wirtz,770,Germany,Left Wing,15.85,False
3940983,5527,Thomas Delaney,776,Denmark,Left Defensive Midfield,68.77,True
3940983,5536,Yussuf Yurary Poulsen,776,Denmark,Center Forward,27.13,False
3940983,3493,Emre Can,770,Germany,Right Defensive Midfield,31.97,False
3940983,16554,Joakim Mæhle,776,Denmark,Left Wing Back,95.95,True
3940983,10287,İlkay Gündoğan,770,Germany,Center Attacking Midfield,64.1,True
3940983,24118,Nico Schlotterbeck,770,Germany,Left Center Back,95.95,True
3940983,8247,Joachim Andersen,776,Denmark,Right Center Back,95.95,True
3940983,60343,Victor Bernth Kristansen,776,Denmark,Left Back,15.12,False
3940983,7097,Christian Nørgaard,776,Denmark,Right Defensive Midfield,27.18,False
3940983,5570,Manuel Neuer,770,Germany,Goalkeeper,95.95,True
3940983,5574,Toni Kroos,770,Germany,Left Defensive Midfield,95.95,True
3940983,5579,Joshua Kimmich,770,Germany,Right Back,95.95,True
3940983,51672,Rasmus Winther Højlund,776,Denmark,Center Forward,80.42,True
3940983,8538,Waldemar Anton,770,Germany,Center Back,8.87,False
3940983,3167,Antonio Rüdiger,770,Germany,Right Center Back,95.95,True
3940983,8546,Niclas Füllkrug,770,Germany,Center Forward,31.85,False
3940983,24547,Alexander Hartmann Bah,776,Denmark,Right Wing Back,80.83,True
3940983,3043,Christian Dannemann Eriksen,776,Denmark,Left Attacking Midfield,95.95,True
3940983,3815,Kasper Schmeichel,776,Denmark,Goalkeeper,95.95,True
3940983,9195,Robert Andrich,770,Germany,Right Defensive Midfield,63.98,True
3940983,3053,Leroy Sané,770,Germany,Right Wing,87.08,True
3940983,8815,Jannik Vestergaard,776,Denmark,Center Back,95.95,True
3940983,3570,Pierre-Emile Højbjerg,776,Denmark,Right Defensive Midfield,95.95,True
3940983,3959,Andreas Christensen,776,Denmark,Left Center Back,80.82,True
3941017,28032,Ivan Schranz,908,Slovakia,Right Wing,92.27,True
3941017,4354,Phil Foden,768,England,Left Wing,93.85,True
3941017,3205,Kyle Walker,768,England,Right Back,121.23,True
3941017,8967,Ondrej Duda,908,Slovakia,Left Center Midfield,81.0,True
3941017,3468,Jordan Pickford,768,England,Goalkeeper,121.23,True
3941017,6798,Stanislav Lobotka,908,Slovakia,Right Defensive Midfield,121.23,True
3941017,9722,Peter Pekarík,908,Slovakia,Right Back,108.4,True
3941017,39461,Cole Palmer,768,England,Right Wing,56.13,False
3941017,10919,Juraj Kucka,908,Slovakia,Right Center Midfield,80.93,True
3941017,7975,Lukáš Haraslín,908,Slovakia,Left Wing,60.47,True
3941017,9000,Eberechi Eze,768,England,Left Wing,38.08,False
3941017,16298,Denis Vavro,908,Slovakia,Right Center Back,121.23,True
3941017,3244,John Stones,768,England,Right Center Back,121.23,True
3941017,15546,Matúš Bero,908,Slovakia,Right Wing Back,40.3,False
3941017,22084,Bukayo Saka,768,England,Right Wing,121.23,True
3941017,35653,Tomáš Suslov,908,Slovakia,Left Wing,60.77,False
3941017,43976,David Strelec,908,Slovakia,Center Forward,60.58,True
3941017,10955,Harry Kane,768,England,Center Forward,105.0,True
3941017,20043,Norbert Gyömbér,908,Slovakia,Center Back,28.97,False
3941017,6990,Milan Škriniar,908,Slovakia,Left Center Back,121.23,True
3941017,29399,Conor Gallagher,768,England,Right Defensive Midfield,16.23,False
3941017,34904,Róbert Boženík,908,Slovakia,Center Forward,60.65,False
3941017,3834,Ivan Toney,768,England,Center Forward,27.38,False
3941017,34526,Marc Guehi,768,England,Left Center Back,121.23,True
3941017,99174,Kobbie Mainoo,768,England,Right Defensive Midfield,83.15,True
3941017,3943,Declan Rice,768,England,Left Defensive Midfield,121.23,True
3941017,8422,Ľubomír Tupta,908,Slovakia,Left Wing,12.83,False
3941017,3308,Kieran Trippier,768,England,Left Back,65.1,True
3941017,3822,Ezri Konsa Ngoyo,768,England,Left Wing Back,16.23,False
3941017,16879,Dávid Hancko,908,Slovakia,Left Back,121.23,True
3941017,11383,László Bénes,908,Slovakia,Left Defensive Midfield,40.23,False
3941017,30714,Jude Bellingham,768,England,Center Attacking Midfield,105.0,True
3941017,3711,Martin Dúbravka,908,Slovakia,Goalkeeper,121.23,True
3941018,4353,Aymeric Laporte,772,Spain,Left Center Back,93.08,True
3941018,316046,Lamine Yamal Nasraoui Ebana,772,Spain,Right Wing,93.08,True
3941018,16532,Daniel Olmo Carvajal,772,Spain,Right Center Midfield,41.25,False
3941018,3477,Álvaro Borja Morata Martín,772,Spain,Center Forward,66.25,True
3941018,30486,Pedro González López,772,Spain,Right Center Midfield,51.83,True
3941018,44183,Zuriko Davitashvili,2138,Georgia,Left Center Midfield,30.1,False
3941018,6685,Mikel Oyarzabal Ugarte,772,Spain,Center Forward,26.83,False
3941018,7839,Guram Kashia,2138,Georgia,Center Back,93.08,True
3941018,135844,Sandro Altunashvili,2138,Georgia,Right Center Midfield,52.5,False
3941018,6821,Jesús Navas González,772,Spain,Right Back,12.68,False
3941018,398886,Giorgi Gvelesiani,2138,Georgia,Right Center Back,78.28,True
3941018,48178,Luka Lochoshvili,2138,Georgia,Left Wing Back,62.82,True
3941018,11335,Otar Kiteishvili,2138,Georgia,Center Defensive Midfield,40.58,True
3941018,25036,Otar Kakabadze,2138,Georgia,Right Wing Back,93.08,True
3941018,33234,Georges Mikautadze,2138,Georgia,Right Center Forward,78.55,True
3941018,46802,Nika Kvekveskiri,2138,Georgia,Center Defensive Midfield,14.8,False
3941018,17620,Marc Cucurella Saseta,772,Spain,Left Back,65.78,True
3941018,38229,Khvicha Kvaratskhelia,2138,Georgia,Left Center Forward,93.08,True
3941018,5721,Daniel Carvajal Ramos,772,Spain,Right Back,80.4,True
3941018,23646,Giorgi Chakvetadze,2138,Georgia,Left Center Midfield,62.98,True
3941018,68574,Nicholas Williams Arthuer,772,Spain,Left Wing,93.08,True
3941018,10336,Alejandro Grimaldo García,772,Spain,Left Back,27.3,False
3941018,22242,Heorhii Tsitaishvili,2138,Georgia,Left Wing Back,30.27,False
3941018,102371,Giorgi Mamardashvili,2138,Georgia,Goalkeeper,93.08,True
3941018,11748,Unai Simón Mendibil,772,Spain,Goalkeeper,93.08,True
3941018,102372,Budu Zivzivadze,2138,Georgia,Right Center Forward,14.53,False
3941018,3042,Mikel Merino Zazón,772,Spain,Left Defensive Midfield,12.32,False
3941018,7655,Lasha Dvali,2138,Georgia,Left Center Back,93.08,True
3941018,6765,Rodrigo Hernández Cascante,772,Spain,Center Defensive Midfield,93.08,True
3941018,22128,Robin Aime Robert Le Normand,772,Spain,Right Center Back,93.08,True
3941018,41202,Giorgi Kochorashvili,2138,Georgia,Center Defensive Midfield,93.08,True
3941018,6655,Fabián Ruiz Peña,772,Spain,Left Center Midfield,80.77,True
3941019,5633,Yannick Ferreira Carrasco,782,Belgium,Right Midfield,87.48,True
3941019,3009,Kylian Mbappé Lottin,771,France,Left Wing,93.17,True
3941019,3077,Jan Vertonghen,782,Belgium,Left Center Back,93.17,True
3941019,8519,Dayotchanculle Upamecano,771,France,Right Center Back,93.17,True
3941019,43913,Arthur Theate,782,Belgium,Left Back,93.17,True
3941019,6989,Timothy Castagne,782,Belgium,Right Back,87.53,True
3941019,3089,Kevin De Bruyne,782,Belgium,Left Defensive Midfield,93.17,True
3941019,3026,Adrien Rabiot,771,France,Left Center Midfield,93.17,True
3941019,16275,Ikoma Loïs Openda,782,Belgium,Left Center Forward,62.57,True
3941019,22097,Randal Kolo Muani,771,France,Center Forward,31.82,False
3941019,12306,Dodi Lukebakio,782,Belgium,Right Back,5.68,False
3941019,8854,Wout Faes,782,Belgium,Right Center Back,93.17,True
3941019,3289,Romelu Lukaku Menama,782,Belgium,Right Center Forward,93.17,True
3941019,48347,Amadou Onana,782,Belgium,Right Defensive Midfield,93.17,True
3941019,2972,Marcus Thuram,771,France,Center Forward,61.35,True
3941019,4445,Jules Koundé,771,France,Right Back,93.17,True
3941019,23650,Jeremy Doku,782,Belgium,Left Midfield,93.17,True
3941019,5487,Antoine Griezmann,771,France,Right Wing,93.17,True
3941019,6704,Theo Bernard François Hernández,771,France,Left Back,93.17,True
3941019,3761,Mike Maignan,771,France,Goalkeeper,93.17,True
3941019,8240,Koen Casteels,782,Belgium,Goalkeeper,93.17,True
3941019,10481,Aurélien Djani Tchouaméni,771,France,Center Defensive Midfield,93.17,True
3941019,32688,Charles De Ketelaere,782,Belgium,Right Center Forward,5.63,False
3941019,8950,Orel Mangala,782,Belgium,Left Defensive Midfield,30.6,False
3941019,17592,William Saliba,771,France,Left Center Back,93.17,True
3941019,3961,N'Golo Kanté,771,France,Right Center Midfield,93.17,True
3941020,41092,Nuno Mendes,780,Portugal,Left Back,124.25,True
3941020,9927,Rúben Diogo Da Silva Neves,780,Portugal,Right Defensive Midfield,7.5,False
3941020,39624,Francisco Fernandes Conceição,780,Portugal,Right Wing,48.63,False
3941020,12169,João Maria Lobo Alves Palhinha Gonçalves,780,Portugal,Left Defensive Midfield,124.25,True
3941020,9929,Diogo José Teixeira da Silva,780,Portugal,Left Wing,59.6,False
3941020,137487,Žan Karničnik,944,Slovenia,Right Back,124.25,True
3941020,16528,Petar Stojanović,944,Slovenia,Right Midfield,86.17,True
3941020,32975,Diogo Meireles Costa,780,Portugal,Goalkeeper,124.25,True
3941020,34639,Vitor Machado Ferreira,780,Portugal,Right Defensive Midfield,64.65,True
3941020,5204,Bruno Miguel Borges Fernandes,780,Portugal,Right Defensive Midfield,124.25,True
3941020,5206,Rúben Santos Gato Alves Dias,780,Portugal,Right Center Back,124.25,True
3941020,5207,Cristiano Ronaldo dos Santos Aveiro,780,Portugal,Center Forward,124.25,True
3941020,15896,Timi Elšnik,944,Slovenia,Left Defensive Midfield,105.0,True
3941020,11416,Jon Gorenc Stankovič,944,Slovenia,Left Defensive Midfield,50.72,False
3941020,30940,Jure Balkovec,944,Slovenia,Left Back,124.25,True
3941020,7005,João Pedro Cavaco Cancelo,780,Portugal,Right Back,116.88,True
3941020,31968,Adam Gnezda Čerin,944,Slovenia,Right Defensive Midfield,124.25,True
3941020,7139,Josip Iličić,944,Slovenia,Right Midfield,19.25,False
3941020,6374,Nélson Cabral Semedo,780,Portugal,Right Back,7.37,False
3941020,38759,Benjamin Šeško,944,Slovenia,Left Center Forward,124.25,True
3941020,6378,Jan Oblak,944,Slovenia,Goalkeeper,124.25,True
3941020,205932,Vanja Drkušić,944,Slovenia,Right Center Back,124.25,True
3941020,24109,Žan Celar,944,Slovenia,Right Center Forward,50.02,False
3941020,16047,Jaka Bijol,944,Slovenia,Left Center Back,124.25,True
3941020,20016,Kléper Laveran Lima Ferreira,780,Portugal,Left Center Back,116.75,True
3941020,31089,Jan Mlakar,944,Slovenia,Left Midfield,73.53,True
3941020,18360,Rafael Alexandre Conceição Leão,780,Portugal,Left Wing,75.62,True
3941020,3193,Bernardo Mota Veiga de Carvalho e Silva,780,Portugal,Right Wing,124.25,True
3941020,31866,Andraž Šporar,944,Slovenia,Right Center Forward,74.23,True
3941020,16510,Benjamin Verbič,944,Slovenia,Left Midfield,38.08,False
3941021,21633,Joey Veerman,941,Netherlands,Left Defensive Midfield,26.17,False
3941021,20750,Cody Mathès Gakpo,941,Netherlands,Left Wing,83.55,True
3941021,15503,Jerdy Schouten,941,Netherlands,Right Defensive Midfield,68.22,True
3941021,28565,Ianis Hagi,905,Romania,Left Midfield,70.97,True
3941021,7829,Wout Weghorst,941,Netherlands,Center Forward,10.83,False
3941021,37274,Bart Verbruggen,941,Netherlands,Goalkeeper,94.38,True
3941021,24861,Andrei Florin Ratiu,905,Romania,Right Back,94.38,True
3941021,32547,Micky van de Ven,941,Netherlands,Left Back,26.13,False
3941021,31908,Andrei Burcă Andonie,905,Romania,Left Back,94.38,True
3941021,10916,Nicolae Claudiu Stanciu,905,Romania,Left Center Midfield,87.68,True
3941021,10915,Denis Alibec,905,Romania,Center Forward,23.42,False
3941021,2988,Memphis Depay,941,Netherlands,Center Forward,91.03,True
3941021,8125,Denzel Dumfries,941,Netherlands,Right Back,94.38,True
3941021,101821,Darius Dumitru Olaru,905,Romania,Right Center Midfield,6.7,False
3941021,39615,Radu Drăgușin,905,Romania,Right Center Back,94.38,True
3941021,72512,Valentin Mihai Mihăilă,905,Romania,Left Midfield,23.23,False
3941021,30913,Marius Mihai Marin,905,Romania,Center Defensive Midfield,71.25,True
3941021,8259,Steven Bergwijn,941,Netherlands,Right Wing,45.0,True
3941021,45125,Alexandru Cicâldău,905,Romania,Left Center Midfield,23.13,False
3941021,56905,Dennis Man,905,Romania,Right Midfield,94.38,True
3941021,21582,Tijjani Reijnders,941,Netherlands,Left Defensive Midfield,94.38,True
3941021,28242,Florin Constantin Niţă,905,Romania,Goalkeeper,94.38,True
3941021,3669,Virgil van Dijk,941,Netherlands,Left Center Back,94.38,True
3941021,16344,Răzvan Gabriel Marin,905,Romania,Right Center Midfield,94.38,True
3941021,31193,Denis Mihai Drăguş,905,Romania,Center Forward,71.15,True
3941021,15582,Donyell Malen,941,Netherlands,Right Wing,49.38,False
3941021,45023,Bogdan Racovițan,905,Romania,Left Center Back,56.57,False
3941021,3306,Nathan Aké,941,Netherlands,Left Back,68.25,True
3941021,7787,Stefan de Vrij,941,Netherlands,Right Center Back,94.38,True
3941021,3311,Daley Blind,941,Netherlands,Unknown,3.35,False
3941021,30839,Vasile Mogoș,905,Romania,Left Back,37.82,True
3941021,39167,Xavi Simons,941,Netherlands,Center Attacking Midfield,94.38,True
3941022,134209,Barış Alper Yılmaz,909,Turkey,Right Wing,95.02,True
3941022,13315,Philipp Mwene,915,Austria,Left Back,45.0,True
3941022,9731,Patrick Pentz,915,Austria,Goalkeeper,95.02,True
3941022,12293,Kaan Ayhan,909,Turkey,Right Center Back,95.02,True
3941022,23558,Merih Demiral,909,Turkey,Center Back,95.02,True
3941022,151813,Kenan Yildiz,909,Turkey,Left Wing,77.53,True
3941022,22212,Orkun Kökçü,909,Turkey,Left Defensive Midfield,82.33,True
3941022,8518,Marcel Sabitzer,915,Austria,Left Wing,95.02,True
3941022,10826,Mert Müldür,909,Turkey,Right Wing Back,95.02,True
3941022,8068,Maximilian Wöber,915,Austria,Left Center Back,31.05,False
3941022,11396,Florian Grillitsch,915,Austria,Left Defensive Midfield,30.8,False
3941022,9085,Salih Özcan,909,Turkey,Right Center Midfield,37.55,False
3941022,12555,Okay Yokuşlu,909,Turkey,Center Defensive Midfield,17.5,False
3941022,8784,Romano Schmid,915,Austria,Right Wing,45.0,True
3941022,24977,Christoph Baumgartner,915,Austria,Center Attacking Midfield,95.02,True
3941022,49689,Muhammed Kerem Aktürkoğlu,909,Turkey,Left Center Forward,17.48,False
3941022,78241,İsmail Yüksek,909,Turkey,Right Defensive Midfield,57.47,True
3941022,8931,Philipp Lienhart,915,Austria,Left Center Back,63.97,True
3941022,39460,Nicolas Seiwald,915,Austria,Right Defensive Midfield,95.02,True
3941022,30310,Fehmi Mert Günok,909,Turkey,Goalkeeper,95.02,True
3941022,30438,Ferdi Erenay Kadıoğlu,909,Turkey,Left Wing Back,95.02,True
3941022,30311,İrfan Can Kahveci,909,Turkey,Left Center Midfield,12.68,False
3941022,116587,Arda Güler,909,Turkey,Center Forward,77.52,True
3941022,11820,Kevin Danso,915,Austria,Right Center Back,95.02,True
3941022,11821,Stefan Posch,915,Austria,Right Back,95.02,True
3941022,8309,Michael Gregoritsch,915,Austria,Left Center Forward,50.02,False
3941022,39545,Alexander Prass,915,Austria,Left Back,50.02,False
3941022,8506,Konrad Laimer,915,Austria,Left Defensive Midfield,64.22,True
3941022,3325,Marko Arnautović,915,Austria,Center Forward,95.02,True
3941022,48383,Abdülkerim Bardakcı,909,Turkey,Left Center Back,95.02,True
3942226,4353,Aymeric Laporte,772,Spain,Left Center Back,126.1,True
3942226,12034,David Raum,770,Germany,Left Back,56.22,True
3942226,8966,Kai Havertz,770,Germany,Center Forward,90.0,True
3942226,39565,Jamal Musiala,770,Germany,Left Wing,126.1,True
3942226,316046,Lamine Yamal Nasraoui Ebana,772,Spain,Right Wing,62.48,True
3942226,16532,Daniel Olmo Carvajal,772,Spain,Right Center Midfield,118.38,False
3942226,3477,Álvaro Borja Morata Martín,772,Spain,Center Forward,79.17,True
3942226,30486,Pedro González López,772,Spain,Right Center Midfield,7.72,True
3942226,40724,Florian Wirtz,770,Germany,Right Wing,81.1,False
3942226,8221,Jonathan Tah,770,Germany,Left Center Back,79.75,True
3942226,6685,Mikel Oyarzabal Ugarte,772,Spain,Center Forward,46.93,False
3942226,3493,Emre Can,770,Germany,Right Defensive Midfield,45.0,True
3942226,10287,İlkay Gündoğan,770,Germany,Center Attacking Midfield,56.62,True
3942226,5562,Thomas Müller,770,Germany,Left Center Forward,46.35,False
3942226,3265,José Luis Sanmartín Mato,772,Spain,Left Center Forward,24.32,False
3942226,5570,Manuel Neuer,770,Germany,Goalkeeper,126.1,True
3942226,5574,Toni Kroos,770,Germany,Left Defensive Midfield,126.1,True
3942226,5579,Joshua Kimmich,770,Germany,Right Back,126.1,True
3942226,5202,José Ignacio Fernández Iglesias,772,Spain,Right Center Back,81.1,False
3942226,17620,Marc Cucurella Saseta,772,Spain,Left Back,126.1,True
3942226,5721,Daniel Carvajal Ramos,772,Spain,Right Back,126.1,True
3942226,8538,Waldemar Anton,770,Germany,Left Center Back,36.1,False
3942226,6748,Ferrán Torres García,772,Spain,Right Wing,63.62,False
3942226,68574,Nicholas Williams Arthuer,772,Spain,Left Wing,79.17,True
3942226,3167,Antonio Rüdiger,770,Germany,Right Center Back,126.1,True
3942226,8546,Niclas Füllkrug,770,Germany,Right Center Forward,69.48,False
3942226,3042,Mikel Merino Zazón,772,Spain,Right Center Midfield,46.93,False
3942226,11748,Unai Simón Mendibil,772,Spain,Goalkeeper,126.1,True
3942226,9195,Robert Andrich,770,Germany,Right Defensive Midfield,81.1,False
3942226,6765,Rodrigo Hernández Cascante,772,Spain,Center Defensive Midfield,126.1,True
3942226,3053,Leroy Sané,770,Germany,Right Wing,45.0,True
3942226,22128,Robin Aime Robert Le Normand,772,Spain,Right Center Back,45.0,True
3942226,12407,Maximilian Mittelstädt,770,Germany,Left Back,69.88,False
3942226,6655,Fabián Ruiz Peña,772,Spain,Left Center Midfield,101.78,True
3942227,4354,Phil Foden,768,England,Right Attacking Midfield,114.0,True
3942227,50436,Fabian Rieder,773,Switzerland,Right Attacking Midfield,62.88,True
3942227,3205,Kyle Walker,768,England,Right Center Back,127.42,True
3942227,45190,Dan Ndoye,773,Switzerland,Right Wing Back,97.67,True
3942227,3468,Jordan Pickford,768,England,Goalkeeper,127.42,True
3942227,16016,Michel Aebischer,773,Switzerland,Left Wing Back,117.52,True
3942227,5537,Fabian Lukas Schär,773,Switzerland,Right Center Back,127.42,True
3942227,5538,Denis Lemi Zakaria Lako Lado,773,Switzerland,Right Attacking Midfield,29.75,False
3942227,39461,Cole Palmer,768,England,Left Attacking Midfield,48.98,False
3942227,5544,Ricardo Iván Rodríguez Araya,773,Switzerland,Left Center Back,127.42,True
3942227,5545,Breel-Donald Embolo,773,Switzerland,Center Forward,108.55,True
3942227,9000,Eberechi Eze,768,England,Left Wing Back,50.03,False
3942227,3244,John Stones,768,England,Center Back,127.42,True
3942227,5549,Manuel Obafemi Akanji,773,Switzerland,Center Back,127.42,True
3942227,5550,Yann Sommer,773,Switzerland,Goalkeeper,127.42,True
3942227,3500,Granit Xhaka,773,Switzerland,Left Defensive Midfield,127.42,True
3942227,5548,Steven Zuber,773,Switzerland,Left Attacking Midfield,64.53,False
3942227,3382,Luke Shaw,768,England,Left Center Back,50.12,False
3942227,30401,Ruben Vargas,773,Switzerland,Left Attacking Midfield,63.0,True
3942227,11457,Vincent Sierro,773,Switzerland,Right Defensive Midfield,9.73,False
3942227,22084,Bukayo Saka,768,England,Right Wing Back,127.42,True
3942227,6983,Remo Freuler,773,Switzerland,Right Defensive Midfield,117.68,True
3942227,10955,Harry Kane,768,England,Center Forward,109.0,True
3942227,3533,Xherdan Shaqiri,773,Switzerland,Center Forward,18.87,False
3942227,48335,Mohamed Zeki Amdouni,773,Switzerland,Left Attacking Midfield,9.9,False
3942227,3664,Trent Alexander-Arnold,768,England,Right Wing Back,13.42,False
3942227,3834,Ivan Toney,768,England,Center Forward,18.42,False
3942227,99174,Kobbie Mainoo,768,England,Right Defensive Midfield,77.3,True
3942227,3943,Declan Rice,768,England,Left Defensive Midfield,127.42,True
3942227,3308,Kieran Trippier,768,England,Left Wing Back,77.38,True
3942227,3822,Ezri Konsa Ngoyo,768,England,Left Center Back,78.43,True
3942227,7796,Silvan Widmer,773,Switzerland,Right Wing Back,64.42,False
3942227,30714,Jude Bellingham,768,England,Left Attacking Midfield,127.42,True
3942228,11456,Lautaro Javier Martínez,779,Argentina,Left Center Forward,64.1,True
3942228,5507,Nicolás Alejandro Tagliafico,779,Argentina,Left Back,127.47,True
3942228,21131,John Yeboah Zamora,3565,Ecuador,Right Midfield,48.47,False
3942228,28559,Enner Remberto Valencia Lastra,3565,Ecuador,Center Forward,79.02,True
3942228,20687,Nicolás Iván González,779,Argentina,Left Midfield,127.47,True
3942228,29201,Nahuel Molina Lucero,779,Argentina,Right Back,94.73,True
3942228,3090,Nicolás Hernán Otamendi,779,Argentina,Left Center Back,49.97,False
3942228,40211,Jeremy Leonel Sarmiento Morante,3565,Ecuador,Left Wing,75.68,True
3942228,384888,Ray Kendry Páez Andrade,3565,Ecuador,Right Wing,75.68,True
3942228,348757,Kevin José Rodríguez Cortez,3565,Ecuador,Left Center Forward,51.78,False
3942228,20572,Cristian Gabriel Romero,779,Argentina,Right Center Back,127.47,True
3942228,37726,Moisés Isaac Caicedo Corozo,3565,Ecuador,Center Attacking Midfield,127.47,True
3942228,30111,Felix Eduardo Torres Caicedo,3565,Ecuador,Right Center Back,127.47,True
3942228,28511,Ángel Israel Mena Delgado,3565,Ecuador,Right Defensive Midfield,48.45,False
3942228,123554,Jordy Josué Caicedo Medina,3565,Ecuador,Right Center Forward,41.05,False
3942228,32677,Alexander Domínguez Carabalí,3565,Ecuador,Goalkeeper,127.47,True
3942228,12583,Carlos Armando Gruezo Arboleda,3565,Ecuador,Right Defensive Midfield,79.0,True
3942228,28263,Gonzalo Ariel Montiel,779,Argentina,Right Back,32.73,False
3942228,37737,Angelo Smit Preciado Quiñónez,3565,Ecuador,Right Back,127.47,True
3942228,123625,Alan Steve Minda García,3565,Ecuador,Left Wing,51.78,False
3942228,27886,Alexis Mac Allister,779,Argentina,Right Defensive Midfield,127.47,True
3942228,41593,Willian Joel Pacho Tenorio,3565,Ecuador,Left Center Back,127.47,True
3942228,3313,Giovani Lo Celso,779,Argentina,Right Midfield,50.0,False
3942228,38004,Piero Martín Hincapié Reyna,3565,Ecuador,Left Back,127.47,True
3942228,7797,Rodrigo Javier De Paul,779,Argentina,Right Midfield,127.47,True
3942228,29560,Julián Álvarez,779,Argentina,Left Center Forward,63.37,False
3942228,27768,Lisandro Martínez,779,Argentina,Left Center Back,77.47,True
3942228,37945,Alan Steven Franco Palma,3565,Ecuador,Left Defensive Midfield,86.42,True
3942228,6909,Damián Emiliano Martínez,779,Argentina,Goalkeeper,127.47,True
3942228,38718,Enzo Fernandez,779,Argentina,Left Defensive Midfield,77.5,True
3942228,5503,Lionel Andrés Messi Cuccittini,779,Argentina,Right Center Forward,127.47,True
3942229,23363,Liam Millar,1833,Canada,Left Wing,67.83,False
3942229,35785,Eduard Alexander Bello Gil,3563,Venezuela,Right Midfield,83.27,True
3942229,4041,José Salomón Rondón Giménez,3563,Venezuela,Center Forward,129.6,True
3942229,16459,Cyle Larin,1833,Canada,Center Forward,71.58,True
3942229,32012,Rafael Enrique Romo Pérez,3563,Venezuela,Goalkeeper,129.6,True
3942229,12365,Alphonso Davies,1833,Canada,Left Back,129.6,True
3942229,23758,Maxime Crépeau,1833,Canada,Goalkeeper,129.6,True
3942229,47822,Wilker José Ángel Romero,3563,Venezuela,Left Center Back,38.52,False
3942229,23760,Derek Cornelius,1833,Canada,Left Center Back,129.6,True
3942229,383250,Moise Bombito,1833,Canada,Right Center Back,129.6,True
3942229,23640,Jonathan David,1833,Canada,Center Attacking Midfield,129.6,True
3942229,11162,Jhonder Leonel Cádiz Fernández,3563,Venezuela,Left Center Forward,70.47,False
3942229,25115,Yeferson Julio Soteldo Martínez,3563,Venezuela,Left Midfield,83.1,True
3942229,224603,Tanitoluwa Oluwaseyi,1833,Canada,Center Forward,58.02,False
3942229,44703,Alistair Johnston,1833,Canada,Right Back,129.6,True
3942229,10337,Yordan Hernando Osorio Paredes,3563,Venezuela,Left Center Back,91.08,True
3942229,12770,Jonathan Osorio,1833,Canada,Right Defensive Midfield,80.77,True
3942229,13025,Jefferson David Savarino Quintero,3563,Venezuela,Right Midfield,46.5,False
3942229,36520,Miguel Ángel Navarro Zárate,3563,Venezuela,Left Back,129.6,True
3942229,26152,Jacob Shaffelburg,1833,Canada,Left Wing,61.77,True
3942229,113450,Jon Mikel Aramburu Mejías,3563,Venezuela,Right Back,129.6,True
3942229,133229,Ismael Koné,1833,Canada,Right Defensive Midfield,48.83,False
3942229,149615,Matías Rafael Lacava González,3563,Venezuela,Left Midfield,46.33,False
3942229,49587,Nahuel Adolfo Ferraresi Hernández,3563,Venezuela,Right Center Back,129.6,True
3942229,11187,Stephen Antunes Eustáquio,1833,Canada,Left Defensive Midfield,129.6,True
3942229,13493,Cristian Sleiker Cásseres Yepes,3563,Venezuela,Center Defensive Midfield,59.13,True
3942229,36917,José Andrés Martínez Torres,3563,Venezuela,Right Center Midfield,90.95,True
3942229,224628,Ali Ahmed,1833,Canada,Right Wing,58.0,False
3942229,16120,Richie Laryea,1833,Canada,Right Wing,71.6,True
3942229,16249,Yangel Clemente Herrera Ravelo,3563,Venezuela,Left Center Midfield,129.6,True
3942229,7475,Tomás Eduardo Rincón Hernández,3563,Venezuela,Right Defensive Midfield,38.65,False
3942349,3009,Kylian Mbappé Lottin,771,France,Left Center Forward,105.0,True
3942349,41092,Nuno Mendes,780,Portugal,Left Back,127.3,True
3942349,8519,Dayotchanculle Upamecano,771,France,Right Center Back,127.3,True
3942349,39624,Francisco Fernandes Conceição,780,Portugal,Right Midfield,53.67,False
3942349,12169,João Maria Lobo Alves Palhinha Gonçalves,780,Portugal,Right Defensive Midfield,91.22,True
3942349,24778,Eduardo Camavinga,771,France,Right Center Midfield,90.0,True
3942349,9927,Rúben Diogo Da Silva Neves,780,Portugal,Right Defensive Midfield,36.08,False
3942349,12041,João Félix Sequeira,780,Portugal,Left Midfield,22.3,False
3942349,32975,Diogo Meireles Costa,780,Portugal,Goalkeeper,127.3,True
3942349,34639,Vitor Machado Ferreira,780,Portugal,Left Defensive Midfield,117.97,True
3942349,22097,Randal Kolo Muani,771,France,Right Center Forward,85.37,True
3942349,5204,Bruno Miguel Borges Fernandes,780,Portugal,Center Attacking Midfield,73.63,True
3942349,5206,Rúben Santos Gato Alves Dias,780,Portugal,Right Center Back,127.3,True
3942349,5207,Cristiano Ronaldo dos Santos Aveiro,780,Portugal,Center Forward,127.3,True
3942349,11990,Youssouf Fofana,771,France,Right Center Midfield,37.3,False
3942349,3961,N'Golo Kanté,771,France,Left Center Midfield,127.3,True
3942349,2972,Marcus Thuram,771,France,Center Forward,41.93,False
3942349,4445,Jules Koundé,771,France,Right Back,127.3,True
3942349,7005,João Pedro Cavaco Cancelo,780,Portugal,Right Back,73.98,True
3942349,5477,Ousmane Dembélé,771,France,Right Wing,61.25,False
3942349,6374,Nélson Cabral Semedo,780,Portugal,Right Back,53.32,False
3942349,40874,Matheus Luiz Nunes,780,Portugal,Left Defensive Midfield,9.33,False
3942349,5487,Antoine Griezmann,771,France,Center Attacking Midfield,66.05,True
3942349,20016,Kléper Laveran Lima Ferreira,780,Portugal,Left Center Back,127.3,True
3942349,3761,Mike Maignan,771,France,Goalkeeper,127.3,True
3942349,6704,Theo Bernard François Hernández,771,France,Left Back,127.3,True
3942349,10481,Aurélien Djani Tchouaméni,771,France,Center Defensive Midfield,127.3,True
3942349,18360,Rafael Alexandre Conceição Leão,780,Portugal,Left Midfield,105.0,True
3942349,3193,Bernardo Mota Veiga de Carvalho e Silva,780,Portugal,Right Midfield,127.3,True
3942349,39420,Bradley Barcola,771,France,Left Wing,22.3,False
3942349,17592,William Saliba,771,France,Left Center Back,127.3,True
3942382,21633,Joey Veerman,941,Netherlands,Left Defensive Midfield,23.42,False
3942382,33281,Joshua Zirkzee,941,Netherlands,Center Attacking Midfield,9.33,False
3942382,12293,Kaan Ayhan,909,Turkey,Right Center Back,88.37,True
3942382,151813,Kenan Yildiz,909,Turkey,Left Wing,76.6,True
3942382,12555,Okay Yokuşlu,909,Turkey,Right Defensive Midfield,19.37,False
3942382,20750,Cody Mathès Gakpo,941,Netherlands,Left Wing,96.12,True
3942382,15503,Jerdy Schouten,941,Netherlands,Right Defensive Midfield,96.12,True
3942382,7829,Wout Weghorst,941,Netherlands,Center Forward,51.12,False
3942382,49689,Muhammed Kerem Aktürkoğlu,909,Turkey,Left Midfield,19.52,False
3942382,37274,Bart Verbruggen,941,Netherlands,Goalkeeper,96.12,True
3942382,32547,Micky van de Ven,941,Netherlands,Left Back,23.1,False
3942382,2988,Memphis Depay,941,Netherlands,Center Attacking Midfield,86.72,True
3942382,133305,Samet Akaydin,909,Turkey,Center Back,81.5,True
3942382,8125,Denzel Dumfries,941,Netherlands,Right Back,96.12,True
3942382,3648,Cenk Tosun,909,Turkey,Center Forward,14.62,False
3942382,134209,Barış Alper Yılmaz,909,Turkey,Center Forward,96.12,True
3942382,8259,Steven Bergwijn,941,Netherlands,Right Wing,45.0,True
3942382,32712,Jeremie Frimpong,941,Netherlands,Right Midfield,9.4,False
3942382,149576,Semih Kılıçsoy,909,Turkey,Center Attacking Midfield,7.75,False
3942382,10826,Mert Müldür,909,Turkey,Right Wing Back,81.28,True
3942382,21582,Tijjani Reijnders,941,Netherlands,Left Defensive Midfield,72.7,True
3942382,3669,Virgil van Dijk,941,Netherlands,Left Center Back,96.12,True
3942382,7039,Hakan Çalhanoğlu,909,Turkey,Left Defensive Midfield,96.12,True
3942382,48383,Abdülkerim Bardakcı,909,Turkey,Left Center Back,96.12,True
3942382,30310,Fehmi Mert Günok,909,Turkey,Goalkeeper,96.12,True
3942382,30438,Ferdi Erenay Kadıoğlu,909,Turkey,Left Wing Back,96.12,True
3942382,3306,Nathan Aké,941,Netherlands,Left Back,73.02,True
3942382,7787,Stefan de Vrij,941,Netherlands,Right Center Back,96.12,True
3942382,116587,Arda Güler,909,Turkey,Right Wing,96.12,True
3942382,10349,Mehmet Zeki Çelik,909,Turkey,Right Back,14.83,False
3942382,9085,Salih Özcan,909,Turkey,Right Defensive Midfield,76.75,True
3942382,39167,Xavi Simons,941,Netherlands,Center Attacking Midfield,86.78,True
3942415,6919,Guilherme Antonio Arana Lopes,781,Brazil,Left Back,127.57,True
3942415,5258,Giorgian Daniel De Arrascaeta Benedetti,783,Uruguay,Center Forward,49.97,False
3942415,5259,José María Giménez de Vargas,783,Uruguay,Right Center Back,94.65,False
3942415,5260,Rodrigo Bentancur Colmán,783,Uruguay,Center Defensive Midfield,61.57,False
3942415,25104,Rodrygo Silva de Goes,781,Brazil,Left Wing,86.53,True
3942415,5264,Guillermo Varela Olivera,783,Uruguay,Right Wing Back,50.6,False
3942415,4372,Marcos Aoás Corrêa,781,Brazil,Left Center Back,127.57,True
3942415,29976,Gabriel Teodoro Martinelli Silva,781,Brazil,Left Midfield,41.03,False
3942415,35492,Maximiliano Javier Araújo Vilches,783,Uruguay,Left Wing,127.57,True
3942415,44455,Sávio Moreira de Oliveira,781,Brazil,Right Wing,44.67,False
3942415,5547,Alisson Ramsés Becker,781,Brazil,Goalkeeper,127.57,True
3942415,34476,Matías Nicolás Viña Susperreguy,783,Uruguay,Left Back,45.0,True
3942415,6574,Douglas Luiz Soares de Paulo,781,Brazil,Right Defensive Midfield,44.67,False
3942415,36659,Manuel Ugarte Ribeiro,783,Uruguay,Center Defensive Midfield,127.57,True
3942415,13620,Éder Gabriel Militão,781,Brazil,Right Center Back,127.57,True
3942415,25142,Bruno Guimarães Rodriguez Moura,781,Brazil,Right Defensive Midfield,86.57,True
3942415,28729,Diego Nicolás De La Cruz Arcosa,783,Uruguay,Left Center Midfield,66.0,True
3942415,6846,Andreas Hoelgebaum Pereira,781,Brazil,Left Defensive Midfield,44.67,False
3942415,7104,Mathías Olivera Miramontes,783,Uruguay,Left Center Back,127.57,True
3942415,36288,Facundo Pellistri Rebollo,783,Uruguay,Right Wing,76.97,True
3942415,22600,Lucas Tolentino Coelho de Lima,781,Brazil,Center Attacking Midfield,82.9,True
3942415,48720,João Victor Gomes da Silva,781,Brazil,Left Defensive Midfield,82.9,True
3942415,33015,Francisco Evanilson de Lima Barbosa,781,Brazil,Center Attacking Midfield,41.0,False
3942415,32478,Darwin Gabriel Núñez Ribeiro,783,Uruguay,Center Forward,77.6,True
3942415,32480,Ronald Federico Araújo da Silva,783,Uruguay,Right Center Back,32.92,True
3942415,10595,Raphael Dias Belloli,781,Brazil,Right Wing,82.9,True
3942415,36710,Sergio Rochet Álvarez,783,Uruguay,Goalkeeper,127.57,True
3942415,35690,Sebastián Enzo Cáceres Ramos,783,Uruguay,Left Center Back,82.57,False
3942415,271988,Endrick Felipe Moreira de Sousa,781,Brazil,Center Forward,127.57,True
3942415,6773,Federico Santiago Valverde Dipetta,783,Uruguay,Right Center Midfield,127.57,True
3942415,3063,Danilo Luiz da Silva,781,Brazil,Right Back,127.57,True
3942415,5247,Nahitan Michel Nández Acosta,783,Uruguay,Right Back,127.57,True
3942416,5634,Erick Javier Davis Grajales,798,Panama,Left Wing Back,82.22,True
3942416,5637,Edgar Yoel Bárcenas Herrera,798,Panama,Left Wing,94.77,True
3942416,5641,Michael Amir Murillo Bermudez,798,Panama,Right Wing Back,94.77,True
3942416,5644,Ismael Díaz De León,798,Panama,Left Wing,10.48,False
3942416,27277,Jhon Adolfo Arias Andrade,769,Colombia,Left Center Midfield,65.22,True
3942416,44305,César Rodolfo Blackman Camarena,798,Panama,Right Wing,45.0,True
3942416,27158,Luis Fernando Díaz Marulanda,769,Colombia,Left Center Forward,64.7,True
3942416,28567,Carlos Eccehomo Cuesta Figueroa,769,Colombia,Left Center Back,94.77,True
3942416,50971,Eduardo Antonio Guerrero Lozcano,798,Panama,Center Forward,49.77,False
3942416,27423,Daniel Muñoz Mejía,769,Colombia,Right Back,72.22,True
3942416,3494,Davinson Sánchez Mina,769,Colombia,Right Center Back,94.77,True
3942416,6193,Andrés Mateus Uribe Villa,769,Colombia,Center Defensive Midfield,94.77,True
3942416,28723,Jorge Andrés Carrascal Guardo,769,Colombia,Left Center Midfield,29.55,False
3942416,16184,Luis Fernando Sinisterra Lucumí,769,Colombia,Left Center Forward,30.07,False
3942416,5691,Johan Andrés Mojica Palacio,769,Colombia,Left Back,94.77,True
3942416,5692,Juan Fernando Quintero Paniagua,769,Colombia,Center Attacking Midfield,22.28,False
3942416,6333,Miguel Ángel Borja Hernández,769,Colombia,Right Center Forward,16.67,False
3942416,5695,James David Rodríguez Rubio,769,Colombia,Center Attacking Midfield,72.48,True
3942416,5696,Santiago Arias Naranjo,769,Colombia,Right Back,22.55,False
3942416,91089,José Fajardo Nelson,798,Panama,Right Wing,84.28,True
3942416,363986,Jovani Francisco Welch Lopez,798,Panama,Left Defensive Midfield,94.77,True
3942416,27225,Camilo Andrés Vargas Gil,769,Colombia,Goalkeeper,94.77,True
3942416,334178,Omar Javier Valencia Arauz,798,Panama,Left Wing Back,12.55,False
3942416,223971,José Ángel Córdoba Chambers,798,Panama,Left Center Back,94.77,True
3942416,34148,Carlos Miguel Harvey Cesneros,798,Panama,Center Back,49.77,False
3942416,35432,Abdiel Armando Ayarza Cocanegra,798,Panama,Right Defensive Midfield,33.35,False
3942416,22256,Roderick Alonso Miller Molina,798,Panama,Left Center Back,45.0,True
3942416,8817,Jhon Andrés Córdoba Copete,769,Colombia,Right Center Forward,78.1,True
3942416,49395,Richard Rios Montoya,769,Colombia,Right Center Midfield,94.77,True
3942416,104179,Orlando Mosquera,798,Panama,Goalkeeper,94.77,True
3942416,260212,Edgardo Isaac Fariña Wynter,798,Panama,Right Center Back,94.77,True
3942416,16637,Cristian Jesús Martínez,798,Panama,Right Defensive Midfield,61.42,True
3942752,4353,Aymeric Laporte,772,Spain,Left Center Back,95.93,True
3942752,3009,Kylian Mbappé Lottin,771,France,Left Wing,95.93,True
3942752,41542,Daniel Vivian Moreno,772,Spain,Right Center Back,38.65,False
3942752,8519,Dayotchanculle Upamecano,771,France,Right Center Back,95.93,True
3942752,24778,Eduardo Camavinga,771,France,Left Defensive Midfield,34.4,False
3942752,316046,Lamine Yamal Nasraoui Ebana,772,Spain,Right Wing,92.97,True
3942752,22097,Randal Kolo Muani,771,France,Center Forward,61.63,True
3942752,5202,José Ignacio Fernández Iglesias,772,Spain,Right Center Back,95.93,True
3942752,3026,Adrien Rabiot,771,France,Left Center Midfield,61.53,True
3942752,16532,Daniel Olmo Carvajal,772,Spain,Center Attacking Midfield,75.78,True
3942752,3477,Álvaro Borja Morata Martín,772,Spain,Center Forward,76.0,True
3942752,17620,Marc Cucurella Saseta,772,Spain,Left Back,95.93,True
3942752,3604,Olivier Giroud,771,France,Right Center Forward,17.83,False
3942752,24921,Martín Zubimendi Ibáñez,772,Spain,Right Center Midfield,2.7,False
3942752,6748,Ferrán Torres García,772,Spain,Right Wing,2.97,False
3942752,4445,Jules Koundé,771,France,Right Back,95.93,True
3942752,68574,Nicholas Williams Arthuer,772,Spain,Left Wing,93.23,True
3942752,6685,Mikel Oyarzabal Ugarte,772,Spain,Center Forward,19.93,False
3942752,3042,Mikel Merino Zazón,772,Spain,Center Attacking Midfield,20.15,False
3942752,11748,Unai Simón Mendibil,772,Spain,Goalkeeper,95.93,True
3942752,6821,Jesús Navas González,772,Spain,Right Back,57.28,True
3942752,5477,Ousmane Dembélé,771,France,Right Wing,78.1,True
3942752,6765,Rodrigo Hernández Cascante,772,Spain,Right Defensive Midfield,95.93,True
3942752,5487,Antoine Griezmann,771,France,Center Attacking Midfield,34.28,False
3942752,6704,Theo Bernard François Hernández,771,France,Left Back,95.93,True
3942752,3761,Mike Maignan,771,France,Goalkeeper,95.93,True
3942752,10481,Aurélien Djani Tchouaméni,771,France,Center Defensive Midfield,95.93,True
3942752,17592,William Saliba,771,France,Left Center Back,95.93,True
3942752,3961,N'Golo Kanté,771,France,Right Center Midfield,61.65,True
3942752,39420,Bradley Barcola,771,France,Left Wing,34.3,False
3942752,6655,Fabián Ruiz Peña,772,Spain,Left Defensive Midfield,95.93,True
3942785,5507,Nicolás Alejandro Tagliafico,779,Argentina,Left Back,63.72,True
3942785,29201,Nahuel Molina Lucero,779,Argentina,Right Back,22.67,False
3942785,383250,Moise Bombito,1833,Canada,Right Center Back,93.9,True
3942785,3090,Nicolás Hernán Otamendi,779,Argentina,Left Center Back,30.18,False
3942785,44703,Alistair Johnston,1833,Canada,Right Back,93.9,True
3942785,26152,Jacob Shaffelburg,1833,Canada,Left Midfield,54.28,True
3942785,2995,Ángel Fabián Di María Hernández,779,Argentina,Right Midfield,77.6,True
3942785,11187,Stephen Antunes Eustáquio,1833,Canada,Left Defensive Midfield,71.03,True
3942785,38718,Enzo Fernandez,779,Argentina,Left Defensive Midfield,93.9,True
3942785,11456,Lautaro Javier Martínez,779,Argentina,Left Center Forward,16.77,False
3942785,23363,Liam Millar,1833,Canada,Right Midfield,39.62,False
3942785,16459,Cyle Larin,1833,Canada,Left Center Forward,93.9,True
3942785,12365,Alphonso Davies,1833,Canada,Left Back,70.77,True
3942785,23758,Maxime Crépeau,1833,Canada,Goalkeeper,93.9,True
3942785,18639,Mathieu Choiniere,1833,Canada,Left Defensive Midfield,22.87,False
3942785,23760,Derek Cornelius,1833,Canada,Left Center Back,93.9,True
3942785,16120,Richie Laryea,1833,Canada,Right Midfield,54.37,True
3942785,20687,Nicolás Iván González,779,Argentina,Left Midfield,16.3,False
3942785,23640,Jonathan David,1833,Canada,Right Center Forward,63.57,True
3942785,224603,Tanitoluwa Oluwaseyi,1833,Canada,Right Center Forward,30.33,False
3942785,20572,Cristian Gabriel Romero,779,Argentina,Right Center Back,93.9,True
3942785,12770,Jonathan Osorio,1833,Canada,Left Midfield,23.13,False
3942785,28263,Gonzalo Ariel Montiel,779,Argentina,Right Back,71.23,True
3942785,28268,Exequiel Alejandro Palacios,779,Argentina,Left Defensive Midfield,16.45,False
3942785,133229,Ismael Koné,1833,Canada,Right Defensive Midfield,93.9,True
3942785,27886,Alexis Mac Allister,779,Argentina,Left Midfield,77.45,True
3942785,29560,Julián Álvarez,779,Argentina,Left Center Forward,77.13,True
3942785,7797,Rodrigo Javier De Paul,779,Argentina,Right Defensive Midfield,93.9,True
3942785,224628,Ali Ahmed,1833,Canada,Left Back,39.53,False
3942785,27768,Lisandro Martínez,779,Argentina,Left Center Back,93.9,True
3942785,6909,Damián Emiliano Martínez,779,Argentina,Goalkeeper,93.9,True
3942785,5503,Lionel Andrés Messi Cuccittini,779,Argentina,Right Center Forward,93.9,True
3942819,21633,Joey Veerman,941,Netherlands,Center Attacking Midfield,60.75,False
3942819,4354,Phil Foden,768,England,Right Attacking Midfield,79.47,True
3942819,33281,Joshua Zirkzee,941,Netherlands,Right Back,2.45,False
3942819,22084,Bukayo Saka,768,England,Right Wing Back,92.28,True
3942819,3205,Kyle Walker,768,England,Right Center Back,95.15,True
3942819,10955,Harry Kane,768,England,Center Forward,79.68,True
3942819,3468,Jordan Pickford,768,England,Goalkeeper,95.15,True
3942819,20750,Cody Mathès Gakpo,941,Netherlands,Left Wing,95.15,True
3942819,15503,Jerdy Schouten,941,Netherlands,Right Defensive Midfield,95.15,True
3942819,21582,Tijjani Reijnders,941,Netherlands,Left Defensive Midfield,95.15,True
3942819,3669,Virgil van Dijk,941,Netherlands,Left Center Back,95.15,True
3942819,7829,Wout Weghorst,941,Netherlands,Center Forward,50.15,False
3942819,29399,Conor Gallagher,768,England,Left Defensive Midfield,2.93,False
3942819,4760,Ollie Watkins,768,England,Center Forward,15.47,False
3942819,37274,Bart Verbruggen,941,Netherlands,Goalkeeper,95.15,True
3942819,34526,Marc Guehi,768,England,Left Center Back,95.15,True
3942819,15582,Donyell Malen,941,Netherlands,Right Wing,45.0,True
3942819,39461,Cole Palmer,768,England,Right Attacking Midfield,15.68,False
3942819,99174,Kobbie Mainoo,768,England,Right Defensive Midfield,92.22,True
3942819,3943,Declan Rice,768,England,Left Defensive Midfield,95.15,True
3942819,3306,Nathan Aké,941,Netherlands,Left Back,95.15,True
3942819,7787,Stefan de Vrij,941,Netherlands,Right Center Back,95.15,True
3942819,2988,Memphis Depay,941,Netherlands,Center Forward,34.4,True
3942819,3244,John Stones,768,England,Center Back,95.15,True
3942819,3308,Kieran Trippier,768,England,Left Wing Back,45.0,True
3942819,3822,Ezri Konsa Ngoyo,768,England,Unknown,2.87,False
3942819,3382,Luke Shaw,768,England,Left Wing Back,50.15,False
3942819,21880,Brian Brobbey,941,Netherlands,Unknown,2.48,False
3942819,30714,Jude Bellingham,768,England,Left Attacking Midfield,95.15,True
3942819,8125,Denzel Dumfries,941,Netherlands,Right Back,92.7,True
3942819,39167,Xavi Simons,941,Netherlands,Right Wing,92.67,True
3942852,5258,Giorgian Daniel De Arrascaeta Benedetti,783,Uruguay,Left Center Midfield,52.3,False
3942852,5259,José María Giménez de Vargas,783,Uruguay,Left Center Back,97.3,True
3942852,5260,Rodrigo Bentancur Colmán,783,Uruguay,Center Defensive Midfield,34.08,True
3942852,27277,Jhon Adolfo Arias Andrade,769,Colombia,Right Wing,45.0,True
3942852,5264,Guillermo Varela Olivera,783,Uruguay,Right Center Back,32.0,False
3942852,27158,Luis Fernando Díaz Marulanda,769,Colombia,Left Wing,85.62,True
3942852,28567,Carlos Eccehomo Cuesta Figueroa,769,Colombia,Left Center Back,97.3,True
3942852,27423,Daniel Muñoz Mejía,769,Colombia,Right Back,97.3,True
3942852,35492,Maximiliano Javier Araújo Vilches,783,Uruguay,Left Midfield,97.3,True
3942852,3494,Davinson Sánchez Mina,769,Colombia,Right Center Back,97.3,True
3942852,5678,Jefferson Andrés Lerma Solís,769,Colombia,Left Defensive Midfield,97.3,True
3942852,6193,Andrés Mateus Uribe Villa,769,Colombia,Right Center Midfield,36.55,False
3942852,36659,Manuel Ugarte Ribeiro,783,Uruguay,Right Defensive Midfield,97.3,True
3942852,6196,Yerry Fernando Mina González,769,Colombia,Center Back,22.3,False
3942852,16184,Luis Fernando Sinisterra Lucumí,769,Colombia,Center Forward,11.68,False
3942852,28729,Diego Nicolás De La Cruz Arcosa,783,Uruguay,Left Center Midfield,89.45,True
3942852,36666,Agustín Canobbio Graviz,783,Uruguay,Right Back,7.85,False
3942852,5691,Johan Andrés Mojica Palacio,769,Colombia,Left Back,97.3,True
3942852,5695,James David Rodríguez Rubio,769,Colombia,Center Attacking Midfield,61.28,True
3942852,7104,Mathías Olivera Miramontes,783,Uruguay,Left Back,45.0,True
3942852,36288,Facundo Pellistri Rebollo,783,Uruguay,Right Midfield,45.0,True
3942852,5696,Santiago Arias Naranjo,769,Colombia,Right Back,52.3,False
3942852,27225,Camilo Andrés Vargas Gil,769,Colombia,Goalkeeper,97.3,True
3942852,32478,Darwin Gabriel Núñez Ribeiro,783,Uruguay,Center Forward,97.3,True
3942852,36706,Cristian Gonzalo Olivera Ibarra,783,Uruguay,Right Midfield,52.3,False
3942852,36710,Sergio Rochet Álvarez,783,Uruguay,Goalkeeper,97.3,True
3942852,35690,Sebastián Enzo Cáceres Ramos,783,Uruguay,Right Center Back,97.3,True
3942852,60138,Kevin Duvan Castaño Gil,769,Colombia,Left Center Midfield,36.02,False
3942852,8817,Jhon Andrés Córdoba Copete,769,Colombia,Center Forward,75.0,True
3942852,49395,Richard Rios Montoya,769,Colombia,Right Defensive Midfield,60.75,True
3942852,6773,Federico Santiago Valverde Dipetta,783,Uruguay,Left Back,97.3,True
3942852,5246,Luis Alberto Suárez Díaz,783,Uruguay,Right Center Forward,31.22,False
3943043,4353,Aymeric Laporte,772,Spain,Left Center Back,94.02,True
3943043,4354,Phil Foden,768,England,Center Attacking Midfield,89.2,True
3943043,22084,Bukayo Saka,768,England,Right Wing,94.02,True
3943043,3205,Kyle Walker,768,England,Right Back,94.02,True
3943043,10955,Harry Kane,768,England,Center Forward,60.68,True
3943043,3468,Jordan Pickford,768,England,Goalkeeper,94.02,True
3943043,316046,Lamine Yamal Nasraoui Ebana,772,Spain,Right Wing,88.67,True
3943043,5202,José Ignacio Fernández Iglesias,772,Spain,Right Center Back,11.38,False
3943043,16532,Daniel Olmo Carvajal,772,Spain,Center Attacking Midfield,94.02,True
3943043,3477,Álvaro Borja Morata Martín,772,Spain,Center Forward,67.32,True
3943043,17620,Marc Cucurella Saseta,772,Spain,Left Back,94.02,True
3943043,4760,Ollie Watkins,768,England,Center Forward,33.33,False
3943043,5721,Daniel Carvajal Ramos,772,Spain,Right Back,94.02,True
3943043,24921,Martín Zubimendi Ibáñez,772,Spain,Right Defensive Midfield,49.02,False
3943043,3834,Ivan Toney,768,England,Left Center Forward,4.82,False
3943043,6685,Mikel Oyarzabal Ugarte,772,Spain,Center Forward,26.7,False
3943043,34526,Marc Guehi,768,England,Left Center Back,94.02,True
3943043,68574,Nicholas Williams Arthuer,772,Spain,Left Wing,94.02,True
3943043,3042,Mikel Merino Zazón,772,Spain,Center Attacking Midfield,5.35,False
3943043,11748,Unai Simón Mendibil,772,Spain,Goalkeeper,94.02,True
3943043,39461,Cole Palmer,768,England,Center Attacking Midfield,24.13,False
3943043,99174,Kobbie Mainoo,768,England,Right Defensive Midfield,69.88,True
3943043,3943,Declan Rice,768,England,Left Defensive Midfield,94.02,True
3943043,3244,John Stones,768,England,Right Center Back,94.02,True
3943043,6765,Rodrigo Hernández Cascante,772,Spain,Right Defensive Midfield,45.0,True
3943043,22128,Robin Aime Robert Le Normand,772,Spain,Right Center Back,82.63,True
3943043,3382,Luke Shaw,768,England,Left Back,94.02,True
3943043,30714,Jude Bellingham,768,England,Left Wing,94.02,True
3943043,6655,Fabián Ruiz Peña,772,Spain,Left Defensive Midfield,94.02,True
3943076,5258,Giorgian Daniel De Arrascaeta Benedetti,783,Uruguay,Left Center Midfield,82.32,False
3943076,5259,José María Giménez de Vargas,783,Uruguay,Right Center Back,127.32,True
3943076,5260,Rodrigo Bentancur Colmán,783,Uruguay,Right Center Midfield,127.32,True
3943076,30736,Paul Brian Rodríguez Bravo,783,Uruguay,Right Wing,66.72,False
3943076,383250,Moise Bombito,1833,Canada,Left Center Back,127.32,True
3943076,24730,Lucas René Olaza Catrofe,783,Uruguay,Left Back,61.55,False
3943076,44703,Alistair Johnston,1833,Canada,Right Back,61.25,True
3943076,35492,Maximiliano Javier Araújo Vilches,783,Uruguay,Left Wing,60.75,True
3943076,26152,Jacob Shaffelburg,1833,Canada,Left Wing,127.32,True
3943076,34476,Matías Nicolás Viña Susperreguy,783,Uruguay,Left Back,65.77,True
3943076,36659,Manuel Ugarte Ribeiro,783,Uruguay,Center Defensive Midfield,45.0,True
3943076,36794,Dayne Tristan St. Clair,1833,Canada,Goalkeeper,127.32,True
3943076,36288,Facundo Pellistri Rebollo,783,Uruguay,Right Wing,60.6,True
3943076,23363,Liam Millar,1833,Canada,Right Midfield,51.1,False
3943076,133189,Luc Rollet De Fougerolles,1833,Canada,Right Center Back,66.43,True
3943076,12365,Alphonso Davies,1833,Canada,Left Back,66.07,False
3943076,18639,Mathieu Choiniere,1833,Canada,Left Defensive Midfield,127.32,True
3943076,23760,Derek Cornelius,1833,Canada,Left Center Back,60.88,False
3943076,23640,Jonathan David,1833,Canada,Right Center Forward,60.9,False
3943076,224603,Tanitoluwa Oluwaseyi,1833,Canada,Center Forward,66.42,True
3943076,32478,Darwin Gabriel Núñez Ribeiro,783,Uruguay,Center Forward,45.0,True
3943076,12770,Jonathan Osorio,1833,Canada,Center Attacking Midfield,76.22,True
3943076,36706,Cristian Gonzalo Olivera Ibarra,783,Uruguay,Left Wing,66.57,False
3943076,36710,Sergio Rochet Álvarez,783,Uruguay,Goalkeeper,127.32,True
3943076,35690,Sebastián Enzo Cáceres Ramos,783,Uruguay,Left Center Back,127.32,True
3943076,133229,Ismael Koné,1833,Canada,Right Defensive Midfield,127.32,True
3943076,224628,Ali Ahmed,1833,Canada,Right Wing,76.22,True
3943076,6773,Federico Santiago Valverde Dipetta,783,Uruguay,Right Center Midfield,127.32,True
3943076,25078,Thelonius Bair,1833,Canada,Left Center Forward,51.1,False
3943076,16120,Richie Laryea,1833,Canada,Left Back,127.32,True
3943076,5246,Luis Alberto Suárez Díaz,783,Uruguay,Center Forward,82.32,False
3943076,5247,Nahitan Michel Nández Acosta,783,Uruguay,Right Back,127.32,True
3943077,5507,Nicolás Alejandro Tagliafico,779,Argentina,Left Back,124.47,True
3943077,27277,Jhon Adolfo Arias Andrade,769,Colombia,Left Center Midfield,105.0,True
3943077,29201,Nahuel Molina Lucero,779,Argentina,Right Back,53.18,False
3943077,3090,Nicolás Hernán Otamendi,779,Argentina,Center Back,8.22,False
3943077,27158,Luis Fernando Díaz Marulanda,769,Colombia,Left Center Forward,105.0,True
3943077,28567,Carlos Eccehomo Cuesta Figueroa,769,Colombia,Left Center Back,124.47,True
3943077,3494,Davinson Sánchez Mina,769,Colombia,Right Center Back,124.47,True
3943077,5678,Jefferson Andrés Lerma Solís,769,Colombia,Center Defensive Midfield,105.0,True
3943077,6193,Andrés Mateus Uribe Villa,769,Colombia,Center Defensive Midfield,19.47,False
3943077,2995,Ángel Fabián Di María Hernández,779,Argentina,Right Midfield,116.25,True
3943077,16308,Leandro Daniel Paredes,779,Argentina,Center Defensive Midfield,28.18,False
3943077,28723,Jorge Andrés Carrascal Guardo,769,Colombia,Left Center Midfield,19.47,False
3943077,5691,Johan Andrés Mojica Palacio,769,Colombia,Left Back,124.47,True
3943077,5692,Juan Fernando Quintero Paniagua,769,Colombia,Center Attacking Midfield,34.47,False
3943077,6333,Miguel Ángel Borja Hernández,769,Colombia,Left Center Forward,19.47,False
3943077,38718,Enzo Fernandez,779,Argentina,Right Defensive Midfield,96.78,True
3943077,5695,James David Rodríguez Rubio,769,Colombia,Center Attacking Midfield,90.0,True
3943077,5696,Santiago Arias Naranjo,769,Colombia,Right Back,124.47,True
3943077,11456,Lautaro Javier Martínez,779,Argentina,Center Forward,28.42,False
3943077,20687,Nicolás Iván González,779,Argentina,Left Midfield,58.65,False
3943077,27225,Camilo Andrés Vargas Gil,769,Colombia,Goalkeeper,124.47,True
3943077,20572,Cristian Gabriel Romero,779,Argentina,Right Center Back,124.47,True
3943077,28263,Gonzalo Ariel Montiel,779,Argentina,Right Back,71.28,True
3943077,28266,Rafael Santos Borré Amaury,769,Colombia,Right Center Forward,36.6,False
3943077,60138,Kevin Duvan Castaño Gil,769,Colombia,Right Center Midfield,36.55,False
3943077,27886,Alexis Mac Allister,779,Argentina,Left Defensive Midfield,96.28,True
3943077,8817,Jhon Andrés Córdoba Copete,769,Colombia,Right Center Forward,87.87,True
3943077,3313,Giovani Lo Celso,779,Argentina,Left Center Midfield,27.68,False
3943077,49395,Richard Rios Montoya,769,Colombia,Right Center Midfield,87.92,True
3943077,29560,Julián Álvarez,779,Argentina,Left Center Forward,96.05,True
3943077,7797,Rodrigo Javier De Paul,779,Argentina,Right Midfield,124.47,True
3943077,27768,Lisandro Martínez,779,Argentina,Left Center Back,124.47,True
3943077,6909,Damián Emiliano Martínez,779,Argentina,Goalkeeper,124.47,True
3943077,5503,Lionel Andrés Messi Cuccittini,779,Argentina,Right Center Forward,65.82,True
7525,5184,Osama Abdulrezag Hawsawi,799,Saudi Arabia,Right Center Back,94.8,True
7525,5185,Taisir Jabir Al Jassim,799,Saudi Arabia,Right Center Midfield,94.8,True
7525,5186,Denis Cheryshev,796,Russia,Left Midfield,71.4,False
7525,5187,Salem Mohammed Al Dawsari,799,Saudi Arabia,Left Midfield,94.8,True
7525,5188,Hattan Babhir,799,Saudi Arabia,Right Midfield,23.72,False
7525,5189,Abdullah Ibrahim Al Maiouf,799,Saudi Arabia,Goalkeeper,94.8,True
7525,5190,Fahad Mosaed Al Muwallad Al Harbi,799,Saudi Arabia,Left Center Forward,31.57,False
7525,5191,Mohammed Al Burayk,799,Saudi Arabia,Right Back,94.8,True
7525,5192,Yehya Sulaiman Ali Al-Shehri,799,Saudi Arabia,Right Midfield,71.08,True
7525,5193,Yuri Zhirkov,796,Russia,Left Back,94.8,True
7525,5194,Fyodor Smolov,796,Russia,Center Forward,69.35,True
7525,5195,Artem Dzyuba,796,Russia,Center Forward,25.45,False
7525,5196,Mohammad Ibrahim Al Sahlawi,799,Saudi Arabia,Center Forward,83.97,True
7525,5197,Omar Ibrahim Omar Othman Hawsawi,799,Saudi Arabia,Left Center Back,94.8,True
7525,5170,Mário Figueira Fernandes,796,Russia,Right Back,94.8,True
7525,5171,Roman Zobnin,796,Russia,Left Center Midfield,94.8,True
7525,5172,Igor Akinfeev,796,Russia,Goalkeeper,94.8,True
7525,5173,Abdullah Ibrahim Otayf,799,Saudi Arabia,Center Defensive Midfield,63.23,True
7525,5174,Sergei Ignashevich,796,Russia,Left Center Back,94.8,True
7525,5175,Ilya Kutepov,796,Russia,Right Center Back,94.8,True
7525,5176,Mohanad Aseri Abu Radiah,799,Saudi Arabia,Right Center Forward,10.83,False
7525,5177,Aleksandr Golovin,796,Russia,Center Attacking Midfield,94.8,True
7525,5178,Salman Mohammed Al Faraj,799,Saudi Arabia,Left Center Midfield,94.8,True
7525,5179,Daler Kuzyaev,796,Russia,Right Midfield,31.0,False
7525,5180,Alan Dzagoev,796,Russia,Center Attacking Midfield,23.4,True
7525,5181,Yury Gazinskiy,796,Russia,Right Center Midfield,94.8,True
7525,5182,Aleksandr Samedov,796,Russia,Right Midfield,63.8,True
7525,5183,Yasir Gharsan Al Shahrani,799,Saudi Arabia,Left Back,94.8,True
7529,3338,Onyinye Wilfred Ndidi,775,Nigeria,Right Center Midfield,94.15,True
7529,5454,Francis Odinaka Uzoho,775,Nigeria,Goalkeeper,94.15,True
7529,3471,Dejan Lovren,785,Croatia,Right Center Back,94.15,True
7529,5455,William Troost-Ekong,775,Nigeria,Right Center Back,94.15,True
7529,5457,Ivan Strinić,785,Croatia,Left Back,94.15,True
7529,5458,Odion Jude Ighalo,775,Nigeria,Center Forward,71.93,True
7529,5456,Mateo Kovačić,785,Croatia,Right Wing,16.35,False
7529,5460,Andrej Kramarić,785,Croatia,Center Attacking Midfield,59.98,True
7529,5461,Šime Vrsaljko,785,Croatia,Right Back,94.15,True
7529,5462,Brian Oladapo Idowu,775,Nigeria,Left Back,94.15,True
7529,5463,Luka Modrić,785,Croatia,Right Center Midfield,94.15,True
7529,5459,Marko Pjaca,785,Croatia,Center Forward,9.18,False
7529,5465,Ante Rebić,785,Croatia,Left Wing,77.8,True
7529,5466,Oghenekaro Etebo,775,Nigeria,Left Center Midfield,94.15,True
7529,5467,Leon Aderemi Balogun,775,Nigeria,Left Center Back,94.15,True
7529,5468,Domagoj Vida,785,Croatia,Left Center Back,94.15,True
7529,5469,Marcelo Brozović,785,Croatia,Left Center Midfield,34.17,False
7529,5470,Ivan Rakitić,785,Croatia,Left Center Midfield,94.15,True
7529,5471,Abdullahi Shehu,775,Nigeria,Right Back,94.15,True
7529,5472,Mario Mandžukić,785,Croatia,Center Forward,84.97,True
7529,5473,Ahmed Musa,775,Nigeria,Left Defensive Midfield,33.07,False
7529,5474,Ivan Perišić,785,Croatia,Right Wing,94.15,True
7529,5475,John Michael Nchekwube Obinna,775,Nigeria,Center Attacking Midfield,87.53,True
7529,5464,Simeon Tochukwu Nwankwo,775,Nigeria,Center Attacking Midfield,6.62,False
7529,3444,Danijel Subašić,785,Croatia,Goalkeeper,94.15,True
7529,3963,Victor Moses,775,Nigeria,Right Wing,94.15,True
7529,3708,Kelechi Promise Iheanacho,775,Nigeria,Center Forward,22.22,False
7529,3647,Alex Iwobi,775,Nigeria,Left Defensive Midfield,61.08,True
7530,3009,Kylian Mbappé Lottin,771,France,Right Wing,95.48,True
7530,5483,Daniel Arzani,792,Australia,Left Midfield,11.6,False
7530,2948,Nabil Fekir,771,France,Left Wing,25.97,False
7530,3281,Aaron Mooy,792,Australia,Left Center Midfield,95.48,True
7530,3604,Olivier Giroud,771,France,Center Forward,26.25,False
7530,4375,Blaise Matuidi,771,France,Right Center Midfield,17.97,False
7530,3099,Hugo Lloris,771,France,Goalkeeper,95.48,True
7530,20004,Paul Pogba,771,France,Left Center Midfield,95.48,True
7530,5476,Benjamin Pavard,771,France,Right Back,95.48,True
7530,5477,Ousmane Dembélé,771,France,Left Wing,69.52,True
7530,5478,Trent Sainsbury,792,Australia,Right Center Back,95.48,True
7530,3240,Mathew Ryan,792,Australia,Goalkeeper,95.48,True
7530,5479,Aziz Eraltay Behich,792,Australia,Left Back,95.48,True
7530,5480,Corentin Tolisso,771,France,Right Center Midfield,77.52,True
7530,5481,Mathew Leckie,792,Australia,Right Midfield,95.48,True
7530,5482,Josh Risdon,792,Australia,Right Back,95.48,True
7530,5484,Lucas Hernández Pi,771,France,Left Back,95.48,True
7530,5485,Raphaël Varane,771,France,Right Center Back,95.48,True
7530,5486,Andrew Nabbout,792,Australia,Center Forward,63.03,True
7530,5487,Antoine Griezmann,771,France,Center Forward,69.23,True
7530,5488,Mark Milligan,792,Australia,Left Center Back,95.48,True
7530,5489,Mile Jedinak,792,Australia,Right Center Midfield,95.48,True
7530,5491,Tom Rogić,792,Australia,Center Attacking Midfield,70.55,True
7530,5492,Samuel Yves Umtiti,771,France,Left Center Back,95.48,True
7530,5493,Tomi Jurić,792,Australia,Center Forward,32.45,False
7530,5494,Robbie Kruse,792,Australia,Left Midfield,83.88,True
7530,5490,Jackson Irvine,792,Australia,Center Attacking Midfield,24.93,False
7530,3961,N'Golo Kanté,771,France,Center Defensive Midfield,95.48,True
7531,5504,Éver Maximiliano David Banega,779,Argentina,Left Center Midfield,41.93,False
7531,5505,Kári Árnason,793,Iceland,Right Center Back,95.02,True
7531,5506,Javier Alejandro Mascherano,779,Argentina,Left Center Midfield,95.02,True
7531,5507,Nicolás Alejandro Tagliafico,779,Argentina,Left Back,95.02,True
7531,5508,Birkir Már Sævarsson,793,Iceland,Right Back,95.02,True
7531,5509,Birkir Bjarnason,793,Iceland,Left Midfield,95.02,True
7531,5510,Lucas Rodrigo Biglia,779,Argentina,Right Center Midfield,53.08,True
7531,5511,Ragnar Sigurðsson,793,Iceland,Left Center Back,95.02,True
7531,5512,Emil Hallfreðsson,793,Iceland,Left Defensive Midfield,95.02,True
7531,5513,Eduardo Antonio Salvio,779,Argentina,Right Back,95.02,True
7531,3720,Johann Berg Guðmunds­son,793,Iceland,Right Midfield,62.7,True
7531,5515,Aron Einar Gunnarsson,793,Iceland,Right Defensive Midfield,75.5,True
7531,5514,Alfreð Finnbogason,793,Iceland,Center Forward,88.17,True
7531,3659,Wilfredo Daniel Caballero,779,Argentina,Goalkeeper,95.02,True
7531,3602,Faustino Marcos Alberto Rojo,779,Argentina,Left Center Back,95.02,True
7531,3090,Nicolás Hernán Otamendi,779,Argentina,Right Center Back,95.02,True
7531,3237,Sergio Leonel Agüero del Castillo,779,Argentina,Center Forward,95.02,True
7531,3944,Gylfi Þór Sigurðsson,793,Iceland,Secondary Striker,95.02,True
7531,2995,Ángel Fabián Di María Hernández,779,Argentina,Left Midfield,74.87,True
7531,5495,Rúrik Gíslason,793,Iceland,Left Midfield,32.32,False
7531,5496,Cristian David Pavón,779,Argentina,Left Attacking Midfield,20.15,False
7531,5497,Gonzalo Gerardo Higuaín,779,Argentina,Right Center Forward,11.33,False
7531,5498,Hannes Þór Halldórsson,793,Iceland,Goalkeeper,95.02,True
7531,5499,Maximiliano Eduardo Meza,779,Argentina,Right Midfield,83.68,True
7531,5500,Björn Bergmann Sigurðarson,793,Iceland,Center Forward,6.85,False
7531,5501,Hörður Björgvin Magnússon,793,Iceland,Left Back,95.02,True
7531,5502,Ari Freyr Skúlason,793,Iceland,Right Midfield,19.52,False
7531,5503,Lionel Andrés Messi Cuccittini,779,Argentina,Center Attacking Midfield,95.02,True
7532,5516,Pione Sisto Ifolo Emirmija,776,Denmark,Left Wing,66.83,True
7532,5517,William Vitved Kvist Jørgensen,776,Denmark,Right Center Midfield,35.03,True
7532,5518,Miguel Ángel Trauco Saavedra,784,Peru,Left Back,95.12,True
7532,5519,Christian Alberto Cueva Bravo,784,Peru,Center Attacking Midfield,95.12,True
7532,5520,Lasse Schöne,776,Denmark,Right Center Midfield,60.08,False
7532,5521,Luis Jan Piers Advíncula Castrillón,784,Peru,Right Back,95.12,True
7532,5522,Nicolai Jørgensen,776,Denmark,Center Forward,95.12,True
7532,5523,Renato Fabrizio Tapia Cortijo,784,Peru,Right Center Midfield,86.17,True
7532,5524,Jens Stryger Larsen,776,Denmark,Left Back,95.12,True
7532,5525,Édison Michael Flores Peralta,784,Peru,Left Wing,61.98,True
7532,3027,Mathias Jattah-Njie Jørgensen,776,Denmark,Left Center Back,14.32,False
7532,5527,Thomas Delaney,776,Denmark,Left Center Midfield,95.12,True
7532,5528,Pedro David Gallese Quiróz,784,Peru,Goalkeeper,95.12,True
7532,5529,Víctor Yoshimar Yotún Flores,784,Peru,Left Center Midfield,95.12,True
7532,5530,Christian Guillermo Martín Ramos Garagay,784,Peru,Right Center Back,95.12,True
7532,4763,Henrik Dalsgaard,776,Denmark,Right Back,95.12,True
7532,5531,Jefferson Agustín Farfán Guadalupe,784,Peru,Center Forward,84.15,True
7532,5532,Alberto Junior Rodríguez Valdelomar,784,Peru,Left Center Back,95.12,True
7532,5534,Simon Thorup Kjær,776,Denmark,Right Center Back,95.12,True
7532,5535,José Paolo Guerrero Gonzáles,784,Peru,Left Wing,33.13,False
7532,5536,Yussuf Yurary Poulsen,776,Denmark,Right Wing,95.12,True
7532,4447,Martin Braithwaite Christensen,776,Denmark,Left Wing,28.28,False
7532,5533,Raúl Mario Ruidíaz Misitich,784,Peru,Center Forward,10.97,False
7532,3043,Christian Dannemann Eriksen,776,Denmark,Center Attacking Midfield,95.12,True
7532,5526,Pedro Jesús Aquino Sánchez,784,Peru,Right Center Midfield,8.95,False
7532,3815,Kasper Schmeichel,776,Denmark,Goalkeeper,95.12,True
7532,3632,André Martín Carrillo Díaz,784,Peru,Right Wing,95.12,True
7532,3959,Andreas Christensen,776,Denmark,Left Center Back,80.8,True
7533,3202,Gabriel Fernando de Jesus,781,Brazil,Center Forward,78.17,True
7533,3533,Xherdan Shaqiri,773,Switzerland,Right Wing,96.45,True
7533,3535,Roberto Firmino Barbosa de Oliveira,781,Brazil,Center Forward,18.28,False
7533,3472,Willian Borges da Silva,781,Brazil,Right Wing,96.45,True
7533,3295,Thiago Emiliano da Silva,781,Brazil,Right Center Back,96.45,True
7533,4320,Neymar da Silva Santos Junior,781,Brazil,Left Wing,96.45,True
7533,5537,Fabian Lukas Schär,773,Switzerland,Right Center Back,96.45,True
7533,5538,Denis Lemi Zakaria Lako Lado,773,Switzerland,Right Center Midfield,26.83,False
7533,5539,Carlos Henrique Casimiro,781,Brazil,Center Defensive Midfield,59.28,True
7533,5540,Valon Behrami,773,Switzerland,Right Center Midfield,69.62,True
7533,5541,Stephan Lichtsteiner,773,Switzerland,Right Back,86.37,True
7533,5542,José Paulo Bezzera Maciel Júnior,781,Brazil,Right Center Midfield,66.6,True
7533,5543,Haris Seferović,773,Switzerland,Center Forward,79.55,True
7533,5544,Ricardo Iván Rodríguez Araya,773,Switzerland,Left Back,96.45,True
7533,5545,Breel-Donald Embolo,773,Switzerland,Center Forward,16.9,False
7533,5546,Michael Lang,773,Switzerland,Right Back,10.08,False
7533,5547,Alisson Ramsés Becker,781,Brazil,Goalkeeper,96.45,True
7533,3500,Granit Xhaka,773,Switzerland,Left Center Midfield,96.45,True
7533,3501,Philippe Coutinho Correia,781,Brazil,Left Center Midfield,96.45,True
7533,5550,Yann Sommer,773,Switzerland,Goalkeeper,96.45,True
7533,5551,João Miranda de Souza Filho,781,Brazil,Left Center Back,96.45,True
7533,5552,Marcelo Vieira da Silva Júnior,781,Brazil,Left Back,96.45,True
7533,5549,Manuel Obafemi Akanji,773,Switzerland,Left Center Back,96.45,True
7533,5554,Blerim Džemaili,773,Switzerland,Center Attacking Midfield,96.45,True
7533,5548,Steven Zuber,773,Switzerland,Left Wing,96.45,True
7533,3054,Fernando Luiz Roza,781,Brazil,Center Defensive Midfield,37.17,False
7533,5553,Renato Soares de Oliveira Augusto,781,Brazil,Right Center Midfield,29.85,False
7533,3063,Danilo Luiz da Silva,781,Brazil,Right Back,96.45,True
7534,5568,Raúl Alonso Jiménez Rodríguez,794,Mexico,Left Wing,27.33,False
7534,5569,Marvin Plattenhardt,770,Germany,Left Back,78.82,True
7534,5570,Manuel Neuer,770,Germany,Goalkeeper,93.17,True
7534,5571,Hirving Rodrigo Lozano Bahena,794,Mexico,Left Wing,65.83,True
7534,5572,Mats Hummels,770,Germany,Left Center Back,93.17,True
7534,5573,Héctor Alfredo Moreno Herrera,794,Mexico,Left Center Back,93.17,True
7534,5574,Toni Kroos,770,Germany,Left Center Midfield,93.17,True
7534,5575,Héctor Miguel Herrera López,794,Mexico,Right Center Midfield,93.17,True
7534,5576,Jesús Daniel Gallardo Vasconcelos,794,Mexico,Left Back,93.17,True
7534,5577,Francisco Guillermo Ochoa Magaña,794,Mexico,Goalkeeper,93.17,True
7534,5578,Jérôme Boateng,770,Germany,Right Center Back,93.17,True
7534,5579,Joshua Kimmich,770,Germany,Right Back,93.17,True
7534,3496,Mesut Özil,770,Germany,Center Attacking Midfield,93.17,True
7534,5555,Julian Brandt,770,Germany,Left Midfield,7.43,False
7534,3186,Julian Draxler,770,Germany,Left Wing,93.17,True
7534,3058,Javier Hernández Balcázar,794,Mexico,Center Forward,93.17,True
7534,5556,Miguel Arturo Layún Prado,794,Mexico,Right Wing,93.17,True
7534,5557,Timo Werner,770,Germany,Center Forward,85.73,True
7534,5558,Rafael Márquez Álvarez,794,Mexico,Right Defensive Midfield,20.52,False
7534,5559,Marco Reus,770,Germany,Center Attacking Midfield,33.35,False
7534,5560,Carlos Alberto Vela Garrido,794,Mexico,Center Attacking Midfield,57.67,True
7534,5561,Hugo Ayala Castro,794,Mexico,Right Center Back,93.17,True
7534,5562,Thomas Müller,770,Germany,Right Wing,93.17,True
7534,5563,José Andrés Guardado Hernández,794,Mexico,Left Center Midfield,72.65,True
7534,5564,Carlos Joel Salcedo Hernández,794,Mexico,Right Back,93.17,True
7534,5565,Mario Gómez García,770,Germany,Secondary Striker,14.35,False
7534,5566,Sami Khedira,770,Germany,Right Center Midfield,59.82,True
7534,5567,Edson Omar Álvarez Velázquez,794,Mexico,Right Center Midfield,35.5,False
7535,5580,Duško Tošić,786,Serbia,Left Center Back,97.62,True
7535,5581,Joel Nathaniel Campbell Samuels,795,Costa Rica,Center Forward,31.55,False
7535,5582,Celso Borges Mora,795,Costa Rica,Right Center Midfield,97.62,True
7535,5583,Aleksandar Prijović,786,Serbia,Center Forward,8.98,False
7535,5584,Giancarlo González Castro,795,Costa Rica,Center Back,97.62,True
7535,5585,Daniel Colindres Solera,795,Costa Rica,Left Wing,25.4,False
7535,5586,Marcos Danilo Ureña Porras,795,Costa Rica,Center Forward,66.07,True
7535,5587,Adem Ljajić,786,Serbia,Left Midfield,69.28,True
7535,5588,Antonio Rukavina,786,Serbia,Right Midfield,15.97,False
7535,5589,Sergej Milinković-Savić,786,Serbia,Center Attacking Midfield,97.62,True
7535,5590,Johnny Acosta Zamora,795,Costa Rica,Right Center Back,97.62,True
7535,5591,Filip Kostić,786,Serbia,Left Midfield,28.33,False
7535,5592,Bryan Ruiz González,795,Costa Rica,Right Wing,97.62,True
7535,5593,Christian Bolaños Navarro,795,Costa Rica,Left Wing,38.32,False
7535,5594,Branislav Ivanović,786,Serbia,Right Back,97.62,True
7535,5595,Johan Alberto Venegas Ulloa,795,Costa Rica,Left Wing,59.3,True
7535,5596,Aleksandar Kolarov,786,Serbia,Left Back,97.62,True
7535,5597,Keylor Navas Gamboa,795,Costa Rica,Goalkeeper,97.62,True
7535,5598,Óscar Esau Duarte Gaitán,795,Costa Rica,Left Center Back,97.62,True
7535,5599,David Alberto Guzmán Pérez,795,Costa Rica,Left Center Midfield,72.22,True
7535,5600,Francisco Javier Calvo Quesada,795,Costa Rica,Left Wing Back,97.62,True
7535,5601,Vladimir Stojković,786,Serbia,Goalkeeper,97.62,True
7535,5602,Cristian Gamboa Luna,795,Costa Rica,Right Wing Back,97.62,True
7535,5603,Nikola Milenković,786,Serbia,Right Center Back,97.62,True
7535,4269,Aleksandar Mitrović,786,Serbia,Center Forward,88.63,True
7535,3381,Nemanja Matić,786,Serbia,Left Center Midfield,97.62,True
7535,3831,Dušan Tadić,786,Serbia,Right Midfield,81.65,True
7535,3455,Luka Milivojević,786,Serbia,Right Center Midfield,97.62,True
7536,5632,Thorgan Hazard,782,Belgium,Right Wing,11.48,False
7536,5633,Yannick Ferreira Carrasco,782,Belgium,Left Wing Back,73.58,True
7536,5634,Erick Javier Davis Grajales,798,Panama,Left Back,94.15,True
7536,5635,Román Aureliano Torres Morcillo,798,Panama,Right Center Back,94.15,True
7536,5636,Jaime Manuel Penedo Cano,798,Panama,Goalkeeper,94.15,True
7536,3077,Jan Vertonghen,782,Belgium,Left Center Back,94.15,True
7536,5638,Fidel Escobar Mendieta,798,Panama,Left Center Back,94.15,True
7536,5639,Anga Dedryck Boyata,782,Belgium,Center Back,94.15,True
7536,5640,Gabriel Enrique Gómez Girón,798,Panama,Center Defensive Midfield,94.15,True
7536,5641,Michael Amir Murillo Bermudez,798,Panama,Right Back,94.15,True
7536,5642,Axel Witsel,782,Belgium,Left Center Midfield,89.35,True
7536,5637,Edgar Yoel Bárcenas Herrera,798,Panama,Right Wing,62.33,True
7536,5644,Ismael Díaz De León,798,Panama,Left Wing,31.38,False
7536,5645,Armando Enrique Cooper Whitaker,798,Panama,Right Center Midfield,94.15,True
7536,5646,Aníbal Cesis Godoy,798,Panama,Left Center Midfield,94.15,True
7536,5643,Luis Carlos Tejada Hansell,798,Panama,Center Forward,21.1,False
7536,3089,Kevin De Bruyne,782,Belgium,Right Center Midfield,94.15,True
7536,3289,Romelu Lukaku Menama,782,Belgium,Center Forward,94.15,True
7536,3037,Mousa Sidi Yaya Dembélé,782,Belgium,Center Defensive Midfield,20.57,False
7536,4831,Nacer Chadli,782,Belgium,Left Center Midfield,4.8,False
7536,20005,Toby Alderweireld,782,Belgium,Right Center Back,94.15,True
7536,3621,Eden Hazard,782,Belgium,Left Attacking Midfield,94.15,True
7536,3176,Thomas Meunier,782,Belgium,Right Wing Back,94.15,True
7536,3509,Thibaut Courtois,782,Belgium,Goalkeeper,94.15,True
7536,5628,José Luis Rodríguez Francis,798,Panama,Left Wing,62.77,True
7536,5629,Gabriel Arturo Torres Tejada,798,Panama,Right Wing,31.82,False
7536,5630,Dries Mertens,782,Belgium,Right Attacking Midfield,82.67,True
7536,5631,Blas Antonio Miguel Pérez Ortega,798,Panama,Center Forward,73.05,True
7537,3205,Kyle Walker,768,England,Right Center Back,94.73,True
7537,3336,Harry Maguire,768,England,Left Center Back,94.73,True
7537,10955,Harry Kane,768,England,Left Center Forward,94.73,True
7537,3468,Jordan Pickford,768,England,Goalkeeper,94.73,True
7537,3532,Jordan Brian Henderson,768,England,Center Defensive Midfield,94.73,True
7537,10956,Eric Dier,768,England,Unknown,2.87,False
7537,5647,Ali Maâloul,777,Tunisia,Left Back,94.73,True
7537,5648,Farouk Ben Mustapha,777,Tunisia,Goalkeeper,80.5,False
7537,5649,Anice Badri,777,Tunisia,Left Center Midfield,94.73,True
7537,5650,Ferjani Sassi,777,Tunisia,Right Center Midfield,94.73,True
7537,5651,Yassine Meriah,777,Tunisia,Left Center Back,94.73,True
7537,5652,Saber Khalifa,777,Tunisia,Center Forward,10.48,False
7537,5653,Mouez Hassen,777,Tunisia,Goalkeeper,14.23,True
7537,5654,Fakhreddine Ben Youssef,777,Tunisia,Right Midfield,94.73,True
7537,5655,Dylan Daniel Mahmoud Bronn,777,Tunisia,Right Back,94.73,True
7537,5656,Syam Ben Youssef,777,Tunisia,Right Center Back,94.73,True
7537,3094,Bamidele Alli,768,England,Left Center Midfield,79.33,True
7537,5657,Mohamed Amine Ben Amor,777,Tunisia,Right Midfield,22.05,False
7537,3612,Ashley Young,768,England,Left Midfield,94.73,True
7537,3293,Jesse Lingard,768,England,Right Center Midfield,91.87,True
7537,3233,Raheem Sterling,768,England,Right Center Forward,67.8,True
7537,3557,Naïm Sliti,777,Tunisia,Left Midfield,72.68,True
7537,3244,John Stones,768,England,Center Back,94.73,True
7537,3308,Kieran Trippier,768,England,Right Midfield,94.73,True
7537,3504,Ruben Loftus-Cheek,768,England,Left Center Midfield,15.4,False
7537,3318,Marcus Rashford,768,England,Right Center Forward,26.93,False
7537,3767,Ellyes Joris Skhiri,777,Tunisia,Center Defensive Midfield,94.73,True
7537,3196,Wahbi Khazri,777,Tunisia,Center Forward,84.25,True
7538,4417,Ola Toivonen,790,Sweden,Left Center Forward,76.12,True
7538,3083,Heung-Min Son,791,South Korea,Left Center Forward,94.2,True
7538,3605,Sung-Yeung Ki,791,South Korea,Center Defensive Midfield,94.2,True
7538,11098,Marcus Berg,790,Sweden,Right Center Forward,94.2,True
7538,5604,Young-Gwon Kim,791,South Korea,Left Center Back,94.2,True
7538,4709,Pontus Jansson,790,Sweden,Right Center Back,94.2,True
7538,5606,Hyun-Soo Jang,791,South Korea,Right Center Back,94.2,True
7538,5607,Andreas Granqvist,790,Sweden,Left Center Back,94.2,True
7538,5608,Yong Lee,791,South Korea,Right Back,94.2,True
7538,5609,Joo-Ho Park,791,South Korea,Left Back,27.8,True
7538,5610,Min-Woo Kim,791,South Korea,Left Back,66.4,False
7538,5605,Oscar Hiljemark,790,Sweden,Left Center Midfield,23.42,False
7538,5612,Mikael Lustig,790,Sweden,Right Back,94.2,True
7538,5613,Viktor Claesson,790,Sweden,Right Midfield,94.2,True
7538,5611,Gustav Svensson,790,Sweden,Right Center Midfield,13.88,False
7538,5615,Isaac Kiese Thelin,790,Sweden,Left Center Forward,18.08,False
7538,5616,Seung-Woo Lee,791,South Korea,Left Wing,22.15,False
7538,5617,Sebastian Larsson,790,Sweden,Right Center Midfield,80.32,True
7538,5618,Woo-Young Jung,791,South Korea,Left Center Midfield,28.17,False
7538,5619,Hyeon-Woo Jo,791,South Korea,Goalkeeper,94.2,True
7538,5620,Hee-Chan Hwang,791,South Korea,Left Wing,94.2,True
7538,5621,Ludwig Augustinsson,790,Sweden,Left Back,94.2,True
7538,5622,Robin Olsen,790,Sweden,Goalkeeper,94.2,True
7538,5623,Jae-Sung Lee,791,South Korea,Right Center Midfield,94.2,True
7538,5624,Albin Ekdal,790,Sweden,Left Center Midfield,70.78,True
7538,5625,Emil Peter Forsberg,790,Sweden,Left Midfield,94.2,True
7538,5626,Shin-Wook Kim,791,South Korea,Center Forward,66.03,True
7538,5627,Ja-Cheol Koo,791,South Korea,Left Center Midfield,72.05,True
7539,3404,Youssouf Sabaly,787,Senegal,Left Back,94.27,True
7539,4626,Jan Bednarek,789,Poland,Center Back,49.27,False
7539,3603,Mame Biram Diouf,787,Senegal,Right Center Forward,61.42,True
7539,5658,Łukasz Piszczek,789,Poland,Right Back,82.25,True
7539,5659,Khadim N'Diaye,787,Senegal,Goalkeeper,94.27,True
7539,5660,Piotr Zieliński,789,Poland,Left Center Midfield,94.27,True
7539,5661,M'Baye Babacar Niang,787,Senegal,Left Center Forward,74.38,True
7539,5662,Thiago Rangel Cionek,789,Poland,Right Center Back,94.27,True
7539,5663,Jakub Błaszczykowski,789,Poland,Right Wing,45.0,True
7539,5664,Salif Sané,787,Senegal,Right Center Back,94.27,True
7539,5665,Arkadiusz Milik,789,Poland,Center Attacking Midfield,72.85,True
7539,5666,Dawid Kownacki,789,Poland,Right Wing,21.42,False
7539,5667,Kamil Grosicki,789,Poland,Left Wing,94.27,True
7539,5668,Robert Lewandowski,789,Poland,Center Forward,94.27,True
7539,5669,Wojciech Szczęsny,789,Poland,Goalkeeper,94.27,True
7539,5670,Michał Pazdan,789,Poland,Left Center Back,94.27,True
7539,5671,Alfred John Momar N'Diaye,787,Senegal,Left Center Midfield,86.37,True
7539,5672,Maciej Rybus,789,Poland,Left Wing Back,94.27,True
7539,3555,Pape Moussa Konaté,787,Senegal,Left Center Forward,19.88,False
7539,5674,Moussa Wagué,787,Senegal,Right Back,94.27,True
7539,5675,Kalidou Koulibaly,787,Senegal,Left Center Back,94.27,True
7539,3436,Idrissa Gana Gueye,787,Senegal,Right Center Midfield,94.27,True
7539,3629,Sadio Mané,787,Senegal,Left Wing,94.27,True
7539,5676,Cheikh N'Doye,787,Senegal,Right Center Forward,32.85,False
7539,5673,Bartosz Bereszyński,789,Poland,Right Wing Back,12.02,False
7539,3684,Cheikhou Kouyaté,787,Senegal,Left Center Midfield,7.9,False
7539,3637,Grzegorz Krychowiak,789,Poland,Right Center Midfield,94.27,True
7539,2941,Ismaïla Sarr,787,Senegal,Right Wing,94.27,True
7540,5250,Ahmed Fathy Abdel Meneim Ibrahim,774,Egypt,Right Back,94.1,True
7540,5251,Abdalla Mahmoud El Said Bekhit,774,Egypt,Center Attacking Midfield,94.1,True
7540,5252,Marwan Mohsen,774,Egypt,Center Forward,81.23,True
7540,5186,Denis Cheryshev,796,Russia,Left Wing,73.43,True
7540,5254,Ali Gabr,774,Egypt,Right Center Back,94.1,True
7540,5253,Amr Medhat Warda,774,Egypt,Right Wing,30.88,False
7540,5193,Yuri Zhirkov,796,Russia,Left Back,85.15,True
7540,5194,Fyodor Smolov,796,Russia,Center Forward,15.77,False
7540,5195,Artem Dzyuba,796,Russia,Center Forward,78.33,True
7540,3531,Mohamed Salah,774,Egypt,Right Wing,94.1,True
7540,5261,Mahmoud Ibrahim Hassan,774,Egypt,Left Wing,67.32,True
7540,5262,Tarek Hamed,774,Egypt,Left Defensive Midfield,94.1,True
7540,5263,Mohamed Abdul Shafy Sayed Abouezeid,774,Egypt,Left Back,94.1,True
7540,3536,Ramadan Sobhi Ramadan Ahmed,774,Egypt,Left Midfield,26.78,False
7540,5265,Mohamed El Sayed Mohamed El Shenawy Gomaa,774,Egypt,Goalkeeper,94.1,True
7540,5257,Mahmoud Abdul Monem Abdelhamid Soliman,774,Egypt,Left Center Forward,12.87,False
7540,4063,Ahmed Elsayed Ali Elsayed Hegazy,774,Egypt,Left Center Back,94.1,True
7540,5677,Fedor Kudryashov,796,Russia,Left Back,8.95,False
7540,3568,Mohamed Naser Elsayed Elneny,774,Egypt,Right Defensive Midfield,63.22,True
7540,5170,Mário Figueira Fernandes,796,Russia,Right Back,94.1,True
7540,5171,Roman Zobnin,796,Russia,Left Defensive Midfield,94.1,True
7540,5172,Igor Akinfeev,796,Russia,Goalkeeper,94.1,True
7540,5174,Sergei Ignashevich,796,Russia,Left Center Back,94.1,True
7540,5175,Ilya Kutepov,796,Russia,Right Center Back,94.1,True
7540,5177,Aleksandr Golovin,796,Russia,Center Attacking Midfield,94.1,True
7540,5179,Daler Kuzyaev,796,Russia,Left Wing,20.67,False
7540,5181,Yury Gazinskiy,796,Russia,Right Defensive Midfield,94.1,True
7540,5182,Aleksandr Samedov,796,Russia,Right Wing,94.1,True
7541,5696,Santiago Arias Naranjo,769,Colombia,Right Back,95.22,True
7541,5697,Genki Haraguchi,778,Japan,Right Wing,95.22,True
7541,3530,Hiroki Sakai,778,Japan,Right Back,95.22,True
7541,5688,Carlos Arturo Bacca Ahumada,769,Colombia,Right Wing,25.73,False
7541,3279,José Heriberto Izquierdo Mena,769,Colombia,Left Midfield,69.48,True
7541,3810,Shinji Okazaki,778,Japan,Center Forward,10.48,False
7541,3300,Maya Yoshida,778,Japan,Right Center Back,95.22,True
7541,3494,Davinson Sánchez Mina,769,Colombia,Right Center Back,95.22,True
7541,3175,Eiji Kawashima,778,Japan,Goalkeeper,95.22,True
7541,5694,Hotaru Yamaguchi,778,Japan,Right Center Midfield,15.93,False
7541,5678,Jefferson Andrés Lerma Solís,769,Colombia,Right Center Midfield,95.22,True
7541,5679,Yūya Ōsako,778,Japan,Center Forward,84.73,True
7541,5680,Oscar Fabián Murillo Murillo,769,Colombia,Left Center Back,95.22,True
7541,5681,Makoto Hasebe,778,Japan,Left Center Midfield,95.22,True
7541,5682,Gen Shōji,778,Japan,Left Center Back,95.22,True
7541,5683,Keisuke Honda,778,Japan,Center Attacking Midfield,26.03,False
7541,4276,David Ospina Ramírez,769,Colombia,Goalkeeper,95.22,True
7541,5685,Carlos Alberto Sánchez Moreno,769,Colombia,Left Center Midfield,95.22,True
7541,5684,Shinji Kagawa,778,Japan,Center Attacking Midfield,69.18,True
7541,5687,Takashi Inui,778,Japan,Left Wing,95.22,True
7541,3445,Radamel Falcao García Zárate,769,Colombia,Center Forward,95.22,True
7541,5689,Juan Guillermo Cuadrado Bello,769,Colombia,Right Midfield,30.72,True
7541,5690,Yuto Nagatomo,778,Japan,Left Back,95.22,True
7541,5691,Johan Andrés Mojica Palacio,769,Colombia,Left Back,95.22,True
7541,5692,Juan Fernando Quintero Paniagua,769,Colombia,Left Center Midfield,57.9,True
7541,5693,Gaku Shibasaki,778,Japan,Right Center Midfield,79.28,True
7541,5686,Wílmar Enrique Barrios Terán,769,Colombia,Right Center Midfield,64.5,False
7541,5695,James David Rodríguez Rubio,769,Colombia,Left Wing,37.32,False
7542,3329,Cédric Ricardo Alves Soares,780,Portugal,Right Back,95.1,True
7542,4367,Gonçalo Manuel Ganchinho Guedes,780,Portugal,Right Center Forward,95.1,True
7542,5204,Bruno Miguel Borges Fernandes,780,Portugal,Left Midfield,25.9,False
7542,5205,Rui Pedro dos Santos Patrício,780,Portugal,Goalkeeper,95.1,True
7542,5207,Cristiano Ronaldo dos Santos Aveiro,780,Portugal,Left Center Forward,95.1,True
7542,5209,Raphaël Adelino José Guerreiro,780,Portugal,Left Back,95.1,True
7542,5723,Gelson Dany Batalha Martins,780,Portugal,Right Midfield,36.62,False
7542,5724,Fayçal Fajr,788,Morocco,Right Defensive Midfield,9.63,False
7542,5725,Mehdi Carcela-González,788,Morocco,Left Center Forward,20.4,False
7542,5214,William Silva de Carvalho,780,Portugal,Left Center Midfield,95.1,True
7542,5727,Nabil Dirar,788,Morocco,Right Back,95.1,True
7542,3168,João Filipe Iria Santos Moutinho,780,Portugal,Right Center Midfield,88.02,True
7542,5726,Khalid Boutaïb,788,Morocco,Center Forward,68.88,True
7542,5221,Manuel Marouan da Costa Trinidade,788,Morocco,Left Center Back,95.1,True
7542,3302,Nordin Amrabat,788,Morocco,Right Wing,95.1,True
7542,5229,Ayoub El Kaabi,788,Morocco,Right Center Forward,26.22,False
7542,20016,Kléper Laveran Lima Ferreira,780,Portugal,Right Center Back,95.1,True
7542,4272,João Mário Naval da Costa Eduardo,780,Portugal,Left Midfield,69.2,True
7542,5232,Mbark Boussoufa,788,Morocco,Left Defensive Midfield,95.1,True
7542,5233,Munir Mohand Mohamedi,788,Morocco,Goalkeeper,95.1,True
7542,5236,Karim El Ahmadi Al Aroos,788,Morocco,Right Defensive Midfield,85.47,True
7542,5237,Hakim Ziyech,788,Morocco,Left Wing,95.1,True
7542,3960,José Miguel da Rocha Fonte,780,Portugal,Left Center Back,95.1,True
7542,3193,Bernardo Mota Veiga de Carvalho e Silva,780,Portugal,Right Midfield,58.48,True
7542,5242,Younès Belhanda,788,Morocco,Center Attacking Midfield,74.7,True
7542,3707,Adrien Sebastian Perruchet Silva,780,Portugal,Right Center Midfield,7.08,False
7542,5244,Medhi Amine El Mouttaqi Benatia,788,Morocco,Right Center Back,95.1,True
7542,5245,Achraf Hakimi Mouh,788,Morocco,Left Back,95.1,True
7543,3333,David de Gea Quintana,772,Spain,Goalkeeper,94.15,True
7543,5198,Diego da Silva Costa,772,Spain,Center Forward,87.9,True
7543,5199,Jorge Resurrección Merodio,772,Spain,Left Center Midfield,24.07,False
7543,5200,Lucas Vázquez Iglesias,772,Spain,Right Midfield,78.65,True
7543,5201,Sergio Ramos García,772,Spain,Left Center Back,94.15,True
7543,5203,Sergio Busquets i Burgos,772,Spain,Center Defensive Midfield,94.15,True
7543,5718,Rodrigo Moreno Machado,772,Spain,Center Forward,6.25,False
7543,5719,Marco Asensio Willemsen,772,Spain,Right Midfield,15.5,False
7543,5720,Milad Mohammadi,797,Iran,Left Back,25.52,False
7543,5721,Daniel Carvajal Ramos,772,Spain,Right Back,94.15,True
7543,5722,Saeid Ezatolahi Afagh,797,Iran,Center Defensive Midfield,94.15,True
7543,5211,Jordi Alba Ramos,772,Spain,Left Back,94.15,True
7543,5213,Gerard Piqué Bernabéu,772,Spain,Right Center Back,94.15,True
7543,5216,Andrés Iniesta Luján,772,Spain,Left Center Midfield,70.08,True
7543,5220,Morteza Pouraliganji,797,Iran,Right Center Back,94.15,True
7543,5224,Sardar Azmoun,797,Iran,Center Forward,94.15,True
7543,5225,Omid Ebrahimi,797,Iran,Right Center Midfield,94.15,True
7543,5226,Mehdi Taremi,797,Iran,Right Wing,94.15,True
7543,5227,Alireza Safar Beiranvand,797,Iran,Goalkeeper,94.15,True
7543,5228,Seyed Majid Hosseini,797,Iran,Left Center Back,94.15,True
7543,5230,Ehsan Hajsafi,797,Iran,Left Back,68.63,True
7543,5231,Karim Ansarifard,797,Iran,Left Wing,73.85,True
7543,5235,Ramin Rezaeian,797,Iran,Right Back,94.15,True
7543,5239,Alireza Jahanbakhsh,797,Iran,Left Wing,20.3,False
7543,3064,David Josué Jiménez Silva,772,Spain,Right Center Midfield,94.15,True
7543,5241,Vahid Amiri,797,Iran,Left Center Midfield,85.62,True
7543,5240,Saman Ghoddos,797,Iran,Left Center Midfield,8.53,False
7543,4926,Francisco Román Alarcón Suárez,772,Spain,Left Midfield,94.15,True
7544,5248,José Martín Cáceres Silva,783,Uruguay,Left Back,94.02,True
7544,5249,Diego Roberto Godín Leal,783,Uruguay,Left Center Back,94.02,True
7544,5184,Osama Abdulrezag Hawsawi,799,Saudi Arabia,Right Center Back,94.02,True
7544,5185,Taisir Jabir Al Jassim,799,Saudi Arabia,Right Center Midfield,43.5,True
7544,5187,Salem Mohammed Al Dawsari,799,Saudi Arabia,Left Wing,94.02,True
7544,5188,Hattan Babhir,799,Saudi Arabia,Right Wing,74.77,True
7544,5190,Fahad Mosaed Al Muwallad Al Harbi,799,Saudi Arabia,Center Forward,77.35,True
7544,5255,Matías Vecino Falero,783,Uruguay,Right Center Midfield,58.63,True
7544,5256,Cristian Gabriel Rodríguez Barrotti,783,Uruguay,Left Wing,58.08,True
7544,5191,Mohammed Al Burayk,799,Saudi Arabia,Right Back,94.02,True
7544,5259,José María Giménez de Vargas,783,Uruguay,Right Center Back,94.02,True
7544,5260,Rodrigo Bentancur Colmán,783,Uruguay,Left Center Midfield,94.02,True
7544,5196,Mohammad Ibrahim Al Sahlawi,799,Saudi Arabia,Center Forward,16.67,False
7544,5264,Guillermo Varela Olivera,783,Uruguay,Right Back,94.02,True
7544,5713,Mohammed Kanoo,799,Saudi Arabia,Right Wing,19.25,False
7544,5714,Mohammed Khalil Al Owais,799,Saudi Arabia,Goalkeeper,94.02,True
7544,5267,Néstor Fernando Muslera Micol,783,Uruguay,Goalkeeper,94.02,True
7544,5268,Carlos Andrés Sánchez Arcosa,783,Uruguay,Right Wing,81.27,True
7544,5715,Ali Albulayhi,799,Saudi Arabia,Left Center Back,94.02,True
7544,5716,Hussain Al Mogahwi,799,Saudi Arabia,Right Center Midfield,50.52,False
7544,5717,Diego Sebastián Laxalt Suárez,783,Uruguay,Left Wing,35.93,False
7544,5266,Lucas Torreira Di Pascua,783,Uruguay,Right Center Midfield,35.38,False
7544,4319,Edinson Roberto Cavani Gómez,783,Uruguay,Right Center Forward,94.02,True
7544,5247,Nahitan Michel Nández Acosta,783,Uruguay,Right Center Midfield,12.75,False
7544,5173,Abdullah Ibrahim Otayf,799,Saudi Arabia,Left Center Midfield,94.02,True
7544,5178,Salman Mohammed Al Faraj,799,Saudi Arabia,Center Attacking Midfield,94.02,True
7544,5246,Luis Alberto Suárez Díaz,783,Uruguay,Left Center Forward,94.02,True
7544,5183,Yasir Gharsan Al Shahrani,799,Saudi Arabia,Left Back,94.02,True
7545,5506,Javier Alejandro Mascherano,779,Argentina,Center Defensive Midfield,94.1,True
7545,5507,Nicolás Alejandro Tagliafico,779,Argentina,Left Center Back,94.1,True
7545,5513,Eduardo Antonio Salvio,779,Argentina,Right Midfield,55.65,True
7545,3659,Wilfredo Daniel Caballero,779,Argentina,Goalkeeper,94.1,True
7545,19597,Marcos Javier Acuña,779,Argentina,Left Midfield,94.1,True
7545,3471,Dejan Lovren,785,Croatia,Right Center Back,94.1,True
7545,5456,Mateo Kovačić,785,Croatia,Left Midfield,12.35,False
7545,5457,Ivan Strinić,785,Croatia,Left Back,94.1,True
7545,3090,Nicolás Hernán Otamendi,779,Argentina,Center Back,94.1,True
7545,5460,Andrej Kramarić,785,Croatia,Right Midfield,37.77,False
7545,5461,Šime Vrsaljko,785,Croatia,Right Back,94.1,True
7545,5463,Luka Modrić,785,Croatia,Right Center Midfield,94.1,True
7545,5465,Ante Rebić,785,Croatia,Right Midfield,56.33,True
7545,5468,Domagoj Vida,785,Croatia,Left Center Back,94.1,True
7545,5469,Marcelo Brozović,785,Croatia,Center Defensive Midfield,94.1,True
7545,5470,Ivan Rakitić,785,Croatia,Left Center Midfield,94.1,True
7545,5472,Mario Mandžukić,785,Croatia,Center Forward,92.63,True
7545,5474,Ivan Perišić,785,Croatia,Left Midfield,81.75,True
7545,3237,Sergio Leonel Agüero del Castillo,779,Argentina,Center Forward,53.95,True
7545,5739,Vedran Ćorluka,785,Croatia,Center Forward,1.47,False
7545,5741,Enzo Nicolás Pérez,779,Argentina,Center Midfield,67.77,True
7545,5742,Gabriel Iván Mercado,779,Argentina,Right Center Back,94.1,True
7545,5743,Paulo Bruno Exequiel Dybala,779,Argentina,Right Midfield,26.33,False
7545,3444,Danijel Subašić,785,Croatia,Goalkeeper,94.1,True
7545,5496,Cristian David Pavón,779,Argentina,Left Midfield,38.45,False
7545,5497,Gonzalo Gerardo Higuaín,779,Argentina,Center Forward,40.15,False
7545,5499,Maximiliano Eduardo Meza,779,Argentina,Left Attacking Midfield,94.1,True
7545,5503,Lionel Andrés Messi Cuccittini,779,Argentina,Right Attacking Midfield,94.1,True
7546,3009,Kylian Mbappé Lottin,771,France,Right Wing,73.73,True
7546,2948,Nabil Fekir,771,France,Center Attacking Midfield,15.17,False
7546,5518,Miguel Ángel Trauco Saavedra,784,Peru,Left Back,94.45,True
7546,5519,Christian Alberto Cueva Bravo,784,Peru,Center Attacking Midfield,81.67,True
7546,5521,Luis Jan Piers Advíncula Castrillón,784,Peru,Right Back,94.45,True
7546,3604,Olivier Giroud,771,France,Center Forward,94.45,True
7546,5525,Édison Michael Flores Peralta,784,Peru,Left Defensive Midfield,94.45,True
7546,5526,Pedro Jesús Aquino Sánchez,784,Peru,Right Defensive Midfield,94.45,True
7546,4375,Blaise Matuidi,771,France,Left Wing,94.45,True
7546,5528,Pedro David Gallese Quiróz,784,Peru,Goalkeeper,94.45,True
7546,5529,Víctor Yoshimar Yotún Flores,784,Peru,Left Defensive Midfield,45.0,True
7546,5530,Christian Guillermo Martín Ramos Garagay,784,Peru,Right Center Back,94.45,True
7546,3099,Hugo Lloris,771,France,Goalkeeper,94.45,True
7546,5532,Alberto Junior Rodríguez Valdelomar,784,Peru,Left Center Back,45.0,True
7546,5531,Jefferson Agustín Farfán Guadalupe,784,Peru,Center Attacking Midfield,49.45,False
7546,5533,Raúl Mario Ruidíaz Misitich,784,Peru,Left Wing,12.78,False
7546,5535,José Paolo Guerrero Gonzáles,784,Peru,Center Forward,94.45,True
7546,20004,Paul Pogba,771,France,Left Center Midfield,88.67,True
7546,5476,Benjamin Pavard,771,France,Right Back,94.45,True
7546,5477,Ousmane Dembélé,771,France,Right Wing,20.72,False
7546,5737,Steven N'Kemboanza Mike Christopher Nzonzi,771,France,Left Center Midfield,5.78,False
7546,5738,Anderson Santamaría Bardales,784,Peru,Left Center Back,49.45,False
7546,5484,Lucas Hernández Pi,771,France,Left Back,94.45,True
7546,5485,Raphaël Varane,771,France,Right Center Back,94.45,True
7546,5487,Antoine Griezmann,771,France,Center Attacking Midfield,79.28,True
7546,3632,André Martín Carrillo Díaz,784,Peru,Right Midfield,94.45,True
7546,5492,Samuel Yves Umtiti,771,France,Left Center Back,94.45,True
7546,3961,N'Golo Kanté,771,France,Right Center Midfield,94.45,True
7547,5516,Pione Sisto Ifolo Emirmija,776,Denmark,Left Wing,93.45,True
7547,5520,Lasse Schöne,776,Denmark,Right Defensive Midfield,93.45,True
7547,3281,Aaron Mooy,792,Australia,Right Center Midfield,93.45,True
7547,5522,Nicolai Jørgensen,776,Denmark,Center Forward,67.7,True
7547,5524,Jens Stryger Larsen,776,Denmark,Left Back,93.45,True
7547,5527,Thomas Delaney,776,Denmark,Left Defensive Midfield,93.45,True
7547,4763,Henrik Dalsgaard,776,Denmark,Right Back,93.45,True
7547,5534,Simon Thorup Kjær,776,Denmark,Right Center Back,93.45,True
7547,4447,Martin Braithwaite Christensen,776,Denmark,Right Wing,35.37,False
7547,5536,Yussuf Yurary Poulsen,776,Denmark,Right Wing,58.08,True
7547,3043,Christian Dannemann Eriksen,776,Denmark,Center Attacking Midfield,93.45,True
7547,5732,Andreas Evald Cornelius,776,Denmark,Center Forward,25.75,False
7547,5478,Trent Sainsbury,792,Australia,Right Center Back,93.45,True
7547,3815,Kasper Schmeichel,776,Denmark,Goalkeeper,93.45,True
7547,3240,Mathew Ryan,792,Australia,Goalkeeper,93.45,True
7547,5479,Aziz Eraltay Behich,792,Australia,Left Back,93.45,True
7547,5481,Mathew Leckie,792,Australia,Right Wing,93.45,True
7547,5482,Josh Risdon,792,Australia,Right Back,93.45,True
7547,5483,Daniel Arzani,792,Australia,Left Wing,25.57,False
7547,5486,Andrew Nabbout,792,Australia,Center Forward,74.27,True
7547,5488,Mark Milligan,792,Australia,Left Center Back,93.45,True
7547,5489,Mile Jedinak,792,Australia,Left Center Midfield,93.45,True
7547,5490,Jackson Irvine,792,Australia,Secondary Striker,12.38,False
7547,5491,Tom Rogić,792,Australia,Secondary Striker,81.07,True
7547,5493,Tomi Jurić,792,Australia,Center Forward,19.18,False
7547,5494,Robbie Kruse,792,Australia,Left Wing,67.88,True
7547,3959,Andreas Christensen,776,Denmark,Left Center Back,93.45,True
7548,3202,Gabriel Fernando de Jesus,781,Brazil,Center Forward,92.22,True
7548,5836,Bryan Oviedo,795,Costa Rica,Left Wing Back,98.02,True
7548,5837,Douglas Costa de Souza,781,Brazil,Right Wing,53.02,False
7548,5838,Fágner Conserva Lemos,781,Brazil,Right Back,98.02,True
7548,5582,Celso Borges Mora,795,Costa Rica,Right Center Midfield,98.02,True
7548,3472,Willian Borges da Silva,781,Brazil,Right Wing,45.0,True
7548,5584,Giancarlo González Castro,795,Costa Rica,Center Back,98.02,True
7548,5586,Marcos Danilo Ureña Porras,795,Costa Rica,Center Forward,53.77,True
7548,3535,Roberto Firmino Barbosa de Oliveira,781,Brazil,Right Attacking Midfield,30.4,False
7548,5839,Yeltsin Ignacio Tejeda Valverde,795,Costa Rica,Left Midfield,15.42,False
7548,5590,Johnny Acosta Zamora,795,Costa Rica,Right Center Back,98.02,True
7548,5592,Bryan Ruiz González,795,Costa Rica,Left Wing,98.02,True
7548,5593,Christian Bolaños Navarro,795,Costa Rica,Right Wing,44.25,False
7548,5595,Johan Alberto Venegas Ulloa,795,Costa Rica,Right Wing,98.02,True
7548,5597,Keylor Navas Gamboa,795,Costa Rica,Goalkeeper,98.02,True
7548,5598,Óscar Esau Duarte Gaitán,795,Costa Rica,Left Center Back,98.02,True
7548,5599,David Alberto Guzmán Pérez,795,Costa Rica,Left Center Midfield,82.6,True
7548,4320,Neymar da Silva Santos Junior,781,Brazil,Left Wing,98.02,True
7548,3295,Thiago Emiliano da Silva,781,Brazil,Right Center Back,98.02,True
7548,5602,Cristian Gamboa Luna,795,Costa Rica,Right Wing Back,74.33,True
7548,5539,Carlos Henrique Casimiro,781,Brazil,Center Defensive Midfield,98.02,True
7548,5600,Francisco Javier Calvo Quesada,795,Costa Rica,Left Center Back,23.68,False
7548,5542,José Paulo Bezzera Maciel Júnior,781,Brazil,Right Center Midfield,67.62,True
7548,5547,Alisson Ramsés Becker,781,Brazil,Goalkeeper,98.02,True
7548,3501,Philippe Coutinho Correia,781,Brazil,Left Center Midfield,98.02,True
7548,3054,Fernando Luiz Roza,781,Brazil,Left Defensive Midfield,5.8,False
7548,5551,João Miranda de Souza Filho,781,Brazil,Left Center Back,98.02,True
7548,5552,Marcelo Vieira da Silva Júnior,781,Brazil,Left Back,98.02,True
7549,5505,Kári Árnason,793,Iceland,Right Center Back,96.57,True
7549,5508,Birkir Már Sævarsson,793,Iceland,Right Back,96.57,True
7549,5509,Birkir Bjarnason,793,Iceland,Left Midfield,96.57,True
7549,5829,Jón Daði Böðvarsson,793,Iceland,Left Center Forward,70.25,True
7549,5511,Ragnar Sigurðsson,793,Iceland,Left Center Back,64.22,True
7549,5830,Kenneth Josiah Omeruo,775,Nigeria,Left Center Back,96.57,True
7549,5832,Tyronne Ebuehi,775,Nigeria,Left Midfield,51.57,False
7549,3338,Onyinye Wilfred Ndidi,775,Nigeria,Right Center Midfield,96.57,True
7549,5515,Aron Einar Gunnarsson,793,Iceland,Right Defensive Midfield,86.57,True
7549,5514,Alfreð Finnbogason,793,Iceland,Right Center Forward,96.57,True
7549,5831,Sverrir Ingi Ingason,793,Iceland,Left Center Back,32.35,False
7549,5454,Francis Odinaka Uzoho,775,Nigeria,Goalkeeper,96.57,True
7549,5455,William Troost-Ekong,775,Nigeria,Center Back,96.57,True
7549,5458,Odion Jude Ighalo,775,Nigeria,Right Center Forward,12.52,False
7549,5462,Brian Oladapo Idowu,775,Nigeria,Left Midfield,45.0,True
7549,5500,Björn Bergmann Sigurðarson,793,Iceland,Left Center Forward,26.32,False
7549,5466,Oghenekaro Etebo,775,Nigeria,Left Center Midfield,89.67,True
7549,5467,Leon Aderemi Balogun,775,Nigeria,Right Center Back,96.57,True
7549,5473,Ahmed Musa,775,Nigeria,Right Center Forward,96.57,True
7549,5475,John Michael Nchekwube Obinna,775,Nigeria,Center Midfield,96.57,True
7549,3944,Gylfi Þór Sigurðsson,793,Iceland,Left Defensive Midfield,96.57,True
7549,5495,Rúrik Gíslason,793,Iceland,Right Midfield,96.57,True
7549,5498,Hannes Þór Halldórsson,793,Iceland,Goalkeeper,96.57,True
7549,3963,Victor Moses,775,Nigeria,Right Midfield,96.57,True
7549,3708,Kelechi Promise Iheanacho,775,Nigeria,Left Center Forward,84.05,True
7549,5501,Hörður Björgvin Magnússon,793,Iceland,Left Back,96.57,True
7549,5502,Ari Freyr Skúlason,793,Iceland,Right Defensive Midfield,10.0,False
7549,3647,Alex Iwobi,775,Nigeria,Center Attacking Midfield,6.9,False
7550,5833,Nemanja Radonjić,786,Serbia,Left Wing,15.7,False
7550,5834,Mario Gavranović,773,Switzerland,Secondary Striker,50.8,False
7550,5835,Josip Drmic,773,Switzerland,Unknown,3.15,False
7550,5580,Duško Tošić,786,Serbia,Left Center Back,95.8,True
7550,3533,Xherdan Shaqiri,773,Switzerland,Right Wing,95.8,True
7550,5587,Adem Ljajić,786,Serbia,Left Wing,31.87,False
7550,5589,Sergej Milinković-Savić,786,Serbia,Center Attacking Midfield,95.8,True
7550,5591,Filip Kostić,786,Serbia,Left Wing,63.93,True
7550,5594,Branislav Ivanović,786,Serbia,Right Back,95.8,True
7550,5596,Aleksandar Kolarov,786,Serbia,Left Back,95.8,True
7550,5537,Fabian Lukas Schär,773,Switzerland,Right Center Back,95.8,True
7550,5601,Vladimir Stojković,786,Serbia,Goalkeeper,95.8,True
7550,5603,Nikola Milenković,786,Serbia,Right Center Back,95.8,True
7550,5540,Valon Behrami,773,Switzerland,Right Center Midfield,95.8,True
7550,5541,Stephan Lichtsteiner,773,Switzerland,Right Back,95.8,True
7550,5543,Haris Seferović,773,Switzerland,Secondary Striker,45.0,True
7550,5544,Ricardo Iván Rodríguez Araya,773,Switzerland,Left Back,95.8,True
7550,5545,Breel-Donald Embolo,773,Switzerland,Center Attacking Midfield,23.6,False
7550,3500,Granit Xhaka,773,Switzerland,Left Center Midfield,95.8,True
7550,4269,Aleksandar Mitrović,786,Serbia,Center Forward,95.8,True
7550,5550,Yann Sommer,773,Switzerland,Goalkeeper,95.8,True
7550,5549,Manuel Obafemi Akanji,773,Switzerland,Left Center Back,95.8,True
7550,5548,Steven Zuber,773,Switzerland,Left Wing,92.65,True
7550,5554,Blerim Džemaili,773,Switzerland,Center Attacking Midfield,72.2,True
7550,3381,Nemanja Matić,786,Serbia,Left Center Midfield,95.8,True
7550,3831,Dušan Tadić,786,Serbia,Right Wing,95.8,True
7550,3455,Luka Milivojević,786,Serbia,Right Center Midfield,80.1,True
7551,4417,Ola Toivonen,790,Sweden,Right Center Forward,77.57,True
7551,5570,Manuel Neuer,770,Germany,Goalkeeper,97.15,True
7551,5574,Toni Kroos,770,Germany,Left Defensive Midfield,97.15,True
7551,5624,Albin Ekdal,790,Sweden,Left Center Midfield,97.15,True
7551,5578,Jérôme Boateng,770,Germany,Right Center Back,97.15,True
7551,5579,Joshua Kimmich,770,Germany,Right Back,97.15,True
7551,5625,Emil Peter Forsberg,790,Sweden,Left Midfield,97.15,True
7551,19988,Jimmy Durmaz,790,Sweden,Right Midfield,23.52,False
7551,6038,John Guidetti,790,Sweden,Right Center Forward,19.58,False
7551,6039,Sebastian Rudy,770,Germany,Right Defensive Midfield,30.55,True
7551,6040,Jonas Hector,770,Germany,Left Back,86.27,True
7551,11098,Marcus Berg,790,Sweden,Left Center Forward,89.42,True
7551,3167,Antonio Rüdiger,770,Germany,Left Center Back,97.15,True
7551,5607,Andreas Granqvist,790,Sweden,Left Center Back,97.15,True
7551,5612,Mikael Lustig,790,Sweden,Right Back,97.15,True
7551,5613,Viktor Claesson,790,Sweden,Right Midfield,73.63,True
7551,10287,İlkay Gündoğan,770,Germany,Right Defensive Midfield,66.6,False
7551,5615,Isaac Kiese Thelin,790,Sweden,Left Center Forward,7.73,False
7551,5617,Sebastian Larsson,790,Sweden,Right Center Midfield,97.15,True
7551,3186,Julian Draxler,770,Germany,Left Wing,45.0,True
7551,5555,Julian Brandt,770,Germany,Left Back,10.88,False
7551,5557,Timo Werner,770,Germany,Center Forward,97.15,True
7551,5621,Ludwig Augustinsson,790,Sweden,Left Back,97.15,True
7551,5559,Marco Reus,770,Germany,Center Attacking Midfield,97.15,True
7551,5622,Robin Olsen,790,Sweden,Goalkeeper,97.15,True
7551,3702,Victor Nilsson Lindelöf,790,Sweden,Right Center Back,97.15,True
7551,5562,Thomas Müller,770,Germany,Right Wing,97.15,True
7551,5565,Mario Gómez García,770,Germany,Center Forward,52.15,False
7552,5633,Yannick Ferreira Carrasco,782,Belgium,Left Midfield,93.12,True
7552,3457,Michy Batshuayi Tunga,782,Belgium,Left Center Forward,26.02,False
7552,3077,Jan Vertonghen,782,Belgium,Left Center Back,93.12,True
7552,5639,Anga Dedryck Boyata,782,Belgium,Center Back,93.12,True
7552,5642,Axel Witsel,782,Belgium,Left Center Midfield,93.12,True
7552,2954,Youri Tielemans,782,Belgium,Right Attacking Midfield,7.85,False
7552,5647,Ali Maâloul,777,Tunisia,Left Back,93.12,True
7552,5648,Farouk Ben Mustapha,777,Tunisia,Goalkeeper,93.12,True
7552,3089,Kevin De Bruyne,782,Belgium,Right Center Midfield,93.12,True
7552,5650,Ferjani Sassi,777,Tunisia,Right Center Midfield,59.0,True
7552,5651,Yassine Meriah,777,Tunisia,Left Center Back,93.12,True
7552,5649,Anice Badri,777,Tunisia,Left Wing,93.12,True
7552,5654,Fakhreddine Ben Youssef,777,Tunisia,Right Wing,93.12,True
7552,5655,Dylan Daniel Mahmoud Bronn,777,Tunisia,Right Back,23.6,True
7552,5656,Syam Ben Youssef,777,Tunisia,Right Center Back,40.6,True
7552,3289,Romelu Lukaku Menama,782,Belgium,Center Forward,58.13,True
7552,4826,Yohan Benalouane,777,Tunisia,Right Center Back,52.52,False
7552,2974,Saîf-Eddine Khaoui,777,Tunisia,Left Center Midfield,93.12,True
7552,3296,Marouane Fellaini-Bakkioui,782,Belgium,Center Defensive Midfield,34.98,False
7552,20005,Toby Alderweireld,782,Belgium,Right Back,93.12,True
7552,3621,Eden Hazard,782,Belgium,Left Wing,67.1,True
7552,3557,Naïm Sliti,777,Tunisia,Right Center Midfield,34.12,False
7552,3176,Thomas Meunier,782,Belgium,Right Midfield,93.12,True
7552,5936,Hamdi Nagguez,777,Tunisia,Right Back,69.52,False
7552,3509,Thibaut Courtois,782,Belgium,Goalkeeper,93.12,True
7552,3767,Ellyes Joris Skhiri,777,Tunisia,Center Defensive Midfield,93.12,True
7552,3196,Wahbi Khazri,777,Tunisia,Center Forward,93.12,True
7552,5630,Dries Mertens,782,Belgium,Right Wing,85.27,True
7553,5571,Hirving Rodrigo Lozano Bahena,794,Mexico,Left Wing,70.17,True
7553,5573,Héctor Alfredo Moreno Herrera,794,Mexico,Left Center Back,95.15,True
7553,5575,Héctor Miguel Herrera López,794,Mexico,Right Defensive Midfield,95.15,True
7553,5576,Jesús Daniel Gallardo Vasconcelos,794,Mexico,Left Back,95.15,True
7553,5577,Francisco Guillermo Ochoa Magaña,794,Mexico,Goalkeeper,95.15,True
7553,3083,Heung-Min Son,791,South Korea,Center Forward,95.15,True
7553,3605,Sung-Yeung Ki,791,South Korea,Left Defensive Midfield,95.15,True
7553,5985,Jesús Manuel Corona Ruíz,794,Mexico,Left Wing,24.98,False
7553,5986,Chul Hong,791,South Korea,Left Back,12.03,False
7553,5987,Giovani dos Santos Ramírez,794,Mexico,Right Center Midfield,19.1,False
7553,5604,Young-Gwon Kim,791,South Korea,Left Center Back,95.15,True
7553,5988,Se-Jong Ju,791,South Korea,Right Defensive Midfield,63.23,True
7553,5606,Hyun-Soo Jang,791,South Korea,Right Center Back,95.15,True
7553,5989,Seon-Min Moon,791,South Korea,Right Wing,76.55,True
7553,5608,Yong Lee,791,South Korea,Right Back,95.15,True
7553,5610,Min-Woo Kim,791,South Korea,Left Back,83.12,True
7553,5616,Seung-Woo Lee,791,South Korea,Left Midfield,31.92,False
7553,3058,Javier Hernández Balcázar,794,Mexico,Center Forward,95.15,True
7553,5619,Hyeon-Woo Jo,791,South Korea,Goalkeeper,95.15,True
7553,5556,Miguel Arturo Layún Prado,794,Mexico,Right Wing,95.15,True
7553,5620,Hee-Chan Hwang,791,South Korea,Left Wing,95.15,True
7553,5558,Rafael Márquez Álvarez,794,Mexico,Center Defensive Midfield,28.1,False
7553,5623,Jae-Sung Lee,791,South Korea,Center Attacking Midfield,95.15,True
7553,5560,Carlos Alberto Vela Garrido,794,Mexico,Center Attacking Midfield,76.05,True
7553,5618,Woo-Young Jung,791,South Korea,Right Center Midfield,18.6,False
7553,5563,José Andrés Guardado Hernández,794,Mexico,Left Defensive Midfield,67.05,True
7553,5564,Carlos Joel Salcedo Hernández,794,Mexico,Right Center Back,95.15,True
7553,5567,Edson Omar Álvarez Velázquez,794,Mexico,Right Back,95.15,True
7554,5634,Erick Javier Davis Grajales,798,Panama,Left Back,94.38,True
7554,5635,Román Aureliano Torres Morcillo,798,Panama,Right Center Back,94.38,True
7554,5636,Jaime Manuel Penedo Cano,798,Panama,Goalkeeper,94.38,True
7554,3205,Kyle Walker,768,England,Right Center Back,94.38,True
7554,5638,Fidel Escobar Mendieta,798,Panama,Left Center Back,94.38,True
7554,5637,Edgar Yoel Bárcenas Herrera,798,Panama,Right Wing,68.53,True
7554,3336,Harry Maguire,768,England,Left Center Back,94.38,True
7554,5641,Michael Amir Murillo Bermudez,798,Panama,Right Back,94.38,True
7554,5640,Gabriel Enrique Gómez Girón,798,Panama,Center Defensive Midfield,68.55,True
7554,10955,Harry Kane,768,England,Left Center Forward,62.52,True
7554,3468,Jordan Pickford,768,England,Goalkeeper,94.38,True
7554,5645,Armando Enrique Cooper Whitaker,798,Panama,Right Center Midfield,94.38,True
7554,5646,Aníbal Cesis Godoy,798,Panama,Left Center Midfield,61.77,True
7554,3532,Jordan Brian Henderson,768,England,Center Defensive Midfield,94.38,True
7554,10960,Jamie Vardy,768,England,Left Center Forward,31.87,False
7554,3594,Danny Rose,768,England,Left Midfield,25.02,False
7554,3612,Ashley Young,768,England,Left Midfield,94.38,True
7554,3293,Jesse Lingard,768,England,Right Center Midfield,62.92,True
7554,3233,Raheem Sterling,768,England,Right Center Forward,94.38,True
7554,3244,John Stones,768,England,Center Back,94.38,True
7554,3308,Kieran Trippier,768,England,Right Midfield,69.37,True
7554,6140,Abdiel Arroyo Molinar,798,Panama,Right Wing,25.85,False
7554,3504,Ruben Loftus-Cheek,768,England,Left Center Midfield,94.38,True
7554,4597,Fabian Delph,768,England,Left Center Midfield,31.47,False
7554,6138,Ricardo Guardia Avila,798,Panama,Right Center Midfield,32.62,False
7554,6139,Felipe Abdiel Baloy Ramírez,798,Panama,Left Center Back,25.83,False
7554,5628,José Luis Rodríguez Francis,798,Panama,Left Wing,94.38,True
7554,5631,Blas Antonio Miguel Pérez Ortega,798,Panama,Center Forward,94.38,True
7555,5696,Santiago Arias Naranjo,769,Colombia,Right Back,95.07,True
7555,5688,Carlos Arturo Bacca Ahumada,769,Colombia,Center Forward,17.42,False
7555,4626,Jan Bednarek,789,Poland,Center Back,95.07,True
7555,5658,Łukasz Piszczek,789,Poland,Right Center Back,95.07,True
7555,3034,Kamil Glik,789,Poland,Left Center Back,15.22,False
7555,5660,Piotr Zieliński,789,Poland,Right Wing,95.07,True
7555,5666,Dawid Kownacki,789,Poland,Left Wing,56.47,True
7555,5667,Kamil Grosicki,789,Poland,Left Wing,38.6,False
7555,5668,Robert Lewandowski,789,Poland,Center Forward,95.07,True
7555,5669,Wojciech Szczęsny,789,Poland,Goalkeeper,95.07,True
7555,5670,Michał Pazdan,789,Poland,Left Center Back,79.85,True
7555,3494,Davinson Sánchez Mina,769,Colombia,Left Center Back,95.07,True
7555,5672,Maciej Rybus,789,Poland,Left Midfield,95.07,True
7555,5673,Bartosz Bereszyński,789,Poland,Right Midfield,71.97,True
7555,5678,Jefferson Andrés Lerma Solís,769,Colombia,Center Attacking Midfield,22.82,False
7555,6192,Abel Enrique Aguilar Tapia,769,Colombia,Right Defensive Midfield,31.3,True
7555,6193,Andrés Mateus Uribe Villa,769,Colombia,Right Defensive Midfield,63.77,False
7555,6194,Łukasz Teodorczyk,789,Poland,Right Midfield,23.1,False
7555,6195,Jacek Góralski,789,Poland,Left Center Midfield,95.07,True
7555,4276,David Ospina Ramírez,769,Colombia,Goalkeeper,95.07,True
7555,3637,Grzegorz Krychowiak,789,Poland,Right Center Midfield,95.07,True
7555,6196,Yerry Fernando Mina González,769,Colombia,Right Center Back,95.07,True
7555,5686,Wílmar Enrique Barrios Terán,769,Colombia,Left Defensive Midfield,95.07,True
7555,3445,Radamel Falcao García Zárate,769,Colombia,Center Forward,77.65,True
7555,5689,Juan Guillermo Cuadrado Bello,769,Colombia,Right Wing,95.07,True
7555,5691,Johan Andrés Mojica Palacio,769,Colombia,Left Back,95.07,True
7555,5692,Juan Fernando Quintero Paniagua,769,Colombia,Center Attacking Midfield,72.25,True
7555,5695,James David Rodríguez Rubio,769,Colombia,Left Wing,95.07,True
7556,5697,Genki Haraguchi,778,Japan,Right Midfield,74.63,True
7556,3530,Hiroki Sakai,778,Japan,Right Back,94.02,True
7556,3404,Youssouf Sabaly,787,Senegal,Left Back,94.02,True
7556,2941,Ismaïla Sarr,787,Senegal,Right Wing,94.02,True
7556,3603,Mame Biram Diouf,787,Senegal,Center Forward,8.73,False
7556,5659,Khadim N'Diaye,787,Senegal,Goalkeeper,94.02,True
7556,5661,M'Baye Babacar Niang,787,Senegal,Center Forward,85.28,True
7556,5664,Salif Sané,787,Senegal,Right Center Back,94.02,True
7556,3810,Shinji Okazaki,778,Japan,Right Midfield,19.38,False
7556,3300,Maya Yoshida,778,Japan,Right Center Back,94.02,True
7556,3684,Cheikhou Kouyaté,787,Senegal,Center Defensive Midfield,29.47,False
7556,5671,Alfred John Momar N'Diaye,787,Senegal,Center Defensive Midfield,64.55,True
7556,3175,Eiji Kawashima,778,Japan,Goalkeeper,94.02,True
7556,5674,Moussa Wagué,787,Senegal,Right Back,94.02,True
7556,5675,Kalidou Koulibaly,787,Senegal,Left Center Back,94.02,True
7556,3436,Idrissa Gana Gueye,787,Senegal,Left Center Midfield,94.02,True
7556,3629,Sadio Mané,787,Senegal,Left Wing,94.02,True
7556,5676,Cheikh N'Doye,787,Senegal,Right Center Midfield,13.47,False
7556,5679,Yūya Ōsako,778,Japan,Center Forward,94.02,True
7556,6191,Takashi Usami,778,Japan,Left Midfield,7.63,False
7556,5681,Makoto Hasebe,778,Japan,Right Defensive Midfield,94.02,True
7556,5682,Gen Shōji,778,Japan,Left Center Back,94.02,True
7556,5683,Keisuke Honda,778,Japan,Center Attacking Midfield,22.38,False
7556,5684,Shinji Kagawa,778,Japan,Center Attacking Midfield,71.63,True
7556,4277,Papa Alioune N'Diaye,787,Senegal,Right Center Midfield,80.55,True
7556,5687,Takashi Inui,778,Japan,Left Midfield,86.38,True
7556,5690,Yuto Nagatomo,778,Japan,Left Back,94.02,True
7556,5693,Gaku Shibasaki,778,Japan,Left Defensive Midfield,94.02,True
7557,3329,Cédric Ricardo Alves Soares,780,Portugal,Right Back,97.27,True
7557,3193,Bernardo Mota Veiga de Carvalho e Silva,780,Portugal,Right Midfield,28.32,False
7557,4367,Gonçalo Manuel Ganchinho Guedes,780,Portugal,Right Center Forward,2.35,False
7557,5205,Rui Pedro dos Santos Patrício,780,Portugal,Goalkeeper,97.27,True
7557,5207,Cristiano Ronaldo dos Santos Aveiro,780,Portugal,Left Center Forward,97.27,True
7557,5720,Milad Mohammadi,797,Iran,Left Back,41.65,False
7557,5209,Raphaël Adelino José Guerreiro,780,Portugal,Left Back,97.27,True
7557,5722,Saeid Ezatolahi Afagh,797,Iran,Center Defensive Midfield,75.27,True
7557,5214,William Silva de Carvalho,780,Portugal,Left Defensive Midfield,97.27,True
7557,5215,Ricardo Andrade Quaresma Bernardo,780,Portugal,Right Midfield,68.95,True
7557,3168,João Filipe Iria Santos Moutinho,780,Portugal,Left Midfield,13.65,False
7557,5218,André Miguel Valente Silva,780,Portugal,Right Center Forward,94.92,True
7557,5220,Morteza Pouraliganji,797,Iran,Right Center Back,97.27,True
7557,5224,Sardar Azmoun,797,Iran,Center Forward,97.27,True
7557,5225,Omid Ebrahimi,797,Iran,Right Center Midfield,97.27,True
7557,5226,Mehdi Taremi,797,Iran,Left Midfield,97.27,True
7557,5227,Alireza Safar Beiranvand,797,Iran,Goalkeeper,97.27,True
7557,5228,Seyed Majid Hosseini,797,Iran,Left Center Back,97.27,True
7557,5230,Ehsan Hajsafi,797,Iran,Left Back,55.62,True
7557,5231,Karim Ansarifard,797,Iran,Center Defensive Midfield,22.0,False
7557,20016,Kléper Laveran Lima Ferreira,780,Portugal,Right Center Back,97.27,True
7557,4272,João Mário Naval da Costa Eduardo,780,Portugal,Left Midfield,83.62,True
7557,5235,Ramin Rezaeian,797,Iran,Right Back,97.27,True
7557,5239,Alireza Jahanbakhsh,797,Iran,Right Midfield,69.37,True
7557,3960,José Miguel da Rocha Fonte,780,Portugal,Left Center Back,97.27,True
7557,5241,Vahid Amiri,797,Iran,Left Center Midfield,97.27,True
7557,3707,Adrien Sebastian Perruchet Silva,780,Portugal,Right Defensive Midfield,97.27,True
7557,5240,Saman Ghoddos,797,Iran,Right Midfield,27.9,False
7558,5248,José Martín Cáceres Silva,783,Uruguay,Right Back,94.62,True
7558,5249,Diego Roberto Godín Leal,783,Uruguay,Left Center Back,94.62,True
7558,5186,Denis Cheryshev,796,Russia,Left Wing,37.2,True
7558,5255,Matías Vecino Falero,783,Uruguay,Left Midfield,94.62,True
7558,5256,Cristian Gabriel Rodríguez Barrotti,783,Uruguay,Left Center Midfield,22.72,False
7558,5194,Fyodor Smolov,796,Russia,Left Wing,34.93,False
7558,5195,Artem Dzyuba,796,Russia,Center Forward,94.62,True
7558,5260,Rodrigo Bentancur Colmán,783,Uruguay,Center Attacking Midfield,62.05,True
7558,5258,Giorgian Daniel De Arrascaeta Benedetti,783,Uruguay,Center Attacking Midfield,32.57,False
7558,5266,Lucas Torreira Di Pascua,783,Uruguay,Center Defensive Midfield,94.62,True
7558,5267,Néstor Fernando Muslera Micol,783,Uruguay,Goalkeeper,94.62,True
7558,5717,Diego Sebastián Laxalt Suárez,783,Uruguay,Left Back,94.62,True
7558,6297,Maximiliano Gómez González,783,Uruguay,Left Center Forward,2.03,False
7558,6298,Igor Smolnikov,796,Russia,Right Back,94.62,True
7558,6299,Aleksey Miranchuk,796,Russia,Center Attacking Midfield,59.68,True
7558,6300,Sebastián Coates Nión,783,Uruguay,Right Center Back,94.62,True
7558,5246,Luis Alberto Suárez Díaz,783,Uruguay,Left Center Forward,94.62,True
7558,4319,Edinson Roberto Cavani Gómez,783,Uruguay,Right Center Forward,92.58,True
7558,5677,Fedor Kudryashov,796,Russia,Left Back,94.62,True
7558,5170,Mário Figueira Fernandes,796,Russia,Right Back,57.42,False
7558,5171,Roman Zobnin,796,Russia,Left Defensive Midfield,94.62,True
7558,5172,Igor Akinfeev,796,Russia,Goalkeeper,94.62,True
7558,5174,Sergei Ignashevich,796,Russia,Left Center Back,94.62,True
7558,5175,Ilya Kutepov,796,Russia,Right Center Back,94.62,True
7558,5179,Daler Kuzyaev,796,Russia,Right Defensive Midfield,49.62,False
7558,5181,Yury Gazinskiy,796,Russia,Left Defensive Midfield,45.0,True
7558,5182,Aleksandr Samedov,796,Russia,Right Wing,94.62,True
7558,5247,Nahitan Michel Nández Acosta,783,Uruguay,Right Midfield,71.9,True
7559,5184,Osama Abdulrezag Hawsawi,799,Saudi Arabia,Right Center Back,95.55,True
7559,5250,Ahmed Fathy Abdel Meneim Ibrahim,774,Egypt,Right Back,95.55,True
7559,5251,Abdalla Mahmoud El Said Bekhit,774,Egypt,Right Wing,51.45,True
7559,5252,Marwan Mohsen,774,Egypt,Left Center Forward,63.58,True
7559,5187,Salem Mohammed Al Dawsari,799,Saudi Arabia,Left Midfield,95.55,True
7559,5254,Ali Gabr,774,Egypt,Right Center Back,95.55,True
7559,5188,Hattan Babhir,799,Saudi Arabia,Right Midfield,64.5,True
7559,5190,Fahad Mosaed Al Muwallad Al Harbi,799,Saudi Arabia,Center Forward,78.87,True
7559,5191,Mohammed Al Burayk,799,Saudi Arabia,Right Back,95.55,True
7559,5253,Amr Medhat Warda,774,Egypt,Right Wing,44.1,False
7559,3531,Mohamed Salah,774,Egypt,Right Center Forward,95.55,True
7559,5192,Yehya Sulaiman Ali Al-Shehri,799,Saudi Arabia,Right Center Midfield,16.68,False
7559,5261,Mahmoud Ibrahim Hassan,774,Egypt,Left Wing,80.43,True
7559,5262,Tarek Hamed,774,Egypt,Left Center Midfield,95.55,True
7559,5263,Mohamed Abdul Shafy Sayed Abouezeid,774,Egypt,Left Back,95.55,True
7559,3536,Ramadan Sobhi Ramadan Ahmed,774,Egypt,Left Wing,31.97,False
7559,5257,Mahmoud Abdul Monem Abdelhamid Soliman,774,Egypt,Left Center Forward,15.12,False
7559,6290,Motaz Ali Hassan Hawsawi,799,Saudi Arabia,Left Center Back,95.55,True
7559,6291,Yasser Abdullah Al Mosailem,799,Saudi Arabia,Goalkeeper,95.55,True
7559,6292,Essam Kamal Tawfik El Hadary,774,Egypt,Goalkeeper,95.55,True
7559,5716,Hussain Al Mogahwi,799,Saudi Arabia,Right Center Midfield,95.55,True
7559,4063,Ahmed Elsayed Ali Elsayed Hegazy,774,Egypt,Left Center Back,95.55,True
7559,3568,Mohamed Naser Elsayed Elneny,774,Egypt,Right Center Midfield,95.55,True
7559,5173,Abdullah Ibrahim Otayf,799,Saudi Arabia,Center Defensive Midfield,95.55,True
7559,5176,Mohanad Aseri Abu Radiah,799,Saudi Arabia,Center Forward,31.05,False
7559,5178,Salman Mohammed Al Faraj,799,Saudi Arabia,Left Center Midfield,95.55,True
7559,5183,Yasir Gharsan Al Shahrani,799,Saudi Arabia,Left Back,95.55,True
7560,3333,David de Gea Quintana,772,Spain,Goalkeeper,96.75,True
7560,5198,Diego da Silva Costa,772,Spain,Center Forward,73.27,True
7560,5201,Sergio Ramos García,772,Spain,Left Center Back,96.75,True
7560,5203,Sergio Busquets i Burgos,772,Spain,Center Midfield,96.75,True
7560,5718,Rodrigo Moreno Machado,772,Spain,Right Center Forward,12.97,False
7560,5719,Marco Asensio Willemsen,772,Spain,Right Midfield,23.07,False
7560,5208,Thiago Alcântara do Nascimento,772,Spain,Right Midfield,73.68,True
7560,5721,Daniel Carvajal Ramos,772,Spain,Right Back,96.75,True
7560,5211,Jordi Alba Ramos,772,Spain,Left Back,96.75,True
7560,5724,Fayçal Fajr,788,Morocco,Left Center Midfield,33.9,False
7560,5213,Gerard Piqué Bernabéu,772,Spain,Right Center Back,96.75,True
7560,5726,Khalid Boutaïb,788,Morocco,Center Forward,70.67,True
7560,5727,Nabil Dirar,788,Morocco,Right Back,96.75,True
7560,5216,Andrés Iniesta Luján,772,Spain,Left Midfield,96.75,True
7560,6301,Youssef En-Nesyri,788,Morocco,Center Forward,26.08,False
7560,5217,Iago Aspas Juncal,772,Spain,Left Center Forward,23.48,False
7560,5219,Romain Saïss,788,Morocco,Left Center Back,96.75,True
7560,5221,Manuel Marouan da Costa Trinidade,788,Morocco,Right Center Back,96.75,True
7560,3302,Nordin Amrabat,788,Morocco,Right Midfield,96.75,True
7560,5223,Aziz Bouhaddouz,788,Morocco,Center Forward,12.5,False
7560,5232,Mbark Boussoufa,788,Morocco,Right Center Midfield,96.75,True
7560,5233,Munir Mohand Mohamedi,788,Morocco,Goalkeeper,96.75,True
7560,5236,Karim El Ahmadi Al Aroos,788,Morocco,Center Defensive Midfield,96.75,True
7560,5237,Hakim Ziyech,788,Morocco,Left Midfield,84.25,True
7560,3064,David Josué Jiménez Silva,772,Spain,Right Wing,83.78,True
7560,5242,Younès Belhanda,788,Morocco,Left Center Midfield,62.85,True
7560,5245,Achraf Hakimi Mouh,788,Morocco,Left Back,96.75,True
7560,4926,Francisco Román Alarcón Suárez,772,Spain,Left Wing,96.75,True
7561,5508,Birkir Már Sævarsson,793,Iceland,Right Back,94.1,True
7561,5509,Birkir Bjarnason,793,Iceland,Left Wing,89.22,True
7561,5511,Ragnar Sigurðsson,793,Iceland,Left Center Back,69.98,True
7561,5512,Emil Hallfreðsson,793,Iceland,Right Defensive Midfield,94.1,True
7561,3720,Johann Berg Guðmunds­son,793,Iceland,Right Wing,94.1,True
7561,5514,Alfreð Finnbogason,793,Iceland,Center Forward,84.73,True
7561,5515,Aron Einar Gunnarsson,793,Iceland,Left Defensive Midfield,94.1,True
7561,5831,Sverrir Ingi Ingason,793,Iceland,Right Center Back,94.1,True
7561,3471,Dejan Lovren,785,Croatia,Left Center Back,24.98,False
7561,5456,Mateo Kovačić,785,Croatia,Left Center Midfield,80.68,True
7561,5459,Marko Pjaca,785,Croatia,Right Wing,69.12,True
7561,5460,Andrej Kramarić,785,Croatia,Center Forward,94.1,True
7561,5463,Luka Modrić,785,Croatia,Right Center Midfield,64.2,True
7561,5470,Ivan Rakitić,785,Croatia,Left Center Midfield,13.42,False
7561,6304,Arnór Ingvi Traustason,793,Iceland,Left Wing,4.88,False
7561,6305,Milan Badelj,785,Croatia,Center Defensive Midfield,94.1,True
7561,5474,Ivan Perišić,785,Croatia,Left Wing,94.1,True
7561,6307,Duje Ćaleta-Car,785,Croatia,Left Center Back,94.1,True
7561,6308,Josip Pivarić,785,Croatia,Left Back,94.1,True
7561,6309,Tin Jedvaj,785,Croatia,Right Back,94.1,True
7561,6310,Filip Bradarić,785,Croatia,Right Center Midfield,29.9,False
7561,6311,Lovre Kalinić,785,Croatia,Goalkeeper,94.1,True
7561,3944,Gylfi Þór Sigurðsson,793,Iceland,Center Attacking Midfield,94.1,True
7561,6306,Albert Gudmundsson,793,Iceland,Right Center Forward,9.37,False
7561,5739,Vedran Ćorluka,785,Croatia,Right Center Back,94.1,True
7561,5498,Hannes Þór Halldórsson,793,Iceland,Goalkeeper,94.1,True
7561,5500,Björn Bergmann Sigurðarson,793,Iceland,Left Center Forward,24.12,False
7561,5501,Hörður Björgvin Magnússon,793,Iceland,Left Back,94.1,True
7562,5518,Miguel Ángel Trauco Saavedra,784,Peru,Left Back,94.07,True
7562,5519,Christian Alberto Cueva Bravo,784,Peru,Center Attacking Midfield,94.07,True
7562,5521,Luis Jan Piers Advíncula Castrillón,784,Peru,Right Back,94.07,True
7562,3281,Aaron Mooy,792,Australia,Left Center Midfield,94.07,True
7562,5523,Renato Fabrizio Tapia Cortijo,784,Peru,Right Defensive Midfield,62.48,True
7562,5525,Édison Michael Flores Peralta,784,Peru,Left Midfield,94.07,True
7562,5526,Pedro Jesús Aquino Sánchez,784,Peru,Left Defensive Midfield,49.07,False
7562,5528,Pedro David Gallese Quiróz,784,Peru,Goalkeeper,94.07,True
7562,5529,Víctor Yoshimar Yotún Flores,784,Peru,Left Defensive Midfield,45.0,True
7562,5530,Christian Guillermo Martín Ramos Garagay,784,Peru,Right Center Back,94.07,True
7562,5535,José Paolo Guerrero Gonzáles,784,Peru,Center Forward,94.07,True
7562,5478,Trent Sainsbury,792,Australia,Right Center Back,94.07,True
7562,5479,Aziz Eraltay Behich,792,Australia,Left Back,94.07,True
7562,3240,Mathew Ryan,792,Australia,Goalkeeper,94.07,True
7562,5481,Mathew Leckie,792,Australia,Right Midfield,94.07,True
7562,5482,Josh Risdon,792,Australia,Right Back,94.07,True
7562,5738,Anderson Santamaría Bardales,784,Peru,Left Center Back,94.07,True
7562,6314,Tim Cahill,792,Australia,Center Forward,41.47,False
7562,5483,Daniel Arzani,792,Australia,Left Midfield,36.4,False
7562,6315,Christopher Paolo César Hurtado Huertas,784,Peru,Right Defensive Midfield,31.58,False
7562,6313,Wilder José Cartagena Mendoza,784,Peru,Right Midfield,16.22,False
7562,3632,André Martín Carrillo Díaz,784,Peru,Right Midfield,77.85,True
7562,5488,Mark Milligan,792,Australia,Left Center Back,94.07,True
7562,5489,Mile Jedinak,792,Australia,Right Center Midfield,94.07,True
7562,5491,Tom Rogić,792,Australia,Center Attacking Midfield,71.42,True
7562,5490,Jackson Irvine,792,Australia,Center Attacking Midfield,22.65,False
7562,5493,Tomi Jurić,792,Australia,Center Forward,52.6,True
7562,5494,Robbie Kruse,792,Australia,Left Midfield,57.67,True
7563,3009,Kylian Mbappé Lottin,771,France,Right Wing,15.55,False
7563,2948,Nabil Fekir,771,France,Center Attacking Midfield,25.15,False
7563,5516,Pione Sisto Ifolo Emirmija,776,Denmark,Left Midfield,59.08,True
7563,3959,Andreas Christensen,776,Denmark,Center Defensive Midfield,93.12,True
7563,3410,Lukas Reiff Lerager,776,Denmark,Unknown,1.4,False
7563,3027,Mathias Jørgensen Jatta,776,Denmark,Left Center Back,93.12,True
7563,5524,Jens Stryger Larsen,776,Denmark,Left Back,93.12,True
7563,3604,Olivier Giroud,771,France,Center Forward,93.12,True
7563,5527,Thomas Delaney,776,Denmark,Left Center Midfield,91.72,True
7563,3543,Steve Mandanda,771,France,Goalkeeper,93.12,True
7563,4763,Henrik Dalsgaard,776,Denmark,Right Back,93.12,True
7563,5534,Simon Thorup Kjær,776,Denmark,Right Center Back,93.12,True
7563,4447,Martin Braithwaite Christensen,776,Denmark,Right Midfield,93.12,True
7563,6303,Viktor Fischer,776,Denmark,Left Midfield,34.03,False
7563,6302,Kasper Dolberg,776,Denmark,Center Forward,18.77,False
7563,3043,Christian Dannemann Eriksen,776,Denmark,Right Center Midfield,93.12,True
7563,5732,Andreas Evald Cornelius,776,Denmark,Center Forward,74.35,True
7563,5477,Ousmane Dembélé,771,France,Right Wing,77.57,True
7563,3815,Kasper Schmeichel,776,Denmark,Goalkeeper,93.12,True
7563,5737,Steven N'Kemboanza Mike Christopher Nzonzi,771,France,Left Defensive Midfield,93.12,True
7563,5484,Lucas Hernández Pi,771,France,Left Back,49.4,True
7563,3245,Thomas Lemar,771,France,Left Wing,93.12,True
7563,5485,Raphaël Varane,771,France,Right Center Back,93.12,True
7563,5487,Antoine Griezmann,771,France,Center Attacking Midfield,67.97,True
7563,3446,Djibril Sidibé,771,France,Right Back,93.12,True
7563,2999,Presnel Kimpembe,771,France,Left Center Back,93.12,True
7563,3961,N'Golo Kanté,771,France,Right Defensive Midfield,93.12,True
7563,3261,Benjamin Mendy,771,France,Left Back,43.72,False
7564,5504,Éver Maximiliano David Banega,779,Argentina,Left Center Midfield,94.5,True
7564,5506,Javier Alejandro Mascherano,779,Argentina,Right Center Midfield,94.5,True
7564,5507,Nicolás Alejandro Tagliafico,779,Argentina,Left Back,79.2,True
7564,5830,Kenneth Josiah Omeruo,775,Nigeria,Left Center Back,89.37,True
7564,3338,Onyinye Wilfred Ndidi,775,Nigeria,Right Center Midfield,94.5,True
7564,5454,Francis Odinaka Uzoho,775,Nigeria,Goalkeeper,94.5,True
7564,5455,William Troost-Ekong,775,Nigeria,Center Back,94.5,True
7564,3090,Nicolás Hernán Otamendi,779,Argentina,Right Center Back,94.5,True
7564,3602,Faustino Marcos Alberto Rojo,779,Argentina,Left Center Back,94.5,True
7564,5458,Odion Jude Ighalo,775,Nigeria,Right Center Forward,49.5,False
7564,5499,Maximiliano Eduardo Meza,779,Argentina,Left Wing,23.47,False
7564,5462,Brian Oladapo Idowu,775,Nigeria,Left Wing Back,94.5,True
7564,5464,Simeon Tochukwu Nwankwo,775,Nigeria,Left Center Forward,2.78,False
7564,5466,Oghenekaro Etebo,775,Nigeria,Left Center Midfield,94.5,True
7564,5467,Leon Aderemi Balogun,775,Nigeria,Right Center Back,94.5,True
7564,5473,Ahmed Musa,775,Nigeria,Left Center Forward,91.72,True
7564,5475,John Michael Nchekwube Obinna,775,Nigeria,Center Defensive Midfield,94.5,True
7564,3237,Sergio Leonel Agüero del Castillo,779,Argentina,Left Back,15.3,False
7564,6312,Franco Armani,779,Argentina,Goalkeeper,94.5,True
7564,5741,Enzo Nicolás Pérez,779,Argentina,Right Wing,60.05,True
7564,5742,Gabriel Iván Mercado,779,Argentina,Right Back,94.5,True
7564,3647,Alex Iwobi,775,Nigeria,Right Midfield,5.13,False
7564,2995,Ángel Fabián Di María Hernández,779,Argentina,Left Wing,71.03,True
7564,5496,Cristian David Pavón,779,Argentina,Right Wing,34.45,False
7564,5497,Gonzalo Gerardo Higuaín,779,Argentina,Left Center Forward,94.5,True
7564,3963,Victor Moses,775,Nigeria,Right Wing Back,94.5,True
7564,3708,Kelechi Promise Iheanacho,775,Nigeria,Right Center Forward,45.0,True
7564,5503,Lionel Andrés Messi Cuccittini,779,Argentina,Right Center Forward,94.5,True
7565,3202,Gabriel Fernando de Jesus,781,Brazil,Center Forward,93.07,True
7565,5833,Nemanja Radonjić,786,Serbia,Left Wing,11.65,False
7565,5838,Fágner Conserva Lemos,781,Brazil,Right Back,93.07,True
7565,3472,Willian Borges da Silva,781,Brazil,Right Wing,93.07,True
7565,5587,Adem Ljajić,786,Serbia,Center Attacking Midfield,74.4,True
7565,5588,Antonio Rukavina,786,Serbia,Right Back,93.07,True
7565,5589,Sergej Milinković-Savić,786,Serbia,Right Defensive Midfield,93.07,True
7565,5591,Filip Kostić,786,Serbia,Left Wing,81.42,True
7565,5596,Aleksandar Kolarov,786,Serbia,Left Back,93.07,True
7565,3295,Thiago Emiliano da Silva,781,Brazil,Right Center Back,93.07,True
7565,4320,Neymar da Silva Santos Junior,781,Brazil,Left Wing,93.07,True
7565,5601,Vladimir Stojković,786,Serbia,Goalkeeper,93.07,True
7565,5539,Carlos Henrique Casimiro,781,Brazil,Center Defensive Midfield,93.07,True
7565,5603,Nikola Milenković,786,Serbia,Right Center Back,93.07,True
7565,5542,José Paulo Bezzera Maciel Júnior,781,Brazil,Right Center Midfield,65.33,True
7565,5547,Alisson Ramsés Becker,781,Brazil,Goalkeeper,93.07,True
7565,4269,Aleksandar Mitrović,786,Serbia,Center Forward,88.92,True
7565,3501,Philippe Coutinho Correia,781,Brazil,Left Center Midfield,79.22,True
7565,5551,João Miranda de Souza Filho,781,Brazil,Left Center Back,93.07,True
7565,5552,Marcelo Vieira da Silva Júnior,781,Brazil,Left Back,9.42,True
7565,6321,Milos Veljkovic,786,Serbia,Left Center Back,93.07,True
7565,6320,Filipe Luís Kasmirski,781,Brazil,Left Back,83.65,False
7565,3054,Fernando Luiz Roza,781,Brazil,Right Center Midfield,27.73,False
7565,6318,Andrija Živković,786,Serbia,Center Attacking Midfield,18.67,False
7565,3381,Nemanja Matić,786,Serbia,Left Defensive Midfield,93.07,True
7565,5553,Renato Soares de Oliveira Augusto,781,Brazil,Left Center Midfield,13.85,False
7565,3831,Dušan Tadić,786,Serbia,Right Wing,93.07,True
7565,6319,Luka Jović,786,Serbia,Center Forward,4.15,False
7566,4417,Ola Toivonen,790,Sweden,Left Center Forward,94.18,True
7566,5571,Hirving Rodrigo Lozano Bahena,794,Mexico,Left Wing,94.18,True
7566,5573,Héctor Alfredo Moreno Herrera,794,Mexico,Left Center Back,94.18,True
7566,5575,Héctor Miguel Herrera López,794,Mexico,Right Defensive Midfield,94.18,True
7566,5576,Jesús Daniel Gallardo Vasconcelos,794,Mexico,Left Back,64.78,True
7566,5577,Francisco Guillermo Ochoa Magaña,794,Mexico,Goalkeeper,94.18,True
7566,5624,Albin Ekdal,790,Sweden,Left Center Midfield,79.78,True
7566,11098,Marcus Berg,790,Sweden,Right Center Forward,67.08,True
7566,5985,Jesús Manuel Corona Ruíz,794,Mexico,Right Wing,19.5,False
7566,5605,Oscar Hiljemark,790,Sweden,Left Center Midfield,14.4,False
7566,5607,Andreas Granqvist,790,Sweden,Left Center Back,94.18,True
7566,5611,Gustav Svensson,790,Sweden,Right Center Midfield,37.57,False
7566,5612,Mikael Lustig,790,Sweden,Right Back,94.18,True
7566,5613,Viktor Claesson,790,Sweden,Right Midfield,94.18,True
7566,6317,Marco Jhonfai Fabián De La Mora,794,Mexico,Left Center Midfield,29.4,False
7566,5615,Isaac Kiese Thelin,790,Sweden,Right Center Forward,27.1,False
7566,6316,Oribe Peralta Morones,794,Mexico,Right Center Forward,6.17,False
7566,5617,Sebastian Larsson,790,Sweden,Right Center Midfield,56.62,True
7566,3058,Javier Hernández Balcázar,794,Mexico,Center Forward,94.18,True
7566,5556,Miguel Arturo Layún Prado,794,Mexico,Right Wing,88.02,True
7566,5621,Ludwig Augustinsson,790,Sweden,Left Back,94.18,True
7566,5622,Robin Olsen,790,Sweden,Goalkeeper,94.18,True
7566,3702,Victor Nilsson Lindelöf,790,Sweden,Right Center Back,94.18,True
7566,5560,Carlos Alberto Vela Garrido,794,Mexico,Center Attacking Midfield,94.18,True
7566,5625,Emil Peter Forsberg,790,Sweden,Left Midfield,94.18,True
7566,5563,José Andrés Guardado Hernández,794,Mexico,Left Defensive Midfield,74.68,True
7566,5564,Carlos Joel Salcedo Hernández,794,Mexico,Right Center Back,94.18,True
7566,5567,Edson Omar Álvarez Velázquez,794,Mexico,Right Back,94.18,True
7567,5570,Manuel Neuer,770,Germany,Goalkeeper,99.38,True
7567,5623,Jae-Sung Lee,791,South Korea,Right Midfield,99.38,True
7567,5572,Mats Hummels,770,Germany,Left Center Back,99.38,True
7567,5574,Toni Kroos,770,Germany,Left Center Midfield,99.38,True
7567,3083,Heung-Min Son,791,South Korea,Right Center Forward,99.38,True
7567,5579,Joshua Kimmich,770,Germany,Right Back,99.38,True
7567,6325,Yo-Han Go,791,South Korea,Left Midfield,21.15,False
7567,6040,Jonas Hector,770,Germany,Left Back,77.22,True
7567,5986,Chul Hong,791,South Korea,Left Back,99.38,True
7567,5604,Young-Gwon Kim,791,South Korea,Left Center Back,99.38,True
7567,5989,Seon-Min Moon,791,South Korea,Left Midfield,68.2,True
7567,5606,Hyun-Soo Jang,791,South Korea,Right Center Midfield,99.38,True
7567,5988,Se-Jong Ju,791,South Korea,Right Midfield,31.18,False
7567,3496,Mesut Özil,770,Germany,Center Attacking Midfield,99.38,True
7567,5608,Yong Lee,791,South Korea,Right Back,99.38,True
7567,6322,Niklas Süle,770,Germany,Right Center Back,99.38,True
7567,6323,Young-Sun Yun,791,South Korea,Right Center Back,99.38,True
7567,6324,Leon Goretzka,770,Germany,Right Wing,62.3,True
7567,5557,Timo Werner,770,Germany,Center Forward,99.38,True
7567,5618,Woo-Young Jung,791,South Korea,Left Center Midfield,99.38,True
7567,5559,Marco Reus,770,Germany,Left Wing,99.38,True
7567,5619,Hyeon-Woo Jo,791,South Korea,Goalkeeper,99.38,True
7567,5620,Hee-Chan Hwang,791,South Korea,Left Center Forward,22.43,False
7567,5562,Thomas Müller,770,Germany,Secondary Striker,37.08,False
7567,5627,Ja-Cheol Koo,791,South Korea,Left Center Forward,55.8,True
7567,5555,Julian Brandt,770,Germany,Left Back,22.17,False
7567,5565,Mario Gómez García,770,Germany,Center Forward,41.52,False
7567,5566,Sami Khedira,770,Germany,Right Center Midfield,57.87,True
7568,5834,Mario Gavranović,773,Switzerland,Center Forward,68.48,True
7568,5835,Josip Drmic,773,Switzerland,Center Forward,26.62,False
7568,5836,Bryan Oviedo,795,Costa Rica,Left Wing Back,95.1,True
7568,3533,Xherdan Shaqiri,773,Switzerland,Right Wing,80.4,True
7568,5582,Celso Borges Mora,795,Costa Rica,Right Center Midfield,95.1,True
7568,5581,Joel Nathaniel Campbell Samuels,795,Costa Rica,Center Forward,95.1,True
7568,5584,Giancarlo González Castro,795,Costa Rica,Center Back,95.1,True
7568,5585,Daniel Colindres Solera,795,Costa Rica,Left Wing,79.95,True
7568,5590,Johnny Acosta Zamora,795,Costa Rica,Right Center Back,95.1,True
7568,5592,Bryan Ruiz González,795,Costa Rica,Right Wing,95.1,True
7568,5597,Keylor Navas Gamboa,795,Costa Rica,Goalkeeper,95.1,True
7568,5599,David Alberto Guzmán Pérez,795,Costa Rica,Left Center Midfield,90.67,True
7568,5537,Fabian Lukas Schär,773,Switzerland,Right Center Back,95.1,True
7568,5602,Cristian Gamboa Luna,795,Costa Rica,Right Wing Back,92.5,True
7568,5538,Denis Lemi Zakaria Lako Lado,773,Switzerland,Right Defensive Midfield,35.47,False
7568,5540,Valon Behrami,773,Switzerland,Right Defensive Midfield,59.63,True
7568,5541,Stephan Lichtsteiner,773,Switzerland,Right Back,95.1,True
7568,5544,Ricardo Iván Rodríguez Araya,773,Switzerland,Left Back,95.1,True
7568,5545,Breel-Donald Embolo,773,Switzerland,Left Wing,95.1,True
7568,5546,Michael Lang,773,Switzerland,Right Center Back,14.7,False
7568,3500,Granit Xhaka,773,Switzerland,Left Defensive Midfield,95.1,True
7568,5549,Manuel Obafemi Akanji,773,Switzerland,Left Center Back,95.1,True
7568,5550,Yann Sommer,773,Switzerland,Goalkeeper,95.1,True
7568,5554,Blerim Džemaili,773,Switzerland,Center Attacking Midfield,95.1,True
7568,6326,Rodney Wallace,795,Costa Rica,Left Wing,15.15,False
7568,6327,Rándall Azofeifa Corrales,795,Costa Rica,Left Center Midfield,4.43,False
7568,6328,Kendall Jamaal Waston Manley,795,Costa Rica,Left Center Back,95.1,True
7568,6329,Ian Rey Smith Quiros,795,Costa Rica,Right Wing Back,2.6,False
7569,5635,Román Aureliano Torres Morcillo,798,Panama,Right Center Back,55.9,True
7569,5636,Jaime Manuel Penedo Cano,798,Panama,Goalkeeper,97.5,True
7569,5637,Edgar Yoel Bárcenas Herrera,798,Panama,Left Wing,97.5,True
7569,5638,Fidel Escobar Mendieta,798,Panama,Left Center Back,97.5,True
7569,6342,Aymen Mathlouthi,777,Tunisia,Goalkeeper,97.5,True
7569,5640,Gabriel Enrique Gómez Girón,798,Panama,Center Defensive Midfield,97.5,True
7569,6344,Luis Carlos Ovalle Victoria,798,Panama,Left Back,97.5,True
7569,6345,Rami Bedoui,777,Tunisia,Right Center Back,97.5,True
7569,6346,Adolfo Abdiel Machado,798,Panama,Right Back,97.5,True
7569,6347,Ghilane Chalali,777,Tunisia,Right Center Midfield,97.5,True
7569,6343,Harold Oshkaly Cummings Segura,798,Panama,Right Center Back,52.5,False
7569,5646,Aníbal Cesis Godoy,798,Panama,Right Center Midfield,97.5,True
7569,5643,Luis Carlos Tejada Hansell,798,Panama,Secondary Striker,41.6,False
7569,6348,Ahmed Khalil,777,Tunisia,Left Center Midfield,21.47,False
7569,5649,Anice Badri,777,Tunisia,Left Center Midfield,52.5,False
7569,5650,Ferjani Sassi,777,Tunisia,Left Center Midfield,45.0,True
7569,5651,Yassine Meriah,777,Tunisia,Left Center Back,97.5,True
7569,5654,Fakhreddine Ben Youssef,777,Tunisia,Right Midfield,97.5,True
7569,3226,Bassem Srarfi,777,Tunisia,Center Forward,9.6,False
7569,5628,José Luis Rodríguez Francis,798,Panama,Right Wing,97.5,True
7569,3557,Naïm Sliti,777,Tunisia,Left Midfield,76.03,True
7569,6140,Abdiel Arroyo Molinar,798,Panama,Left Center Midfield,17.3,False
7569,5936,Hamdi Nagguez,777,Tunisia,Right Back,97.5,True
7569,3252,Oussama Haddadi,777,Tunisia,Left Back,97.5,True
7569,3767,Ellyes Joris Skhiri,777,Tunisia,Center Defensive Midfield,97.5,True
7569,6138,Ricardo Guardia Avila,798,Panama,Left Center Midfield,80.2,True
7569,3196,Wahbi Khazri,777,Tunisia,Center Forward,87.9,True
7569,5629,Gabriel Arturo Torres Tejada,798,Panama,Center Forward,45.0,True
7570,5632,Thorgan Hazard,782,Belgium,Left Midfield,93.1,True
7570,3457,Michy Batshuayi Tunga,782,Belgium,Center Forward,93.1,True
7570,5639,Anga Dedryck Boyata,782,Belgium,Center Back,93.1,True
7570,3336,Harry Maguire,768,England,Left Center Back,48.1,False
7570,3594,Danny Rose,768,England,Left Midfield,93.1,True
7570,2954,Youri Tielemans,782,Belgium,Left Center Midfield,93.1,True
7570,3468,Jordan Pickford,768,England,Goalkeeper,93.1,True
7570,10956,Eric Dier,768,England,Center Defensive Midfield,93.1,True
7570,3664,Trent Alexander-Arnold,768,England,Right Midfield,77.97,True
7570,10960,Jamie Vardy,768,England,Right Center Forward,93.1,True
7570,3037,Mousa Sidi Yaya Dembélé,782,Belgium,Right Center Midfield,93.1,True
7570,3101,Vincent Kompany,782,Belgium,Center Back,19.05,False
7570,4831,Nacer Chadli,782,Belgium,Right Midfield,93.1,True
7570,3296,Marouane Fellaini-Bakkioui,782,Belgium,Right Wing,93.1,True
7570,3244,John Stones,768,England,Center Back,45.0,True
7570,3504,Ruben Loftus-Cheek,768,England,Right Attacking Midfield,93.1,True
7570,3569,Daniel Nii Tackie Mensah Welbeck,768,England,Left Center Forward,15.13,False
7570,3314,Phil Jones,768,England,Right Center Back,93.1,True
7570,3509,Thibaut Courtois,782,Belgium,Goalkeeper,93.1,True
7570,4597,Fabian Delph,768,England,Left Attacking Midfield,93.1,True
7570,3318,Marcus Rashford,768,England,Left Center Forward,93.1,True
7570,6330,Adnan Januzaj,782,Belgium,Left Wing,85.43,True
7570,6331,Leander Dendoncker,782,Belgium,Right Center Back,93.1,True
7570,6332,Thomas Vermaelen,782,Belgium,Left Center Back,74.05,True
7570,3645,Gary Cahill,768,England,Left Center Back,93.1,True
7570,5630,Dries Mertens,782,Belgium,Right Wing,7.67,False
7571,5696,Santiago Arias Naranjo,769,Colombia,Right Back,93.98,True
7571,3145,Keita Baldé Diao,787,Senegal,Left Wing,79.33,True
7571,3404,Youssouf Sabaly,787,Senegal,Left Back,73.35,True
7571,6333,Miguel Ángel Borja Hernández,769,Colombia,Center Forward,5.37,False
7571,5659,Khadim N'Diaye,787,Senegal,Goalkeeper,93.98,True
7571,5661,M'Baye Babacar Niang,787,Senegal,Left Center Forward,85.25,True
7571,5664,Salif Sané,787,Senegal,Right Center Back,93.98,True
7571,3555,Pape Moussa Konaté,787,Senegal,Center Forward,14.65,False
7571,3684,Cheikhou Kouyaté,787,Senegal,Right Center Midfield,93.98,True
7571,3494,Davinson Sánchez Mina,769,Colombia,Left Center Back,93.98,True
7571,5674,Moussa Wagué,787,Senegal,Left Back,20.63,False
7571,5675,Kalidou Koulibaly,787,Senegal,Left Center Back,93.98,True
7571,3436,Idrissa Gana Gueye,787,Senegal,Left Center Midfield,93.98,True
7571,3629,Sadio Mané,787,Senegal,Right Center Forward,93.98,True
7571,5695,James David Rodríguez Rubio,769,Colombia,Center Attacking Midfield,30.12,True
7571,5678,Jefferson Andrés Lerma Solís,769,Colombia,Left Center Midfield,11.83,False
7571,6193,Andrés Mateus Uribe Villa,769,Colombia,Left Center Midfield,82.15,True
7571,4276,David Ospina Ramírez,769,Colombia,Goalkeeper,93.98,True
7571,6196,Yerry Fernando Mina González,769,Colombia,Right Center Back,93.98,True
7571,5685,Carlos Alberto Sánchez Moreno,769,Colombia,Right Center Midfield,93.98,True
7571,3445,Radamel Falcao García Zárate,769,Colombia,Center Forward,88.62,True
7571,5689,Juan Guillermo Cuadrado Bello,769,Colombia,Left Wing,93.98,True
7571,3962,Diafra Sakho,787,Senegal,Right Center Forward,8.73,False
7571,5691,Johan Andrés Mojica Palacio,769,Colombia,Left Back,93.98,True
7571,5692,Juan Fernando Quintero Paniagua,769,Colombia,Right Wing,93.98,True
7571,2941,Ismaïla Sarr,787,Senegal,Right Wing,93.98,True
7571,6334,Luis Fernando Muriel Fruto,769,Colombia,Center Attacking Midfield,63.87,False
7571,6335,Lamine Gassama,787,Senegal,Right Back,93.98,True
7572,6336,Rafał Kurzawa,789,Poland,Left Wing,78.75,True
7572,6337,Yoshinori Muto,778,Japan,Right Center Forward,81.17,True
7572,6338,Tomoaki Makino,778,Japan,Left Center Back,93.05,True
7572,6339,Gotoku Sakai,778,Japan,Right Midfield,93.05,True
7572,6340,Sławomir Peszko,789,Poland,Left Wing,14.3,False
7572,3530,Hiroki Sakai,778,Japan,Right Back,93.05,True
7572,4685,Artur Jędrzejczyk,789,Poland,Left Back,93.05,True
7572,4626,Jan Bednarek,789,Poland,Left Center Back,93.05,True
7572,3034,Kamil Glik,789,Poland,Right Center Back,93.05,True
7572,5660,Piotr Zieliński,789,Poland,Center Attacking Midfield,78.47,True
7572,3810,Shinji Okazaki,778,Japan,Left Center Forward,46.52,True
7572,5667,Kamil Grosicki,789,Poland,Right Wing,93.05,True
7572,5668,Robert Lewandowski,789,Poland,Center Forward,93.05,True
7572,3300,Maya Yoshida,778,Japan,Right Center Back,93.05,True
7572,3175,Eiji Kawashima,778,Japan,Goalkeeper,93.05,True
7572,5694,Hotaru Yamaguchi,778,Japan,Left Center Midfield,93.05,True
7572,5673,Bartosz Bereszyński,789,Poland,Right Back,93.05,True
7572,6191,Takashi Usami,778,Japan,Left Midfield,64.62,True
7572,5679,Yūya Ōsako,778,Japan,Left Center Forward,46.53,False
7572,5681,Makoto Hasebe,778,Japan,Center Defensive Midfield,11.88,False
7572,6194,Łukasz Teodorczyk,789,Poland,Center Attacking Midfield,14.58,False
7572,6195,Jacek Góralski,789,Poland,Left Defensive Midfield,93.05,True
7572,3637,Grzegorz Krychowiak,789,Poland,Right Defensive Midfield,93.05,True
7572,5687,Takashi Inui,778,Japan,Left Midfield,28.43,False
7572,5690,Yuto Nagatomo,778,Japan,Left Back,93.05,True
7572,5693,Gaku Shibasaki,778,Japan,Right Center Midfield,93.05,True
7572,3262,Łukasz Fabiański,789,Poland,Goalkeeper,93.05,True
7576,3329,Cédric Ricardo Alves Soares,780,Portugal,Right Back,94.92,True
7576,3333,David de Gea Quintana,772,Spain,Goalkeeper,94.92,True
7576,5198,Diego da Silva Costa,772,Spain,Center Forward,76.23,True
7576,4367,Gonçalo Manuel Ganchinho Guedes,780,Portugal,Right Center Forward,79.17,True
7576,5199,Jorge Resurrección Merodio,772,Spain,Right Center Midfield,94.92,True
7576,5201,Sergio Ramos García,772,Spain,Left Center Back,94.92,True
7576,5202,José Ignacio Fernández Iglesias,772,Spain,Right Back,94.92,True
7576,5203,Sergio Busquets i Burgos,772,Spain,Center Defensive Midfield,94.92,True
7576,5204,Bruno Miguel Borges Fernandes,780,Portugal,Left Midfield,67.07,True
7576,5205,Rui Pedro dos Santos Patrício,780,Portugal,Goalkeeper,94.92,True
7576,3960,José Miguel da Rocha Fonte,780,Portugal,Left Center Back,94.92,True
7576,5207,Cristiano Ronaldo dos Santos Aveiro,780,Portugal,Left Center Forward,94.92,True
7576,5208,Thiago Alcântara do Nascimento,772,Spain,Left Center Midfield,25.62,False
7576,5209,Raphaël Adelino José Guerreiro,780,Portugal,Left Back,94.92,True
7576,5211,Jordi Alba Ramos,772,Spain,Left Back,94.92,True
7576,5213,Gerard Piqué Bernabéu,772,Spain,Right Center Back,94.92,True
7576,5214,William Silva de Carvalho,780,Portugal,Left Center Midfield,94.92,True
7576,5215,Ricardo Andrade Quaresma Bernardo,780,Portugal,Right Wing,26.27,False
7576,3168,João Filipe Iria Santos Moutinho,780,Portugal,Right Center Midfield,94.92,True
7576,5216,Andrés Iniesta Luján,772,Spain,Left Center Midfield,69.3,True
7576,5217,Iago Aspas Juncal,772,Spain,Center Forward,18.68,False
7576,5218,André Miguel Valente Silva,780,Portugal,Right Center Forward,15.75,False
7576,20016,Kléper Laveran Lima Ferreira,780,Portugal,Right Center Back,94.92,True
7576,4272,João Mário Naval da Costa Eduardo,780,Portugal,Left Midfield,27.85,False
7576,5200,Lucas Vázquez Iglesias,772,Spain,Right Wing,9.6,False
7576,3064,David Josué Jiménez Silva,772,Spain,Right Wing,85.32,True
7576,3193,Bernardo Mota Veiga de Carvalho e Silva,780,Portugal,Right Wing,68.65,True
7576,4926,Francisco Román Alarcón Suárez,772,Spain,Left Wing,94.92,True
7577,5228,Seyed Majid Hosseini,797,Iran,Center Defensive Midfield,16.75,False
7577,5219,Romain Saïss,788,Morocco,Left Center Back,96.05,True
7577,5220,Morteza Pouraliganji,797,Iran,Right Center Back,96.05,True
7577,5221,Manuel Marouan da Costa Trinidade,788,Morocco,Center Back,14.38,False
7577,3302,Nordin Amrabat,788,Morocco,Right Back,75.38,True
7577,5222,Roozbeh Cheshmi,797,Iran,Left Center Back,96.05,True
7577,5224,Sardar Azmoun,797,Iran,Center Forward,96.05,True
7577,5225,Omid Ebrahimi,797,Iran,Center Defensive Midfield,79.3,True
7577,5226,Mehdi Taremi,797,Iran,Right Center Midfield,28.73,False
7577,5227,Alireza Safar Beiranvand,797,Iran,Goalkeeper,96.05,True
7577,5223,Aziz Bouhaddouz,788,Morocco,Center Forward,19.87,False
7577,5229,Ayoub El Kaabi,788,Morocco,Center Forward,76.18,True
7577,5230,Ehsan Hajsafi,797,Iran,Left Back,96.05,True
7577,5231,Karim Ansarifard,797,Iran,Left Midfield,96.05,True
7577,5232,Mbark Boussoufa,788,Morocco,Left Center Midfield,96.05,True
7577,5233,Munir Mohand Mohamedi,788,Morocco,Goalkeeper,96.05,True
7577,5234,Sofyan Amrabat,788,Morocco,Right Wing Back,20.67,False
7577,5235,Ramin Rezaeian,797,Iran,Right Back,96.05,True
7577,5236,Karim El Ahmadi Al Aroos,788,Morocco,Right Center Midfield,96.05,True
7577,5237,Hakim Ziyech,788,Morocco,Right Wing,96.05,True
7577,5238,Masoud Shojaei Soleimani,797,Iran,Right Center Midfield,67.32,True
7577,5239,Alireza Jahanbakhsh,797,Iran,Right Midfield,83.92,True
7577,5240,Saman Ghoddos,797,Iran,Right Midfield,12.13,False
7577,5241,Vahid Amiri,797,Iran,Left Center Midfield,96.05,True
7577,5242,Younès Belhanda,788,Morocco,Center Attacking Midfield,96.05,True
7577,5243,Amine Harit,788,Morocco,Left Wing,81.67,True
7577,5244,Medhi Amine El Mouttaqi Benatia,788,Morocco,Right Center Back,96.05,True
7577,5245,Achraf Hakimi Mouh,788,Morocco,Left Back,96.05,True
7578,5248,José Martín Cáceres Silva,783,Uruguay,Left Back,96.15,True
7578,5249,Diego Roberto Godín Leal,783,Uruguay,Left Center Back,96.15,True
7578,5250,Ahmed Fathy Abdel Meneim Ibrahim,774,Egypt,Right Back,96.15,True
7578,5251,Abdalla Mahmoud El Said Bekhit,774,Egypt,Center Attacking Midfield,96.15,True
7578,5252,Marwan Mohsen,774,Egypt,Center Forward,62.4,True
7578,5253,Amr Medhat Warda,774,Egypt,Right Midfield,81.55,True
7578,5254,Ali Gabr,774,Egypt,Right Center Back,96.15,True
7578,5255,Matías Vecino Falero,783,Uruguay,Right Center Midfield,86.92,True
7578,5256,Cristian Gabriel Rodríguez Barrotti,783,Uruguay,Left Wing,38.08,False
7578,5257,Mahmoud Abdul Monem Abdelhamid Soliman,774,Egypt,Center Forward,33.75,False
7578,5258,Giorgian Daniel De Arrascaeta Benedetti,783,Uruguay,Left Wing,58.07,True
7578,5259,José María Giménez de Vargas,783,Uruguay,Right Center Back,96.15,True
7578,5260,Rodrigo Bentancur Colmán,783,Uruguay,Left Center Midfield,96.15,True
7578,5261,Mahmoud Ibrahim Hassan,774,Egypt,Left Midfield,96.15,True
7578,5262,Tarek Hamed,774,Egypt,Left Center Midfield,49.85,True
7578,5263,Mohamed Abdul Shafy Sayed Abouezeid,774,Egypt,Left Back,96.15,True
7578,5264,Guillermo Varela Olivera,783,Uruguay,Right Back,96.15,True
7578,5265,Mohamed El Sayed Mohamed El Shenawy Gomaa,774,Egypt,Goalkeeper,96.15,True
7578,3536,Ramadan Sobhi Ramadan Ahmed,774,Egypt,Right Midfield,14.6,False
7578,5267,Néstor Fernando Muslera Micol,783,Uruguay,Goalkeeper,96.15,True
7578,5268,Carlos Andrés Sánchez Arcosa,783,Uruguay,Right Wing,38.55,False
7578,5266,Lucas Torreira Di Pascua,783,Uruguay,Right Center Midfield,9.23,False
7578,4063,Ahmed Elsayed Ali Elsayed Hegazy,774,Egypt,Left Center Back,96.15,True
7578,4319,Edinson Roberto Cavani Gómez,783,Uruguay,Left Center Forward,96.15,True
7578,3878,Sam Morsy,774,Egypt,Left Center Midfield,46.3,False
7578,3568,Mohamed Naser Elsayed Elneny,774,Egypt,Right Center Midfield,96.15,True
7578,5246,Luis Alberto Suárez Díaz,783,Uruguay,Right Center Forward,96.15,True
7578,5247,Nahitan Michel Nández Acosta,783,Uruguay,Right Wing,57.6,True
7579,5248,José Martín Cáceres Silva,783,Uruguay,Right Back,95.95,True
7579,5249,Diego Roberto Godín Leal,783,Uruguay,Right Center Back,95.95,True
7579,5255,Matías Vecino Falero,783,Uruguay,Left Midfield,95.95,True
7579,5256,Cristian Gabriel Rodríguez Barrotti,783,Uruguay,Left Midfield,33.33,False
7579,5259,José María Giménez de Vargas,783,Uruguay,Left Center Back,95.95,True
7579,5260,Rodrigo Bentancur Colmán,783,Uruguay,Center Attacking Midfield,62.62,True
7579,6350,Manuel Henrique Tavares Fernandes,780,Portugal,Right Center Midfield,11.7,False
7579,4367,Gonçalo Manuel Ganchinho Guedes,780,Portugal,Right Center Forward,72.93,True
7579,6352,Ricardo Domingos Barbosa Pereira,780,Portugal,Right Back,95.95,True
7579,6351,Cristhian Ricardo Stuani Curbelo,783,Uruguay,Right Center Forward,22.68,False
7579,5266,Lucas Torreira Di Pascua,783,Uruguay,Center Defensive Midfield,95.95,True
7579,5267,Néstor Fernando Muslera Micol,783,Uruguay,Goalkeeper,95.95,True
7579,5268,Carlos Andrés Sánchez Arcosa,783,Uruguay,Right Midfield,15.85,False
7579,5717,Diego Sebastián Laxalt Suárez,783,Uruguay,Left Back,95.95,True
7579,5205,Rui Pedro dos Santos Patrício,780,Portugal,Goalkeeper,95.95,True
7579,5207,Cristiano Ronaldo dos Santos Aveiro,780,Portugal,Left Center Forward,95.95,True
7579,5209,Raphaël Adelino José Guerreiro,780,Portugal,Left Back,95.95,True
7579,5214,William Silva de Carvalho,780,Portugal,Left Center Midfield,95.95,True
7579,4319,Edinson Roberto Cavani Gómez,783,Uruguay,Right Center Forward,73.27,True
7579,5215,Ricardo Andrade Quaresma Bernardo,780,Portugal,Right Wing,31.55,False
7579,5218,André Miguel Valente Silva,780,Portugal,Center Forward,23.02,False
7579,20016,Kléper Laveran Lima Ferreira,780,Portugal,Right Center Back,95.95,True
7579,4272,João Mário Naval da Costa Eduardo,780,Portugal,Left Midfield,84.25,True
7579,3960,José Miguel da Rocha Fonte,780,Portugal,Left Center Back,95.95,True
7579,3193,Bernardo Mota Veiga de Carvalho e Silva,780,Portugal,Right Midfield,95.95,True
7579,3707,Adrien Sebastian Perruchet Silva,780,Portugal,Right Center Midfield,64.4,True
7579,5246,Luis Alberto Suárez Díaz,783,Uruguay,Left Center Forward,95.95,True
7579,5247,Nahitan Michel Nández Acosta,783,Uruguay,Right Midfield,80.1,True
7580,5504,Éver Maximiliano David Banega,779,Argentina,Left Center Midfield,95.05,True
7580,3009,Kylian Mbappé Lottin,771,France,Right Wing,88.05,True
7580,5506,Javier Alejandro Mascherano,779,Argentina,Center Defensive Midfield,95.05,True
7580,5507,Nicolás Alejandro Tagliafico,779,Argentina,Left Back,95.05,True
7580,2948,Nabil Fekir,771,France,Right Wing Back,12.12,False
7580,6349,Federico Julián Fazio,779,Argentina,Right Center Back,50.05,False
7580,3090,Nicolás Hernán Otamendi,779,Argentina,Right Center Back,95.05,True
7580,3602,Faustino Marcos Alberto Rojo,779,Argentina,Left Center Back,45.0,True
7580,3604,Olivier Giroud,771,France,Center Forward,95.05,True
7580,4375,Blaise Matuidi,771,France,Left Wing,74.77,True
7580,3099,Hugo Lloris,771,France,Goalkeeper,95.05,True
7580,20004,Paul Pogba,771,France,Right Defensive Midfield,95.05,True
7580,5476,Benjamin Pavard,771,France,Right Back,95.05,True
7580,3237,Sergio Leonel Agüero del Castillo,779,Argentina,Center Forward,29.63,False
7580,6312,Franco Armani,779,Argentina,Goalkeeper,95.05,True
7580,5480,Corentin Tolisso,771,France,Left Wing,20.28,False
7580,5484,Lucas Hernández Pi,771,France,Left Back,95.05,True
7580,5485,Raphaël Varane,771,France,Right Center Back,95.05,True
7580,5742,Gabriel Iván Mercado,779,Argentina,Right Back,95.05,True
7580,5487,Antoine Griezmann,771,France,Right Wing Back,82.93,True
7580,5741,Enzo Nicolás Pérez,779,Argentina,Right Center Midfield,65.42,True
7580,2995,Ángel Fabián Di María Hernández,779,Argentina,Right Wing,95.05,True
7580,5492,Samuel Yves Umtiti,771,France,Left Center Back,95.05,True
7580,3254,Florian Thauvin,771,France,Right Wing,7.0,False
7580,5496,Cristian David Pavón,779,Argentina,Left Wing,74.55,True
7580,3961,N'Golo Kanté,771,France,Left Defensive Midfield,95.05,True
7580,5499,Maximiliano Eduardo Meza,779,Argentina,Right Wing,20.5,False
7580,5503,Lionel Andrés Messi Cuccittini,779,Argentina,Center Forward,95.05,True
7581,5516,Pione Sisto Ifolo Emirmija,776,Denmark,Left Wing,23.1,False
7581,3471,Dejan Lovren,785,Croatia,Right Center Back,128.12,True
7581,5520,Lasse Schöne,776,Denmark,Right Center Midfield,83.08,False
7581,5457,Ivan Strinić,785,Croatia,Left Back,80.27,True
7581,5522,Nicolai Jørgensen,776,Denmark,Center Forward,62.53,False
7581,3027,Mathias Jørgensen Jatta,776,Denmark,Left Center Back,128.12,True
7581,6355,Jonas Knudsen,776,Denmark,Left Back,128.12,True
7581,5461,Šime Vrsaljko,785,Croatia,Right Back,128.12,True
7581,5456,Mateo Kovačić,785,Croatia,Center Defensive Midfield,57.35,False
7581,5527,Thomas Delaney,776,Denmark,Left Center Midfield,97.67,True
7581,5463,Luka Modrić,785,Croatia,Right Center Midfield,128.12,True
7581,5465,Ante Rebić,785,Croatia,Right Midfield,128.12,True
7581,5460,Andrej Kramarić,785,Croatia,Left Midfield,31.75,False
7581,4763,Henrik Dalsgaard,776,Denmark,Right Back,128.12,True
7581,5468,Domagoj Vida,785,Croatia,Left Center Back,128.12,True
7581,5469,Marcelo Brozović,785,Croatia,Center Defensive Midfield,70.77,True
7581,5534,Simon Thorup Kjær,776,Denmark,Right Center Back,128.12,True
7581,5470,Ivan Rakitić,785,Croatia,Left Center Midfield,128.12,True
7581,5536,Yussuf Yurary Poulsen,776,Denmark,Right Wing,128.12,True
7581,4447,Martin Braithwaite Christensen,776,Denmark,Left Wing,105.02,True
7581,5472,Mario Mandžukić,785,Croatia,Center Forward,107.72,True
7581,5474,Ivan Perišić,785,Croatia,Left Midfield,96.37,True
7581,3043,Christian Dannemann Eriksen,776,Denmark,Secondary Striker,128.12,True
7581,5732,Andreas Evald Cornelius,776,Denmark,Center Forward,65.58,True
7581,6308,Josip Pivarić,785,Croatia,Left Back,47.85,False
7581,3815,Kasper Schmeichel,776,Denmark,Goalkeeper,128.12,True
7581,6305,Milan Badelj,785,Croatia,Left Midfield,20.4,False
7581,6356,Michael Krohn-Dehli,776,Denmark,Left Center Midfield,30.45,False
7581,3444,Danijel Subašić,785,Croatia,Goalkeeper,128.12,True
7581,3959,Andreas Christensen,776,Denmark,Right Center Midfield,45.03,True
7582,5186,Denis Cheryshev,796,Russia,Left Center Midfield,65.72,False
7582,3333,David de Gea Quintana,772,Spain,Goalkeeper,125.77,True
7582,5193,Yuri Zhirkov,796,Russia,Left Midfield,45.0,True
7582,5194,Fyodor Smolov,796,Russia,Secondary Striker,61.72,False
7582,5195,Artem Dzyuba,796,Russia,Center Forward,64.05,True
7582,5198,Diego da Silva Costa,772,Spain,Center Forward,79.03,True
7582,5199,Jorge Resurrección Merodio,772,Spain,Right Defensive Midfield,125.77,True
7582,5201,Sergio Ramos García,772,Spain,Left Center Back,125.77,True
7582,5202,José Ignacio Fernández Iglesias,772,Spain,Right Back,69.5,True
7582,5203,Sergio Busquets i Burgos,772,Spain,Left Defensive Midfield,125.77,True
7582,6353,Vladimir Granat,796,Russia,Left Back,80.77,False
7582,6354,Aleksandr Erokhin,796,Russia,Right Wing,29.48,False
7582,5718,Rodrigo Moreno Machado,772,Spain,Right Midfield,22.42,False
7582,5719,Marco Asensio Willemsen,772,Spain,Right Midfield,103.35,True
7582,5182,Aleksandr Samedov,796,Russia,Right Center Forward,60.05,True
7582,5721,Daniel Carvajal Ramos,772,Spain,Right Back,56.27,False
7582,5211,Jordi Alba Ramos,772,Spain,Left Back,125.77,True
7582,5213,Gerard Piqué Bernabéu,772,Spain,Right Center Back,125.77,True
7582,5216,Andrés Iniesta Luján,772,Spain,Center Attacking Midfield,59.55,False
7582,5217,Iago Aspas Juncal,772,Spain,Center Forward,46.73,False
7582,5677,Fedor Kudryashov,796,Russia,Left Midfield,125.77,True
7582,5170,Mário Figueira Fernandes,796,Russia,Right Back,125.77,True
7582,5171,Roman Zobnin,796,Russia,Right Midfield,125.77,True
7582,5172,Igor Akinfeev,796,Russia,Goalkeeper,125.77,True
7582,5174,Sergei Ignashevich,796,Russia,Left Center Back,125.77,True
7582,5175,Ilya Kutepov,796,Russia,Right Center Back,125.77,True
7582,3064,David Josué Jiménez Silva,772,Spain,Center Attacking Midfield,66.22,True
7582,5177,Aleksandr Golovin,796,Russia,Right Center Midfield,125.77,True
7582,5179,Daler Kuzyaev,796,Russia,Right Center Midfield,96.28,True
7582,4926,Francisco Román Alarcón Suárez,772,Spain,Left Midfield,125.77,True
7583,5568,Raúl Alonso Jiménez Rodríguez,794,Mexico,Center Forward,36.55,False
7583,3202,Gabriel Fernando de Jesus,781,Brazil,Left Center Forward,96.17,True
7583,5571,Hirving Rodrigo Lozano Bahena,794,Mexico,Right Wing,96.17,True
7583,5575,Héctor Miguel Herrera López,794,Mexico,Left Center Midfield,96.17,True
7583,5576,Jesús Daniel Gallardo Vasconcelos,794,Mexico,Left Back,96.17,True
7583,5577,Francisco Guillermo Ochoa Magaña,794,Mexico,Goalkeeper,96.17,True
7583,5838,Fágner Conserva Lemos,781,Brazil,Right Back,96.17,True
7583,3535,Roberto Firmino Barbosa de Oliveira,781,Brazil,Center Attacking Midfield,10.25,False
7583,3472,Willian Borges da Silva,781,Brazil,Right Wing,90.8,True
7583,4372,Marcos Aoás Corrêa,781,Brazil,Right Back,5.37,False
7583,6357,Jonathan dos Santos Ramírez,794,Mexico,Center Defensive Midfield,41.53,False
7583,3295,Thiago Emiliano da Silva,781,Brazil,Right Center Back,96.17,True
7583,4320,Neymar da Silva Santos Junior,781,Brazil,Right Center Forward,96.17,True
7583,5539,Carlos Henrique Casimiro,781,Brazil,Right Center Midfield,96.17,True
7583,5542,José Paulo Bezzera Maciel Júnior,781,Brazil,Left Center Midfield,80.1,True
7583,5547,Alisson Ramsés Becker,781,Brazil,Goalkeeper,96.17,True
7583,3501,Philippe Coutinho Correia,781,Brazil,Left Wing,85.92,True
7583,3054,Fernando Luiz Roza,781,Brazil,Left Center Midfield,16.07,False
7583,5551,João Miranda de Souza Filho,781,Brazil,Left Center Back,96.17,True
7583,6320,Filipe Luís Kasmirski,781,Brazil,Left Back,96.17,True
7583,3058,Javier Hernández Balcázar,794,Mexico,Center Forward,59.62,True
7583,5556,Miguel Arturo Layún Prado,794,Mexico,Right Back,51.17,False
7583,5558,Rafael Márquez Álvarez,794,Mexico,Center Midfield,45.0,True
7583,5560,Carlos Alberto Vela Garrido,794,Mexico,Right Wing,96.17,True
7583,5561,Hugo Ayala Castro,794,Mexico,Right Center Back,96.17,True
7583,5563,José Andrés Guardado Hernández,794,Mexico,Left Midfield,96.17,True
7583,5564,Carlos Joel Salcedo Hernández,794,Mexico,Left Center Back,96.17,True
7583,5567,Edson Omar Álvarez Velázquez,794,Mexico,Right Back,54.63,True
7584,5633,Yannick Ferreira Carrasco,782,Belgium,Left Wing Back,64.43,True
7584,5697,Genki Haraguchi,778,Japan,Right Wing,80.62,True
7584,3077,Jan Vertonghen,782,Belgium,Left Center Back,95.07,True
7584,5642,Axel Witsel,782,Belgium,Left Center Midfield,95.07,True
7584,3530,Hiroki Sakai,778,Japan,Right Back,95.07,True
7584,3089,Kevin De Bruyne,782,Belgium,Right Center Midfield,95.07,True
7584,3289,Romelu Lukaku Menama,782,Belgium,Center Forward,95.07,True
7584,3101,Vincent Kompany,782,Belgium,Center Back,95.07,True
7584,4831,Nacer Chadli,782,Belgium,Left Wing Back,30.63,False
7584,3296,Marouane Fellaini-Bakkioui,782,Belgium,Right Attacking Midfield,30.82,False
7584,3300,Maya Yoshida,778,Japan,Right Center Back,95.07,True
7584,20005,Toby Alderweireld,782,Belgium,Right Center Back,95.07,True
7584,3621,Eden Hazard,782,Belgium,Left Attacking Midfield,95.07,True
7584,3175,Eiji Kawashima,778,Japan,Goalkeeper,95.07,True
7584,3176,Thomas Meunier,782,Belgium,Right Wing Back,95.07,True
7584,5694,Hotaru Yamaguchi,778,Japan,Left Defensive Midfield,14.58,False
7584,5679,Yūya Ōsako,778,Japan,Center Forward,95.07,True
7584,5681,Makoto Hasebe,778,Japan,Right Defensive Midfield,95.07,True
7584,5682,Gen Shōji,778,Japan,Left Center Back,95.07,True
7584,5683,Keisuke Honda,778,Japan,Right Wing,14.45,False
7584,5684,Shinji Kagawa,778,Japan,Center Attacking Midfield,95.07,True
7584,3509,Thibaut Courtois,782,Belgium,Goalkeeper,95.07,True
7584,5687,Takashi Inui,778,Japan,Left Wing,95.07,True
7584,5690,Yuto Nagatomo,778,Japan,Left Back,95.07,True
7584,5693,Gaku Shibasaki,778,Japan,Left Defensive Midfield,80.48,True
7584,5630,Dries Mertens,782,Belgium,Right Attacking Midfield,64.25,True
7585,5696,Santiago Arias Naranjo,769,Colombia,Right Back,115.28,True
7585,3205,Kyle Walker,768,England,Right Center Back,112.55,True
7585,3336,Harry Maguire,768,England,Left Center Back,127.3,True
7585,5688,Carlos Arturo Bacca Ahumada,769,Colombia,Left Center Forward,66.22,False
7585,10955,Harry Kane,768,England,Left Center Forward,127.3,True
7585,3468,Jordan Pickford,768,England,Goalkeeper,127.3,True
7585,3532,Jordan Brian Henderson,768,England,Center Defensive Midfield,127.3,True
7585,10956,Eric Dier,768,England,Left Attacking Midfield,47.28,False
7585,3594,Danny Rose,768,England,Left Midfield,25.75,False
7585,10960,Jamie Vardy,768,England,Right Center Forward,39.92,False
7585,3094,Bamidele Alli,768,England,Left Attacking Midfield,80.02,True
7585,6360,Cristian Eduardo Zapata Valencia,769,Colombia,Right Back,12.02,False
7585,3612,Ashley Young,768,England,Left Midfield,101.55,True
7585,3293,Jesse Lingard,768,England,Right Attacking Midfield,127.3,True
7585,3233,Raheem Sterling,768,England,Right Center Forward,87.38,True
7585,3494,Davinson Sánchez Mina,769,Colombia,Left Center Back,127.3,True
7585,3244,John Stones,768,England,Center Back,127.3,True
7585,3308,Kieran Trippier,768,England,Right Midfield,127.3,True
7585,5678,Jefferson Andrés Lerma Solís,769,Colombia,Left Center Midfield,61.08,True
7585,6193,Andrés Mateus Uribe Villa,769,Colombia,Left Center Midfield,48.98,False
7585,4276,David Ospina Ramírez,769,Colombia,Goalkeeper,127.3,True
7585,6196,Yerry Fernando Mina González,769,Colombia,Right Center Back,127.3,True
7585,5686,Wílmar Enrique Barrios Terán,769,Colombia,Left Wing,127.3,True
7585,5685,Carlos Alberto Sánchez Moreno,769,Colombia,Right Center Midfield,78.32,True
7585,3445,Radamel Falcao García Zárate,769,Colombia,Right Center Forward,127.3,True
7585,5689,Juan Guillermo Cuadrado Bello,769,Colombia,Right Center Forward,127.3,True
7585,3318,Marcus Rashford,768,England,Right Center Back,14.75,False
7585,5691,Johan Andrés Mojica Palacio,769,Colombia,Left Back,127.3,True
7585,5692,Juan Fernando Quintero Paniagua,769,Colombia,Center Attacking Midfield,87.68,True
7585,6334,Luis Fernando Muriel Fruto,769,Colombia,Right Center Midfield,39.62,False
7586,4417,Ola Toivonen,790,Sweden,Left Center Forward,96.27,True
7586,3576,Martin Olsson,790,Sweden,Left Midfield,15.55,False
7586,5835,Josip Drmic,773,Switzerland,Center Forward,96.27,True
7586,3533,Xherdan Shaqiri,773,Switzerland,Right Wing,96.27,True
7586,6358,Emil Krafth,790,Sweden,Right Back,14.6,False
7586,6359,Johan Danon Djourou-Gbadjere,773,Switzerland,Right Center Back,96.27,True
7586,11098,Marcus Berg,790,Sweden,Right Center Forward,90.05,True
7586,5540,Valon Behrami,773,Switzerland,Right Center Midfield,96.27,True
7586,5607,Andreas Granqvist,790,Sweden,Left Center Back,96.27,True
7586,5544,Ricardo Iván Rodríguez Araya,773,Switzerland,Left Back,96.27,True
7586,5545,Breel-Donald Embolo,773,Switzerland,Left Wing,23.82,False
7586,5546,Michael Lang,773,Switzerland,Right Back,96.27,True
7586,5611,Gustav Svensson,790,Sweden,Right Center Midfield,96.27,True
7586,3500,Granit Xhaka,773,Switzerland,Left Center Midfield,96.27,True
7586,5549,Manuel Obafemi Akanji,773,Switzerland,Left Center Back,96.27,True
7586,5550,Yann Sommer,773,Switzerland,Goalkeeper,96.27,True
7586,5548,Steven Zuber,773,Switzerland,Left Wing,72.45,True
7586,5612,Mikael Lustig,790,Sweden,Right Back,81.67,True
7586,5613,Viktor Claesson,790,Sweden,Right Wing,96.27,True
7586,5554,Blerim Džemaili,773,Switzerland,Center Attacking Midfield,72.63,True
7586,5543,Haris Seferović,773,Switzerland,Left Center Forward,23.63,False
7586,5615,Isaac Kiese Thelin,790,Sweden,Right Center Forward,6.22,False
7586,5621,Ludwig Augustinsson,790,Sweden,Left Back,96.27,True
7586,3702,Victor Nilsson Lindelöf,790,Sweden,Right Center Back,96.27,True
7586,5622,Robin Olsen,790,Sweden,Goalkeeper,96.27,True
7586,5624,Albin Ekdal,790,Sweden,Left Center Midfield,96.27,True
7586,5625,Emil Peter Forsberg,790,Sweden,Left Midfield,80.72,True
8649,5248,José Martín Cáceres Silva,783,Uruguay,Right Back,94.97,True
8649,5249,Diego Roberto Godín Leal,783,Uruguay,Left Center Back,94.97,True
8649,3009,Kylian Mbappé Lottin,771,France,Right Wing,87.25,True
8649,2948,Nabil Fekir,771,France,Left Wing,2.45,False
8649,5255,Matías Vecino Falero,783,Uruguay,Left Center Midfield,94.97,True
8649,5256,Cristian Gabriel Rodríguez Barrotti,783,Uruguay,Left Wing,36.35,False
8649,5259,José María Giménez de Vargas,783,Uruguay,Right Center Back,94.97,True
8649,5260,Rodrigo Bentancur Colmán,783,Uruguay,Center Attacking Midfield,58.62,True
8649,6351,Cristhian Ricardo Stuani Curbelo,783,Uruguay,Left Center Forward,58.3,True
8649,5266,Lucas Torreira Di Pascua,783,Uruguay,Center Defensive Midfield,94.97,True
8649,5267,Néstor Fernando Muslera Micol,783,Uruguay,Goalkeeper,94.97,True
8649,3604,Olivier Giroud,771,France,Center Forward,94.97,True
8649,5717,Diego Sebastián Laxalt Suárez,783,Uruguay,Left Back,94.97,True
8649,6297,Maximiliano Gómez González,783,Uruguay,Right Center Forward,36.67,False
8649,6426,Jonathan Matías Urretaviscaya da Luz,783,Uruguay,Right Wing,22.27,False
8649,3099,Hugo Lloris,771,France,Goalkeeper,94.97,True
8649,20004,Paul Pogba,771,France,Left Center Midfield,94.97,True
8649,5476,Benjamin Pavard,771,France,Right Back,94.97,True
8649,5477,Ousmane Dembélé,771,France,Right Wing,7.72,False
8649,5480,Corentin Tolisso,771,France,Left Wing,79.35,True
8649,5737,Steven N'Kemboanza Mike Christopher Nzonzi,771,France,Center Defensive Midfield,15.62,False
8649,5484,Lucas Hernández Pi,771,France,Left Back,94.97,True
8649,5485,Raphaël Varane,771,France,Right Center Back,94.97,True
8649,5487,Antoine Griezmann,771,France,Center Attacking Midfield,92.52,True
8649,5492,Samuel Yves Umtiti,771,France,Left Center Back,94.97,True
8649,3961,N'Golo Kanté,771,France,Right Center Midfield,94.97,True
8649,5246,Luis Alberto Suárez Díaz,783,Uruguay,Right Center Forward,94.97,True
8649,5247,Nahitan Michel Nández Acosta,783,Uruguay,Right Center Midfield,72.7,True
8650,3202,Gabriel Fernando de Jesus,781,Brazil,Center Forward,57.2,True
8650,3077,Jan Vertonghen,782,Belgium,Left Back,95.05,True
8650,5642,Axel Witsel,782,Belgium,Center Midfield,95.05,True
8650,2954,Youri Tielemans,782,Belgium,Left Center Midfield,8.53,False
8650,5837,Douglas Costa de Souza,781,Brazil,Right Wing,37.85,False
8650,5838,Fágner Conserva Lemos,781,Brazil,Right Back,95.05,True
8650,3535,Roberto Firmino Barbosa de Oliveira,781,Brazil,Center Forward,50.05,False
8650,3472,Willian Borges da Silva,781,Brazil,Right Wing,45.0,True
8650,3089,Kevin De Bruyne,782,Belgium,Secondary Striker,95.05,True
8650,3289,Romelu Lukaku Menama,782,Belgium,Right Wing,86.52,True
8650,3101,Vincent Kompany,782,Belgium,Left Center Back,95.05,True
8650,4831,Nacer Chadli,782,Belgium,Left Center Midfield,82.12,True
8650,4320,Neymar da Silva Santos Junior,781,Brazil,Left Wing,95.05,True
8650,3296,Marouane Fellaini-Bakkioui,782,Belgium,Right Center Midfield,95.05,True
8650,3295,Thiago Emiliano da Silva,781,Brazil,Right Center Back,95.05,True
8650,20005,Toby Alderweireld,782,Belgium,Right Center Back,95.05,True
8650,5542,José Paulo Bezzera Maciel Júnior,781,Brazil,Right Midfield,72.07,True
8650,3621,Eden Hazard,782,Belgium,Left Wing,95.05,True
8650,3176,Thomas Meunier,782,Belgium,Right Back,95.05,True
8650,5547,Alisson Ramsés Becker,781,Brazil,Goalkeeper,95.05,True
8650,3501,Philippe Coutinho Correia,781,Brazil,Left Midfield,95.05,True
8650,3054,Fernando Luiz Roza,781,Brazil,Center Midfield,95.05,True
8650,5551,João Miranda de Souza Filho,781,Brazil,Left Center Back,95.05,True
8650,5552,Marcelo Vieira da Silva Júnior,781,Brazil,Left Back,95.05,True
8650,5553,Renato Soares de Oliveira Augusto,781,Brazil,Right Midfield,22.98,False
8650,3509,Thibaut Courtois,782,Belgium,Goalkeeper,95.05,True
8650,6332,Thomas Vermaelen,782,Belgium,Left Center Back,12.93,False
8651,4417,Ola Toivonen,790,Sweden,Left Center Forward,64.27,True
8651,3205,Kyle Walker,768,England,Right Center Back,95.03,True
8651,3336,Harry Maguire,768,England,Left Center Back,95.03,True
8651,3576,Martin Olsson,790,Sweden,Left Wing,30.77,False
8651,10955,Harry Kane,768,England,Left Center Forward,95.03,True
8651,3468,Jordan Pickford,768,England,Goalkeeper,95.03,True
8651,3532,Jordan Brian Henderson,768,England,Center Defensive Midfield,83.72,True
8651,10956,Eric Dier,768,England,Center Defensive Midfield,11.32,False
8651,3094,Bamidele Alli,768,England,Left Attacking Midfield,76.0,True
8651,6358,Emil Krafth,790,Sweden,Right Back,84.35,True
8651,6038,John Guidetti,790,Sweden,Left Center Forward,30.77,False
8651,11098,Marcus Berg,790,Sweden,Right Center Forward,95.03,True
8651,3612,Ashley Young,768,England,Left Midfield,95.03,True
8651,3293,Jesse Lingard,768,England,Right Attacking Midfield,95.03,True
8651,3233,Raheem Sterling,768,England,Right Center Forward,90.37,True
8651,4709,Pontus Jansson,790,Sweden,Right Back,10.68,False
8651,5607,Andreas Granqvist,790,Sweden,Left Center Back,95.03,True
8651,3244,John Stones,768,England,Center Back,95.03,True
8651,3308,Kieran Trippier,768,England,Right Midfield,95.03,True
8651,5613,Viktor Claesson,790,Sweden,Right Wing,95.03,True
8651,5617,Sebastian Larsson,790,Sweden,Right Center Midfield,95.03,True
8651,5621,Ludwig Augustinsson,790,Sweden,Left Back,95.03,True
8651,3702,Victor Nilsson Lindelöf,790,Sweden,Right Center Back,95.03,True
8651,5622,Robin Olsen,790,Sweden,Goalkeeper,95.03,True
8651,5624,Albin Ekdal,790,Sweden,Left Center Midfield,95.03,True
8651,5625,Emil Peter Forsberg,790,Sweden,Left Wing,64.27,True
8651,4597,Fabian Delph,768,England,Left Attacking Midfield,19.03,False
8651,3318,Marcus Rashford,768,England,Right Center Forward,4.67,False
8652,5186,Denis Cheryshev,796,Russia,Left Wing,66.37,True
8652,5194,Fyodor Smolov,796,Russia,Left Wing,61.7,False
8652,5195,Artem Dzyuba,796,Russia,Center Forward,78.57,True
8652,3471,Dejan Lovren,785,Croatia,Right Center Back,128.07,True
8652,5456,Mateo Kovačić,785,Croatia,Right Wing,40.27,False
8652,5457,Ivan Strinić,785,Croatia,Left Back,73.48,True
8652,6354,Aleksandr Erokhin,796,Russia,Right Wing,74.37,False
8652,5460,Andrej Kramarić,785,Croatia,Center Attacking Midfield,87.8,True
8652,5461,Šime Vrsaljko,785,Croatia,Right Back,96.28,True
8652,5463,Luka Modrić,785,Croatia,Right Defensive Midfield,128.07,True
8652,5465,Ante Rebić,785,Croatia,Right Wing,128.07,True
8652,5468,Domagoj Vida,785,Croatia,Left Center Back,128.07,True
8652,5469,Marcelo Brozović,785,Croatia,Left Wing,65.6,False
8652,5470,Ivan Rakitić,785,Croatia,Left Defensive Midfield,128.07,True
8652,5472,Mario Mandžukić,785,Croatia,Center Forward,128.07,True
8652,5474,Ivan Perišić,785,Croatia,Left Wing,62.47,True
8652,6308,Josip Pivarić,785,Croatia,Left Back,54.58,False
8652,5739,Vedran Ćorluka,785,Croatia,Left Center Back,31.78,False
8652,5677,Fedor Kudryashov,796,Russia,Left Back,128.07,True
8652,5170,Mário Figueira Fernandes,796,Russia,Right Back,128.07,True
8652,5171,Roman Zobnin,796,Russia,Left Center Midfield,128.07,True
8652,5172,Igor Akinfeev,796,Russia,Goalkeeper,128.07,True
8652,3444,Danijel Subašić,785,Croatia,Goalkeeper,128.07,True
8652,5174,Sergei Ignashevich,796,Russia,Left Center Back,128.07,True
8652,5175,Ilya Kutepov,796,Russia,Right Center Back,128.07,True
8652,5177,Aleksandr Golovin,796,Russia,Center Attacking Midfield,101.72,True
8652,5179,Daler Kuzyaev,796,Russia,Right Center Midfield,128.07,True
8652,5180,Alan Dzagoev,796,Russia,Center Attacking Midfield,26.35,False
8652,5181,Yury Gazinskiy,796,Russia,Center Forward,49.5,False
8652,5182,Aleksandr Samedov,796,Russia,Right Wing,53.7,True
8655,3009,Kylian Mbappé Lottin,771,France,Right Wing,96.25,True
8655,5633,Yannick Ferreira Carrasco,782,Belgium,Left Center Midfield,16.5,False
8655,3457,Michy Batshuayi Tunga,782,Belgium,Right Back,5.5,False
8655,3077,Jan Vertonghen,782,Belgium,Left Back,96.25,True
8655,5642,Axel Witsel,782,Belgium,Right Center Midfield,96.25,True
8655,3089,Kevin De Bruyne,782,Belgium,Center Attacking Midfield,96.25,True
8655,3604,Olivier Giroud,771,France,Center Forward,84.25,True
8655,4375,Blaise Matuidi,771,France,Left Wing,85.7,True
8655,3289,Romelu Lukaku Menama,782,Belgium,Center Forward,96.25,True
8655,3099,Hugo Lloris,771,France,Goalkeeper,96.25,True
8655,3101,Vincent Kompany,782,Belgium,Left Center Back,96.25,True
8655,3037,Mousa Sidi Yaya Dembélé,782,Belgium,Left Center Midfield,59.48,True
8655,4831,Nacer Chadli,782,Belgium,Right Back,90.75,True
8655,3296,Marouane Fellaini-Bakkioui,782,Belgium,Center Attacking Midfield,79.75,True
8655,20004,Paul Pogba,771,France,Left Defensive Midfield,96.25,True
8655,20005,Toby Alderweireld,782,Belgium,Right Center Back,96.25,True
8655,3621,Eden Hazard,782,Belgium,Left Wing,96.25,True
8655,5476,Benjamin Pavard,771,France,Right Back,96.25,True
8655,5480,Corentin Tolisso,771,France,Left Center Midfield,10.55,False
8655,5737,Steven N'Kemboanza Mike Christopher Nzonzi,771,France,Right Center Midfield,12.0,False
8655,5484,Lucas Hernández Pi,771,France,Left Back,96.25,True
8655,5485,Raphaël Varane,771,France,Right Center Back,96.25,True
8655,5487,Antoine Griezmann,771,France,Center Attacking Midfield,96.25,True
8655,5492,Samuel Yves Umtiti,771,France,Left Center Back,96.25,True
8655,3509,Thibaut Courtois,782,Belgium,Goalkeeper,96.25,True
8655,3961,N'Golo Kanté,771,France,Right Defensive Midfield,96.25,True
8655,5630,Dries Mertens,782,Belgium,Right Wing,36.77,False
8656,3205,Kyle Walker,768,England,Right Center Back,111.18,True
8656,3336,Harry Maguire,768,England,Left Center Back,124.38,True
8656,3594,Danny Rose,768,England,Left Wing Back,34.38,False
8656,10955,Harry Kane,768,England,Right Center Forward,124.38,True
8656,3468,Jordan Pickford,768,England,Goalkeeper,124.38,True
8656,3532,Jordan Brian Henderson,768,England,Center Defensive Midfield,96.65,True
8656,10956,Eric Dier,768,England,Center Defensive Midfield,27.73,False
8656,3471,Dejan Lovren,785,Croatia,Right Center Back,124.38,True
8656,10960,Jamie Vardy,768,England,Left Center Forward,13.2,False
8656,5457,Ivan Strinić,785,Croatia,Left Back,94.18,True
8656,5460,Andrej Kramarić,785,Croatia,Right Wing,23.6,False
8656,5461,Šime Vrsaljko,785,Croatia,Right Back,124.38,True
8656,3094,Bamidele Alli,768,England,Left Center Midfield,124.38,True
8656,5463,Luka Modrić,785,Croatia,Right Attacking Midfield,117.77,True
8656,5465,Ante Rebić,785,Croatia,Right Wing,100.78,True
8656,3612,Ashley Young,768,England,Left Wing Back,90.0,True
8656,5468,Domagoj Vida,785,Croatia,Left Center Back,124.38,True
8656,3293,Jesse Lingard,768,England,Right Center Midfield,124.38,True
8656,5469,Marcelo Brozović,785,Croatia,Center Midfield,124.38,True
8656,5470,Ivan Rakitić,785,Croatia,Left Attacking Midfield,124.38,True
8656,3233,Raheem Sterling,768,England,Left Center Forward,73.17,True
8656,5472,Mario Mandžukić,785,Croatia,Center Forward,114.85,True
8656,5474,Ivan Perišić,785,Croatia,Left Wing,124.38,True
8656,6308,Josip Pivarić,785,Croatia,Left Back,30.2,False
8656,6305,Milan Badelj,785,Croatia,Right Attacking Midfield,6.62,False
8656,5739,Vedran Ćorluka,785,Croatia,Center Forward,9.53,False
8656,3244,John Stones,768,England,Center Back,124.38,True
8656,3308,Kieran Trippier,768,England,Right Wing Back,124.38,True
8656,3444,Danijel Subašić,785,Croatia,Goalkeeper,124.38,True
8656,3318,Marcus Rashford,768,England,Left Center Forward,51.22,False
8657,3077,Jan Vertonghen,782,Belgium,Left Wing Back,93.07,True
8657,3336,Harry Maguire,768,England,Left Center Back,93.07,True
8657,2954,Youri Tielemans,782,Belgium,Right Defensive Midfield,77.78,True
8657,5642,Axel Witsel,782,Belgium,Left Defensive Midfield,93.07,True
8657,3468,Jordan Pickford,768,England,Goalkeeper,93.07,True
8657,3594,Danny Rose,768,England,Left Wing Back,45.0,True
8657,10955,Harry Kane,768,England,Right Center Forward,93.07,True
8657,10956,Eric Dier,768,England,Center Defensive Midfield,93.07,True
8657,3089,Kevin De Bruyne,782,Belgium,Right Wing,93.07,True
8657,3094,Bamidele Alli,768,England,Right Center Midfield,9.6,False
8657,3289,Romelu Lukaku Menama,782,Belgium,Center Forward,59.63,True
8657,3101,Vincent Kompany,782,Belgium,Center Back,93.07,True
8657,3293,Jesse Lingard,768,England,Left Center Midfield,48.07,False
8657,4831,Nacer Chadli,782,Belgium,Left Wing Back,38.63,True
8657,3037,Mousa Sidi Yaya Dembélé,782,Belgium,Right Defensive Midfield,15.28,False
8657,3233,Raheem Sterling,768,England,Left Center Forward,45.0,True
8657,20005,Toby Alderweireld,782,Belgium,Right Center Back,93.07,True
8657,3621,Eden Hazard,782,Belgium,Left Wing,93.07,True
8657,3176,Thomas Meunier,782,Belgium,Right Wing Back,93.07,True
8657,3244,John Stones,768,England,Center Back,93.07,True
8657,3308,Kieran Trippier,768,England,Right Wing Back,93.07,True
8657,3504,Ruben Loftus-Cheek,768,England,Right Center Midfield,83.47,True
8657,3314,Phil Jones,768,England,Right Center Back,93.07,True
8657,3509,Thibaut Courtois,782,Belgium,Goalkeeper,93.07,True
8657,4597,Fabian Delph,768,England,Left Center Midfield,93.07,True
8657,3318,Marcus Rashford,768,England,Left Center Forward,48.07,False
8657,6332,Thomas Vermaelen,782,Belgium,Left Center Back,54.43,False
8657,5630,Dries Mertens,782,Belgium,Center Forward,33.43,False
8658,3009,Kylian Mbappé Lottin,771,France,Right Midfield,95.05,True
8658,2948,Nabil Fekir,771,France,Right Midfield,14.1,False
8658,3471,Dejan Lovren,785,Croatia,Right Center Back,95.05,True
8658,5457,Ivan Strinić,785,Croatia,Left Back,80.83,True
8658,5459,Marko Pjaca,785,Croatia,Left Back,14.22,False
8658,3604,Olivier Giroud,771,France,Left Center Forward,80.95,True
8658,5461,Šime Vrsaljko,785,Croatia,Right Back,95.05,True
8658,5460,Andrej Kramarić,785,Croatia,Right Wing,24.65,False
8658,4375,Blaise Matuidi,771,France,Left Midfield,72.85,True
8658,5463,Luka Modrić,785,Croatia,Right Center Midfield,95.05,True
8658,5465,Ante Rebić,785,Croatia,Right Wing,70.4,True
8658,3099,Hugo Lloris,771,France,Goalkeeper,95.05,True
8658,5468,Domagoj Vida,785,Croatia,Left Center Back,95.05,True
8658,5469,Marcelo Brozović,785,Croatia,Center Defensive Midfield,95.05,True
8658,5470,Ivan Rakitić,785,Croatia,Left Center Midfield,95.05,True
8658,5472,Mario Mandžukić,785,Croatia,Center Forward,95.05,True
8658,5474,Ivan Perišić,785,Croatia,Left Wing,95.05,True
8658,20004,Paul Pogba,771,France,Right Defensive Midfield,95.05,True
8658,5476,Benjamin Pavard,771,France,Right Back,95.05,True
8658,5480,Corentin Tolisso,771,France,Left Midfield,22.2,False
8658,5737,Steven N''Kemboanza Mike Christopher Nzonzi,771,France,Left Defensive Midfield,40.93,False
8658,5484,Lucas Hernández Pi,771,France,Left Back,95.05,True
8658,5485,Raphaël Varane,771,France,Right Center Back,95.05,True
8658,5487,Antoine Griezmann,771,France,Right Center Forward,95.05,True
8658,5492,Samuel Yves Umtiti,771,France,Left Center Back,95.05,True
8658,3444,Danijel Subašić,785,Croatia,Goalkeeper,95.05,True
8658,3961,N''Golo Kanté,771,France,Left Defensive Midfield,54.12,True
