player_id,player_name,position_group,development_area,recommendation
2941,Ismaïla Sarr,Winger,Passing,Focus on pass completion and consistent ball distribution.
2941,Ismaïla Sarr,Winger,Defensive,"Focus on defensive pressure, tackles, interceptions and recoveries."
2954,Youri Tielemans,Defensive Midfielder,Defensive,"Focus on defensive pressure, tackles, interceptions and recoveries."
2954,Youri Tielemans,Defensive Midfielder,Attacking,"Focus on shot volume, shot quality and finishing opportunities."
2972,Marcus Thuram,Forward,Attacking,"Focus on shot volume, shot quality and finishing opportunities."
2972,Marcus Thuram,Forward,Creativity,"Focus on chance creation, shot assists, through balls and crosses."
2988,Memphis Depay,Forward,Defensive,"Focus on defensive pressure, tackles, interceptions and recoveries."
2988,Memphis Depay,Forward,Attacking,"Focus on shot volume, shot quality and finishing opportunities."
2989,Alexander Djiku,Centre Back,Passing,Focus on pass completion and consistent ball distribution.
2989,Alexander Djiku,Centre Back,Progression,"Focus on ball carrying, progression and successful dribbling."
2995,Ángel Fabián Di María Hernández,Midfielder,Defensive,"Focus on defensive pressure, tackles, interceptions and recoveries."
2995,Ángel Fabián Di María Hernández,Midfielder,Passing,Focus on pass completion and consistent ball distribution.
2999,Presnel Kimpembe,Centre Back,Creativity,"Focus on chance creation, shot assists, through balls and crosses."
2999,Presnel Kimpembe,Centre Back,Defensive,"Focus on defensive pressure, tackles, interceptions and recoveries."
3009,Kylian Mbappé Lottin,Winger,Defensive,"Focus on defensive pressure, tackles, interceptions and recoveries."
3009,Kylian Mbappé Lottin,Winger,Passing,Focus on pass completion and consistent ball distribution.
3017,Ibrahim Sangaré,Defensive Midfielder,Progression,"Focus on ball carrying, progression and successful dribbling."
3017,Ibrahim Sangaré,Defensive Midfielder,Creativity,"Focus on chance creation, shot assists, through balls and crosses."
3026,Adrien Rabiot,Defensive Midfielder,Defensive,"Focus on defensive pressure, tackles, interceptions and recoveries."
3026,Adrien Rabiot,Defensive Midfielder,Passing,Focus on pass completion and consistent ball distribution.
3034,Kamil Glik,Centre Back,Progression,"Focus on ball carrying, progression and successful dribbling."
3034,Kamil Glik,Centre Back,Creativity,"Focus on chance creation, shot assists, through balls and crosses."
3043,Christian Dannemann Eriksen,Attacking Midfielder,Defensive,"Focus on defensive pressure, tackles, interceptions and recoveries."
3043,Christian Dannemann Eriksen,Attacking Midfielder,Progression,"Focus on ball carrying, progression and successful dribbling."
3044,Chancel Mbemba Mangulu,Centre Back,Passing,Focus on pass completion and consistent ball distribution.
3044,Chancel Mbemba Mangulu,Centre Back,Defensive,"Focus on defensive pressure, tackles, interceptions and recoveries."
3053,Leroy Sané,Winger,Defensive,"Focus on defensive pressure, tackles, interceptions and recoveries."
3053,Leroy Sané,Winger,Attacking,"Focus on shot volume, shot quality and finishing opportunities."
3058,Javier Hernández Balcázar,Forward,Attacking,"Focus on shot volume, shot quality and finishing opportunities."
3058,Javier Hernández Balcázar,Forward,Defensive,"Focus on defensive pressure, tackles, interceptions and recoveries."
3063,Danilo Luiz da Silva,Full Back,Defensive,"Focus on defensive pressure, tackles, interceptions and recoveries."
3063,Danilo Luiz da Silva,Full Back,Attacking,"Focus on shot volume, shot quality and finishing opportunities."
3064,David Josué Jiménez Silva,Winger,Defensive,"Focus on defensive pressure, tackles, interceptions and recoveries."
3064,David Josué Jiménez Silva,Winger,Attacking,"Focus on shot volume, shot quality and finishing opportunities."
3077,Jan Vertonghen,Centre Back,Attacking,"Focus on shot volume, shot quality and finishing opportunities."
3077,Jan Vertonghen,Centre Back,Defensive,"Focus on defensive pressure, tackles, interceptions and recoveries."
3083,Heung-Min Son,Winger,Defensive,"Focus on defensive pressure, tackles, interceptions and recoveries."
3083,Heung-Min Son,Winger,Passing,Focus on pass completion and consistent ball distribution.
3086,Ben Davies,Full Back,Creativity,"Focus on chance creation, shot assists, through balls and crosses."
3086,Ben Davies,Full Back,Passing,Focus on pass completion and consistent ball distribution.
3089,Kevin De Bruyne,Attacking Midfielder,Defensive,"Focus on defensive pressure, tackles, interceptions and recoveries."
3089,Kevin De Bruyne,Attacking Midfielder,Attacking,"Focus on shot volume, shot quality and finishing opportunities."
3090,Nicolás Hernán Otamendi,Centre Back,Defensive,"Focus on defensive pressure, tackles, interceptions and recoveries."
3090,Nicolás Hernán Otamendi,Centre Back,Creativity,"Focus on chance creation, shot assists, through balls and crosses."
3094,Bamidele Alli,Midfielder,Progression,"Focus on ball carrying, progression and successful dribbling."
3094,Bamidele Alli,Midfielder,Passing,Focus on pass completion and consistent ball distribution.
3099,Hugo Lloris,Goalkeeper,Passing,Focus on pass completion and consistent ball distribution.
3099,Hugo Lloris,Goalkeeper,Progression,"Focus on ball carrying, progression and successful dribbling."
3101,Vincent Kompany,Centre Back,Defensive,"Focus on defensive pressure, tackles, interceptions and recoveries."
3101,Vincent Kompany,Centre Back,Creativity,"Focus on chance creation, shot assists, through balls and crosses."
3141,André-Frank Zambo Anguissa,Defensive Midfielder,Creativity,"Focus on chance creation, shot assists, through balls and crosses."
3141,André-Frank Zambo Anguissa,Defensive Midfielder,Attacking,"Focus on shot volume, shot quality and finishing opportunities."
3166,Marco Verratti,Midfielder,Attacking,"Focus on shot volume, shot quality and finishing opportunities."
3166,Marco Verratti,Midfielder,Defensive,"Focus on defensive pressure, tackles, interceptions and recoveries."
3167,Antonio Rüdiger,Centre Back,Defensive,"Focus on defensive pressure, tackles, interceptions and recoveries."
3167,Antonio Rüdiger,Centre Back,Attacking,"Focus on shot volume, shot quality and finishing opportunities."
3168,João Filipe Iria Santos Moutinho,Midfielder,Attacking,"Focus on shot volume, shot quality and finishing opportunities."
3168,João Filipe Iria Santos Moutinho,Midfielder,Progression,"Focus on ball carrying, progression and successful dribbling."
3175,Eiji Kawashima,Goalkeeper,Passing,Focus on pass completion and consistent ball distribution.
3175,Eiji Kawashima,Goalkeeper,Progression,"Focus on ball carrying, progression and successful dribbling."
3176,Thomas Meunier,Full Back,Passing,Focus on pass completion and consistent ball distribution.
3176,Thomas Meunier,Full Back,Defensive,"Focus on defensive pressure, tackles, interceptions and recoveries."
3193,Bernardo Mota Veiga de Carvalho e Silva,Midfielder,Defensive,"Focus on defensive pressure, tackles, interceptions and recoveries."
3193,Bernardo Mota Veiga de Carvalho e Silva,Midfielder,Creativity,"Focus on chance creation, shot assists, through balls and crosses."
3196,Wahbi Khazri,Forward,Defensive,"Focus on defensive pressure, tackles, interceptions and recoveries."
3196,Wahbi Khazri,Forward,Progression,"Focus on ball carrying, progression and successful dribbling."
3202,Gabriel Fernando de Jesus,Forward,Attacking,"Focus on shot volume, shot quality and finishing opportunities."
3202,Gabriel Fernando de Jesus,Forward,Creativity,"Focus on chance creation, shot assists, through balls and crosses."
3205,Kyle Walker,Full Back,Attacking,"Focus on shot volume, shot quality and finishing opportunities."
3205,Kyle Walker,Full Back,Creativity,"Focus on chance creation, shot assists, through balls and crosses."
3233,Raheem Sterling,Winger,Defensive,"Focus on defensive pressure, tackles, interceptions and recoveries."
3233,Raheem Sterling,Winger,Creativity,"Focus on chance creation, shot assists, through balls and crosses."
3240,Mathew Ryan,Goalkeeper,Creativity,"Focus on chance creation, shot assists, through balls and crosses."
3240,Mathew Ryan,Goalkeeper,Attacking,"Focus on shot volume, shot quality and finishing opportunities."
3244,John Stones,Centre Back,Defensive,"Focus on defensive pressure, tackles, interceptions and recoveries."
3244,John Stones,Centre Back,Creativity,"Focus on chance creation, shot assists, through balls and crosses."
3248,Hamari Traoré,Full Back,Defensive,"Focus on defensive pressure, tackles, interceptions and recoveries."
3248,Hamari Traoré,Full Back,Progression,"Focus on ball carrying, progression and successful dribbling."
3280,Richarlison de Andrade,Forward,Passing,Focus on pass completion and consistent ball distribution.
3280,Richarlison de Andrade,Forward,Progression,"Focus on ball carrying, progression and successful dribbling."
3281,Aaron Mooy,Defensive Midfielder,Attacking,"Focus on shot volume, shot quality and finishing opportunities."
3281,Aaron Mooy,Defensive Midfielder,Passing,Focus on pass completion and consistent ball distribution.
3289,Romelu Lukaku Menama,Forward,Defensive,"Focus on defensive pressure, tackles, interceptions and recoveries."
3289,Romelu Lukaku Menama,Forward,Passing,Focus on pass completion and consistent ball distribution.
3293,Jesse Lingard,Midfielder,Defensive,"Focus on defensive pressure, tackles, interceptions and recoveries."
3293,Jesse Lingard,Midfielder,Creativity,"Focus on chance creation, shot assists, through balls and crosses."
3295,Thiago Emiliano da Silva,Centre Back,Defensive,"Focus on defensive pressure, tackles, interceptions and recoveries."
3295,Thiago Emiliano da Silva,Centre Back,Progression,"Focus on ball carrying, progression and successful dribbling."
3296,Marouane Fellaini-Bakkioui,Midfielder,Creativity,"Focus on chance creation, shot assists, through balls and crosses."
3296,Marouane Fellaini-Bakkioui,Midfielder,Progression,"Focus on ball carrying, progression and successful dribbling."
3300,Maya Yoshida,Centre Back,Creativity,"Focus on chance creation, shot assists, through balls and crosses."
3300,Maya Yoshida,Centre Back,Attacking,"Focus on shot volume, shot quality and finishing opportunities."
3306,Nathan Aké,Centre Back,Attacking,"Focus on shot volume, shot quality and finishing opportunities."
3306,Nathan Aké,Centre Back,Defensive,"Focus on defensive pressure, tackles, interceptions and recoveries."
3308,Kieran Trippier,Full Back,Defensive,"Focus on defensive pressure, tackles, interceptions and recoveries."
3308,Kieran Trippier,Full Back,Progression,"Focus on ball carrying, progression and successful dribbling."
3311,Daley Blind,Full Back,Creativity,"Focus on chance creation, shot assists, through balls and crosses."
3311,Daley Blind,Full Back,Defensive,"Focus on defensive pressure, tackles, interceptions and recoveries."
3318,Marcus Rashford,Forward,Creativity,"Focus on chance creation, shot assists, through balls and crosses."
3318,Marcus Rashford,Forward,Defensive,"Focus on defensive pressure, tackles, interceptions and recoveries."
3321,Patrick van Aanholt,Full Back,Defensive,"Focus on defensive pressure, tackles, interceptions and recoveries."
3321,Patrick van Aanholt,Full Back,Progression,"Focus on ball carrying, progression and successful dribbling."
3325,Marko Arnautović,Forward,Passing,Focus on pass completion and consistent ball distribution.
3325,Marko Arnautović,Forward,Creativity,"Focus on chance creation, shot assists, through balls and crosses."
3333,David de Gea Quintana,Goalkeeper,Progression,"Focus on ball carrying, progression and successful dribbling."
3333,David de Gea Quintana,Goalkeeper,Passing,Focus on pass completion and consistent ball distribution.
3336,Harry Maguire,Centre Back,Defensive,"Focus on defensive pressure, tackles, interceptions and recoveries."
3336,Harry Maguire,Centre Back,Passing,Focus on pass completion and consistent ball distribution.
3359,Jean Michaël Seri,Defensive Midfielder,Attacking,"Focus on shot volume, shot quality and finishing opportunities."
3359,Jean Michaël Seri,Defensive Midfielder,Defensive,"Focus on defensive pressure, tackles, interceptions and recoveries."
3377,Timothy Weah,Winger,Defensive,"Focus on defensive pressure, tackles, interceptions and recoveries."
3377,Timothy Weah,Winger,Progression,"Focus on ball carrying, progression and successful dribbling."
3382,Luke Shaw,Full Back,Defensive,"Focus on defensive pressure, tackles, interceptions and recoveries."
3382,Luke Shaw,Full Back,Attacking,"Focus on shot volume, shot quality and finishing opportunities."
3404,Youssouf Sabaly,Full Back,Attacking,"Focus on shot volume, shot quality and finishing opportunities."
3404,Youssouf Sabaly,Full Back,Defensive,"Focus on defensive pressure, tackles, interceptions and recoveries."
3436,Idrissa Gana Gueye,Attacking Midfielder,Attacking,"Focus on shot volume, shot quality and finishing opportunities."
3436,Idrissa Gana Gueye,Attacking Midfielder,Creativity,"Focus on chance creation, shot assists, through balls and crosses."
3441,Nikola Vlašić,Winger,Creativity,"Focus on chance creation, shot assists, through balls and crosses."
3441,Nikola Vlašić,Winger,Defensive,"Focus on defensive pressure, tackles, interceptions and recoveries."
3444,Danijel Subašić,Goalkeeper,Passing,Focus on pass completion and consistent ball distribution.
3444,Danijel Subašić,Goalkeeper,Creativity,"Focus on chance creation, shot assists, through balls and crosses."
3445,Radamel Falcao García Zárate,Forward,Creativity,"Focus on chance creation, shot assists, through balls and crosses."
3445,Radamel Falcao García Zárate,Forward,Defensive,"Focus on defensive pressure, tackles, interceptions and recoveries."
3447,Ademola Lookman,Winger,Progression,"Focus on ball carrying, progression and successful dribbling."
3447,Ademola Lookman,Winger,Passing,Focus on pass completion and consistent ball distribution.
3450,Jordan Ayew,Winger,Passing,Focus on pass completion and consistent ball distribution.
3450,Jordan Ayew,Winger,Progression,"Focus on ball carrying, progression and successful dribbling."
3468,Jordan Pickford,Goalkeeper,Attacking,"Focus on shot volume, shot quality and finishing opportunities."
3468,Jordan Pickford,Goalkeeper,Defensive,"Focus on defensive pressure, tackles, interceptions and recoveries."
3471,Dejan Lovren,Centre Back,Defensive,"Focus on defensive pressure, tackles, interceptions and recoveries."
3471,Dejan Lovren,Centre Back,Progression,"Focus on ball carrying, progression and successful dribbling."
3472,Willian Borges da Silva,Winger,Attacking,"Focus on shot volume, shot quality and finishing opportunities."
3472,Willian Borges da Silva,Winger,Defensive,"Focus on defensive pressure, tackles, interceptions and recoveries."
3477,Álvaro Borja Morata Martín,Forward,Progression,"Focus on ball carrying, progression and successful dribbling."
3477,Álvaro Borja Morata Martín,Forward,Creativity,"Focus on chance creation, shot assists, through balls and crosses."
3481,Serge Aurier,Full Back,Progression,"Focus on ball carrying, progression and successful dribbling."
3481,Serge Aurier,Full Back,Creativity,"Focus on chance creation, shot assists, through balls and crosses."
3494,Davinson Sánchez Mina,Centre Back,Passing,Focus on pass completion and consistent ball distribution.
3494,Davinson Sánchez Mina,Centre Back,Creativity,"Focus on chance creation, shot assists, through balls and crosses."
3500,Granit Xhaka,Defensive Midfielder,Defensive,"Focus on defensive pressure, tackles, interceptions and recoveries."
3500,Granit Xhaka,Defensive Midfielder,Attacking,"Focus on shot volume, shot quality and finishing opportunities."
3501,Philippe Coutinho Correia,Midfielder,Defensive,"Focus on defensive pressure, tackles, interceptions and recoveries."
3501,Philippe Coutinho Correia,Midfielder,Creativity,"Focus on chance creation, shot assists, through balls and crosses."
3509,Thibaut Courtois,Goalkeeper,Creativity,"Focus on chance creation, shot assists, through balls and crosses."
3509,Thibaut Courtois,Goalkeeper,Attacking,"Focus on shot volume, shot quality and finishing opportunities."
3517,Aaron Ramsey,Attacking Midfielder,Creativity,"Focus on chance creation, shot assists, through balls and crosses."
3517,Aaron Ramsey,Attacking Midfielder,Progression,"Focus on ball carrying, progression and successful dribbling."
3530,Hiroki Sakai,Full Back,Passing,Focus on pass completion and consistent ball distribution.
3530,Hiroki Sakai,Full Back,Creativity,"Focus on chance creation, shot assists, through balls and crosses."
3531,Mohamed Salah,Winger,Progression,"Focus on ball carrying, progression and successful dribbling."
3531,Mohamed Salah,Winger,Defensive,"Focus on defensive pressure, tackles, interceptions and recoveries."
3532,Jordan Brian Henderson,Defensive Midfielder,Defensive,"Focus on defensive pressure, tackles, interceptions and recoveries."
3532,Jordan Brian Henderson,Defensive Midfielder,Progression,"Focus on ball carrying, progression and successful dribbling."
3533,Xherdan Shaqiri,Winger,Defensive,"Focus on defensive pressure, tackles, interceptions and recoveries."
3533,Xherdan Shaqiri,Winger,Progression,"Focus on ball carrying, progression and successful dribbling."
3551,Karl Brillant Toko Ekambi,Winger,Progression,"Focus on ball carrying, progression and successful dribbling."
3551,Karl Brillant Toko Ekambi,Winger,Defensive,"Focus on defensive pressure, tackles, interceptions and recoveries."
3557,Naïm Sliti,Midfielder,Passing,Focus on pass completion and consistent ball distribution.
3557,Naïm Sliti,Midfielder,Defensive,"Focus on defensive pressure, tackles, interceptions and recoveries."
3567,Georginio Wijnaldum,Attacking Midfielder,Creativity,"Focus on chance creation, shot assists, through balls and crosses."
3567,Georginio Wijnaldum,Attacking Midfielder,Progression,"Focus on ball carrying, progression and successful dribbling."
3568,Mohamed Naser Elsayed Elneny,Midfielder,Attacking,"Focus on shot volume, shot quality and finishing opportunities."
3568,Mohamed Naser Elsayed Elneny,Midfielder,Creativity,"Focus on chance creation, shot assists, through balls and crosses."
3570,Pierre-Emile Højbjerg,Defensive Midfielder,Attacking,"Focus on shot volume, shot quality and finishing opportunities."
3570,Pierre-Emile Højbjerg,Defensive Midfielder,Defensive,"Focus on defensive pressure, tackles, interceptions and recoveries."
3575,Oleksandr Zinchenko,Midfielder,Attacking,"Focus on shot volume, shot quality and finishing opportunities."
3575,Oleksandr Zinchenko,Midfielder,Progression,"Focus on ball carrying, progression and successful dribbling."
3587,Arthur Masuaku,Full Back,Creativity,"Focus on chance creation, shot assists, through balls and crosses."
3587,Arthur Masuaku,Full Back,Defensive,"Focus on defensive pressure, tackles, interceptions and recoveries."
3604,Olivier Giroud,Forward,Progression,"Focus on ball carrying, progression and successful dribbling."
3604,Olivier Giroud,Forward,Passing,Focus on pass completion and consistent ball distribution.
3612,Ashley Young,Midfielder,Attacking,"Focus on shot volume, shot quality and finishing opportunities."
3612,Ashley Young,Midfielder,Defensive,"Focus on defensive pressure, tackles, interceptions and recoveries."
3620,Scott McTominay,Centre Back,Passing,Focus on pass completion and consistent ball distribution.
3620,Scott McTominay,Centre Back,Progression,"Focus on ball carrying, progression and successful dribbling."
3621,Eden Hazard,Attacking Midfielder,Defensive,"Focus on defensive pressure, tackles, interceptions and recoveries."
3621,Eden Hazard,Attacking Midfielder,Creativity,"Focus on chance creation, shot assists, through balls and crosses."
3625,Sofiane Boufal,Winger,Attacking,"Focus on shot volume, shot quality and finishing opportunities."
3625,Sofiane Boufal,Winger,Creativity,"Focus on chance creation, shot assists, through balls and crosses."
3629,Sadio Mané,Winger,Passing,Focus on pass completion and consistent ball distribution.
3629,Sadio Mané,Winger,Defensive,"Focus on defensive pressure, tackles, interceptions and recoveries."
3637,Grzegorz Krychowiak,Defensive Midfielder,Progression,"Focus on ball carrying, progression and successful dribbling."
3637,Grzegorz Krychowiak,Defensive Midfielder,Passing,Focus on pass completion and consistent ball distribution.
3639,Georges-Kévin Nkoudou Mbida,Winger,Attacking,"Focus on shot volume, shot quality and finishing opportunities."
3639,Georges-Kévin Nkoudou Mbida,Winger,Defensive,"Focus on defensive pressure, tackles, interceptions and recoveries."
3647,Alex Iwobi,Defensive Midfielder,Passing,Focus on pass completion and consistent ball distribution.
3647,Alex Iwobi,Defensive Midfielder,Defensive,"Focus on defensive pressure, tackles, interceptions and recoveries."
3655,Andrew Robertson,Full Back,Attacking,"Focus on shot volume, shot quality and finishing opportunities."
3655,Andrew Robertson,Full Back,Passing,Focus on pass completion and consistent ball distribution.
3669,Virgil van Dijk,Centre Back,Defensive,"Focus on defensive pressure, tackles, interceptions and recoveries."
3669,Virgil van Dijk,Centre Back,Progression,"Focus on ball carrying, progression and successful dribbling."
3702,Victor Nilsson Lindelöf,Centre Back,Attacking,"Focus on shot volume, shot quality and finishing opportunities."
3702,Victor Nilsson Lindelöf,Centre Back,Passing,Focus on pass completion and consistent ball distribution.
3709,Daniel Amartey,Centre Back,Attacking,"Focus on shot volume, shot quality and finishing opportunities."
3709,Daniel Amartey,Centre Back,Progression,"Focus on ball carrying, progression and successful dribbling."
3711,Martin Dúbravka,Goalkeeper,Creativity,"Focus on chance creation, shot assists, through balls and crosses."
3711,Martin Dúbravka,Goalkeeper,Attacking,"Focus on shot volume, shot quality and finishing opportunities."
3761,Mike Maignan,Goalkeeper,Creativity,"Focus on chance creation, shot assists, through balls and crosses."
3761,Mike Maignan,Goalkeeper,Attacking,"Focus on shot volume, shot quality and finishing opportunities."
3767,Ellyes Joris Skhiri,Defensive Midfielder,Attacking,"Focus on shot volume, shot quality and finishing opportunities."
3767,Ellyes Joris Skhiri,Defensive Midfielder,Progression,"Focus on ball carrying, progression and successful dribbling."
3815,Kasper Schmeichel,Goalkeeper,Passing,Focus on pass completion and consistent ball distribution.
3815,Kasper Schmeichel,Goalkeeper,Defensive,"Focus on defensive pressure, tackles, interceptions and recoveries."
3831,Dušan Tadić,Attacking Midfielder,Attacking,"Focus on shot volume, shot quality and finishing opportunities."
3831,Dušan Tadić,Attacking Midfielder,Passing,Focus on pass completion and consistent ball distribution.
3853,Kieffer Roberto Francisco Moore,Forward,Progression,"Focus on ball carrying, progression and successful dribbling."
3853,Kieffer Roberto Francisco Moore,Forward,Attacking,"Focus on shot volume, shot quality and finishing opportunities."
3923,Oluwasemilogo Adesewo Ibidapo Ajayi,Centre Back,Passing,Focus on pass completion and consistent ball distribution.
3923,Oluwasemilogo Adesewo Ibidapo Ajayi,Centre Back,Defensive,"Focus on defensive pressure, tackles, interceptions and recoveries."
3943,Declan Rice,Defensive Midfielder,Attacking,"Focus on shot volume, shot quality and finishing opportunities."
3943,Declan Rice,Defensive Midfielder,Defensive,"Focus on defensive pressure, tackles, interceptions and recoveries."
3957,César Azpilicueta Tanco,Full Back,Defensive,"Focus on defensive pressure, tackles, interceptions and recoveries."
3957,César Azpilicueta Tanco,Full Back,Creativity,"Focus on chance creation, shot assists, through balls and crosses."
3959,Andreas Christensen,Centre Back,Creativity,"Focus on chance creation, shot assists, through balls and crosses."
3959,Andreas Christensen,Centre Back,Defensive,"Focus on defensive pressure, tackles, interceptions and recoveries."
3960,José Miguel da Rocha Fonte,Centre Back,Passing,Focus on pass completion and consistent ball distribution.
3960,José Miguel da Rocha Fonte,Centre Back,Progression,"Focus on ball carrying, progression and successful dribbling."
3961,N''Golo Kanté,Midfielder,Attacking,"Focus on shot volume, shot quality and finishing opportunities."
3961,N''Golo Kanté,Midfielder,Creativity,"Focus on chance creation, shot assists, through balls and crosses."
3969,Aleksandar Dragović,Centre Back,Attacking,"Focus on shot volume, shot quality and finishing opportunities."
3969,Aleksandar Dragović,Centre Back,Creativity,"Focus on chance creation, shot assists, through balls and crosses."
4041,José Salomón Rondón Giménez,Forward,Progression,"Focus on ball carrying, progression and successful dribbling."
4041,José Salomón Rondón Giménez,Forward,Passing,Focus on pass completion and consistent ball distribution.
4063,Ahmed Elsayed Ali Elsayed Hegazy,Centre Back,Passing,Focus on pass completion and consistent ball distribution.
4063,Ahmed Elsayed Ali Elsayed Hegazy,Centre Back,Progression,"Focus on ball carrying, progression and successful dribbling."
4267,Mouctar Diakhaby,Centre Back,Creativity,"Focus on chance creation, shot assists, through balls and crosses."
4267,Mouctar Diakhaby,Centre Back,Passing,Focus on pass completion and consistent ball distribution.
4269,Aleksandar Mitrović,Forward,Creativity,"Focus on chance creation, shot assists, through balls and crosses."
4269,Aleksandar Mitrović,Forward,Progression,"Focus on ball carrying, progression and successful dribbling."
4272,João Mário Naval da Costa Eduardo,Midfielder,Attacking,"Focus on shot volume, shot quality and finishing opportunities."
4272,João Mário Naval da Costa Eduardo,Midfielder,Defensive,"Focus on defensive pressure, tackles, interceptions and recoveries."
4276,David Ospina Ramírez,Goalkeeper,Passing,Focus on pass completion and consistent ball distribution.
4276,David Ospina Ramírez,Goalkeeper,Creativity,"Focus on chance creation, shot assists, through balls and crosses."
4319,Edinson Roberto Cavani Gómez,Forward,Defensive,"Focus on defensive pressure, tackles, interceptions and recoveries."
4319,Edinson Roberto Cavani Gómez,Forward,Creativity,"Focus on chance creation, shot assists, through balls and crosses."
4320,Neymar da Silva Santos Junior,Winger,Defensive,"Focus on defensive pressure, tackles, interceptions and recoveries."
4320,Neymar da Silva Santos Junior,Winger,Creativity,"Focus on chance creation, shot assists, through balls and crosses."
4352,Issiaga Sylla,Full Back,Attacking,"Focus on shot volume, shot quality and finishing opportunities."
4352,Issiaga Sylla,Full Back,Passing,Focus on pass completion and consistent ball distribution.
4353,Aymeric Laporte,Centre Back,Defensive,"Focus on defensive pressure, tackles, interceptions and recoveries."
4353,Aymeric Laporte,Centre Back,Attacking,"Focus on shot volume, shot quality and finishing opportunities."
4354,Philip Foden,Winger,Defensive,"Focus on defensive pressure, tackles, interceptions and recoveries."
4354,Philip Foden,Winger,Attacking,"Focus on shot volume, shot quality and finishing opportunities."
4355,Emerson Palmieri dos Santos,Full Back,Defensive,"Focus on defensive pressure, tackles, interceptions and recoveries."
4355,Emerson Palmieri dos Santos,Full Back,Creativity,"Focus on chance creation, shot assists, through balls and crosses."
4372,Marcos Aoás Corrêa,Centre Back,Defensive,"Focus on defensive pressure, tackles, interceptions and recoveries."
4372,Marcos Aoás Corrêa,Centre Back,Attacking,"Focus on shot volume, shot quality and finishing opportunities."
4375,Blaise Matuidi,Winger,Progression,"Focus on ball carrying, progression and successful dribbling."
4375,Blaise Matuidi,Winger,Attacking,"Focus on shot volume, shot quality and finishing opportunities."
4388,Kouakou Herve Koffi,Goalkeeper,Defensive,"Focus on defensive pressure, tackles, interceptions and recoveries."
4388,Kouakou Herve Koffi,Goalkeeper,Attacking,"Focus on shot volume, shot quality and finishing opportunities."
4412,Samuel Moutoussamy,Defensive Midfielder,Progression,"Focus on ball carrying, progression and successful dribbling."
4412,Samuel Moutoussamy,Defensive Midfielder,Passing,Focus on pass completion and consistent ball distribution.
4416,Max-Alain Gradel,Winger,Attacking,"Focus on shot volume, shot quality and finishing opportunities."
4416,Max-Alain Gradel,Winger,Progression,"Focus on ball carrying, progression and successful dribbling."
4417,Ola Toivonen,Forward,Progression,"Focus on ball carrying, progression and successful dribbling."
4417,Ola Toivonen,Forward,Attacking,"Focus on shot volume, shot quality and finishing opportunities."
4445,Jules Koundé,Full Back,Defensive,"Focus on defensive pressure, tackles, interceptions and recoveries."
4445,Jules Koundé,Full Back,Progression,"Focus on ball carrying, progression and successful dribbling."
4447,Martin Braithwaite Christensen,Winger,Progression,"Focus on ball carrying, progression and successful dribbling."
4447,Martin Braithwaite Christensen,Winger,Defensive,"Focus on defensive pressure, tackles, interceptions and recoveries."
4506,Nampalys Mendy,Defensive Midfielder,Creativity,"Focus on chance creation, shot assists, through balls and crosses."
4506,Nampalys Mendy,Defensive Midfielder,Defensive,"Focus on defensive pressure, tackles, interceptions and recoveries."
4614,Antonee Robinson,Full Back,Attacking,"Focus on shot volume, shot quality and finishing opportunities."
4614,Antonee Robinson,Full Back,Passing,Focus on pass completion and consistent ball distribution.
4626,Jan Bednarek,Centre Back,Creativity,"Focus on chance creation, shot assists, through balls and crosses."
4626,Jan Bednarek,Centre Back,Progression,"Focus on ball carrying, progression and successful dribbling."
4706,Kalvin Phillips,Defensive Midfielder,Progression,"Focus on ball carrying, progression and successful dribbling."
4706,Kalvin Phillips,Defensive Midfielder,Attacking,"Focus on shot volume, shot quality and finishing opportunities."
4734,Matty Cash,Full Back,Progression,"Focus on ball carrying, progression and successful dribbling."
4734,Matty Cash,Full Back,Passing,Focus on pass completion and consistent ball distribution.
4763,Henrik Dalsgaard,Full Back,Progression,"Focus on ball carrying, progression and successful dribbling."
4763,Henrik Dalsgaard,Full Back,Passing,Focus on pass completion and consistent ball distribution.
4767,Chris Mepham,Centre Back,Attacking,"Focus on shot volume, shot quality and finishing opportunities."
4767,Chris Mepham,Centre Back,Progression,"Focus on ball carrying, progression and successful dribbling."
4774,Connor Roberts,Full Back,Progression,"Focus on ball carrying, progression and successful dribbling."
4774,Connor Roberts,Full Back,Defensive,"Focus on defensive pressure, tackles, interceptions and recoveries."
4831,Nacer Chadli,Full Back,Defensive,"Focus on defensive pressure, tackles, interceptions and recoveries."
4831,Nacer Chadli,Full Back,Creativity,"Focus on chance creation, shot assists, through balls and crosses."
4870,Tomáš Souček,Midfielder,Progression,"Focus on ball carrying, progression and successful dribbling."
4870,Tomáš Souček,Midfielder,Passing,Focus on pass completion and consistent ball distribution.
4875,Jan Bořil,Full Back,Progression,"Focus on ball carrying, progression and successful dribbling."
4875,Jan Bořil,Full Back,Attacking,"Focus on shot volume, shot quality and finishing opportunities."
4926,Francisco Román Alarcón Suárez,Midfielder,Defensive,"Focus on defensive pressure, tackles, interceptions and recoveries."
4926,Francisco Román Alarcón Suárez,Midfielder,Creativity,"Focus on chance creation, shot assists, through balls and crosses."
4934,Ethan Ampadu,Defensive Midfielder,Attacking,"Focus on shot volume, shot quality and finishing opportunities."
4934,Ethan Ampadu,Defensive Midfielder,Passing,Focus on pass completion and consistent ball distribution.
5170,Mário Figueira Fernandes,Full Back,Progression,"Focus on ball carrying, progression and successful dribbling."
5170,Mário Figueira Fernandes,Full Back,Passing,Focus on pass completion and consistent ball distribution.
5171,Roman Zobnin,Defensive Midfielder,Passing,Focus on pass completion and consistent ball distribution.
5171,Roman Zobnin,Defensive Midfielder,Attacking,"Focus on shot volume, shot quality and finishing opportunities."
5172,Igor Akinfeev,Goalkeeper,Passing,Focus on pass completion and consistent ball distribution.
5172,Igor Akinfeev,Goalkeeper,Progression,"Focus on ball carrying, progression and successful dribbling."
5174,Sergei Ignashevich,Centre Back,Passing,Focus on pass completion and consistent ball distribution.
5174,Sergei Ignashevich,Centre Back,Progression,"Focus on ball carrying, progression and successful dribbling."
5175,Ilya Kutepov,Centre Back,Passing,Focus on pass completion and consistent ball distribution.
5175,Ilya Kutepov,Centre Back,Progression,"Focus on ball carrying, progression and successful dribbling."
5177,Aleksandr Golovin,Attacking Midfielder,Passing,Focus on pass completion and consistent ball distribution.
5177,Aleksandr Golovin,Attacking Midfielder,Attacking,"Focus on shot volume, shot quality and finishing opportunities."
5178,Salman Mohammed Al Faraj,Midfielder,Creativity,"Focus on chance creation, shot assists, through balls and crosses."
5178,Salman Mohammed Al Faraj,Midfielder,Attacking,"Focus on shot volume, shot quality and finishing opportunities."
5179,Daler Kuzyaev,Midfielder,Passing,Focus on pass completion and consistent ball distribution.
5179,Daler Kuzyaev,Midfielder,Creativity,"Focus on chance creation, shot assists, through balls and crosses."
5182,Aleksandr Samedov,Winger,Attacking,"Focus on shot volume, shot quality and finishing opportunities."
5182,Aleksandr Samedov,Winger,Progression,"Focus on ball carrying, progression and successful dribbling."
5183,Yasir Gharsan Al Shahrani,Full Back,Creativity,"Focus on chance creation, shot assists, through balls and crosses."
5183,Yasir Gharsan Al Shahrani,Full Back,Defensive,"Focus on defensive pressure, tackles, interceptions and recoveries."
5186,Denis Cheryshev,Winger,Passing,Focus on pass completion and consistent ball distribution.
5186,Denis Cheryshev,Winger,Creativity,"Focus on chance creation, shot assists, through balls and crosses."
5187,Salem Mohammed Al Dawsari,Midfielder,Creativity,"Focus on chance creation, shot assists, through balls and crosses."
5187,Salem Mohammed Al Dawsari,Midfielder,Defensive,"Focus on defensive pressure, tackles, interceptions and recoveries."
5191,Mohammed Al Burayk,Full Back,Creativity,"Focus on chance creation, shot assists, through balls and crosses."
5191,Mohammed Al Burayk,Full Back,Defensive,"Focus on defensive pressure, tackles, interceptions and recoveries."
5195,Artem Dzyuba,Forward,Progression,"Focus on ball carrying, progression and successful dribbling."
5195,Artem Dzyuba,Forward,Attacking,"Focus on shot volume, shot quality and finishing opportunities."
5198,Diego da Silva Costa,Forward,Creativity,"Focus on chance creation, shot assists, through balls and crosses."
5198,Diego da Silva Costa,Forward,Progression,"Focus on ball carrying, progression and successful dribbling."
5199,Jorge Resurrección Merodio,Midfielder,Defensive,"Focus on defensive pressure, tackles, interceptions and recoveries."
5199,Jorge Resurrección Merodio,Midfielder,Attacking,"Focus on shot volume, shot quality and finishing opportunities."
5201,Sergio Ramos García,Centre Back,Defensive,"Focus on defensive pressure, tackles, interceptions and recoveries."
5201,Sergio Ramos García,Centre Back,Creativity,"Focus on chance creation, shot assists, through balls and crosses."
5202,José Ignacio Fernández Iglesias,Centre Back,Defensive,"Focus on defensive pressure, tackles, interceptions and recoveries."
5202,José Ignacio Fernández Iglesias,Centre Back,Attacking,"Focus on shot volume, shot quality and finishing opportunities."
5203,Sergio Busquets i Burgos,Defensive Midfielder,Defensive,"Focus on defensive pressure, tackles, interceptions and recoveries."
5203,Sergio Busquets i Burgos,Defensive Midfielder,Creativity,"Focus on chance creation, shot assists, through balls and crosses."
5204,Bruno Miguel Borges Fernandes,Attacking Midfielder,Defensive,"Focus on defensive pressure, tackles, interceptions and recoveries."
5204,Bruno Miguel Borges Fernandes,Attacking Midfielder,Progression,"Focus on ball carrying, progression and successful dribbling."
5205,Rui Pedro dos Santos Patrício,Goalkeeper,Progression,"Focus on ball carrying, progression and successful dribbling."
5205,Rui Pedro dos Santos Patrício,Goalkeeper,Passing,Focus on pass completion and consistent ball distribution.
5206,Rúben Santos Gato Alves Dias,Centre Back,Attacking,"Focus on shot volume, shot quality and finishing opportunities."
5206,Rúben Santos Gato Alves Dias,Centre Back,Defensive,"Focus on defensive pressure, tackles, interceptions and recoveries."
5207,Cristiano Ronaldo dos Santos Aveiro,Forward,Defensive,"Focus on defensive pressure, tackles, interceptions and recoveries."
5207,Cristiano Ronaldo dos Santos Aveiro,Forward,Creativity,"Focus on chance creation, shot assists, through balls and crosses."
5209,Raphaël Adelino José Guerreiro,Full Back,Defensive,"Focus on defensive pressure, tackles, interceptions and recoveries."
5209,Raphaël Adelino José Guerreiro,Full Back,Creativity,"Focus on chance creation, shot assists, through balls and crosses."
5211,Jordi Alba Ramos,Full Back,Attacking,"Focus on shot volume, shot quality and finishing opportunities."
5211,Jordi Alba Ramos,Full Back,Defensive,"Focus on defensive pressure, tackles, interceptions and recoveries."
5213,Gerard Piqué Bernabéu,Centre Back,Defensive,"Focus on defensive pressure, tackles, interceptions and recoveries."
5213,Gerard Piqué Bernabéu,Centre Back,Creativity,"Focus on chance creation, shot assists, through balls and crosses."
5214,William Silva de Carvalho,Midfielder,Attacking,"Focus on shot volume, shot quality and finishing opportunities."
5214,William Silva de Carvalho,Midfielder,Creativity,"Focus on chance creation, shot assists, through balls and crosses."
5219,Romain Saïss,Centre Back,Progression,"Focus on ball carrying, progression and successful dribbling."
5219,Romain Saïss,Centre Back,Passing,Focus on pass completion and consistent ball distribution.
5220,Morteza Pouraliganji,Centre Back,Passing,Focus on pass completion and consistent ball distribution.
5220,Morteza Pouraliganji,Centre Back,Progression,"Focus on ball carrying, progression and successful dribbling."
5224,Sardar Azmoun,Forward,Progression,"Focus on ball carrying, progression and successful dribbling."
5224,Sardar Azmoun,Forward,Passing,Focus on pass completion and consistent ball distribution.
5226,Mehdi Taremi,Attacking Midfielder,Passing,Focus on pass completion and consistent ball distribution.
5226,Mehdi Taremi,Attacking Midfielder,Progression,"Focus on ball carrying, progression and successful dribbling."
5227,Alireza Safar Beiranvand,Goalkeeper,Passing,Focus on pass completion and consistent ball distribution.
5227,Alireza Safar Beiranvand,Goalkeeper,Progression,"Focus on ball carrying, progression and successful dribbling."
5228,Seyed Majid Hosseini,Centre Back,Passing,Focus on pass completion and consistent ball distribution.
5228,Seyed Majid Hosseini,Centre Back,Progression,"Focus on ball carrying, progression and successful dribbling."
5230,Ehsan Hajsafi,Full Back,Passing,Focus on pass completion and consistent ball distribution.
5230,Ehsan Hajsafi,Full Back,Progression,"Focus on ball carrying, progression and successful dribbling."
5233,Munir Mohand Mohamedi,Goalkeeper,Passing,Focus on pass completion and consistent ball distribution.
5233,Munir Mohand Mohamedi,Goalkeeper,Progression,"Focus on ball carrying, progression and successful dribbling."
5234,Sofyan Amrabat,Defensive Midfielder,Attacking,"Focus on shot volume, shot quality and finishing opportunities."
5234,Sofyan Amrabat,Defensive Midfielder,Progression,"Focus on ball carrying, progression and successful dribbling."
5235,Ramin Rezaeian,Full Back,Passing,Focus on pass completion and consistent ball distribution.
5235,Ramin Rezaeian,Full Back,Progression,"Focus on ball carrying, progression and successful dribbling."
5237,Hakim Ziyech,Winger,Attacking,"Focus on shot volume, shot quality and finishing opportunities."
5237,Hakim Ziyech,Winger,Defensive,"Focus on defensive pressure, tackles, interceptions and recoveries."
5245,Achraf Hakimi Mouh,Full Back,Defensive,"Focus on defensive pressure, tackles, interceptions and recoveries."
5245,Achraf Hakimi Mouh,Full Back,Progression,"Focus on ball carrying, progression and successful dribbling."
5246,Luis Alberto Suárez Díaz,Forward,Passing,Focus on pass completion and consistent ball distribution.
5246,Luis Alberto Suárez Díaz,Forward,Defensive,"Focus on defensive pressure, tackles, interceptions and recoveries."
5247,Nahitan Michel Nández Acosta,Full Back,Passing,Focus on pass completion and consistent ball distribution.
5247,Nahitan Michel Nández Acosta,Full Back,Attacking,"Focus on shot volume, shot quality and finishing opportunities."
5248,José Martín Cáceres Silva,Full Back,Defensive,"Focus on defensive pressure, tackles, interceptions and recoveries."
5248,José Martín Cáceres Silva,Full Back,Creativity,"Focus on chance creation, shot assists, through balls and crosses."
5249,Diego Roberto Godín Leal,Centre Back,Creativity,"Focus on chance creation, shot assists, through balls and crosses."
5249,Diego Roberto Godín Leal,Centre Back,Passing,Focus on pass completion and consistent ball distribution.
5255,Matías Vecino Falero,Midfielder,Creativity,"Focus on chance creation, shot assists, through balls and crosses."
5255,Matías Vecino Falero,Midfielder,Attacking,"Focus on shot volume, shot quality and finishing opportunities."
5258,Giorgian Daniel De Arrascaeta Benedetti,Midfielder,Progression,"Focus on ball carrying, progression and successful dribbling."
5258,Giorgian Daniel De Arrascaeta Benedetti,Midfielder,Passing,Focus on pass completion and consistent ball distribution.
5259,José María Giménez de Vargas,Centre Back,Passing,Focus on pass completion and consistent ball distribution.
5259,José María Giménez de Vargas,Centre Back,Progression,"Focus on ball carrying, progression and successful dribbling."
5260,Rodrigo Bentancur Colmán,Defensive Midfielder,Passing,Focus on pass completion and consistent ball distribution.
5260,Rodrigo Bentancur Colmán,Defensive Midfielder,Creativity,"Focus on chance creation, shot assists, through balls and crosses."
5261,Mahmoud Ibrahim Hassan,Winger,Progression,"Focus on ball carrying, progression and successful dribbling."
5261,Mahmoud Ibrahim Hassan,Winger,Creativity,"Focus on chance creation, shot assists, through balls and crosses."
5264,Guillermo Varela Olivera,Full Back,Attacking,"Focus on shot volume, shot quality and finishing opportunities."
5264,Guillermo Varela Olivera,Full Back,Progression,"Focus on ball carrying, progression and successful dribbling."
5265,Mohamed El Sayed Mohamed El Shenawy Gomaa,Goalkeeper,Progression,"Focus on ball carrying, progression and successful dribbling."
5265,Mohamed El Sayed Mohamed El Shenawy Gomaa,Goalkeeper,Passing,Focus on pass completion and consistent ball distribution.
5266,Lucas Torreira Di Pascua,Defensive Midfielder,Passing,Focus on pass completion and consistent ball distribution.
5266,Lucas Torreira Di Pascua,Defensive Midfielder,Progression,"Focus on ball carrying, progression and successful dribbling."
5267,Néstor Fernando Muslera Micol,Goalkeeper,Passing,Focus on pass completion and consistent ball distribution.
5267,Néstor Fernando Muslera Micol,Goalkeeper,Creativity,"Focus on chance creation, shot assists, through balls and crosses."
5454,Francis Odinaka Uzoho,Goalkeeper,Passing,Focus on pass completion and consistent ball distribution.
5454,Francis Odinaka Uzoho,Goalkeeper,Progression,"Focus on ball carrying, progression and successful dribbling."
5455,William Troost-Ekong,Centre Back,Passing,Focus on pass completion and consistent ball distribution.
5455,William Troost-Ekong,Centre Back,Defensive,"Focus on defensive pressure, tackles, interceptions and recoveries."
5456,Mateo Kovačić,Midfielder,Attacking,"Focus on shot volume, shot quality and finishing opportunities."
5456,Mateo Kovačić,Midfielder,Creativity,"Focus on chance creation, shot assists, through balls and crosses."
5457,Ivan Strinić,Full Back,Attacking,"Focus on shot volume, shot quality and finishing opportunities."
5457,Ivan Strinić,Full Back,Creativity,"Focus on chance creation, shot assists, through balls and crosses."
5460,Andrej Kramarić,Forward,Attacking,"Focus on shot volume, shot quality and finishing opportunities."
5460,Andrej Kramarić,Forward,Defensive,"Focus on defensive pressure, tackles, interceptions and recoveries."
5461,Šime Vrsaljko,Full Back,Defensive,"Focus on defensive pressure, tackles, interceptions and recoveries."
5461,Šime Vrsaljko,Full Back,Attacking,"Focus on shot volume, shot quality and finishing opportunities."
5463,Luka Modrić,Midfielder,Defensive,"Focus on defensive pressure, tackles, interceptions and recoveries."
5463,Luka Modrić,Midfielder,Creativity,"Focus on chance creation, shot assists, through balls and crosses."
5465,Ante Rebić,Winger,Passing,Focus on pass completion and consistent ball distribution.
5465,Ante Rebić,Winger,Creativity,"Focus on chance creation, shot assists, through balls and crosses."
5468,Domagoj Vida,Centre Back,Progression,"Focus on ball carrying, progression and successful dribbling."
5468,Domagoj Vida,Centre Back,Defensive,"Focus on defensive pressure, tackles, interceptions and recoveries."
5469,Marcelo Brozović,Defensive Midfielder,Defensive,"Focus on defensive pressure, tackles, interceptions and recoveries."
5469,Marcelo Brozović,Defensive Midfielder,Creativity,"Focus on chance creation, shot assists, through balls and crosses."
5470,Ivan Rakitić,Midfielder,Defensive,"Focus on defensive pressure, tackles, interceptions and recoveries."
5470,Ivan Rakitić,Midfielder,Creativity,"Focus on chance creation, shot assists, through balls and crosses."
5472,Mario Mandžukić,Forward,Progression,"Focus on ball carrying, progression and successful dribbling."
5472,Mario Mandžukić,Forward,Attacking,"Focus on shot volume, shot quality and finishing opportunities."
5474,Ivan Perišić,Winger,Progression,"Focus on ball carrying, progression and successful dribbling."
5474,Ivan Perišić,Winger,Passing,Focus on pass completion and consistent ball distribution.
5476,Benjamin Pavard,Full Back,Creativity,"Focus on chance creation, shot assists, through balls and crosses."
5476,Benjamin Pavard,Full Back,Progression,"Focus on ball carrying, progression and successful dribbling."
5477,Ousmane Dembélé,Winger,Attacking,"Focus on shot volume, shot quality and finishing opportunities."
5477,Ousmane Dembélé,Winger,Defensive,"Focus on defensive pressure, tackles, interceptions and recoveries."
5479,Aziz Eraltay Behich,Full Back,Creativity,"Focus on chance creation, shot assists, through balls and crosses."
5479,Aziz Eraltay Behich,Full Back,Attacking,"Focus on shot volume, shot quality and finishing opportunities."
5480,Corentin Tolisso,Winger,Attacking,"Focus on shot volume, shot quality and finishing opportunities."
5480,Corentin Tolisso,Winger,Creativity,"Focus on chance creation, shot assists, through balls and crosses."
5481,Mathew Leckie,Midfielder,Passing,Focus on pass completion and consistent ball distribution.
5481,Mathew Leckie,Midfielder,Creativity,"Focus on chance creation, shot assists, through balls and crosses."
5484,Lucas Hernández Pi,Full Back,Creativity,"Focus on chance creation, shot assists, through balls and crosses."
5484,Lucas Hernández Pi,Full Back,Passing,Focus on pass completion and consistent ball distribution.
5485,Raphaël Varane,Centre Back,Defensive,"Focus on defensive pressure, tackles, interceptions and recoveries."
5485,Raphaël Varane,Centre Back,Creativity,"Focus on chance creation, shot assists, through balls and crosses."
5487,Antoine Griezmann,Attacking Midfielder,Progression,"Focus on ball carrying, progression and successful dribbling."
5487,Antoine Griezmann,Attacking Midfielder,Defensive,"Focus on defensive pressure, tackles, interceptions and recoveries."
5490,Jackson Irvine,Forward,Attacking,"Focus on shot volume, shot quality and finishing opportunities."
5490,Jackson Irvine,Forward,Progression,"Focus on ball carrying, progression and successful dribbling."
5492,Samuel Yves Umtiti,Centre Back,Passing,Focus on pass completion and consistent ball distribution.
5492,Samuel Yves Umtiti,Centre Back,Defensive,"Focus on defensive pressure, tackles, interceptions and recoveries."
5503,Lionel Andrés Messi Cuccittini,Forward,Defensive,"Focus on defensive pressure, tackles, interceptions and recoveries."
5503,Lionel Andrés Messi Cuccittini,Forward,Attacking,"Focus on shot volume, shot quality and finishing opportunities."
5506,Javier Alejandro Mascherano,Defensive Midfielder,Attacking,"Focus on shot volume, shot quality and finishing opportunities."
5506,Javier Alejandro Mascherano,Defensive Midfielder,Creativity,"Focus on chance creation, shot assists, through balls and crosses."
5507,Nicolás Alejandro Tagliafico,Full Back,Creativity,"Focus on chance creation, shot assists, through balls and crosses."
5507,Nicolás Alejandro Tagliafico,Full Back,Defensive,"Focus on defensive pressure, tackles, interceptions and recoveries."
5519,Christian Alberto Cueva Bravo,Attacking Midfielder,Creativity,"Focus on chance creation, shot assists, through balls and crosses."
5519,Christian Alberto Cueva Bravo,Attacking Midfielder,Attacking,"Focus on shot volume, shot quality and finishing opportunities."
5521,Luis Jan Piers Advíncula Castrillón,Full Back,Creativity,"Focus on chance creation, shot assists, through balls and crosses."
5521,Luis Jan Piers Advíncula Castrillón,Full Back,Attacking,"Focus on shot volume, shot quality and finishing opportunities."
5524,Jens Stryger Larsen,Full Back,Passing,Focus on pass completion and consistent ball distribution.
5524,Jens Stryger Larsen,Full Back,Attacking,"Focus on shot volume, shot quality and finishing opportunities."
5525,Édison Michael Flores Peralta,Forward,Attacking,"Focus on shot volume, shot quality and finishing opportunities."
5525,Édison Michael Flores Peralta,Forward,Progression,"Focus on ball carrying, progression and successful dribbling."
5527,Thomas Delaney,Defensive Midfielder,Passing,Focus on pass completion and consistent ball distribution.
5527,Thomas Delaney,Defensive Midfielder,Progression,"Focus on ball carrying, progression and successful dribbling."
5528,Pedro David Gallese Quiróz,Goalkeeper,Passing,Focus on pass completion and consistent ball distribution.
5528,Pedro David Gallese Quiróz,Goalkeeper,Progression,"Focus on ball carrying, progression and successful dribbling."
5534,Simon Thorup Kjær,Centre Back,Progression,"Focus on ball carrying, progression and successful dribbling."
5534,Simon Thorup Kjær,Centre Back,Creativity,"Focus on chance creation, shot assists, through balls and crosses."
5535,José Paolo Guerrero Gonzáles,Forward,Progression,"Focus on ball carrying, progression and successful dribbling."
5535,José Paolo Guerrero Gonzáles,Forward,Passing,Focus on pass completion and consistent ball distribution.
5536,Yussuf Yurary Poulsen,Winger,Passing,Focus on pass completion and consistent ball distribution.
5536,Yussuf Yurary Poulsen,Winger,Creativity,"Focus on chance creation, shot assists, through balls and crosses."
5537,Fabian Lukas Schär,Centre Back,Passing,Focus on pass completion and consistent ball distribution.
5537,Fabian Lukas Schär,Centre Back,Progression,"Focus on ball carrying, progression and successful dribbling."
5539,Carlos Henrique Casimiro,Defensive Midfielder,Creativity,"Focus on chance creation, shot assists, through balls and crosses."
5539,Carlos Henrique Casimiro,Defensive Midfielder,Progression,"Focus on ball carrying, progression and successful dribbling."
5540,Valon Behrami,Midfielder,Attacking,"Focus on shot volume, shot quality and finishing opportunities."
5540,Valon Behrami,Midfielder,Creativity,"Focus on chance creation, shot assists, through balls and crosses."
5542,José Paulo Bezzera Maciel Júnior,Midfielder,Creativity,"Focus on chance creation, shot assists, through balls and crosses."
5542,José Paulo Bezzera Maciel Júnior,Midfielder,Defensive,"Focus on defensive pressure, tackles, interceptions and recoveries."
5543,Haris Seferović,Forward,Progression,"Focus on ball carrying, progression and successful dribbling."
5543,Haris Seferović,Forward,Passing,Focus on pass completion and consistent ball distribution.
5544,Ricardo Iván Rodríguez Araya,Full Back,Defensive,"Focus on defensive pressure, tackles, interceptions and recoveries."
5544,Ricardo Iván Rodríguez Araya,Full Back,Attacking,"Focus on shot volume, shot quality and finishing opportunities."
5545,Breel-Donald Embolo,Forward,Attacking,"Focus on shot volume, shot quality and finishing opportunities."
5545,Breel-Donald Embolo,Forward,Creativity,"Focus on chance creation, shot assists, through balls and crosses."
5547,Alisson Ramsés Becker,Goalkeeper,Progression,"Focus on ball carrying, progression and successful dribbling."
5547,Alisson Ramsés Becker,Goalkeeper,Defensive,"Focus on defensive pressure, tackles, interceptions and recoveries."
5548,Steven Zuber,Winger,Attacking,"Focus on shot volume, shot quality and finishing opportunities."
5548,Steven Zuber,Winger,Defensive,"Focus on defensive pressure, tackles, interceptions and recoveries."
5549,Manuel Obafemi Akanji,Centre Back,Creativity,"Focus on chance creation, shot assists, through balls and crosses."
5549,Manuel Obafemi Akanji,Centre Back,Defensive,"Focus on defensive pressure, tackles, interceptions and recoveries."
5550,Yann Sommer,Goalkeeper,Defensive,"Focus on defensive pressure, tackles, interceptions and recoveries."
5550,Yann Sommer,Goalkeeper,Creativity,"Focus on chance creation, shot assists, through balls and crosses."
5551,João Miranda de Souza Filho,Centre Back,Attacking,"Focus on shot volume, shot quality and finishing opportunities."
5551,João Miranda de Souza Filho,Centre Back,Creativity,"Focus on chance creation, shot assists, through balls and crosses."
5554,Blerim Džemaili,Attacking Midfielder,Creativity,"Focus on chance creation, shot assists, through balls and crosses."
5554,Blerim Džemaili,Attacking Midfielder,Progression,"Focus on ball carrying, progression and successful dribbling."
5556,Miguel Arturo Layún Prado,Winger,Attacking,"Focus on shot volume, shot quality and finishing opportunities."
5556,Miguel Arturo Layún Prado,Winger,Defensive,"Focus on defensive pressure, tackles, interceptions and recoveries."
5557,Timo Werner,Forward,Attacking,"Focus on shot volume, shot quality and finishing opportunities."
5557,Timo Werner,Forward,Defensive,"Focus on defensive pressure, tackles, interceptions and recoveries."
5560,Carlos Alberto Vela Garrido,Attacking Midfielder,Defensive,"Focus on defensive pressure, tackles, interceptions and recoveries."
5560,Carlos Alberto Vela Garrido,Attacking Midfielder,Passing,Focus on pass completion and consistent ball distribution.
5562,Thomas Müller,Winger,Progression,"Focus on ball carrying, progression and successful dribbling."
5562,Thomas Müller,Winger,Attacking,"Focus on shot volume, shot quality and finishing opportunities."
5563,José Andrés Guardado Hernández,Defensive Midfielder,Passing,Focus on pass completion and consistent ball distribution.
5563,José Andrés Guardado Hernández,Defensive Midfielder,Creativity,"Focus on chance creation, shot assists, through balls and crosses."
5564,Carlos Joel Salcedo Hernández,Centre Back,Passing,Focus on pass completion and consistent ball distribution.
5564,Carlos Joel Salcedo Hernández,Centre Back,Creativity,"Focus on chance creation, shot assists, through balls and crosses."
5567,Edson Omar Álvarez Velázquez,Full Back,Creativity,"Focus on chance creation, shot assists, through balls and crosses."
5567,Edson Omar Álvarez Velázquez,Full Back,Attacking,"Focus on shot volume, shot quality and finishing opportunities."
5570,Manuel Neuer,Goalkeeper,Creativity,"Focus on chance creation, shot assists, through balls and crosses."
5570,Manuel Neuer,Goalkeeper,Attacking,"Focus on shot volume, shot quality and finishing opportunities."
5571,Hirving Rodrigo Lozano Bahena,Winger,Passing,Focus on pass completion and consistent ball distribution.
5571,Hirving Rodrigo Lozano Bahena,Winger,Attacking,"Focus on shot volume, shot quality and finishing opportunities."
5572,Mats Hummels,Centre Back,Creativity,"Focus on chance creation, shot assists, through balls and crosses."
5572,Mats Hummels,Centre Back,Defensive,"Focus on defensive pressure, tackles, interceptions and recoveries."
5573,Héctor Alfredo Moreno Herrera,Centre Back,Defensive,"Focus on defensive pressure, tackles, interceptions and recoveries."
5573,Héctor Alfredo Moreno Herrera,Centre Back,Attacking,"Focus on shot volume, shot quality and finishing opportunities."
5574,Toni Kroos,Defensive Midfielder,Defensive,"Focus on defensive pressure, tackles, interceptions and recoveries."
5574,Toni Kroos,Defensive Midfielder,Creativity,"Focus on chance creation, shot assists, through balls and crosses."
5575,Héctor Miguel Herrera López,Defensive Midfielder,Attacking,"Focus on shot volume, shot quality and finishing opportunities."
5575,Héctor Miguel Herrera López,Defensive Midfielder,Passing,Focus on pass completion and consistent ball distribution.
5576,Jesús Daniel Gallardo Vasconcelos,Full Back,Attacking,"Focus on shot volume, shot quality and finishing opportunities."
5576,Jesús Daniel Gallardo Vasconcelos,Full Back,Passing,Focus on pass completion and consistent ball distribution.
5577,Francisco Guillermo Ochoa Magaña,Goalkeeper,Defensive,"Focus on defensive pressure, tackles, interceptions and recoveries."
5577,Francisco Guillermo Ochoa Magaña,Goalkeeper,Creativity,"Focus on chance creation, shot assists, through balls and crosses."
5579,Joshua Kimmich,Full Back,Defensive,"Focus on defensive pressure, tackles, interceptions and recoveries."
5579,Joshua Kimmich,Full Back,Attacking,"Focus on shot volume, shot quality and finishing opportunities."
5581,Joel Nathaniel Campbell Samuels,Forward,Attacking,"Focus on shot volume, shot quality and finishing opportunities."
5581,Joel Nathaniel Campbell Samuels,Forward,Creativity,"Focus on chance creation, shot assists, through balls and crosses."
5582,Celso Borges Mora,Midfielder,Progression,"Focus on ball carrying, progression and successful dribbling."
5582,Celso Borges Mora,Midfielder,Attacking,"Focus on shot volume, shot quality and finishing opportunities."
5589,Sergej Milinković-Savić,Attacking Midfielder,Creativity,"Focus on chance creation, shot assists, through balls and crosses."
5589,Sergej Milinković-Savić,Attacking Midfielder,Attacking,"Focus on shot volume, shot quality and finishing opportunities."
5591,Filip Kostić,Full Back,Passing,Focus on pass completion and consistent ball distribution.
5591,Filip Kostić,Full Back,Defensive,"Focus on defensive pressure, tackles, interceptions and recoveries."
5592,Bryan Ruiz González,Winger,Attacking,"Focus on shot volume, shot quality and finishing opportunities."
5592,Bryan Ruiz González,Winger,Creativity,"Focus on chance creation, shot assists, through balls and crosses."
5597,Keylor Navas Gamboa,Goalkeeper,Passing,Focus on pass completion and consistent ball distribution.
5597,Keylor Navas Gamboa,Goalkeeper,Creativity,"Focus on chance creation, shot assists, through balls and crosses."
5598,Óscar Esau Duarte Gaitán,Centre Back,Passing,Focus on pass completion and consistent ball distribution.
5598,Óscar Esau Duarte Gaitán,Centre Back,Attacking,"Focus on shot volume, shot quality and finishing opportunities."
5600,Francisco Javier Calvo Quesada,Centre Back,Passing,Focus on pass completion and consistent ball distribution.
5600,Francisco Javier Calvo Quesada,Centre Back,Creativity,"Focus on chance creation, shot assists, through balls and crosses."
5603,Nikola Milenković,Centre Back,Attacking,"Focus on shot volume, shot quality and finishing opportunities."
5603,Nikola Milenković,Centre Back,Creativity,"Focus on chance creation, shot assists, through balls and crosses."
5604,Young-Gwon Kim,Centre Back,Defensive,"Focus on defensive pressure, tackles, interceptions and recoveries."
5604,Young-Gwon Kim,Centre Back,Passing,Focus on pass completion and consistent ball distribution.
5607,Andreas Granqvist,Centre Back,Passing,Focus on pass completion and consistent ball distribution.
5607,Andreas Granqvist,Centre Back,Defensive,"Focus on defensive pressure, tackles, interceptions and recoveries."
5612,Mikael Lustig,Full Back,Progression,"Focus on ball carrying, progression and successful dribbling."
5612,Mikael Lustig,Full Back,Passing,Focus on pass completion and consistent ball distribution.
5613,Viktor Claesson,Midfielder,Passing,Focus on pass completion and consistent ball distribution.
5613,Viktor Claesson,Midfielder,Progression,"Focus on ball carrying, progression and successful dribbling."
5617,Sebastian Larsson,Midfielder,Progression,"Focus on ball carrying, progression and successful dribbling."
5617,Sebastian Larsson,Midfielder,Attacking,"Focus on shot volume, shot quality and finishing opportunities."
5618,Woo-Young Jung,Midfielder,Attacking,"Focus on shot volume, shot quality and finishing opportunities."
5618,Woo-Young Jung,Midfielder,Creativity,"Focus on chance creation, shot assists, through balls and crosses."
5620,Hee-Chan Hwang,Winger,Passing,Focus on pass completion and consistent ball distribution.
5620,Hee-Chan Hwang,Winger,Creativity,"Focus on chance creation, shot assists, through balls and crosses."
5621,Ludwig Augustinsson,Full Back,Passing,Focus on pass completion and consistent ball distribution.
5621,Ludwig Augustinsson,Full Back,Progression,"Focus on ball carrying, progression and successful dribbling."
5622,Robin Olsen,Goalkeeper,Passing,Focus on pass completion and consistent ball distribution.
5622,Robin Olsen,Goalkeeper,Progression,"Focus on ball carrying, progression and successful dribbling."
5623,Jae-Sung Lee,Midfielder,Attacking,"Focus on shot volume, shot quality and finishing opportunities."
5623,Jae-Sung Lee,Midfielder,Creativity,"Focus on chance creation, shot assists, through balls and crosses."
5624,Albin Ekdal,Midfielder,Attacking,"Focus on shot volume, shot quality and finishing opportunities."
5624,Albin Ekdal,Midfielder,Creativity,"Focus on chance creation, shot assists, through balls and crosses."
5625,Emil Peter Forsberg,Midfielder,Passing,Focus on pass completion and consistent ball distribution.
5625,Emil Peter Forsberg,Midfielder,Creativity,"Focus on chance creation, shot assists, through balls and crosses."
5628,José Luis Rodríguez Francis,Winger,Attacking,"Focus on shot volume, shot quality and finishing opportunities."
5628,José Luis Rodríguez Francis,Winger,Creativity,"Focus on chance creation, shot assists, through balls and crosses."
5630,Dries Mertens,Attacking Midfielder,Progression,"Focus on ball carrying, progression and successful dribbling."
5630,Dries Mertens,Attacking Midfielder,Passing,Focus on pass completion and consistent ball distribution.
5632,Thorgan Hazard,Full Back,Creativity,"Focus on chance creation, shot assists, through balls and crosses."
5632,Thorgan Hazard,Full Back,Defensive,"Focus on defensive pressure, tackles, interceptions and recoveries."
5633,Yannick Ferreira Carrasco,Full Back,Passing,Focus on pass completion and consistent ball distribution.
5633,Yannick Ferreira Carrasco,Full Back,Defensive,"Focus on defensive pressure, tackles, interceptions and recoveries."
5634,Erick Javier Davis Grajales,Full Back,Attacking,"Focus on shot volume, shot quality and finishing opportunities."
5634,Erick Javier Davis Grajales,Full Back,Defensive,"Focus on defensive pressure, tackles, interceptions and recoveries."
5637,Edgar Yoel Bárcenas Herrera,Winger,Attacking,"Focus on shot volume, shot quality and finishing opportunities."
5637,Edgar Yoel Bárcenas Herrera,Winger,Defensive,"Focus on defensive pressure, tackles, interceptions and recoveries."
5639,Anga Dedryck Boyata,Centre Back,Attacking,"Focus on shot volume, shot quality and finishing opportunities."
5639,Anga Dedryck Boyata,Centre Back,Creativity,"Focus on chance creation, shot assists, through balls and crosses."
5641,Michael Amir Murillo Bermudez,Full Back,Defensive,"Focus on defensive pressure, tackles, interceptions and recoveries."
5641,Michael Amir Murillo Bermudez,Full Back,Passing,Focus on pass completion and consistent ball distribution.
5642,Axel Witsel,Defensive Midfielder,Creativity,"Focus on chance creation, shot assists, through balls and crosses."
5642,Axel Witsel,Defensive Midfielder,Attacking,"Focus on shot volume, shot quality and finishing opportunities."
5647,Ali Maâloul,Full Back,Attacking,"Focus on shot volume, shot quality and finishing opportunities."
5647,Ali Maâloul,Full Back,Defensive,"Focus on defensive pressure, tackles, interceptions and recoveries."
5651,Yassine Meriah,Centre Back,Attacking,"Focus on shot volume, shot quality and finishing opportunities."
5651,Yassine Meriah,Centre Back,Creativity,"Focus on chance creation, shot assists, through balls and crosses."
5660,Piotr Zieliński,Midfielder,Defensive,"Focus on defensive pressure, tackles, interceptions and recoveries."
5660,Piotr Zieliński,Midfielder,Passing,Focus on pass completion and consistent ball distribution.
5668,Robert Lewandowski,Forward,Passing,Focus on pass completion and consistent ball distribution.
5668,Robert Lewandowski,Forward,Defensive,"Focus on defensive pressure, tackles, interceptions and recoveries."
5669,Wojciech Szczęsny,Goalkeeper,Passing,Focus on pass completion and consistent ball distribution.
5669,Wojciech Szczęsny,Goalkeeper,Creativity,"Focus on chance creation, shot assists, through balls and crosses."
5673,Bartosz Bereszyński,Full Back,Creativity,"Focus on chance creation, shot assists, through balls and crosses."
5673,Bartosz Bereszyński,Full Back,Attacking,"Focus on shot volume, shot quality and finishing opportunities."
5675,Kalidou Koulibaly,Centre Back,Passing,Focus on pass completion and consistent ball distribution.
5675,Kalidou Koulibaly,Centre Back,Progression,"Focus on ball carrying, progression and successful dribbling."
5677,Fedor Kudryashov,Full Back,Progression,"Focus on ball carrying, progression and successful dribbling."
5677,Fedor Kudryashov,Full Back,Passing,Focus on pass completion and consistent ball distribution.
5678,Jefferson Andrés Lerma Solís,Defensive Midfielder,Progression,"Focus on ball carrying, progression and successful dribbling."
5678,Jefferson Andrés Lerma Solís,Defensive Midfielder,Creativity,"Focus on chance creation, shot assists, through balls and crosses."
5679,Yūya Ōsako,Forward,Attacking,"Focus on shot volume, shot quality and finishing opportunities."
5679,Yūya Ōsako,Forward,Passing,Focus on pass completion and consistent ball distribution.
5687,Takashi Inui,Winger,Creativity,"Focus on chance creation, shot assists, through balls and crosses."
5687,Takashi Inui,Winger,Progression,"Focus on ball carrying, progression and successful dribbling."
5689,Juan Guillermo Cuadrado Bello,Forward,Attacking,"Focus on shot volume, shot quality and finishing opportunities."
5689,Juan Guillermo Cuadrado Bello,Forward,Defensive,"Focus on defensive pressure, tackles, interceptions and recoveries."
5690,Yuto Nagatomo,Full Back,Attacking,"Focus on shot volume, shot quality and finishing opportunities."
5690,Yuto Nagatomo,Full Back,Defensive,"Focus on defensive pressure, tackles, interceptions and recoveries."
5691,Johan Andrés Mojica Palacio,Full Back,Attacking,"Focus on shot volume, shot quality and finishing opportunities."
5691,Johan Andrés Mojica Palacio,Full Back,Creativity,"Focus on chance creation, shot assists, through balls and crosses."
5692,Juan Fernando Quintero Paniagua,Attacking Midfielder,Defensive,"Focus on defensive pressure, tackles, interceptions and recoveries."
5692,Juan Fernando Quintero Paniagua,Attacking Midfielder,Creativity,"Focus on chance creation, shot assists, through balls and crosses."
5693,Gaku Shibasaki,Defensive Midfielder,Attacking,"Focus on shot volume, shot quality and finishing opportunities."
5693,Gaku Shibasaki,Defensive Midfielder,Defensive,"Focus on defensive pressure, tackles, interceptions and recoveries."
5695,James David Rodríguez Rubio,Attacking Midfielder,Defensive,"Focus on defensive pressure, tackles, interceptions and recoveries."
5695,James David Rodríguez Rubio,Attacking Midfielder,Attacking,"Focus on shot volume, shot quality and finishing opportunities."
5696,Santiago Arias Naranjo,Full Back,Progression,"Focus on ball carrying, progression and successful dribbling."
5696,Santiago Arias Naranjo,Full Back,Attacking,"Focus on shot volume, shot quality and finishing opportunities."
5713,Mohammed Kanoo,Midfielder,Creativity,"Focus on chance creation, shot assists, through balls and crosses."
5713,Mohammed Kanoo,Midfielder,Progression,"Focus on ball carrying, progression and successful dribbling."
5714,Mohammed Khalil Al Owais,Goalkeeper,Progression,"Focus on ball carrying, progression and successful dribbling."
5714,Mohammed Khalil Al Owais,Goalkeeper,Passing,Focus on pass completion and consistent ball distribution.
5715,Ali Albulayhi,Centre Back,Attacking,"Focus on shot volume, shot quality and finishing opportunities."
5715,Ali Albulayhi,Centre Back,Passing,Focus on pass completion and consistent ball distribution.
5717,Diego Sebastián Laxalt Suárez,Full Back,Passing,Focus on pass completion and consistent ball distribution.
5717,Diego Sebastián Laxalt Suárez,Full Back,Attacking,"Focus on shot volume, shot quality and finishing opportunities."
5719,Marco Asensio Willemsen,Forward,Defensive,"Focus on defensive pressure, tackles, interceptions and recoveries."
5719,Marco Asensio Willemsen,Forward,Attacking,"Focus on shot volume, shot quality and finishing opportunities."
5721,Daniel Carvajal Ramos,Full Back,Defensive,"Focus on defensive pressure, tackles, interceptions and recoveries."
5721,Daniel Carvajal Ramos,Full Back,Creativity,"Focus on chance creation, shot assists, through balls and crosses."
5722,Saeid Ezatolahi Afagh,Defensive Midfielder,Passing,Focus on pass completion and consistent ball distribution.
5722,Saeid Ezatolahi Afagh,Defensive Midfielder,Progression,"Focus on ball carrying, progression and successful dribbling."
5732,Andreas Evald Cornelius,Forward,Defensive,"Focus on defensive pressure, tackles, interceptions and recoveries."
5732,Andreas Evald Cornelius,Forward,Attacking,"Focus on shot volume, shot quality and finishing opportunities."
5830,Kenneth Josiah Omeruo,Centre Back,Passing,Focus on pass completion and consistent ball distribution.
5830,Kenneth Josiah Omeruo,Centre Back,Progression,"Focus on ball carrying, progression and successful dribbling."
5834,Mario Gavranović,Forward,Passing,Focus on pass completion and consistent ball distribution.
5834,Mario Gavranović,Forward,Progression,"Focus on ball carrying, progression and successful dribbling."
5836,Bryan Oviedo,Full Back,Progression,"Focus on ball carrying, progression and successful dribbling."
5836,Bryan Oviedo,Full Back,Passing,Focus on pass completion and consistent ball distribution.
5838,Fágner Conserva Lemos,Full Back,Attacking,"Focus on shot volume, shot quality and finishing opportunities."
5838,Fágner Conserva Lemos,Full Back,Creativity,"Focus on chance creation, shot assists, through balls and crosses."
5839,Yeltsin Ignacio Tejeda Valverde,Defensive Midfielder,Progression,"Focus on ball carrying, progression and successful dribbling."
5839,Yeltsin Ignacio Tejeda Valverde,Defensive Midfielder,Passing,Focus on pass completion and consistent ball distribution.
6193,Andrés Mateus Uribe Villa,Defensive Midfielder,Creativity,"Focus on chance creation, shot assists, through balls and crosses."
6193,Andrés Mateus Uribe Villa,Defensive Midfielder,Passing,Focus on pass completion and consistent ball distribution.
6196,Yerry Fernando Mina González,Centre Back,Creativity,"Focus on chance creation, shot assists, through balls and crosses."
6196,Yerry Fernando Mina González,Centre Back,Passing,Focus on pass completion and consistent ball distribution.
6301,Youssef En-Nesyri,Forward,Passing,Focus on pass completion and consistent ball distribution.
6301,Youssef En-Nesyri,Forward,Progression,"Focus on ball carrying, progression and successful dribbling."
6302,Kasper Dolberg,Forward,Progression,"Focus on ball carrying, progression and successful dribbling."
6302,Kasper Dolberg,Forward,Creativity,"Focus on chance creation, shot assists, through balls and crosses."
6307,Duje Ćaleta-Car,Centre Back,Attacking,"Focus on shot volume, shot quality and finishing opportunities."
6307,Duje Ćaleta-Car,Centre Back,Progression,"Focus on ball carrying, progression and successful dribbling."
6318,Andrija Živković,Full Back,Attacking,"Focus on shot volume, shot quality and finishing opportunities."
6318,Andrija Živković,Full Back,Passing,Focus on pass completion and consistent ball distribution.
6321,Milos Veljkovic,Centre Back,Attacking,"Focus on shot volume, shot quality and finishing opportunities."
6321,Milos Veljkovic,Centre Back,Defensive,"Focus on defensive pressure, tackles, interceptions and recoveries."
6322,Niklas Süle,Centre Back,Attacking,"Focus on shot volume, shot quality and finishing opportunities."
6322,Niklas Süle,Centre Back,Defensive,"Focus on defensive pressure, tackles, interceptions and recoveries."
6324,Leon Goretzka,Defensive Midfielder,Defensive,"Focus on defensive pressure, tackles, interceptions and recoveries."
6324,Leon Goretzka,Defensive Midfielder,Passing,Focus on pass completion and consistent ball distribution.
6328,Kendall Jamaal Waston Manley,Centre Back,Progression,"Focus on ball carrying, progression and successful dribbling."
6328,Kendall Jamaal Waston Manley,Centre Back,Passing,Focus on pass completion and consistent ball distribution.
6331,Leander Dendoncker,Defensive Midfielder,Attacking,"Focus on shot volume, shot quality and finishing opportunities."
6331,Leander Dendoncker,Defensive Midfielder,Creativity,"Focus on chance creation, shot assists, through balls and crosses."
6332,Thomas Vermaelen,Centre Back,Creativity,"Focus on chance creation, shot assists, through balls and crosses."
6332,Thomas Vermaelen,Centre Back,Attacking,"Focus on shot volume, shot quality and finishing opportunities."
6374,Nélson Cabral Semedo,Full Back,Defensive,"Focus on defensive pressure, tackles, interceptions and recoveries."
6374,Nélson Cabral Semedo,Full Back,Creativity,"Focus on chance creation, shot assists, through balls and crosses."
6378,Jan Oblak,Goalkeeper,Progression,"Focus on ball carrying, progression and successful dribbling."
6378,Jan Oblak,Goalkeeper,Defensive,"Focus on defensive pressure, tackles, interceptions and recoveries."
6383,Thomas Teye Partey,Defensive Midfielder,Creativity,"Focus on chance creation, shot assists, through balls and crosses."
6383,Thomas Teye Partey,Defensive Midfielder,Attacking,"Focus on shot volume, shot quality and finishing opportunities."
6393,Iñaki Williams Arthuer,Forward,Attacking,"Focus on shot volume, shot quality and finishing opportunities."
6393,Iñaki Williams Arthuer,Forward,Creativity,"Focus on chance creation, shot assists, through balls and crosses."
6399,Gareth Frank Bale,Winger,Passing,Focus on pass completion and consistent ball distribution.
6399,Gareth Frank Bale,Winger,Progression,"Focus on ball carrying, progression and successful dribbling."
6655,Fabián Ruiz Peña,Defensive Midfielder,Defensive,"Focus on defensive pressure, tackles, interceptions and recoveries."
6655,Fabián Ruiz Peña,Defensive Midfielder,Passing,Focus on pass completion and consistent ball distribution.
6685,Mikel Oyarzabal Ugarte,Forward,Defensive,"Focus on defensive pressure, tackles, interceptions and recoveries."
6685,Mikel Oyarzabal Ugarte,Forward,Creativity,"Focus on chance creation, shot assists, through balls and crosses."
6687,Saša Lukić,Defensive Midfielder,Creativity,"Focus on chance creation, shot assists, through balls and crosses."
6687,Saša Lukić,Defensive Midfielder,Attacking,"Focus on shot volume, shot quality and finishing opportunities."
6704,Theo Bernard François Hernández,Full Back,Defensive,"Focus on defensive pressure, tackles, interceptions and recoveries."
6704,Theo Bernard François Hernández,Full Back,Creativity,"Focus on chance creation, shot assists, through balls and crosses."
6748,Ferrán Torres García,Winger,Defensive,"Focus on defensive pressure, tackles, interceptions and recoveries."
6748,Ferrán Torres García,Winger,Progression,"Focus on ball carrying, progression and successful dribbling."
6765,Rodrigo Hernández Cascante,Centre Back,Defensive,"Focus on defensive pressure, tackles, interceptions and recoveries."
6765,Rodrigo Hernández Cascante,Centre Back,Creativity,"Focus on chance creation, shot assists, through balls and crosses."
6773,Federico Santiago Valverde Dipetta,Defensive Midfielder,Defensive,"Focus on defensive pressure, tackles, interceptions and recoveries."
6773,Federico Santiago Valverde Dipetta,Defensive Midfielder,Passing,Focus on pass completion and consistent ball distribution.
6785,Yassine Bounou,Goalkeeper,Progression,"Focus on ball carrying, progression and successful dribbling."
6785,Yassine Bounou,Goalkeeper,Creativity,"Focus on chance creation, shot assists, through balls and crosses."
6798,Stanislav Lobotka,Defensive Midfielder,Attacking,"Focus on shot volume, shot quality and finishing opportunities."
6798,Stanislav Lobotka,Defensive Midfielder,Defensive,"Focus on defensive pressure, tackles, interceptions and recoveries."
6840,Marcos Llorente Moreno,Full Back,Defensive,"Focus on defensive pressure, tackles, interceptions and recoveries."
6840,Marcos Llorente Moreno,Full Back,Creativity,"Focus on chance creation, shot assists, through balls and crosses."
6862,Cédric Bakambu,Forward,Passing,Focus on pass completion and consistent ball distribution.
6862,Cédric Bakambu,Forward,Progression,"Focus on ball carrying, progression and successful dribbling."
6892,Pau Francisco Torres,Centre Back,Defensive,"Focus on defensive pressure, tackles, interceptions and recoveries."
6892,Pau Francisco Torres,Centre Back,Attacking,"Focus on shot volume, shot quality and finishing opportunities."
6909,Damián Emiliano Martínez,Goalkeeper,Attacking,"Focus on shot volume, shot quality and finishing opportunities."
6909,Damián Emiliano Martínez,Goalkeeper,Defensive,"Focus on defensive pressure, tackles, interceptions and recoveries."
6954,Giorgio Chiellini,Centre Back,Attacking,"Focus on shot volume, shot quality and finishing opportunities."
6954,Giorgio Chiellini,Centre Back,Progression,"Focus on ball carrying, progression and successful dribbling."
6983,Remo Freuler,Defensive Midfielder,Progression,"Focus on ball carrying, progression and successful dribbling."
6983,Remo Freuler,Defensive Midfielder,Passing,Focus on pass completion and consistent ball distribution.
6985,Robin Gosens,Full Back,Progression,"Focus on ball carrying, progression and successful dribbling."
6985,Robin Gosens,Full Back,Defensive,"Focus on defensive pressure, tackles, interceptions and recoveries."
6989,Timothy Castagne,Full Back,Attacking,"Focus on shot volume, shot quality and finishing opportunities."
6989,Timothy Castagne,Full Back,Creativity,"Focus on chance creation, shot assists, through balls and crosses."
6990,Milan Škriniar,Centre Back,Defensive,"Focus on defensive pressure, tackles, interceptions and recoveries."
6990,Milan Škriniar,Centre Back,Creativity,"Focus on chance creation, shot assists, through balls and crosses."
6993,Bryan Cristante,Midfielder,Attacking,"Focus on shot volume, shot quality and finishing opportunities."
6993,Bryan Cristante,Midfielder,Defensive,"Focus on defensive pressure, tackles, interceptions and recoveries."
6994,Marten de Roon,Defensive Midfielder,Attacking,"Focus on shot volume, shot quality and finishing opportunities."
6994,Marten de Roon,Defensive Midfielder,Progression,"Focus on ball carrying, progression and successful dribbling."
7005,João Pedro Cavaco Cancelo,Full Back,Attacking,"Focus on shot volume, shot quality and finishing opportunities."
7005,João Pedro Cavaco Cancelo,Full Back,Defensive,"Focus on defensive pressure, tackles, interceptions and recoveries."
7023,Franck Yannick Kessié,Midfielder,Progression,"Focus on ball carrying, progression and successful dribbling."
7023,Franck Yannick Kessié,Midfielder,Passing,Focus on pass completion and consistent ball distribution.
7024,Jorge Luiz Frello Filho,Defensive Midfielder,Defensive,"Focus on defensive pressure, tackles, interceptions and recoveries."
7024,Jorge Luiz Frello Filho,Defensive Midfielder,Attacking,"Focus on shot volume, shot quality and finishing opportunities."
7036,Gianluigi Donnarumma,Goalkeeper,Creativity,"Focus on chance creation, shot assists, through balls and crosses."
7036,Gianluigi Donnarumma,Goalkeeper,Attacking,"Focus on shot volume, shot quality and finishing opportunities."
7037,Lorenzo Insigne,Winger,Defensive,"Focus on defensive pressure, tackles, interceptions and recoveries."
7037,Lorenzo Insigne,Winger,Attacking,"Focus on shot volume, shot quality and finishing opportunities."
7039,Hakan Çalhanoğlu,Defensive Midfielder,Defensive,"Focus on defensive pressure, tackles, interceptions and recoveries."
7039,Hakan Çalhanoğlu,Defensive Midfielder,Passing,Focus on pass completion and consistent ball distribution.
7044,Patrik Schick,Forward,Creativity,"Focus on chance creation, shot assists, through balls and crosses."
7044,Patrik Schick,Forward,Passing,Focus on pass completion and consistent ball distribution.
7104,Mathías Olivera Miramontes,Centre Back,Passing,Focus on pass completion and consistent ball distribution.
7104,Mathías Olivera Miramontes,Centre Back,Progression,"Focus on ball carrying, progression and successful dribbling."
7131,Domenico Berardi,Winger,Progression,"Focus on ball carrying, progression and successful dribbling."
7131,Domenico Berardi,Winger,Passing,Focus on pass completion and consistent ball distribution.
7156,Federico Chiesa,Winger,Passing,Focus on pass completion and consistent ball distribution.
7156,Federico Chiesa,Winger,Defensive,"Focus on defensive pressure, tackles, interceptions and recoveries."
7162,Ádám Nagy,Defensive Midfielder,Attacking,"Focus on shot volume, shot quality and finishing opportunities."
7162,Ádám Nagy,Defensive Midfielder,Creativity,"Focus on chance creation, shot assists, through balls and crosses."
7173,Leonardo Bonucci,Centre Back,Defensive,"Focus on defensive pressure, tackles, interceptions and recoveries."
7173,Leonardo Bonucci,Centre Back,Creativity,"Focus on chance creation, shot assists, through balls and crosses."
7197,Steven Moreira,Full Back,Attacking,"Focus on shot volume, shot quality and finishing opportunities."
7197,Steven Moreira,Full Back,Creativity,"Focus on chance creation, shot assists, through balls and crosses."
7294,Yoane Wissa,Winger,Passing,Focus on pass completion and consistent ball distribution.
7294,Yoane Wissa,Winger,Progression,"Focus on ball carrying, progression and successful dribbling."
7295,Sikou Niakate,Centre Back,Attacking,"Focus on shot volume, shot quality and finishing opportunities."
7295,Sikou Niakate,Centre Back,Defensive,"Focus on defensive pressure, tackles, interceptions and recoveries."
7360,Julian Jeanvier,Centre Back,Defensive,"Focus on defensive pressure, tackles, interceptions and recoveries."
7360,Julian Jeanvier,Centre Back,Progression,"Focus on ball carrying, progression and successful dribbling."
7379,Edouard Mendy,Goalkeeper,Creativity,"Focus on chance creation, shot assists, through balls and crosses."
7379,Edouard Mendy,Goalkeeper,Attacking,"Focus on shot volume, shot quality and finishing opportunities."
7426,Jean-Charles Castelletto,Centre Back,Passing,Focus on pass completion and consistent ball distribution.
7426,Jean-Charles Castelletto,Centre Back,Progression,"Focus on ball carrying, progression and successful dribbling."
7459,Jawad El Yamiq,Centre Back,Creativity,"Focus on chance creation, shot assists, through balls and crosses."
7459,Jawad El Yamiq,Centre Back,Progression,"Focus on ball carrying, progression and successful dribbling."
7480,Alessandro Bastoni,Centre Back,Defensive,"Focus on defensive pressure, tackles, interceptions and recoveries."
7480,Alessandro Bastoni,Centre Back,Creativity,"Focus on chance creation, shot assists, through balls and crosses."
7655,Lasha Dvali,Centre Back,Progression,"Focus on ball carrying, progression and successful dribbling."
7655,Lasha Dvali,Centre Back,Attacking,"Focus on shot volume, shot quality and finishing opportunities."
7693,Bruno Petković,Forward,Attacking,"Focus on shot volume, shot quality and finishing opportunities."
7693,Bruno Petković,Forward,Passing,Focus on pass completion and consistent ball distribution.
7713,Obite Evan Ndicka,Centre Back,Defensive,"Focus on defensive pressure, tackles, interceptions and recoveries."
7713,Obite Evan Ndicka,Centre Back,Progression,"Focus on ball carrying, progression and successful dribbling."
7753,Jamiro Gregory Monteiro Alvarenga,Midfielder,Progression,"Focus on ball carrying, progression and successful dribbling."
7753,Jamiro Gregory Monteiro Alvarenga,Midfielder,Defensive,"Focus on defensive pressure, tackles, interceptions and recoveries."
7787,Stefan de Vrij,Centre Back,Creativity,"Focus on chance creation, shot assists, through balls and crosses."
7787,Stefan de Vrij,Centre Back,Attacking,"Focus on shot volume, shot quality and finishing opportunities."
7788,Ciro Immobile,Forward,Progression,"Focus on ball carrying, progression and successful dribbling."
7788,Ciro Immobile,Forward,Creativity,"Focus on chance creation, shot assists, through balls and crosses."
7791,Seko Fofana,Midfielder,Defensive,"Focus on defensive pressure, tackles, interceptions and recoveries."
7791,Seko Fofana,Midfielder,Passing,Focus on pass completion and consistent ball distribution.
7796,Silvan Widmer,Full Back,Progression,"Focus on ball carrying, progression and successful dribbling."
7796,Silvan Widmer,Full Back,Creativity,"Focus on chance creation, shot assists, through balls and crosses."
7797,Rodrigo Javier De Paul,Midfielder,Attacking,"Focus on shot volume, shot quality and finishing opportunities."
7797,Rodrigo Javier De Paul,Midfielder,Defensive,"Focus on defensive pressure, tackles, interceptions and recoveries."
7801,Antonín Barák,Attacking Midfielder,Attacking,"Focus on shot volume, shot quality and finishing opportunities."
7801,Antonín Barák,Attacking Midfielder,Defensive,"Focus on defensive pressure, tackles, interceptions and recoveries."
7829,Wout Weghorst,Forward,Progression,"Focus on ball carrying, progression and successful dribbling."
7829,Wout Weghorst,Forward,Passing,Focus on pass completion and consistent ball distribution.
7839,Guram Kashia,Centre Back,Progression,"Focus on ball carrying, progression and successful dribbling."
7839,Guram Kashia,Centre Back,Attacking,"Focus on shot volume, shot quality and finishing opportunities."
7843,Mason Mount,Attacking Midfielder,Attacking,"Focus on shot volume, shot quality and finishing opportunities."
7843,Mason Mount,Attacking Midfielder,Progression,"Focus on ball carrying, progression and successful dribbling."
7975,Lukáš Haraslín,Winger,Passing,Focus on pass completion and consistent ball distribution.
7975,Lukáš Haraslín,Winger,Progression,"Focus on ball carrying, progression and successful dribbling."
7979,Przemysław Frankowski,Full Back,Passing,Focus on pass completion and consistent ball distribution.
7979,Przemysław Frankowski,Full Back,Attacking,"Focus on shot volume, shot quality and finishing opportunities."
8069,Matthijs de Ligt,Centre Back,Creativity,"Focus on chance creation, shot assists, through balls and crosses."
8069,Matthijs de Ligt,Centre Back,Progression,"Focus on ball carrying, progression and successful dribbling."
8108,Lawrence Ati-Zigi,Goalkeeper,Progression,"Focus on ball carrying, progression and successful dribbling."
8108,Lawrence Ati-Zigi,Goalkeeper,Passing,Focus on pass completion and consistent ball distribution.
8118,Frenkie de Jong,Defensive Midfielder,Attacking,"Focus on shot volume, shot quality and finishing opportunities."
8118,Frenkie de Jong,Defensive Midfielder,Defensive,"Focus on defensive pressure, tackles, interceptions and recoveries."
8125,Denzel Dumfries,Full Back,Defensive,"Focus on defensive pressure, tackles, interceptions and recoveries."
8125,Denzel Dumfries,Full Back,Progression,"Focus on ball carrying, progression and successful dribbling."
8181,Nicolò Barella,Midfielder,Defensive,"Focus on defensive pressure, tackles, interceptions and recoveries."
8181,Nicolò Barella,Midfielder,Attacking,"Focus on shot volume, shot quality and finishing opportunities."
8217,Kingsley Coman,Winger,Attacking,"Focus on shot volume, shot quality and finishing opportunities."
8217,Kingsley Coman,Winger,Creativity,"Focus on chance creation, shot assists, through balls and crosses."
8220,David Olatukunbo Alaba,Full Back,Attacking,"Focus on shot volume, shot quality and finishing opportunities."
8220,David Olatukunbo Alaba,Full Back,Defensive,"Focus on defensive pressure, tackles, interceptions and recoveries."
8221,Jonathan Tah,Centre Back,Attacking,"Focus on shot volume, shot quality and finishing opportunities."
8221,Jonathan Tah,Centre Back,Defensive,"Focus on defensive pressure, tackles, interceptions and recoveries."
8240,Koen Casteels,Goalkeeper,Defensive,"Focus on defensive pressure, tackles, interceptions and recoveries."
8240,Koen Casteels,Goalkeeper,Creativity,"Focus on chance creation, shot assists, through balls and crosses."
8246,Christian Pulisic,Winger,Defensive,"Focus on defensive pressure, tackles, interceptions and recoveries."
8246,Christian Pulisic,Winger,Passing,Focus on pass completion and consistent ball distribution.
8247,Joachim Andersen,Centre Back,Defensive,"Focus on defensive pressure, tackles, interceptions and recoveries."
8247,Joachim Andersen,Centre Back,Attacking,"Focus on shot volume, shot quality and finishing opportunities."
8259,Steven Bergwijn,Forward,Attacking,"Focus on shot volume, shot quality and finishing opportunities."
8259,Steven Bergwijn,Forward,Creativity,"Focus on chance creation, shot assists, through balls and crosses."
8286,Leonardo Spinazzola,Full Back,Defensive,"Focus on defensive pressure, tackles, interceptions and recoveries."
8286,Leonardo Spinazzola,Full Back,Creativity,"Focus on chance creation, shot assists, through balls and crosses."
8307,Martin Hinteregger,Centre Back,Creativity,"Focus on chance creation, shot assists, through balls and crosses."
8307,Martin Hinteregger,Centre Back,Attacking,"Focus on shot volume, shot quality and finishing opportunities."
8326,Andries Noppert,Goalkeeper,Creativity,"Focus on chance creation, shot assists, through balls and crosses."
8326,Andries Noppert,Goalkeeper,Attacking,"Focus on shot volume, shot quality and finishing opportunities."
8400,Serge Gnabry,Forward,Attacking,"Focus on shot volume, shot quality and finishing opportunities."
8400,Serge Gnabry,Forward,Defensive,"Focus on defensive pressure, tackles, interceptions and recoveries."
8454,Mohamed Bayo,Forward,Passing,Focus on pass completion and consistent ball distribution.
8454,Mohamed Bayo,Forward,Progression,"Focus on ball carrying, progression and successful dribbling."
8506,Konrad Laimer,Winger,Attacking,"Focus on shot volume, shot quality and finishing opportunities."
8506,Konrad Laimer,Winger,Creativity,"Focus on chance creation, shot assists, through balls and crosses."
8509,Willi Orban,Centre Back,Passing,Focus on pass completion and consistent ball distribution.
8509,Willi Orban,Centre Back,Progression,"Focus on ball carrying, progression and successful dribbling."
8518,Marcel Sabitzer,Attacking Midfielder,Defensive,"Focus on defensive pressure, tackles, interceptions and recoveries."
8518,Marcel Sabitzer,Attacking Midfielder,Progression,"Focus on ball carrying, progression and successful dribbling."
8519,Dayotchanculle Upamecano,Centre Back,Attacking,"Focus on shot volume, shot quality and finishing opportunities."
8519,Dayotchanculle Upamecano,Centre Back,Creativity,"Focus on chance creation, shot assists, through balls and crosses."
8524,Péter Gulácsi,Goalkeeper,Progression,"Focus on ball carrying, progression and successful dribbling."
8524,Péter Gulácsi,Goalkeeper,Creativity,"Focus on chance creation, shot assists, through balls and crosses."
8526,Weston McKennie,Midfielder,Passing,Focus on pass completion and consistent ball distribution.
8526,Weston McKennie,Midfielder,Defensive,"Focus on defensive pressure, tackles, interceptions and recoveries."
8553,Abdou Diallo,Centre Back,Defensive,"Focus on defensive pressure, tackles, interceptions and recoveries."
8553,Abdou Diallo,Centre Back,Progression,"Focus on ball carrying, progression and successful dribbling."
8673,Sébastien Haller,Forward,Progression,"Focus on ball carrying, progression and successful dribbling."
8673,Sébastien Haller,Forward,Creativity,"Focus on chance creation, shot assists, through balls and crosses."
8769,Xaver Schlager,Defensive Midfielder,Passing,Focus on pass completion and consistent ball distribution.
8769,Xaver Schlager,Defensive Midfielder,Attacking,"Focus on shot volume, shot quality and finishing opportunities."
8779,Stefan Lainer,Full Back,Creativity,"Focus on chance creation, shot assists, through balls and crosses."
8779,Stefan Lainer,Full Back,Passing,Focus on pass completion and consistent ball distribution.
8808,Matthias Ginter,Centre Back,Defensive,"Focus on defensive pressure, tackles, interceptions and recoveries."
8808,Matthias Ginter,Centre Back,Attacking,"Focus on shot volume, shot quality and finishing opportunities."
8814,Nico Elvedi,Centre Back,Creativity,"Focus on chance creation, shot assists, through balls and crosses."
8814,Nico Elvedi,Centre Back,Attacking,"Focus on shot volume, shot quality and finishing opportunities."
8815,Jannik Vestergaard,Centre Back,Defensive,"Focus on defensive pressure, tackles, interceptions and recoveries."
8815,Jannik Vestergaard,Centre Back,Progression,"Focus on ball carrying, progression and successful dribbling."
8817,Jhon Andrés Córdoba Copete,Forward,Progression,"Focus on ball carrying, progression and successful dribbling."
8817,Jhon Andrés Córdoba Copete,Forward,Passing,Focus on pass completion and consistent ball distribution.
8819,Alexander Isak,Forward,Attacking,"Focus on shot volume, shot quality and finishing opportunities."
8819,Alexander Isak,Forward,Passing,Focus on pass completion and consistent ball distribution.
8830,Andriy Yarmolenko,Winger,Defensive,"Focus on defensive pressure, tackles, interceptions and recoveries."
8830,Andriy Yarmolenko,Winger,Progression,"Focus on ball carrying, progression and successful dribbling."
8836,Karol Świderski,Forward,Passing,Focus on pass completion and consistent ball distribution.
8836,Karol Świderski,Forward,Attacking,"Focus on shot volume, shot quality and finishing opportunities."
8854,Wout Faes,Centre Back,Attacking,"Focus on shot volume, shot quality and finishing opportunities."
8854,Wout Faes,Centre Back,Creativity,"Focus on chance creation, shot assists, through balls and crosses."
8966,Kai Havertz,Forward,Defensive,"Focus on defensive pressure, tackles, interceptions and recoveries."
8966,Kai Havertz,Forward,Creativity,"Focus on chance creation, shot assists, through balls and crosses."
8967,Ondrej Duda,Midfielder,Attacking,"Focus on shot volume, shot quality and finishing opportunities."
8967,Ondrej Duda,Midfielder,Creativity,"Focus on chance creation, shot assists, through balls and crosses."
9195,Robert Andrich,Defensive Midfielder,Progression,"Focus on ball carrying, progression and successful dribbling."
9195,Robert Andrich,Defensive Midfielder,Defensive,"Focus on defensive pressure, tackles, interceptions and recoveries."
9411,Daichi Kamada,Winger,Creativity,"Focus on chance creation, shot assists, through balls and crosses."
9411,Daichi Kamada,Winger,Attacking,"Focus on shot volume, shot quality and finishing opportunities."
9466,Che Adams,Forward,Attacking,"Focus on shot volume, shot quality and finishing opportunities."
9466,Che Adams,Forward,Creativity,"Focus on chance creation, shot assists, through balls and crosses."
9481,Grant Campbell Hanley,Centre Back,Creativity,"Focus on chance creation, shot assists, through balls and crosses."
9481,Grant Campbell Hanley,Centre Back,Passing,Focus on pass completion and consistent ball distribution.
9722,Peter Pekarík,Full Back,Progression,"Focus on ball carrying, progression and successful dribbling."
9722,Peter Pekarík,Full Back,Defensive,"Focus on defensive pressure, tackles, interceptions and recoveries."
9731,Patrick Pentz,Goalkeeper,Creativity,"Focus on chance creation, shot assists, through balls and crosses."
9731,Patrick Pentz,Goalkeeper,Attacking,"Focus on shot volume, shot quality and finishing opportunities."
9914,Daniel Ward,Goalkeeper,Progression,"Focus on ball carrying, progression and successful dribbling."
9914,Daniel Ward,Goalkeeper,Defensive,"Focus on defensive pressure, tackles, interceptions and recoveries."
9927,Rúben Diogo Da Silva Neves,Defensive Midfielder,Defensive,"Focus on defensive pressure, tackles, interceptions and recoveries."
9927,Rúben Diogo Da Silva Neves,Defensive Midfielder,Attacking,"Focus on shot volume, shot quality and finishing opportunities."
9929,Diogo José Teixeira da Silva,Winger,Defensive,"Focus on defensive pressure, tackles, interceptions and recoveries."
9929,Diogo José Teixeira da Silva,Winger,Progression,"Focus on ball carrying, progression and successful dribbling."
9974,John McGinn,Midfielder,Passing,Focus on pass completion and consistent ball distribution.
9974,John McGinn,Midfielder,Creativity,"Focus on chance creation, shot assists, through balls and crosses."
10039,Ghislain Konan,Full Back,Attacking,"Focus on shot volume, shot quality and finishing opportunities."
10039,Ghislain Konan,Full Back,Creativity,"Focus on chance creation, shot assists, through balls and crosses."
10287,İlkay Gündoğan,Attacking Midfielder,Creativity,"Focus on chance creation, shot assists, through balls and crosses."
10287,İlkay Gündoğan,Attacking Midfielder,Defensive,"Focus on defensive pressure, tackles, interceptions and recoveries."
10337,Yordan Hernando Osorio Paredes,Centre Back,Progression,"Focus on ball carrying, progression and successful dribbling."
10337,Yordan Hernando Osorio Paredes,Centre Back,Defensive,"Focus on defensive pressure, tackles, interceptions and recoveries."
10349,Mehmet Zeki Çelik,Full Back,Progression,"Focus on ball carrying, progression and successful dribbling."
10349,Mehmet Zeki Çelik,Full Back,Attacking,"Focus on shot volume, shot quality and finishing opportunities."
10481,Aurélien Djani Tchouaméni,Defensive Midfielder,Defensive,"Focus on defensive pressure, tackles, interceptions and recoveries."
10481,Aurélien Djani Tchouaméni,Defensive Midfielder,Creativity,"Focus on chance creation, shot assists, through balls and crosses."
10530,Jules Olivier Ntcham,Defensive Midfielder,Defensive,"Focus on defensive pressure, tackles, interceptions and recoveries."
10530,Jules Olivier Ntcham,Defensive Midfielder,Passing,Focus on pass completion and consistent ball distribution.
10534,Callum McGregor,Defensive Midfielder,Progression,"Focus on ball carrying, progression and successful dribbling."
10534,Callum McGregor,Defensive Midfielder,Defensive,"Focus on defensive pressure, tackles, interceptions and recoveries."
10540,Kieran Tierney,Centre Back,Attacking,"Focus on shot volume, shot quality and finishing opportunities."
10540,Kieran Tierney,Centre Back,Passing,Focus on pass completion and consistent ball distribution.
10573,Jonathan Buatu Mananga,Centre Back,Progression,"Focus on ball carrying, progression and successful dribbling."
10573,Jonathan Buatu Mananga,Centre Back,Passing,Focus on pass completion and consistent ball distribution.
10577,Jacinto Muondo Dala,Winger,Passing,Focus on pass completion and consistent ball distribution.
10577,Jacinto Muondo Dala,Winger,Defensive,"Focus on defensive pressure, tackles, interceptions and recoveries."
10595,Raphael Dias Belloli,Winger,Defensive,"Focus on defensive pressure, tackles, interceptions and recoveries."
10595,Raphael Dias Belloli,Winger,Creativity,"Focus on chance creation, shot assists, through balls and crosses."
10598,Jovane Eduardo Borges Cabral,Winger,Creativity,"Focus on chance creation, shot assists, through balls and crosses."
10598,Jovane Eduardo Borges Cabral,Winger,Attacking,"Focus on shot volume, shot quality and finishing opportunities."
10826,Mert Müldür,Full Back,Creativity,"Focus on chance creation, shot assists, through balls and crosses."
10826,Mert Müldür,Full Back,Passing,Focus on pass completion and consistent ball distribution.
10844,Alfredo Kulembe Ribeiro,Defensive Midfielder,Passing,Focus on pass completion and consistent ball distribution.
10844,Alfredo Kulembe Ribeiro,Defensive Midfielder,Progression,"Focus on ball carrying, progression and successful dribbling."
10916,Nicolae Claudiu Stanciu,Midfielder,Progression,"Focus on ball carrying, progression and successful dribbling."
10916,Nicolae Claudiu Stanciu,Midfielder,Passing,Focus on pass completion and consistent ball distribution.
10919,Juraj Kucka,Midfielder,Progression,"Focus on ball carrying, progression and successful dribbling."
10919,Juraj Kucka,Midfielder,Passing,Focus on pass completion and consistent ball distribution.
10931,Joe Allen,Defensive Midfielder,Progression,"Focus on ball carrying, progression and successful dribbling."
10931,Joe Allen,Defensive Midfielder,Passing,Focus on pass completion and consistent ball distribution.
10955,Harry Kane,Forward,Defensive,"Focus on defensive pressure, tackles, interceptions and recoveries."
10955,Harry Kane,Forward,Passing,Focus on pass completion and consistent ball distribution.
10956,Eric Dier,Defensive Midfielder,Creativity,"Focus on chance creation, shot assists, through balls and crosses."
10956,Eric Dier,Defensive Midfielder,Defensive,"Focus on defensive pressure, tackles, interceptions and recoveries."
11098,Marcus Berg,Forward,Progression,"Focus on ball carrying, progression and successful dribbling."
11098,Marcus Berg,Forward,Creativity,"Focus on chance creation, shot assists, through balls and crosses."
11116,Jack Hendry,Centre Back,Passing,Focus on pass completion and consistent ball distribution.
11116,Jack Hendry,Centre Back,Creativity,"Focus on chance creation, shot assists, through balls and crosses."
11135,Ibrahima Konaté,Centre Back,Attacking,"Focus on shot volume, shot quality and finishing opportunities."
11135,Ibrahima Konaté,Centre Back,Creativity,"Focus on chance creation, shot assists, through balls and crosses."
11187,Stephen Antunes Eustáquio,Defensive Midfielder,Progression,"Focus on ball carrying, progression and successful dribbling."
11187,Stephen Antunes Eustáquio,Defensive Midfielder,Creativity,"Focus on chance creation, shot assists, through balls and crosses."
11250,Joe Rodon,Centre Back,Attacking,"Focus on shot volume, shot quality and finishing opportunities."
11250,Joe Rodon,Centre Back,Progression,"Focus on ball carrying, progression and successful dribbling."
11252,Daniel James,Winger,Attacking,"Focus on shot volume, shot quality and finishing opportunities."
11252,Daniel James,Winger,Passing,Focus on pass completion and consistent ball distribution.
11268,Attila Fiola,Full Back,Passing,Focus on pass completion and consistent ball distribution.
11268,Attila Fiola,Full Back,Progression,"Focus on ball carrying, progression and successful dribbling."
11277,Victor James Osimhen,Forward,Passing,Focus on pass completion and consistent ball distribution.
11277,Victor James Osimhen,Forward,Progression,"Focus on ball carrying, progression and successful dribbling."
11396,Florian Grillitsch,Defensive Midfielder,Attacking,"Focus on shot volume, shot quality and finishing opportunities."
11396,Florian Grillitsch,Defensive Midfielder,Creativity,"Focus on chance creation, shot assists, through balls and crosses."
11456,Lautaro Javier Martínez,Forward,Creativity,"Focus on chance creation, shot assists, through balls and crosses."
11456,Lautaro Javier Martínez,Forward,Passing,Focus on pass completion and consistent ball distribution.
11492,Temitayo Olufisayo Olaoluwa Aina,Full Back,Passing,Focus on pass completion and consistent ball distribution.
11492,Temitayo Olufisayo Olaoluwa Aina,Full Back,Progression,"Focus on ball carrying, progression and successful dribbling."
11514,Giovanni Di Lorenzo,Full Back,Creativity,"Focus on chance creation, shot assists, through balls and crosses."
11514,Giovanni Di Lorenzo,Full Back,Progression,"Focus on ball carrying, progression and successful dribbling."
11541,Tomáš Vaclík,Goalkeeper,Passing,Focus on pass completion and consistent ball distribution.
11541,Tomáš Vaclík,Goalkeeper,Creativity,"Focus on chance creation, shot assists, through balls and crosses."
11603,Mario Pašalić,Winger,Progression,"Focus on ball carrying, progression and successful dribbling."
11603,Mario Pašalić,Winger,Creativity,"Focus on chance creation, shot assists, through balls and crosses."
11748,Unai Simón Mendibil,Goalkeeper,Creativity,"Focus on chance creation, shot assists, through balls and crosses."
11748,Unai Simón Mendibil,Goalkeeper,Attacking,"Focus on shot volume, shot quality and finishing opportunities."
11821,Stefan Posch,Full Back,Passing,Focus on pass completion and consistent ball distribution.
11821,Stefan Posch,Full Back,Progression,"Focus on ball carrying, progression and successful dribbling."
11990,Youssouf Fofana,Defensive Midfielder,Passing,Focus on pass completion and consistent ball distribution.
11990,Youssouf Fofana,Defensive Midfielder,Creativity,"Focus on chance creation, shot assists, through balls and crosses."
12034,David Raum,Full Back,Attacking,"Focus on shot volume, shot quality and finishing opportunities."
12034,David Raum,Full Back,Defensive,"Focus on defensive pressure, tackles, interceptions and recoveries."
12041,João Félix Sequeira,Winger,Defensive,"Focus on defensive pressure, tackles, interceptions and recoveries."
12041,João Félix Sequeira,Winger,Progression,"Focus on ball carrying, progression and successful dribbling."
12149,Nayef Aguerd,Centre Back,Defensive,"Focus on defensive pressure, tackles, interceptions and recoveries."
12149,Nayef Aguerd,Centre Back,Attacking,"Focus on shot volume, shot quality and finishing opportunities."
12169,João Maria Lobo Alves Palhinha Gonçalves,Defensive Midfielder,Creativity,"Focus on chance creation, shot assists, through balls and crosses."
12169,João Maria Lobo Alves Palhinha Gonçalves,Defensive Midfielder,Progression,"Focus on ball carrying, progression and successful dribbling."
12293,Kaan Ayhan,Centre Back,Defensive,"Focus on defensive pressure, tackles, interceptions and recoveries."
12293,Kaan Ayhan,Centre Back,Progression,"Focus on ball carrying, progression and successful dribbling."
12352,Matthew Charles Turner,Goalkeeper,Defensive,"Focus on defensive pressure, tackles, interceptions and recoveries."
12352,Matthew Charles Turner,Goalkeeper,Attacking,"Focus on shot volume, shot quality and finishing opportunities."
12365,Alphonso Davies,Full Back,Passing,Focus on pass completion and consistent ball distribution.
12365,Alphonso Davies,Full Back,Defensive,"Focus on defensive pressure, tackles, interceptions and recoveries."
12407,Maximilian Mittelstädt,Full Back,Defensive,"Focus on defensive pressure, tackles, interceptions and recoveries."
12407,Maximilian Mittelstädt,Full Back,Attacking,"Focus on shot volume, shot quality and finishing opportunities."
12524,Walker Zimmerman,Centre Back,Attacking,"Focus on shot volume, shot quality and finishing opportunities."
12524,Walker Zimmerman,Centre Back,Defensive,"Focus on defensive pressure, tackles, interceptions and recoveries."
12557,Falaye Sacko,Full Back,Attacking,"Focus on shot volume, shot quality and finishing opportunities."
12557,Falaye Sacko,Full Back,Creativity,"Focus on chance creation, shot assists, through balls and crosses."
12625,Borna Sosa,Full Back,Attacking,"Focus on shot volume, shot quality and finishing opportunities."
12625,Borna Sosa,Full Back,Defensive,"Focus on defensive pressure, tackles, interceptions and recoveries."
12751,Tyler Adams,Defensive Midfielder,Attacking,"Focus on shot volume, shot quality and finishing opportunities."
12751,Tyler Adams,Defensive Midfielder,Creativity,"Focus on chance creation, shot assists, through balls and crosses."
12770,Jonathan Osorio,Defensive Midfielder,Progression,"Focus on ball carrying, progression and successful dribbling."
12770,Jonathan Osorio,Defensive Midfielder,Passing,Focus on pass completion and consistent ball distribution.
13197,Tomáš Kalas,Centre Back,Attacking,"Focus on shot volume, shot quality and finishing opportunities."
13197,Tomáš Kalas,Centre Back,Passing,Focus on pass completion and consistent ball distribution.
13454,Nouhou Tolo,Full Back,Creativity,"Focus on chance creation, shot assists, through balls and crosses."
13454,Nouhou Tolo,Full Back,Passing,Focus on pass completion and consistent ball distribution.
13581,Emilio Nsue López,Forward,Progression,"Focus on ball carrying, progression and successful dribbling."
13581,Emilio Nsue López,Forward,Creativity,"Focus on chance creation, shot assists, through balls and crosses."
13620,Éder Gabriel Militão,Centre Back,Progression,"Focus on ball carrying, progression and successful dribbling."
13620,Éder Gabriel Militão,Centre Back,Creativity,"Focus on chance creation, shot assists, through balls and crosses."
13621,Danilo Luís Hélio Pereira,Defensive Midfielder,Creativity,"Focus on chance creation, shot assists, through balls and crosses."
13621,Danilo Luís Hélio Pereira,Defensive Midfielder,Attacking,"Focus on shot volume, shot quality and finishing opportunities."
15503,Jerdy Schouten,Defensive Midfielder,Attacking,"Focus on shot volume, shot quality and finishing opportunities."
15503,Jerdy Schouten,Defensive Midfielder,Defensive,"Focus on defensive pressure, tackles, interceptions and recoveries."
15582,Donyell Malen,Winger,Defensive,"Focus on defensive pressure, tackles, interceptions and recoveries."
15582,Donyell Malen,Winger,Passing,Focus on pass completion and consistent ball distribution.
15890,Noussair Mazraoui,Full Back,Progression,"Focus on ball carrying, progression and successful dribbling."
15890,Noussair Mazraoui,Full Back,Creativity,"Focus on chance creation, shot assists, through balls and crosses."
15896,Timi Elšnik,Defensive Midfielder,Passing,Focus on pass completion and consistent ball distribution.
15896,Timi Elšnik,Defensive Midfielder,Attacking,"Focus on shot volume, shot quality and finishing opportunities."
16016,Michel Aebischer,Full Back,Progression,"Focus on ball carrying, progression and successful dribbling."
16016,Michel Aebischer,Full Back,Defensive,"Focus on defensive pressure, tackles, interceptions and recoveries."
16026,Djibril Sow,Attacking Midfielder,Attacking,"Focus on shot volume, shot quality and finishing opportunities."
16026,Djibril Sow,Attacking Midfielder,Progression,"Focus on ball carrying, progression and successful dribbling."
16028,José Diogo Dalot Teixeira,Full Back,Defensive,"Focus on defensive pressure, tackles, interceptions and recoveries."
16028,José Diogo Dalot Teixeira,Full Back,Attacking,"Focus on shot volume, shot quality and finishing opportunities."
16047,Jaka Bijol,Centre Back,Passing,Focus on pass completion and consistent ball distribution.
16047,Jaka Bijol,Centre Back,Attacking,"Focus on shot volume, shot quality and finishing opportunities."
16120,Richie Laryea,Full Back,Passing,Focus on pass completion and consistent ball distribution.
16120,Richie Laryea,Full Back,Progression,"Focus on ball carrying, progression and successful dribbling."
16249,Yangel Clemente Herrera Ravelo,Midfielder,Creativity,"Focus on chance creation, shot assists, through balls and crosses."
16249,Yangel Clemente Herrera Ravelo,Midfielder,Defensive,"Focus on defensive pressure, tackles, interceptions and recoveries."
16298,Denis Vavro,Centre Back,Defensive,"Focus on defensive pressure, tackles, interceptions and recoveries."
16298,Denis Vavro,Centre Back,Creativity,"Focus on chance creation, shot assists, through balls and crosses."
16308,Leandro Daniel Paredes,Defensive Midfielder,Creativity,"Focus on chance creation, shot assists, through balls and crosses."
16308,Leandro Daniel Paredes,Defensive Midfielder,Defensive,"Focus on defensive pressure, tackles, interceptions and recoveries."
16335,Samuel Chimerenka Chukwueze,Winger,Passing,Focus on pass completion and consistent ball distribution.
16335,Samuel Chimerenka Chukwueze,Winger,Attacking,"Focus on shot volume, shot quality and finishing opportunities."
16344,Răzvan Gabriel Marin,Midfielder,Progression,"Focus on ball carrying, progression and successful dribbling."
16344,Răzvan Gabriel Marin,Midfielder,Passing,Focus on pass completion and consistent ball distribution.
16459,Cyle Larin,Forward,Attacking,"Focus on shot volume, shot quality and finishing opportunities."
16459,Cyle Larin,Forward,Passing,Focus on pass completion and consistent ball distribution.
16469,Tomáš Holeš,Centre Back,Passing,Focus on pass completion and consistent ball distribution.
16469,Tomáš Holeš,Centre Back,Progression,"Focus on ball carrying, progression and successful dribbling."
16472,Lukáš Masopust,Winger,Attacking,"Focus on shot volume, shot quality and finishing opportunities."
16472,Lukáš Masopust,Winger,Progression,"Focus on ball carrying, progression and successful dribbling."
16502,László Kleinheisler,Midfielder,Passing,Focus on pass completion and consistent ball distribution.
16502,László Kleinheisler,Midfielder,Attacking,"Focus on shot volume, shot quality and finishing opportunities."
16514,Serhii Sydorchuk,Defensive Midfielder,Creativity,"Focus on chance creation, shot assists, through balls and crosses."
16514,Serhii Sydorchuk,Defensive Midfielder,Attacking,"Focus on shot volume, shot quality and finishing opportunities."
16528,Petar Stojanović,Midfielder,Attacking,"Focus on shot volume, shot quality and finishing opportunities."
16528,Petar Stojanović,Midfielder,Passing,Focus on pass completion and consistent ball distribution.
16531,Dominik Livaković,Goalkeeper,Progression,"Focus on ball carrying, progression and successful dribbling."
16531,Dominik Livaković,Goalkeeper,Creativity,"Focus on chance creation, shot assists, through balls and crosses."
16532,Daniel Olmo Carvajal,Winger,Defensive,"Focus on defensive pressure, tackles, interceptions and recoveries."
16532,Daniel Olmo Carvajal,Winger,Creativity,"Focus on chance creation, shot assists, through balls and crosses."
16554,Joakim Mæhle,Full Back,Defensive,"Focus on defensive pressure, tackles, interceptions and recoveries."
16554,Joakim Mæhle,Full Back,Creativity,"Focus on chance creation, shot assists, through balls and crosses."
16557,Ruslan Malinovskiy,Winger,Progression,"Focus on ball carrying, progression and successful dribbling."
16557,Ruslan Malinovskiy,Winger,Attacking,"Focus on shot volume, shot quality and finishing opportunities."
16559,Leandro Trossard,Winger,Attacking,"Focus on shot volume, shot quality and finishing opportunities."
16559,Leandro Trossard,Winger,Creativity,"Focus on chance creation, shot assists, through balls and crosses."
16570,Vladimír Coufal,Full Back,Attacking,"Focus on shot volume, shot quality and finishing opportunities."
16570,Vladimír Coufal,Full Back,Passing,Focus on pass completion and consistent ball distribution.
16879,Dávid Hancko,Full Back,Progression,"Focus on ball carrying, progression and successful dribbling."
16879,Dávid Hancko,Full Back,Passing,Focus on pass completion and consistent ball distribution.
17033,Mohammed Kudus,Attacking Midfielder,Creativity,"Focus on chance creation, shot assists, through balls and crosses."
17033,Mohammed Kudus,Attacking Midfielder,Passing,Focus on pass completion and consistent ball distribution.
17042,Andreas Skov Olsen,Attacking Midfielder,Defensive,"Focus on defensive pressure, tackles, interceptions and recoveries."
17042,Andreas Skov Olsen,Attacking Midfielder,Attacking,"Focus on shot volume, shot quality and finishing opportunities."
17592,William Saliba,Centre Back,Attacking,"Focus on shot volume, shot quality and finishing opportunities."
17592,William Saliba,Centre Back,Defensive,"Focus on defensive pressure, tackles, interceptions and recoveries."
17618,Carlos Akapo Martínez,Full Back,Passing,Focus on pass completion and consistent ball distribution.
17618,Carlos Akapo Martínez,Full Back,Attacking,"Focus on shot volume, shot quality and finishing opportunities."
17620,Marc Cucurella Saseta,Full Back,Attacking,"Focus on shot volume, shot quality and finishing opportunities."
17620,Marc Cucurella Saseta,Full Back,Progression,"Focus on ball carrying, progression and successful dribbling."
18163,Moses Daddy-Ajala Simon,Winger,Passing,Focus on pass completion and consistent ball distribution.
18163,Moses Daddy-Ajala Simon,Winger,Attacking,"Focus on shot volume, shot quality and finishing opportunities."
18242,Tim Ream,Centre Back,Creativity,"Focus on chance creation, shot assists, through balls and crosses."
18242,Tim Ream,Centre Back,Attacking,"Focus on shot volume, shot quality and finishing opportunities."
18360,Rafael Alexandre Conceição Leão,Winger,Defensive,"Focus on defensive pressure, tackles, interceptions and recoveries."
18360,Rafael Alexandre Conceição Leão,Winger,Attacking,"Focus on shot volume, shot quality and finishing opportunities."
18395,Vinícius José Paixão de Oliveira Júnior,Winger,Defensive,"Focus on defensive pressure, tackles, interceptions and recoveries."
18395,Vinícius José Paixão de Oliveira Júnior,Winger,Passing,Focus on pass completion and consistent ball distribution.
18617,Mykola Matviyenko,Centre Back,Attacking,"Focus on shot volume, shot quality and finishing opportunities."
18617,Mykola Matviyenko,Centre Back,Defensive,"Focus on defensive pressure, tackles, interceptions and recoveries."
19316,Roland Sallai,Forward,Attacking,"Focus on shot volume, shot quality and finishing opportunities."
19316,Roland Sallai,Forward,Defensive,"Focus on defensive pressure, tackles, interceptions and recoveries."
19597,Marcos Javier Acuña,Full Back,Passing,Focus on pass completion and consistent ball distribution.
19597,Marcos Javier Acuña,Full Back,Attacking,"Focus on shot volume, shot quality and finishing opportunities."
19677,Karim Benzema,Forward,Creativity,"Focus on chance creation, shot assists, through balls and crosses."
19677,Karim Benzema,Forward,Defensive,"Focus on defensive pressure, tackles, interceptions and recoveries."
20004,Paul Pogba,Defensive Midfielder,Defensive,"Focus on defensive pressure, tackles, interceptions and recoveries."
20004,Paul Pogba,Defensive Midfielder,Passing,Focus on pass completion and consistent ball distribution.
20005,Toby Alderweireld,Centre Back,Defensive,"Focus on defensive pressure, tackles, interceptions and recoveries."
20005,Toby Alderweireld,Centre Back,Attacking,"Focus on shot volume, shot quality and finishing opportunities."
20016,Kléper Laveran Lima Ferreira,Centre Back,Attacking,"Focus on shot volume, shot quality and finishing opportunities."
20016,Kléper Laveran Lima Ferreira,Centre Back,Defensive,"Focus on defensive pressure, tackles, interceptions and recoveries."
20201,Maarten Stekelenburg,Goalkeeper,Creativity,"Focus on chance creation, shot assists, through balls and crosses."
20201,Maarten Stekelenburg,Goalkeeper,Attacking,"Focus on shot volume, shot quality and finishing opportunities."
20572,Cristian Gabriel Romero,Centre Back,Attacking,"Focus on shot volume, shot quality and finishing opportunities."
20572,Cristian Gabriel Romero,Centre Back,Creativity,"Focus on chance creation, shot assists, through balls and crosses."
20611,Boulaye Dia,Forward,Passing,Focus on pass completion and consistent ball distribution.
20611,Boulaye Dia,Forward,Defensive,"Focus on defensive pressure, tackles, interceptions and recoveries."
20687,Nicolás Iván González,Midfielder,Passing,Focus on pass completion and consistent ball distribution.
20687,Nicolás Iván González,Midfielder,Progression,"Focus on ball carrying, progression and successful dribbling."
20750,Cody Mathès Gakpo,Winger,Passing,Focus on pass completion and consistent ball distribution.
20750,Cody Mathès Gakpo,Winger,Progression,"Focus on ball carrying, progression and successful dribbling."
20758,Krépin Diatta,Full Back,Passing,Focus on pass completion and consistent ball distribution.
20758,Krépin Diatta,Full Back,Defensive,"Focus on defensive pressure, tackles, interceptions and recoveries."
20827,Vitalii Mykolenko,Full Back,Attacking,"Focus on shot volume, shot quality and finishing opportunities."
20827,Vitalii Mykolenko,Full Back,Progression,"Focus on ball carrying, progression and successful dribbling."
21026,Pape Gueye,Defensive Midfielder,Passing,Focus on pass completion and consistent ball distribution.
21026,Pape Gueye,Defensive Midfielder,Progression,"Focus on ball carrying, progression and successful dribbling."
21294,Mykola Shaparenko,Midfielder,Attacking,"Focus on shot volume, shot quality and finishing opportunities."
21294,Mykola Shaparenko,Midfielder,Creativity,"Focus on chance creation, shot assists, through balls and crosses."
21532,Daniel Bachmann,Goalkeeper,Creativity,"Focus on chance creation, shot assists, through balls and crosses."
21532,Daniel Bachmann,Goalkeeper,Attacking,"Focus on shot volume, shot quality and finishing opportunities."
21582,Tijjani Reijnders,Defensive Midfielder,Defensive,"Focus on defensive pressure, tackles, interceptions and recoveries."
21582,Tijjani Reijnders,Defensive Midfielder,Creativity,"Focus on chance creation, shot assists, through balls and crosses."
21809,Jurriën David Norman Timber,Centre Back,Attacking,"Focus on shot volume, shot quality and finishing opportunities."
21809,Jurriën David Norman Timber,Centre Back,Creativity,"Focus on chance creation, shot assists, through balls and crosses."
21881,Sergino Dest,Full Back,Creativity,"Focus on chance creation, shot assists, through balls and crosses."
21881,Sergino Dest,Full Back,Defensive,"Focus on defensive pressure, tackles, interceptions and recoveries."
22074,Joseff Morrell,Midfielder,Attacking,"Focus on shot volume, shot quality and finishing opportunities."
22074,Joseff Morrell,Midfielder,Progression,"Focus on ball carrying, progression and successful dribbling."
22084,Bukayo Saka,Winger,Creativity,"Focus on chance creation, shot assists, through balls and crosses."
22084,Bukayo Saka,Winger,Attacking,"Focus on shot volume, shot quality and finishing opportunities."
22097,Randal Kolo Muani,Forward,Passing,Focus on pass completion and consistent ball distribution.
22097,Randal Kolo Muani,Forward,Creativity,"Focus on chance creation, shot assists, through balls and crosses."
22128,Robin Aime Robert Le Normand,Centre Back,Defensive,"Focus on defensive pressure, tackles, interceptions and recoveries."
22128,Robin Aime Robert Le Normand,Centre Back,Creativity,"Focus on chance creation, shot assists, through balls and crosses."
22243,Heorhii Bushchan,Goalkeeper,Progression,"Focus on ball carrying, progression and successful dribbling."
22243,Heorhii Bushchan,Goalkeeper,Creativity,"Focus on chance creation, shot assists, through balls and crosses."
22293,Harry Souttar,Centre Back,Progression,"Focus on ball carrying, progression and successful dribbling."
22293,Harry Souttar,Centre Back,Passing,Focus on pass completion and consistent ball distribution.
22600,Lucas Tolentino Coelho de Lima,Defensive Midfielder,Progression,"Focus on ball carrying, progression and successful dribbling."
22600,Lucas Tolentino Coelho de Lima,Defensive Midfielder,Passing,Focus on pass completion and consistent ball distribution.
23331,Boubakar Kouyate,Centre Back,Creativity,"Focus on chance creation, shot assists, through balls and crosses."
23331,Boubakar Kouyate,Centre Back,Defensive,"Focus on defensive pressure, tackles, interceptions and recoveries."
23363,Liam Millar,Winger,Creativity,"Focus on chance creation, shot assists, through balls and crosses."
23363,Liam Millar,Winger,Passing,Focus on pass completion and consistent ball distribution.
23444,Kristoffer Olsson,Defensive Midfielder,Attacking,"Focus on shot volume, shot quality and finishing opportunities."
23444,Kristoffer Olsson,Defensive Midfielder,Creativity,"Focus on chance creation, shot assists, through balls and crosses."
23527,Junya Ito,Full Back,Passing,Focus on pass completion and consistent ball distribution.
23527,Junya Ito,Full Back,Progression,"Focus on ball carrying, progression and successful dribbling."
23558,Merih Demiral,Centre Back,Progression,"Focus on ball carrying, progression and successful dribbling."
23558,Merih Demiral,Centre Back,Passing,Focus on pass completion and consistent ball distribution.
23559,José Ndong Machín Dicombo,Attacking Midfielder,Attacking,"Focus on shot volume, shot quality and finishing opportunities."
23559,José Ndong Machín Dicombo,Attacking Midfielder,Progression,"Focus on ball carrying, progression and successful dribbling."
23615,Gideon Mensah,Full Back,Attacking,"Focus on shot volume, shot quality and finishing opportunities."
23615,Gideon Mensah,Full Back,Progression,"Focus on ball carrying, progression and successful dribbling."
23640,Jonathan David,Forward,Creativity,"Focus on chance creation, shot assists, through balls and crosses."
23640,Jonathan David,Forward,Defensive,"Focus on defensive pressure, tackles, interceptions and recoveries."
23649,Roman Yaremchuk,Forward,Defensive,"Focus on defensive pressure, tackles, interceptions and recoveries."
23649,Roman Yaremchuk,Forward,Progression,"Focus on ball carrying, progression and successful dribbling."
23650,Jeremy Doku,Winger,Attacking,"Focus on shot volume, shot quality and finishing opportunities."
23650,Jeremy Doku,Winger,Defensive,"Focus on defensive pressure, tackles, interceptions and recoveries."
23721,Wataru Endo,Defensive Midfielder,Progression,"Focus on ball carrying, progression and successful dribbling."
23721,Wataru Endo,Defensive Midfielder,Passing,Focus on pass completion and consistent ball distribution.
23758,Maxime Crépeau,Goalkeeper,Progression,"Focus on ball carrying, progression and successful dribbling."
23758,Maxime Crépeau,Goalkeeper,Creativity,"Focus on chance creation, shot assists, through balls and crosses."
23760,Derek Cornelius,Centre Back,Progression,"Focus on ball carrying, progression and successful dribbling."
23760,Derek Cornelius,Centre Back,Passing,Focus on pass completion and consistent ball distribution.
23763,In-Beom Hwang,Defensive Midfielder,Defensive,"Focus on defensive pressure, tackles, interceptions and recoveries."
23763,In-Beom Hwang,Defensive Midfielder,Attacking,"Focus on shot volume, shot quality and finishing opportunities."
23774,Selim Amallah,Midfielder,Passing,Focus on pass completion and consistent ball distribution.
23774,Selim Amallah,Midfielder,Attacking,"Focus on shot volume, shot quality and finishing opportunities."
23785,Théo Bongonda Mbul'Ofeko Batombo,Attacking Midfielder,Passing,Focus on pass completion and consistent ball distribution.
23785,Théo Bongonda Mbul'Ofeko Batombo,Attacking Midfielder,Defensive,"Focus on defensive pressure, tackles, interceptions and recoveries."
23828,Kamal Miller,Centre Back,Attacking,"Focus on shot volume, shot quality and finishing opportunities."
23828,Kamal Miller,Centre Back,Creativity,"Focus on chance creation, shot assists, through balls and crosses."
23892,Aboubakary Koita,Attacking Midfielder,Passing,Focus on pass completion and consistent ball distribution.
23892,Aboubakary Koita,Attacking Midfielder,Creativity,"Focus on chance creation, shot assists, through balls and crosses."
23910,Youssef Msakni,Winger,Passing,Focus on pass completion and consistent ball distribution.
23910,Youssef Msakni,Winger,Creativity,"Focus on chance creation, shot assists, through balls and crosses."
24024,Tajon Buchanan,Midfielder,Passing,Focus on pass completion and consistent ball distribution.
24024,Tajon Buchanan,Midfielder,Defensive,"Focus on defensive pressure, tackles, interceptions and recoveries."
24105,Dylan Batubinsika,Centre Back,Attacking,"Focus on shot volume, shot quality and finishing opportunities."
24105,Dylan Batubinsika,Centre Back,Creativity,"Focus on chance creation, shot assists, through balls and crosses."
24443,Mikkel Damsgaard,Winger,Progression,"Focus on ball carrying, progression and successful dribbling."
24443,Mikkel Damsgaard,Winger,Creativity,"Focus on chance creation, shot assists, through balls and crosses."
24467,Frank Onyeka,Defensive Midfielder,Passing,Focus on pass completion and consistent ball distribution.
24467,Frank Onyeka,Defensive Midfielder,Progression,"Focus on ball carrying, progression and successful dribbling."
24547,Alexander Hartmann Bah,Full Back,Creativity,"Focus on chance creation, shot assists, through balls and crosses."
24547,Alexander Hartmann Bah,Full Back,Defensive,"Focus on defensive pressure, tackles, interceptions and recoveries."
24778,Eduardo Camavinga,Full Back,Creativity,"Focus on chance creation, shot assists, through balls and crosses."
24778,Eduardo Camavinga,Full Back,Attacking,"Focus on shot volume, shot quality and finishing opportunities."
24861,Andrei Florin Ratiu,Full Back,Creativity,"Focus on chance creation, shot assists, through balls and crosses."
24861,Andrei Florin Ratiu,Full Back,Progression,"Focus on ball carrying, progression and successful dribbling."
24977,Christoph Baumgartner,Attacking Midfielder,Passing,Focus on pass completion and consistent ball distribution.
24977,Christoph Baumgartner,Attacking Midfielder,Creativity,"Focus on chance creation, shot assists, through balls and crosses."
25036,Otar Kakabadze,Full Back,Passing,Focus on pass completion and consistent ball distribution.
25036,Otar Kakabadze,Full Back,Attacking,"Focus on shot volume, shot quality and finishing opportunities."
25104,Rodrygo Silva de Goes,Forward,Attacking,"Focus on shot volume, shot quality and finishing opportunities."
25104,Rodrygo Silva de Goes,Forward,Defensive,"Focus on defensive pressure, tackles, interceptions and recoveries."
25142,Bruno Guimarães Rodriguez Moura,Defensive Midfielder,Defensive,"Focus on defensive pressure, tackles, interceptions and recoveries."
25142,Bruno Guimarães Rodriguez Moura,Defensive Midfielder,Creativity,"Focus on chance creation, shot assists, through balls and crosses."
25719,Shūichi Gonda,Goalkeeper,Progression,"Focus on ball carrying, progression and successful dribbling."
25719,Shūichi Gonda,Goalkeeper,Passing,Focus on pass completion and consistent ball distribution.
26152,Jacob Shaffelburg,Winger,Passing,Focus on pass completion and consistent ball distribution.
26152,Jacob Shaffelburg,Winger,Progression,"Focus on ball carrying, progression and successful dribbling."
26368,César Jasib Montes Castro,Centre Back,Defensive,"Focus on defensive pressure, tackles, interceptions and recoveries."
26368,César Jasib Montes Castro,Centre Back,Attacking,"Focus on shot volume, shot quality and finishing opportunities."
26406,Jorge Eduardo Sánchez Ramos,Full Back,Creativity,"Focus on chance creation, shot assists, through balls and crosses."
26406,Jorge Eduardo Sánchez Ramos,Full Back,Passing,Focus on pass completion and consistent ball distribution.
26875,Marcus Andreas Danielsson,Centre Back,Passing,Focus on pass completion and consistent ball distribution.
26875,Marcus Andreas Danielsson,Centre Back,Progression,"Focus on ball carrying, progression and successful dribbling."
27133,Odilon Kossonou,Centre Back,Defensive,"Focus on defensive pressure, tackles, interceptions and recoveries."
27133,Odilon Kossonou,Centre Back,Creativity,"Focus on chance creation, shot assists, through balls and crosses."
27158,Luis Fernando Díaz Marulanda,Forward,Attacking,"Focus on shot volume, shot quality and finishing opportunities."
27158,Luis Fernando Díaz Marulanda,Forward,Defensive,"Focus on defensive pressure, tackles, interceptions and recoveries."
27163,Juan Pablo Vargas Campos,Centre Back,Passing,Focus on pass completion and consistent ball distribution.
27163,Juan Pablo Vargas Campos,Centre Back,Creativity,"Focus on chance creation, shot assists, through balls and crosses."
27225,Camilo Andrés Vargas Gil,Goalkeeper,Progression,"Focus on ball carrying, progression and successful dribbling."
27225,Camilo Andrés Vargas Gil,Goalkeeper,Creativity,"Focus on chance creation, shot assists, through balls and crosses."
27277,Jhon Adolfo Arias Andrade,Midfielder,Attacking,"Focus on shot volume, shot quality and finishing opportunities."
27277,Jhon Adolfo Arias Andrade,Midfielder,Creativity,"Focus on chance creation, shot assists, through balls and crosses."
27423,Daniel Muñoz Mejía,Full Back,Progression,"Focus on ball carrying, progression and successful dribbling."
27423,Daniel Muñoz Mejía,Full Back,Creativity,"Focus on chance creation, shot assists, through balls and crosses."
27719,Strahinja Pavlović,Centre Back,Passing,Focus on pass completion and consistent ball distribution.
27719,Strahinja Pavlović,Centre Back,Creativity,"Focus on chance creation, shot assists, through balls and crosses."
27768,Lisandro Martínez,Centre Back,Defensive,"Focus on defensive pressure, tackles, interceptions and recoveries."
27768,Lisandro Martínez,Centre Back,Progression,"Focus on ball carrying, progression and successful dribbling."
27886,Alexis Mac Allister,Midfielder,Progression,"Focus on ball carrying, progression and successful dribbling."
27886,Alexis Mac Allister,Midfielder,Creativity,"Focus on chance creation, shot assists, through balls and crosses."
28032,Ivan Schranz,Winger,Progression,"Focus on ball carrying, progression and successful dribbling."
28032,Ivan Schranz,Winger,Creativity,"Focus on chance creation, shot assists, through balls and crosses."
28242,Florin Constantin Niţă,Goalkeeper,Creativity,"Focus on chance creation, shot assists, through balls and crosses."
28242,Florin Constantin Niţă,Goalkeeper,Attacking,"Focus on shot volume, shot quality and finishing opportunities."
28263,Gonzalo Ariel Montiel,Full Back,Defensive,"Focus on defensive pressure, tackles, interceptions and recoveries."
28263,Gonzalo Ariel Montiel,Full Back,Progression,"Focus on ball carrying, progression and successful dribbling."
28415,Charles Pickel,Defensive Midfielder,Progression,"Focus on ball carrying, progression and successful dribbling."
28415,Charles Pickel,Defensive Midfielder,Creativity,"Focus on chance creation, shot assists, through balls and crosses."
28559,Enner Remberto Valencia Lastra,Forward,Passing,Focus on pass completion and consistent ball distribution.
28559,Enner Remberto Valencia Lastra,Forward,Progression,"Focus on ball carrying, progression and successful dribbling."
28567,Carlos Eccehomo Cuesta Figueroa,Centre Back,Creativity,"Focus on chance creation, shot assists, through balls and crosses."
28567,Carlos Eccehomo Cuesta Figueroa,Centre Back,Progression,"Focus on ball carrying, progression and successful dribbling."
28729,Diego Nicolás De La Cruz Arcosa,Attacking Midfielder,Attacking,"Focus on shot volume, shot quality and finishing opportunities."
28729,Diego Nicolás De La Cruz Arcosa,Attacking Midfielder,Progression,"Focus on ball carrying, progression and successful dribbling."
28825,Luis Gerardo Chávez Magallón,Midfielder,Passing,Focus on pass completion and consistent ball distribution.
28825,Luis Gerardo Chávez Magallón,Midfielder,Progression,"Focus on ball carrying, progression and successful dribbling."
28914,Lovro Majer,Winger,Creativity,"Focus on chance creation, shot assists, through balls and crosses."
28914,Lovro Majer,Winger,Progression,"Focus on ball carrying, progression and successful dribbling."
29163,Josip Juranović,Full Back,Attacking,"Focus on shot volume, shot quality and finishing opportunities."
29163,Josip Juranović,Full Back,Defensive,"Focus on defensive pressure, tackles, interceptions and recoveries."
29201,Nahuel Molina Lucero,Full Back,Progression,"Focus on ball carrying, progression and successful dribbling."
29201,Nahuel Molina Lucero,Full Back,Defensive,"Focus on defensive pressure, tackles, interceptions and recoveries."
29367,Percy Tau,Winger,Progression,"Focus on ball carrying, progression and successful dribbling."
29367,Percy Tau,Winger,Creativity,"Focus on chance creation, shot assists, through balls and crosses."
29560,Julián Álvarez,Forward,Creativity,"Focus on chance creation, shot assists, through balls and crosses."
29560,Julián Álvarez,Forward,Progression,"Focus on ball carrying, progression and successful dribbling."
30111,Felix Eduardo Torres Caicedo,Centre Back,Passing,Focus on pass completion and consistent ball distribution.
30111,Felix Eduardo Torres Caicedo,Centre Back,Progression,"Focus on ball carrying, progression and successful dribbling."
30193,Gedeon Kalulu Kyatengwa,Full Back,Progression,"Focus on ball carrying, progression and successful dribbling."
30193,Gedeon Kalulu Kyatengwa,Full Back,Passing,Focus on pass completion and consistent ball distribution.
30310,Fehmi Mert Günok,Goalkeeper,Progression,"Focus on ball carrying, progression and successful dribbling."
30310,Fehmi Mert Günok,Goalkeeper,Defensive,"Focus on defensive pressure, tackles, interceptions and recoveries."
30328,Ondrej Celustka,Centre Back,Attacking,"Focus on shot volume, shot quality and finishing opportunities."
30328,Ondrej Celustka,Centre Back,Progression,"Focus on ball carrying, progression and successful dribbling."
30401,Ruben Vargas,Attacking Midfielder,Passing,Focus on pass completion and consistent ball distribution.
30401,Ruben Vargas,Attacking Midfielder,Progression,"Focus on ball carrying, progression and successful dribbling."
30423,Ibán Salvador Edu,Winger,Progression,"Focus on ball carrying, progression and successful dribbling."
30423,Ibán Salvador Edu,Winger,Creativity,"Focus on chance creation, shot assists, through balls and crosses."
30438,Ferdi Erenay Kadıoğlu,Full Back,Attacking,"Focus on shot volume, shot quality and finishing opportunities."
30438,Ferdi Erenay Kadıoğlu,Full Back,Defensive,"Focus on defensive pressure, tackles, interceptions and recoveries."
30486,Pedro González López,Midfielder,Attacking,"Focus on shot volume, shot quality and finishing opportunities."
30486,Pedro González López,Midfielder,Defensive,"Focus on defensive pressure, tackles, interceptions and recoveries."
30519,Mohamed Salisu,Centre Back,Passing,Focus on pass completion and consistent ball distribution.
30519,Mohamed Salisu,Centre Back,Creativity,"Focus on chance creation, shot assists, through balls and crosses."
30606,Edmond Fayçal Tapsoba,Centre Back,Defensive,"Focus on defensive pressure, tackles, interceptions and recoveries."
30606,Edmond Fayçal Tapsoba,Centre Back,Passing,Focus on pass completion and consistent ball distribution.
30681,Ali Abdi,Full Back,Passing,Focus on pass completion and consistent ball distribution.
30681,Ali Abdi,Full Back,Attacking,"Focus on shot volume, shot quality and finishing opportunities."
30714,Jude Bellingham,Attacking Midfielder,Creativity,"Focus on chance creation, shot assists, through balls and crosses."
30714,Jude Bellingham,Attacking Midfielder,Attacking,"Focus on shot volume, shot quality and finishing opportunities."
30913,Marius Mihai Marin,Defensive Midfielder,Passing,Focus on pass completion and consistent ball distribution.
30913,Marius Mihai Marin,Defensive Midfielder,Attacking,"Focus on shot volume, shot quality and finishing opportunities."
31016,Manuel Luís da Silva Cafumana,Defensive Midfielder,Attacking,"Focus on shot volume, shot quality and finishing opportunities."
31016,Manuel Luís da Silva Cafumana,Defensive Midfielder,Progression,"Focus on ball carrying, progression and successful dribbling."
31029,Salis Abdul Samed,Defensive Midfielder,Attacking,"Focus on shot volume, shot quality and finishing opportunities."
31029,Salis Abdul Samed,Defensive Midfielder,Creativity,"Focus on chance creation, shot assists, through balls and crosses."
31295,Yahia Attiyat allah,Full Back,Passing,Focus on pass completion and consistent ball distribution.
31295,Yahia Attiyat allah,Full Back,Progression,"Focus on ball carrying, progression and successful dribbling."
31866,Andraž Šporar,Forward,Progression,"Focus on ball carrying, progression and successful dribbling."
31866,Andraž Šporar,Forward,Passing,Focus on pass completion and consistent ball distribution.
31887,Endre Botka,Centre Back,Passing,Focus on pass completion and consistent ball distribution.
31887,Endre Botka,Centre Back,Attacking,"Focus on shot volume, shot quality and finishing opportunities."
31900,Oleksandr Karavaev,Full Back,Defensive,"Focus on defensive pressure, tackles, interceptions and recoveries."
31900,Oleksandr Karavaev,Full Back,Progression,"Focus on ball carrying, progression and successful dribbling."
31908,Andrei Burcă Andonie,Centre Back,Passing,Focus on pass completion and consistent ball distribution.
31908,Andrei Burcă Andonie,Centre Back,Progression,"Focus on ball carrying, progression and successful dribbling."
31949,Zaidu Sanusi,Full Back,Progression,"Focus on ball carrying, progression and successful dribbling."
31949,Zaidu Sanusi,Full Back,Passing,Focus on pass completion and consistent ball distribution.
31968,Adam Gnezda Čerin,Defensive Midfielder,Passing,Focus on pass completion and consistent ball distribution.
31968,Adam Gnezda Čerin,Defensive Midfielder,Progression,"Focus on ball carrying, progression and successful dribbling."
32012,Rafael Enrique Romo Pérez,Goalkeeper,Progression,"Focus on ball carrying, progression and successful dribbling."
32012,Rafael Enrique Romo Pérez,Goalkeeper,Defensive,"Focus on defensive pressure, tackles, interceptions and recoveries."
32450,Montassar Omar Talbi,Centre Back,Attacking,"Focus on shot volume, shot quality and finishing opportunities."
32450,Montassar Omar Talbi,Centre Back,Passing,Focus on pass completion and consistent ball distribution.
32478,Darwin Gabriel Núñez Ribeiro,Forward,Passing,Focus on pass completion and consistent ball distribution.
32478,Darwin Gabriel Núñez Ribeiro,Forward,Attacking,"Focus on shot volume, shot quality and finishing opportunities."
32677,Alexander Domínguez Carabalí,Goalkeeper,Passing,Focus on pass completion and consistent ball distribution.
32677,Alexander Domínguez Carabalí,Goalkeeper,Progression,"Focus on ball carrying, progression and successful dribbling."
32915,Ismail Jakobs,Full Back,Progression,"Focus on ball carrying, progression and successful dribbling."
32915,Ismail Jakobs,Full Back,Passing,Focus on pass completion and consistent ball distribution.
32975,Diogo Meireles Costa,Goalkeeper,Progression,"Focus on ball carrying, progression and successful dribbling."
32975,Diogo Meireles Costa,Goalkeeper,Defensive,"Focus on defensive pressure, tackles, interceptions and recoveries."
33018,Joško Gvardiol,Centre Back,Attacking,"Focus on shot volume, shot quality and finishing opportunities."
33018,Joško Gvardiol,Centre Back,Passing,Focus on pass completion and consistent ball distribution.
33234,Georges Mikautadze,Forward,Defensive,"Focus on defensive pressure, tackles, interceptions and recoveries."
33234,Georges Mikautadze,Forward,Passing,Focus on pass completion and consistent ball distribution.
33495,Kye Rowles,Centre Back,Attacking,"Focus on shot volume, shot quality and finishing opportunities."
33495,Kye Rowles,Centre Back,Progression,"Focus on ball carrying, progression and successful dribbling."
34476,Matías Nicolás Viña Susperreguy,Full Back,Passing,Focus on pass completion and consistent ball distribution.
34476,Matías Nicolás Viña Susperreguy,Full Back,Defensive,"Focus on defensive pressure, tackles, interceptions and recoveries."
34526,Marc Guehi,Centre Back,Attacking,"Focus on shot volume, shot quality and finishing opportunities."
34526,Marc Guehi,Centre Back,Defensive,"Focus on defensive pressure, tackles, interceptions and recoveries."
34639,Vitor Machado Ferreira,Defensive Midfielder,Defensive,"Focus on defensive pressure, tackles, interceptions and recoveries."
34639,Vitor Machado Ferreira,Defensive Midfielder,Attacking,"Focus on shot volume, shot quality and finishing opportunities."
34794,Neco Williams,Full Back,Passing,Focus on pass completion and consistent ball distribution.
34794,Neco Williams,Full Back,Creativity,"Focus on chance creation, shot assists, through balls and crosses."
34845,Federico Bikoro Akieme Nchama,Defensive Midfielder,Attacking,"Focus on shot volume, shot quality and finishing opportunities."
34845,Federico Bikoro Akieme Nchama,Defensive Midfielder,Passing,Focus on pass completion and consistent ball distribution.
35413,Lionel Mpasi-Nzau,Goalkeeper,Passing,Focus on pass completion and consistent ball distribution.
35413,Lionel Mpasi-Nzau,Goalkeeper,Creativity,"Focus on chance creation, shot assists, through balls and crosses."
35471,Issa Kabore,Full Back,Passing,Focus on pass completion and consistent ball distribution.
35471,Issa Kabore,Full Back,Defensive,"Focus on defensive pressure, tackles, interceptions and recoveries."
35492,Maximiliano Javier Araújo Vilches,Winger,Progression,"Focus on ball carrying, progression and successful dribbling."
35492,Maximiliano Javier Araújo Vilches,Winger,Passing,Focus on pass completion and consistent ball distribution.
35592,Anis Ben Slimane,Attacking Midfielder,Attacking,"Focus on shot volume, shot quality and finishing opportunities."
35592,Anis Ben Slimane,Attacking Midfielder,Progression,"Focus on ball carrying, progression and successful dribbling."
35684,Meschak Elia,Winger,Passing,Focus on pass completion and consistent ball distribution.
35684,Meschak Elia,Winger,Defensive,"Focus on defensive pressure, tackles, interceptions and recoveries."
35690,Sebastián Enzo Cáceres Ramos,Centre Back,Passing,Focus on pass completion and consistent ball distribution.
35690,Sebastián Enzo Cáceres Ramos,Centre Back,Progression,"Focus on ball carrying, progression and successful dribbling."
36271,Roberto Lopes,Centre Back,Progression,"Focus on ball carrying, progression and successful dribbling."
36271,Roberto Lopes,Centre Back,Creativity,"Focus on chance creation, shot assists, through balls and crosses."
36288,Facundo Pellistri Rebollo,Winger,Progression,"Focus on ball carrying, progression and successful dribbling."
36288,Facundo Pellistri Rebollo,Winger,Passing,Focus on pass completion and consistent ball distribution.
36520,Miguel Ángel Navarro Zárate,Full Back,Progression,"Focus on ball carrying, progression and successful dribbling."
36520,Miguel Ángel Navarro Zárate,Full Back,Creativity,"Focus on chance creation, shot assists, through balls and crosses."
36539,Wilfried Stephane Singo,Full Back,Progression,"Focus on ball carrying, progression and successful dribbling."
36539,Wilfried Stephane Singo,Full Back,Defensive,"Focus on defensive pressure, tackles, interceptions and recoveries."
36629,Yahia Fofana,Goalkeeper,Progression,"Focus on ball carrying, progression and successful dribbling."
36629,Yahia Fofana,Goalkeeper,Passing,Focus on pass completion and consistent ball distribution.
36659,Manuel Ugarte Ribeiro,Defensive Midfielder,Progression,"Focus on ball carrying, progression and successful dribbling."
36659,Manuel Ugarte Ribeiro,Defensive Midfielder,Passing,Focus on pass completion and consistent ball distribution.
36710,Sergio Rochet Álvarez,Goalkeeper,Passing,Focus on pass completion and consistent ball distribution.
36710,Sergio Rochet Álvarez,Goalkeeper,Progression,"Focus on ball carrying, progression and successful dribbling."
36917,José Andrés Martínez Torres,Defensive Midfielder,Passing,Focus on pass completion and consistent ball distribution.
36917,José Andrés Martínez Torres,Defensive Midfielder,Attacking,"Focus on shot volume, shot quality and finishing opportunities."
36951,Babacar Niasse,Goalkeeper,Passing,Focus on pass completion and consistent ball distribution.
36951,Babacar Niasse,Goalkeeper,Progression,"Focus on ball carrying, progression and successful dribbling."
37148,Josip Šutalo,Centre Back,Creativity,"Focus on chance creation, shot assists, through balls and crosses."
37148,Josip Šutalo,Centre Back,Attacking,"Focus on shot volume, shot quality and finishing opportunities."
37274,Bart Verbruggen,Goalkeeper,Defensive,"Focus on defensive pressure, tackles, interceptions and recoveries."
37274,Bart Verbruggen,Goalkeeper,Creativity,"Focus on chance creation, shot assists, through balls and crosses."
37641,Seung-Gyu Kim,Goalkeeper,Creativity,"Focus on chance creation, shot assists, through balls and crosses."
37641,Seung-Gyu Kim,Goalkeeper,Attacking,"Focus on shot volume, shot quality and finishing opportunities."
37726,Moisés Isaac Caicedo Corozo,Defensive Midfielder,Passing,Focus on pass completion and consistent ball distribution.
37726,Moisés Isaac Caicedo Corozo,Defensive Midfielder,Progression,"Focus on ball carrying, progression and successful dribbling."
37737,Angelo Smit Preciado Quiñónez,Full Back,Passing,Focus on pass completion and consistent ball distribution.
37737,Angelo Smit Preciado Quiñónez,Full Back,Progression,"Focus on ball carrying, progression and successful dribbling."
37945,Alan Steven Franco Palma,Defensive Midfielder,Progression,"Focus on ball carrying, progression and successful dribbling."
37945,Alan Steven Franco Palma,Defensive Midfielder,Passing,Focus on pass completion and consistent ball distribution.
38004,Piero Martín Hincapié Reyna,Full Back,Attacking,"Focus on shot volume, shot quality and finishing opportunities."
38004,Piero Martín Hincapié Reyna,Full Back,Creativity,"Focus on chance creation, shot assists, through balls and crosses."
38229,Khvicha Kvaratskhelia,Forward,Attacking,"Focus on shot volume, shot quality and finishing opportunities."
38229,Khvicha Kvaratskhelia,Forward,Defensive,"Focus on defensive pressure, tackles, interceptions and recoveries."
38718,Enzo Fernandez,Defensive Midfielder,Defensive,"Focus on defensive pressure, tackles, interceptions and recoveries."
38718,Enzo Fernandez,Defensive Midfielder,Progression,"Focus on ball carrying, progression and successful dribbling."
38759,Benjamin Šeško,Forward,Attacking,"Focus on shot volume, shot quality and finishing opportunities."
38759,Benjamin Šeško,Forward,Passing,Focus on pass completion and consistent ball distribution.
38792,Yunus Dimoara Musah,Midfielder,Attacking,"Focus on shot volume, shot quality and finishing opportunities."
38792,Yunus Dimoara Musah,Midfielder,Creativity,"Focus on chance creation, shot assists, through balls and crosses."
39136,Illia Zabarnyi,Centre Back,Attacking,"Focus on shot volume, shot quality and finishing opportunities."
39136,Illia Zabarnyi,Centre Back,Creativity,"Focus on chance creation, shot assists, through balls and crosses."
39167,Xavi Simons,Attacking Midfielder,Defensive,"Focus on defensive pressure, tackles, interceptions and recoveries."
39167,Xavi Simons,Attacking Midfielder,Attacking,"Focus on shot volume, shot quality and finishing opportunities."
39460,Nicolas Seiwald,Defensive Midfielder,Attacking,"Focus on shot volume, shot quality and finishing opportunities."
39460,Nicolas Seiwald,Defensive Midfielder,Progression,"Focus on ball carrying, progression and successful dribbling."
39559,Aguibou Camara,Attacking Midfielder,Progression,"Focus on ball carrying, progression and successful dribbling."
39559,Aguibou Camara,Attacking Midfielder,Attacking,"Focus on shot volume, shot quality and finishing opportunities."
39565,Jamal Musiala,Winger,Creativity,"Focus on chance creation, shot assists, through balls and crosses."
39565,Jamal Musiala,Winger,Defensive,"Focus on defensive pressure, tackles, interceptions and recoveries."
39615,Radu Drăgușin,Centre Back,Passing,Focus on pass completion and consistent ball distribution.
39615,Radu Drăgușin,Centre Back,Progression,"Focus on ball carrying, progression and successful dribbling."
40211,Jeremy Leonel Sarmiento Morante,Winger,Creativity,"Focus on chance creation, shot assists, through balls and crosses."
40211,Jeremy Leonel Sarmiento Morante,Winger,Passing,Focus on pass completion and consistent ball distribution.
40485,Ryan Isaac Mendes da Graça,Winger,Passing,Focus on pass completion and consistent ball distribution.
40485,Ryan Isaac Mendes da Graça,Winger,Progression,"Focus on ball carrying, progression and successful dribbling."
40538,Jin-Su Kim,Full Back,Passing,Focus on pass completion and consistent ball distribution.
40538,Jin-Su Kim,Full Back,Progression,"Focus on ball carrying, progression and successful dribbling."
40672,Moon-Hwan Kim,Full Back,Attacking,"Focus on shot volume, shot quality and finishing opportunities."
40672,Moon-Hwan Kim,Full Back,Creativity,"Focus on chance creation, shot assists, through balls and crosses."
41092,Nuno Mendes,Full Back,Creativity,"Focus on chance creation, shot assists, through balls and crosses."
41092,Nuno Mendes,Full Back,Defensive,"Focus on defensive pressure, tackles, interceptions and recoveries."
41202,Giorgi Kochorashvili,Midfielder,Creativity,"Focus on chance creation, shot assists, through balls and crosses."
41202,Giorgi Kochorashvili,Midfielder,Attacking,"Focus on shot volume, shot quality and finishing opportunities."
41593,Willian Joel Pacho Tenorio,Centre Back,Passing,Focus on pass completion and consistent ball distribution.
41593,Willian Joel Pacho Tenorio,Centre Back,Attacking,"Focus on shot volume, shot quality and finishing opportunities."
42527,Sphephelo S''Miso Sithole,Defensive Midfielder,Creativity,"Focus on chance creation, shot assists, through balls and crosses."
42527,Sphephelo S''Miso Sithole,Defensive Midfielder,Passing,Focus on pass completion and consistent ball distribution.
42822,András Schäfer,Midfielder,Creativity,"Focus on chance creation, shot assists, through balls and crosses."
42822,András Schäfer,Midfielder,Progression,"Focus on ball carrying, progression and successful dribbling."
43779,Calvin Bassey Ughelumba,Centre Back,Passing,Focus on pass completion and consistent ball distribution.
43779,Calvin Bassey Ughelumba,Centre Back,Attacking,"Focus on shot volume, shot quality and finishing opportunities."
44166,Jakub Piotr Kiwior,Centre Back,Attacking,"Focus on shot volume, shot quality and finishing opportunities."
44166,Jakub Piotr Kiwior,Centre Back,Passing,Focus on pass completion and consistent ball distribution.
44703,Alistair Johnston,Full Back,Creativity,"Focus on chance creation, shot assists, through balls and crosses."
44703,Alistair Johnston,Full Back,Progression,"Focus on ball carrying, progression and successful dribbling."
44955,Aïssa Bilal Laïdouni,Defensive Midfielder,Attacking,"Focus on shot volume, shot quality and finishing opportunities."
44955,Aïssa Bilal Laïdouni,Defensive Midfielder,Passing,Focus on pass completion and consistent ball distribution.
45190,Dan Ndoye,Full Back,Passing,Focus on pass completion and consistent ball distribution.
45190,Dan Ndoye,Full Back,Defensive,"Focus on defensive pressure, tackles, interceptions and recoveries."
45557,Logan Costa,Centre Back,Attacking,"Focus on shot volume, shot quality and finishing opportunities."
45557,Logan Costa,Centre Back,Passing,Focus on pass completion and consistent ball distribution.
46258,Azzedine Ounahi,Midfielder,Defensive,"Focus on defensive pressure, tackles, interceptions and recoveries."
46258,Azzedine Ounahi,Midfielder,Attacking,"Focus on shot volume, shot quality and finishing opportunities."
46376,Attila Szalai,Centre Back,Passing,Focus on pass completion and consistent ball distribution.
46376,Attila Szalai,Centre Back,Attacking,"Focus on shot volume, shot quality and finishing opportunities."
48347,Amadou Onana,Defensive Midfielder,Creativity,"Focus on chance creation, shot assists, through balls and crosses."
48347,Amadou Onana,Defensive Midfielder,Defensive,"Focus on defensive pressure, tackles, interceptions and recoveries."
48383,Abdülkerim Bardakcı,Centre Back,Progression,"Focus on ball carrying, progression and successful dribbling."
48383,Abdülkerim Bardakcı,Centre Back,Attacking,"Focus on shot volume, shot quality and finishing opportunities."
48720,João Victor Gomes da Silva,Defensive Midfielder,Attacking,"Focus on shot volume, shot quality and finishing opportunities."
48720,João Victor Gomes da Silva,Defensive Midfielder,Creativity,"Focus on chance creation, shot assists, through balls and crosses."
49395,Richard Rios Montoya,Midfielder,Passing,Focus on pass completion and consistent ball distribution.
49395,Richard Rios Montoya,Midfielder,Attacking,"Focus on shot volume, shot quality and finishing opportunities."
49587,Nahuel Adolfo Ferraresi Hernández,Centre Back,Attacking,"Focus on shot volume, shot quality and finishing opportunities."
49587,Nahuel Adolfo Ferraresi Hernández,Centre Back,Creativity,"Focus on chance creation, shot assists, through balls and crosses."
50436,Fabian Rieder,Attacking Midfielder,Attacking,"Focus on shot volume, shot quality and finishing opportunities."
50436,Fabian Rieder,Attacking Midfielder,Passing,Focus on pass completion and consistent ball distribution.
50498,Pape Matar Sarr,Midfielder,Creativity,"Focus on chance creation, shot assists, through balls and crosses."
50498,Pape Matar Sarr,Midfielder,Progression,"Focus on ball carrying, progression and successful dribbling."
50502,Nicola Zalewski,Full Back,Passing,Focus on pass completion and consistent ball distribution.
50502,Nicola Zalewski,Full Back,Creativity,"Focus on chance creation, shot assists, through balls and crosses."
52324,Saúl Basilio Coco-Bassey Oubiña,Centre Back,Progression,"Focus on ball carrying, progression and successful dribbling."
52324,Saúl Basilio Coco-Bassey Oubiña,Centre Back,Passing,Focus on pass completion and consistent ball distribution.
64612,Deon Hotto Kavendji,Midfielder,Passing,Focus on pass completion and consistent ball distribution.
64612,Deon Hotto Kavendji,Midfielder,Progression,"Focus on ball carrying, progression and successful dribbling."
65555,Riaan Hanamub,Full Back,Passing,Focus on pass completion and consistent ball distribution.
65555,Riaan Hanamub,Full Back,Attacking,"Focus on shot volume, shot quality and finishing opportunities."
65719,Khuliso Johnson Mudau,Full Back,Creativity,"Focus on chance creation, shot assists, through balls and crosses."
65719,Khuliso Johnson Mudau,Full Back,Passing,Focus on pass completion and consistent ball distribution.
65723,Peter Shalulile,Forward,Attacking,"Focus on shot volume, shot quality and finishing opportunities."
65723,Peter Shalulile,Forward,Creativity,"Focus on chance creation, shot assists, through balls and crosses."
65726,Themba Zwane,Attacking Midfielder,Creativity,"Focus on chance creation, shot assists, through balls and crosses."
65726,Themba Zwane,Attacking Midfielder,Defensive,"Focus on defensive pressure, tackles, interceptions and recoveries."
65727,Thapelo James Morena,Winger,Progression,"Focus on ball carrying, progression and successful dribbling."
65727,Thapelo James Morena,Winger,Passing,Focus on pass completion and consistent ball distribution.
65732,Mothobi Mvala,Centre Back,Progression,"Focus on ball carrying, progression and successful dribbling."
65732,Mothobi Mvala,Centre Back,Creativity,"Focus on chance creation, shot assists, through balls and crosses."
65733,Aubrey Maphosa Modiba,Full Back,Creativity,"Focus on chance creation, shot assists, through balls and crosses."
65733,Aubrey Maphosa Modiba,Full Back,Progression,"Focus on ball carrying, progression and successful dribbling."
65853,Evidence Makgopa,Forward,Progression,"Focus on ball carrying, progression and successful dribbling."
65853,Evidence Makgopa,Forward,Attacking,"Focus on shot volume, shot quality and finishing opportunities."
66716,Teboho Mokoena,Defensive Midfielder,Defensive,"Focus on defensive pressure, tackles, interceptions and recoveries."
66716,Teboho Mokoena,Defensive Midfielder,Passing,Focus on pass completion and consistent ball distribution.
66721,Ronwen Williams,Goalkeeper,Attacking,"Focus on shot volume, shot quality and finishing opportunities."
66721,Ronwen Williams,Goalkeeper,Defensive,"Focus on defensive pressure, tackles, interceptions and recoveries."
66886,Mostafa Mohamed Ahmed Abdallah,Forward,Creativity,"Focus on chance creation, shot assists, through balls and crosses."
66886,Mostafa Mohamed Ahmed Abdallah,Forward,Passing,Focus on pass completion and consistent ball distribution.
66887,Hamdi Fathi,Midfielder,Progression,"Focus on ball carrying, progression and successful dribbling."
66887,Hamdi Fathi,Midfielder,Creativity,"Focus on chance creation, shot assists, through balls and crosses."
66892,Mohamed Hany Gamal Eldemerdash,Full Back,Defensive,"Focus on defensive pressure, tackles, interceptions and recoveries."
66892,Mohamed Hany Gamal Eldemerdash,Full Back,Passing,Focus on pass completion and consistent ball distribution.
68574,Nicholas Williams Arthuer,Winger,Defensive,"Focus on defensive pressure, tackles, interceptions and recoveries."
68574,Nicholas Williams Arthuer,Winger,Attacking,"Focus on shot volume, shot quality and finishing opportunities."
69563,Mohamed Abdelmonem,Centre Back,Creativity,"Focus on chance creation, shot assists, through balls and crosses."
69563,Mohamed Abdelmonem,Centre Back,Defensive,"Focus on defensive pressure, tackles, interceptions and recoveries."
70093,Gomolemo Grant Kekana,Centre Back,Attacking,"Focus on shot volume, shot quality and finishing opportunities."
70093,Gomolemo Grant Kekana,Centre Back,Progression,"Focus on ball carrying, progression and successful dribbling."
70835,Mohamed Hamdy Sharaf,Full Back,Attacking,"Focus on shot volume, shot quality and finishing opportunities."
70835,Mohamed Hamdy Sharaf,Full Back,Progression,"Focus on ball carrying, progression and successful dribbling."
74588,Christopher Wooh,Centre Back,Creativity,"Focus on chance creation, shot assists, through balls and crosses."
74588,Christopher Wooh,Centre Back,Passing,Focus on pass completion and consistent ball distribution.
99174,Kobbie Mainoo,Defensive Midfielder,Defensive,"Focus on defensive pressure, tackles, interceptions and recoveries."
99174,Kobbie Mainoo,Defensive Midfielder,Progression,"Focus on ball carrying, progression and successful dribbling."
102371,Giorgi Mamardashvili,Goalkeeper,Progression,"Focus on ball carrying, progression and successful dribbling."
102371,Giorgi Mamardashvili,Goalkeeper,Passing,Focus on pass completion and consistent ball distribution.
102722,Siyanda Xulu,Centre Back,Defensive,"Focus on defensive pressure, tackles, interceptions and recoveries."
102722,Siyanda Xulu,Centre Back,Progression,"Focus on ball carrying, progression and successful dribbling."
102800,Issoufou Dayo,Centre Back,Passing,Focus on pass completion and consistent ball distribution.
102800,Issoufou Dayo,Centre Back,Progression,"Focus on ball carrying, progression and successful dribbling."
102992,Djigui Diarra,Goalkeeper,Progression,"Focus on ball carrying, progression and successful dribbling."
102992,Djigui Diarra,Goalkeeper,Passing,Focus on pass completion and consistent ball distribution.
103208,Kialonda Gaspar,Centre Back,Passing,Focus on pass completion and consistent ball distribution.
103208,Kialonda Gaspar,Centre Back,Attacking,"Focus on shot volume, shot quality and finishing opportunities."
104179,Orlando Mosquera,Goalkeeper,Attacking,"Focus on shot volume, shot quality and finishing opportunities."
104179,Orlando Mosquera,Goalkeeper,Passing,Focus on pass completion and consistent ball distribution.
105182,Lassine Sinayoko,Forward,Attacking,"Focus on shot volume, shot quality and finishing opportunities."
105182,Lassine Sinayoko,Forward,Creativity,"Focus on chance creation, shot assists, through balls and crosses."
105764,Basilio Ndong Owono Nchamaaa,Full Back,Passing,Focus on pass completion and consistent ball distribution.
105764,Basilio Ndong Owono Nchamaaa,Full Back,Progression,"Focus on ball carrying, progression and successful dribbling."
105765,Jesús Lázaro Owono Ngua Akeng,Goalkeeper,Attacking,"Focus on shot volume, shot quality and finishing opportunities."
105765,Jesús Lázaro Owono Ngua Akeng,Goalkeeper,Passing,Focus on pass completion and consistent ball distribution.
105932,Josimar José Évora Dias,Goalkeeper,Creativity,"Focus on chance creation, shot assists, through balls and crosses."
105932,Josimar José Évora Dias,Goalkeeper,Attacking,"Focus on shot volume, shot quality and finishing opportunities."
105942,Pablo Ganet Cómitre,Defensive Midfielder,Progression,"Focus on ball carrying, progression and successful dribbling."
105942,Pablo Ganet Cómitre,Defensive Midfielder,Passing,Focus on pass completion and consistent ball distribution.
105944,Wajdi Kechrida,Full Back,Attacking,"Focus on shot volume, shot quality and finishing opportunities."
105944,Wajdi Kechrida,Full Back,Passing,Focus on pass completion and consistent ball distribution.
105946,Henoc Inonga Baka,Centre Back,Progression,"Focus on ball carrying, progression and successful dribbling."
105946,Henoc Inonga Baka,Centre Back,Passing,Focus on pass completion and consistent ball distribution.
113450,Jon Mikel Aramburu Mejías,Full Back,Progression,"Focus on ball carrying, progression and successful dribbling."
113450,Jon Mikel Aramburu Mejías,Full Back,Passing,Focus on pass completion and consistent ball distribution.
116587,Arda Güler,Winger,Attacking,"Focus on shot volume, shot quality and finishing opportunities."
116587,Arda Güler,Winger,Defensive,"Focus on defensive pressure, tackles, interceptions and recoveries."
125324,Lloyd Junior Kazapua,Goalkeeper,Progression,"Focus on ball carrying, progression and successful dribbling."
125324,Lloyd Junior Kazapua,Goalkeeper,Passing,Focus on pass completion and consistent ball distribution.
128881,Cristóvão Paciência Mabululo,Forward,Passing,Focus on pass completion and consistent ball distribution.
128881,Cristóvão Paciência Mabululo,Forward,Progression,"Focus on ball carrying, progression and successful dribbling."
132711,Sekou Oumar Sylla,Winger,Progression,"Focus on ball carrying, progression and successful dribbling."
132711,Sekou Oumar Sylla,Winger,Passing,Focus on pass completion and consistent ball distribution.
132800,Kevin Lenini Gonçalves Pereira de Pina,Defensive Midfielder,Creativity,"Focus on chance creation, shot assists, through balls and crosses."
132800,Kevin Lenini Gonçalves Pereira de Pina,Defensive Midfielder,Passing,Focus on pass completion and consistent ball distribution.
133038,João Paulo Moreira Fernandes,Full Back,Creativity,"Focus on chance creation, shot assists, through balls and crosses."
133038,João Paulo Moreira Fernandes,Full Back,Passing,Focus on pass completion and consistent ball distribution.
133229,Ismael Koné,Defensive Midfielder,Creativity,"Focus on chance creation, shot assists, through balls and crosses."
133229,Ismael Koné,Defensive Midfielder,Defensive,"Focus on defensive pressure, tackles, interceptions and recoveries."
133305,Samet Akaydin,Centre Back,Creativity,"Focus on chance creation, shot assists, through balls and crosses."
133305,Samet Akaydin,Centre Back,Progression,"Focus on ball carrying, progression and successful dribbling."
134209,Barış Alper Yılmaz,Winger,Attacking,"Focus on shot volume, shot quality and finishing opportunities."
134209,Barış Alper Yılmaz,Winger,Passing,Focus on pass completion and consistent ball distribution.
135004,Lubeni Haukongo,Centre Back,Passing,Focus on pass completion and consistent ball distribution.
135004,Lubeni Haukongo,Centre Back,Attacking,"Focus on shot volume, shot quality and finishing opportunities."
135849,Adilson Cipriano da Cruz,Goalkeeper,Passing,Focus on pass completion and consistent ball distribution.
135849,Adilson Cipriano da Cruz,Goalkeeper,Progression,"Focus on ball carrying, progression and successful dribbling."
136406,Aprocious Petrus,Defensive Midfielder,Passing,Focus on pass completion and consistent ball distribution.
136406,Aprocious Petrus,Defensive Midfielder,Progression,"Focus on ball carrying, progression and successful dribbling."
137487,Žan Karničnik,Full Back,Passing,Focus on pass completion and consistent ball distribution.
137487,Žan Karničnik,Full Back,Creativity,"Focus on chance creation, shot assists, through balls and crosses."
145058,Eddie Marcos Melo Afonso,Full Back,Progression,"Focus on ball carrying, progression and successful dribbling."
145058,Eddie Marcos Melo Afonso,Full Back,Attacking,"Focus on shot volume, shot quality and finishing opportunities."
149714,Abdessamad Ezzalzouli,Midfielder,Passing,Focus on pass completion and consistent ball distribution.
149714,Abdessamad Ezzalzouli,Midfielder,Defensive,"Focus on defensive pressure, tackles, interceptions and recoveries."
151813,Kenan Yildiz,Winger,Creativity,"Focus on chance creation, shot assists, through balls and crosses."
151813,Kenan Yildiz,Winger,Defensive,"Focus on defensive pressure, tackles, interceptions and recoveries."
162132,Kamory Doumbia,Attacking Midfielder,Progression,"Focus on ball carrying, progression and successful dribbling."
162132,Kamory Doumbia,Attacking Midfielder,Attacking,"Focus on shot volume, shot quality and finishing opportunities."
176683,Ibrahim Diakité,Full Back,Defensive,"Focus on defensive pressure, tackles, interceptions and recoveries."
176683,Ibrahim Diakité,Full Back,Passing,Focus on pass completion and consistent ball distribution.
182573,Ibrahim Kone,Goalkeeper,Defensive,"Focus on defensive pressure, tackles, interceptions and recoveries."
182573,Ibrahim Kone,Goalkeeper,Creativity,"Focus on chance creation, shot assists, through balls and crosses."
189348,Frank Magri,Forward,Attacking,"Focus on shot volume, shot quality and finishing opportunities."
189348,Frank Magri,Forward,Passing,Focus on pass completion and consistent ball distribution.
205932,Vanja Drkušić,Centre Back,Passing,Focus on pass completion and consistent ball distribution.
205932,Vanja Drkušić,Centre Back,Progression,"Focus on ball carrying, progression and successful dribbling."
223971,José Ángel Córdoba Chambers,Centre Back,Attacking,"Focus on shot volume, shot quality and finishing opportunities."
223971,José Ángel Córdoba Chambers,Centre Back,Creativity,"Focus on chance creation, shot assists, through balls and crosses."
260212,Edgardo Isaac Fariña Wynter,Centre Back,Creativity,"Focus on chance creation, shot assists, through balls and crosses."
260212,Edgardo Isaac Fariña Wynter,Centre Back,Passing,Focus on pass completion and consistent ball distribution.
264381,Kennedy Amutenya,Centre Back,Passing,Focus on pass completion and consistent ball distribution.
264381,Kennedy Amutenya,Centre Back,Progression,"Focus on ball carrying, progression and successful dribbling."
264954,Lamine Ba,Centre Back,Progression,"Focus on ball carrying, progression and successful dribbling."
264954,Lamine Ba,Centre Back,Passing,Focus on pass completion and consistent ball distribution.
264956,Ibrahima Keita,Full Back,Passing,Focus on pass completion and consistent ball distribution.
264956,Ibrahima Keita,Full Back,Attacking,"Focus on shot volume, shot quality and finishing opportunities."
316046,Lamine Yamal Nasraoui Ebana,Winger,Defensive,"Focus on defensive pressure, tackles, interceptions and recoveries."
316046,Lamine Yamal Nasraoui Ebana,Winger,Attacking,"Focus on shot volume, shot quality and finishing opportunities."
341163,Omaré Gassama,Defensive Midfielder,Passing,Focus on pass completion and consistent ball distribution.
341163,Omaré Gassama,Defensive Midfielder,Attacking,"Focus on shot volume, shot quality and finishing opportunities."
358410,Stanley Bobo Nwabali,Goalkeeper,Passing,Focus on pass completion and consistent ball distribution.
358410,Stanley Bobo Nwabali,Goalkeeper,Progression,"Focus on ball carrying, progression and successful dribbling."
383250,Moise Bombito,Centre Back,Creativity,"Focus on chance creation, shot assists, through balls and crosses."
383250,Moise Bombito,Centre Back,Passing,Focus on pass completion and consistent ball distribution.
384888,Ray Kendry Páez Andrade,Winger,Creativity,"Focus on chance creation, shot assists, through balls and crosses."
384888,Ray Kendry Páez Andrade,Winger,Passing,Focus on pass completion and consistent ball distribution.
482851,Esteban Orozco Fernández,Centre Back,Progression,"Focus on ball carrying, progression and successful dribbling."
482851,Esteban Orozco Fernández,Centre Back,Attacking,"Focus on shot volume, shot quality and finishing opportunities."
