player_id,player_name,position_group,similar_player_id,similar_player_name,similarity
3043,Christian Dannemann Eriksen,Attacking Midfielder,8518,Marcel Sabitzer,0.6772
3043,Christian Dannemann Eriksen,Attacking Midfielder,3089,Kevin De Bruyne,0.5747
3043,Christian Dannemann Eriksen,Attacking Midfielder,5692,Juan Fernando Quintero Paniagua,0.4863
3043,Christian Dannemann Eriksen,Attacking Midfielder,5695,James David Rodríguez Rubio,0.3524
3043,Christian Dannemann Eriksen,Attacking Midfielder,5560,Carlos Alberto Vela Garrido,0.3415
3089,Kevin De Bruyne,Attacking Midfielder,5204,Bruno Miguel Borges Fernandes,0.7054
3089,Kevin De Bruyne,Attacking Midfielder,3043,Christian Dannemann Eriksen,0.5747
3089,Kevin De Bruyne,Attacking Midfielder,5695,James David Rodríguez Rubio,0.5223
3089,Kevin De Bruyne,Attacking Midfielder,8518,Marcel Sabitzer,0.5098
3089,Kevin De Bruyne,Attacking Midfielder,5692,Juan Fernando Quintero Paniagua,0.4899
3436,Idrissa Gana Gueye,Attacking Midfielder,16026,Djibril Sow,0.6896
3436,Idrissa Gana Gueye,Attacking Midfielder,39559,Aguibou Camara,0.6791
3436,Idrissa Gana Gueye,Attacking Midfielder,3517,Aaron Ramsey,0.5864
3436,Idrissa Gana Gueye,Attacking Midfielder,5589,Sergej Milinković-Savić,0.4845
3436,Idrissa Gana Gueye,Attacking Midfielder,162132,Kamory Doumbia,0.4821
3517,Aaron Ramsey,Attacking Midfielder,3436,Idrissa Gana Gueye,0.5864
3517,Aaron Ramsey,Attacking Midfielder,39559,Aguibou Camara,0.5366
3517,Aaron Ramsey,Attacking Midfielder,5589,Sergej Milinković-Savić,0.517
3517,Aaron Ramsey,Attacking Midfielder,5226,Mehdi Taremi,0.5098
3517,Aaron Ramsey,Attacking Midfielder,35592,Anis Ben Slimane,0.4937
3567,Georginio Wijnaldum,Attacking Midfielder,17033,Mohammed Kudus,0.5832
3567,Georginio Wijnaldum,Attacking Midfielder,5554,Blerim Džemaili,0.5295
3567,Georginio Wijnaldum,Attacking Midfielder,23892,Aboubakary Koita,0.4892
3567,Georginio Wijnaldum,Attacking Midfielder,3517,Aaron Ramsey,0.4553
3567,Georginio Wijnaldum,Attacking Midfielder,5226,Mehdi Taremi,0.3976
3621,Eden Hazard,Attacking Midfielder,5560,Carlos Alberto Vela Garrido,0.5938
3621,Eden Hazard,Attacking Midfielder,3089,Kevin De Bruyne,0.4416
3621,Eden Hazard,Attacking Midfielder,65726,Themba Zwane,0.4363
3621,Eden Hazard,Attacking Midfielder,5692,Juan Fernando Quintero Paniagua,0.4116
3621,Eden Hazard,Attacking Midfielder,17033,Mohammed Kudus,0.3332
3831,Dušan Tadić,Attacking Midfielder,28729,Diego Nicolás De La Cruz Arcosa,0.7284
3831,Dušan Tadić,Attacking Midfielder,50436,Fabian Rieder,0.5184
3831,Dušan Tadić,Attacking Midfielder,5630,Dries Mertens,0.4382
3831,Dušan Tadić,Attacking Midfielder,5177,Aleksandr Golovin,0.3407
3831,Dušan Tadić,Attacking Midfielder,5695,James David Rodríguez Rubio,0.3334
5177,Aleksandr Golovin,Attacking Midfielder,50436,Fabian Rieder,0.5808
5177,Aleksandr Golovin,Attacking Midfielder,3831,Dušan Tadić,0.3407
5177,Aleksandr Golovin,Attacking Midfielder,24977,Christoph Baumgartner,0.2758
5177,Aleksandr Golovin,Attacking Midfielder,5630,Dries Mertens,0.2699
5177,Aleksandr Golovin,Attacking Midfielder,5226,Mehdi Taremi,0.2484
5204,Bruno Miguel Borges Fernandes,Attacking Midfielder,3089,Kevin De Bruyne,0.7054
5204,Bruno Miguel Borges Fernandes,Attacking Midfielder,5487,Antoine Griezmann,0.4673
5204,Bruno Miguel Borges Fernandes,Attacking Midfielder,5695,James David Rodríguez Rubio,0.4149
5204,Bruno Miguel Borges Fernandes,Attacking Midfielder,8518,Marcel Sabitzer,0.3904
5204,Bruno Miguel Borges Fernandes,Attacking Midfielder,24977,Christoph Baumgartner,0.3611
5226,Mehdi Taremi,Attacking Midfielder,30401,Ruben Vargas,0.6857
5226,Mehdi Taremi,Attacking Midfielder,39559,Aguibou Camara,0.5741
5226,Mehdi Taremi,Attacking Midfielder,5554,Blerim Džemaili,0.5615
5226,Mehdi Taremi,Attacking Midfielder,3517,Aaron Ramsey,0.5098
5226,Mehdi Taremi,Attacking Midfielder,3567,Georginio Wijnaldum,0.3976
5487,Antoine Griezmann,Attacking Midfielder,5204,Bruno Miguel Borges Fernandes,0.4673
5487,Antoine Griezmann,Attacking Midfielder,30401,Ruben Vargas,0.4119
5487,Antoine Griezmann,Attacking Midfielder,3043,Christian Dannemann Eriksen,0.2767
5487,Antoine Griezmann,Attacking Midfielder,5560,Carlos Alberto Vela Garrido,0.2684
5487,Antoine Griezmann,Attacking Midfielder,5519,Christian Alberto Cueva Bravo,0.2568
5519,Christian Alberto Cueva Bravo,Attacking Midfielder,30714,Jude Bellingham,0.5602
5519,Christian Alberto Cueva Bravo,Attacking Midfielder,10287,İlkay Gündoğan,0.3839
5519,Christian Alberto Cueva Bravo,Attacking Midfielder,5560,Carlos Alberto Vela Garrido,0.3276
5519,Christian Alberto Cueva Bravo,Attacking Midfielder,5692,Juan Fernando Quintero Paniagua,0.2899
5519,Christian Alberto Cueva Bravo,Attacking Midfielder,5589,Sergej Milinković-Savić,0.2617
5554,Blerim Džemaili,Attacking Midfielder,5226,Mehdi Taremi,0.5615
5554,Blerim Džemaili,Attacking Midfielder,3567,Georginio Wijnaldum,0.5295
5554,Blerim Džemaili,Attacking Midfielder,23892,Aboubakary Koita,0.4718
5554,Blerim Džemaili,Attacking Midfielder,5630,Dries Mertens,0.4054
5554,Blerim Džemaili,Attacking Midfielder,39559,Aguibou Camara,0.3957
5560,Carlos Alberto Vela Garrido,Attacking Midfielder,3621,Eden Hazard,0.5938
5560,Carlos Alberto Vela Garrido,Attacking Midfielder,17033,Mohammed Kudus,0.4173
5560,Carlos Alberto Vela Garrido,Attacking Midfielder,3089,Kevin De Bruyne,0.3881
5560,Carlos Alberto Vela Garrido,Attacking Midfielder,3043,Christian Dannemann Eriksen,0.3415
5560,Carlos Alberto Vela Garrido,Attacking Midfielder,5519,Christian Alberto Cueva Bravo,0.3276
5589,Sergej Milinković-Savić,Attacking Midfielder,3517,Aaron Ramsey,0.517
5589,Sergej Milinković-Savić,Attacking Midfielder,3436,Idrissa Gana Gueye,0.4845
5589,Sergej Milinković-Savić,Attacking Midfielder,39559,Aguibou Camara,0.368
5589,Sergej Milinković-Savić,Attacking Midfielder,30714,Jude Bellingham,0.2895
5589,Sergej Milinković-Savić,Attacking Midfielder,5226,Mehdi Taremi,0.2884
5630,Dries Mertens,Attacking Midfielder,28729,Diego Nicolás De La Cruz Arcosa,0.6527
5630,Dries Mertens,Attacking Midfielder,50436,Fabian Rieder,0.6159
5630,Dries Mertens,Attacking Midfielder,3831,Dušan Tadić,0.4382
5630,Dries Mertens,Attacking Midfielder,5554,Blerim Džemaili,0.4054
5630,Dries Mertens,Attacking Midfielder,35592,Anis Ben Slimane,0.4021
5692,Juan Fernando Quintero Paniagua,Attacking Midfielder,5695,James David Rodríguez Rubio,0.5448
5692,Juan Fernando Quintero Paniagua,Attacking Midfielder,3089,Kevin De Bruyne,0.4899
5692,Juan Fernando Quintero Paniagua,Attacking Midfielder,3043,Christian Dannemann Eriksen,0.4863
5692,Juan Fernando Quintero Paniagua,Attacking Midfielder,8518,Marcel Sabitzer,0.4645
5692,Juan Fernando Quintero Paniagua,Attacking Midfielder,10287,İlkay Gündoğan,0.4274
5695,James David Rodríguez Rubio,Attacking Midfielder,5692,Juan Fernando Quintero Paniagua,0.5448
5695,James David Rodríguez Rubio,Attacking Midfielder,3089,Kevin De Bruyne,0.5223
5695,James David Rodríguez Rubio,Attacking Midfielder,5204,Bruno Miguel Borges Fernandes,0.4149
5695,James David Rodríguez Rubio,Attacking Midfielder,28729,Diego Nicolás De La Cruz Arcosa,0.4097
5695,James David Rodríguez Rubio,Attacking Midfielder,3043,Christian Dannemann Eriksen,0.3524
7801,Antonín Barák,Attacking Midfielder,8518,Marcel Sabitzer,0.4024
7801,Antonín Barák,Attacking Midfielder,35592,Anis Ben Slimane,0.3496
7801,Antonín Barák,Attacking Midfielder,23785,Théo Bongonda Mbul'Ofeko Batombo,0.3159
7801,Antonín Barák,Attacking Midfielder,5692,Juan Fernando Quintero Paniagua,0.1739
7801,Antonín Barák,Attacking Midfielder,17042,Andreas Skov Olsen,0.1562
7843,Mason Mount,Attacking Midfielder,17042,Andreas Skov Olsen,0.6158
7843,Mason Mount,Attacking Midfielder,23559,José Ndong Machín Dicombo,0.5304
7843,Mason Mount,Attacking Midfielder,16026,Djibril Sow,0.4916
7843,Mason Mount,Attacking Midfielder,39559,Aguibou Camara,0.392
7843,Mason Mount,Attacking Midfielder,3436,Idrissa Gana Gueye,0.3323
8518,Marcel Sabitzer,Attacking Midfielder,3043,Christian Dannemann Eriksen,0.6772
8518,Marcel Sabitzer,Attacking Midfielder,3089,Kevin De Bruyne,0.5098
8518,Marcel Sabitzer,Attacking Midfielder,5692,Juan Fernando Quintero Paniagua,0.4645
8518,Marcel Sabitzer,Attacking Midfielder,7801,Antonín Barák,0.4024
8518,Marcel Sabitzer,Attacking Midfielder,5204,Bruno Miguel Borges Fernandes,0.3904
10287,İlkay Gündoğan,Attacking Midfielder,30714,Jude Bellingham,0.5827
10287,İlkay Gündoğan,Attacking Midfielder,65726,Themba Zwane,0.5006
10287,İlkay Gündoğan,Attacking Midfielder,5692,Juan Fernando Quintero Paniagua,0.4274
10287,İlkay Gündoğan,Attacking Midfielder,5519,Christian Alberto Cueva Bravo,0.3839
10287,İlkay Gündoğan,Attacking Midfielder,8518,Marcel Sabitzer,0.3412
16026,Djibril Sow,Attacking Midfielder,3436,Idrissa Gana Gueye,0.6896
16026,Djibril Sow,Attacking Midfielder,23559,José Ndong Machín Dicombo,0.6025
16026,Djibril Sow,Attacking Midfielder,39559,Aguibou Camara,0.5513
16026,Djibril Sow,Attacking Midfielder,35592,Anis Ben Slimane,0.5157
16026,Djibril Sow,Attacking Midfielder,7843,Mason Mount,0.4916
17033,Mohammed Kudus,Attacking Midfielder,23892,Aboubakary Koita,0.6377
17033,Mohammed Kudus,Attacking Midfielder,3567,Georginio Wijnaldum,0.5832
17033,Mohammed Kudus,Attacking Midfielder,5560,Carlos Alberto Vela Garrido,0.4173
17033,Mohammed Kudus,Attacking Midfielder,3621,Eden Hazard,0.3332
17033,Mohammed Kudus,Attacking Midfielder,24977,Christoph Baumgartner,0.2501
17042,Andreas Skov Olsen,Attacking Midfielder,7843,Mason Mount,0.6158
17042,Andreas Skov Olsen,Attacking Midfielder,23559,José Ndong Machín Dicombo,0.4537
17042,Andreas Skov Olsen,Attacking Midfielder,23785,Théo Bongonda Mbul'Ofeko Batombo,0.3368
17042,Andreas Skov Olsen,Attacking Midfielder,39559,Aguibou Camara,0.2994
17042,Andreas Skov Olsen,Attacking Midfielder,16026,Djibril Sow,0.2556
23559,José Ndong Machín Dicombo,Attacking Midfielder,16026,Djibril Sow,0.6025
23559,José Ndong Machín Dicombo,Attacking Midfielder,7843,Mason Mount,0.5304
23559,José Ndong Machín Dicombo,Attacking Midfielder,17042,Andreas Skov Olsen,0.4537
23559,José Ndong Machín Dicombo,Attacking Midfielder,35592,Anis Ben Slimane,0.4279
23559,José Ndong Machín Dicombo,Attacking Midfielder,23785,Théo Bongonda Mbul'Ofeko Batombo,0.3608
23785,Théo Bongonda Mbul'Ofeko Batombo,Attacking Midfielder,35592,Anis Ben Slimane,0.5369
23785,Théo Bongonda Mbul'Ofeko Batombo,Attacking Midfielder,23892,Aboubakary Koita,0.5259
23785,Théo Bongonda Mbul'Ofeko Batombo,Attacking Midfielder,23559,José Ndong Machín Dicombo,0.3608
23785,Théo Bongonda Mbul'Ofeko Batombo,Attacking Midfielder,17042,Andreas Skov Olsen,0.3368
23785,Théo Bongonda Mbul'Ofeko Batombo,Attacking Midfielder,7801,Antonín Barák,0.3159
23892,Aboubakary Koita,Attacking Midfielder,17033,Mohammed Kudus,0.6377
23892,Aboubakary Koita,Attacking Midfielder,23785,Théo Bongonda Mbul'Ofeko Batombo,0.5259
23892,Aboubakary Koita,Attacking Midfielder,3567,Georginio Wijnaldum,0.4892
23892,Aboubakary Koita,Attacking Midfielder,5554,Blerim Džemaili,0.4718
23892,Aboubakary Koita,Attacking Midfielder,5226,Mehdi Taremi,0.2983
24977,Christoph Baumgartner,Attacking Midfielder,5204,Bruno Miguel Borges Fernandes,0.3611
24977,Christoph Baumgartner,Attacking Midfielder,5177,Aleksandr Golovin,0.2758
24977,Christoph Baumgartner,Attacking Midfielder,5554,Blerim Džemaili,0.2641
24977,Christoph Baumgartner,Attacking Midfielder,5487,Antoine Griezmann,0.2529
24977,Christoph Baumgartner,Attacking Midfielder,17033,Mohammed Kudus,0.2501
28729,Diego Nicolás De La Cruz Arcosa,Attacking Midfielder,3831,Dušan Tadić,0.7284
28729,Diego Nicolás De La Cruz Arcosa,Attacking Midfielder,5630,Dries Mertens,0.6527
28729,Diego Nicolás De La Cruz Arcosa,Attacking Midfielder,5695,James David Rodríguez Rubio,0.4097
28729,Diego Nicolás De La Cruz Arcosa,Attacking Midfielder,50436,Fabian Rieder,0.3463
28729,Diego Nicolás De La Cruz Arcosa,Attacking Midfielder,3089,Kevin De Bruyne,0.3052
30401,Ruben Vargas,Attacking Midfielder,5226,Mehdi Taremi,0.6857
30401,Ruben Vargas,Attacking Midfielder,3517,Aaron Ramsey,0.4341
30401,Ruben Vargas,Attacking Midfielder,5487,Antoine Griezmann,0.4119
30401,Ruben Vargas,Attacking Midfielder,39559,Aguibou Camara,0.3595
30401,Ruben Vargas,Attacking Midfielder,5589,Sergej Milinković-Savić,0.2359
30714,Jude Bellingham,Attacking Midfielder,10287,İlkay Gündoğan,0.5827
30714,Jude Bellingham,Attacking Midfielder,5519,Christian Alberto Cueva Bravo,0.5602
30714,Jude Bellingham,Attacking Midfielder,65726,Themba Zwane,0.4837
30714,Jude Bellingham,Attacking Midfielder,3436,Idrissa Gana Gueye,0.4693
30714,Jude Bellingham,Attacking Midfielder,5589,Sergej Milinković-Savić,0.2895
35592,Anis Ben Slimane,Attacking Midfielder,23785,Théo Bongonda Mbul'Ofeko Batombo,0.5369
35592,Anis Ben Slimane,Attacking Midfielder,16026,Djibril Sow,0.5157
35592,Anis Ben Slimane,Attacking Midfielder,3517,Aaron Ramsey,0.4937
35592,Anis Ben Slimane,Attacking Midfielder,23559,José Ndong Machín Dicombo,0.4279
35592,Anis Ben Slimane,Attacking Midfielder,5630,Dries Mertens,0.4021
39167,Xavi Simons,Attacking Midfielder,162132,Kamory Doumbia,0.4155
39167,Xavi Simons,Attacking Midfielder,3621,Eden Hazard,0.2586
39167,Xavi Simons,Attacking Midfielder,10287,İlkay Gündoğan,0.2487
39167,Xavi Simons,Attacking Midfielder,5695,James David Rodríguez Rubio,0.2404
39167,Xavi Simons,Attacking Midfielder,8518,Marcel Sabitzer,0.2217
39559,Aguibou Camara,Attacking Midfielder,3436,Idrissa Gana Gueye,0.6791
39559,Aguibou Camara,Attacking Midfielder,5226,Mehdi Taremi,0.5741
39559,Aguibou Camara,Attacking Midfielder,16026,Djibril Sow,0.5513
39559,Aguibou Camara,Attacking Midfielder,3517,Aaron Ramsey,0.5366
39559,Aguibou Camara,Attacking Midfielder,50436,Fabian Rieder,0.4597
50436,Fabian Rieder,Attacking Midfielder,5630,Dries Mertens,0.6159
50436,Fabian Rieder,Attacking Midfielder,5177,Aleksandr Golovin,0.5808
50436,Fabian Rieder,Attacking Midfielder,3831,Dušan Tadić,0.5184
50436,Fabian Rieder,Attacking Midfielder,39559,Aguibou Camara,0.4597
50436,Fabian Rieder,Attacking Midfielder,35592,Anis Ben Slimane,0.358
65726,Themba Zwane,Attacking Midfielder,10287,İlkay Gündoğan,0.5006
65726,Themba Zwane,Attacking Midfielder,30714,Jude Bellingham,0.4837
65726,Themba Zwane,Attacking Midfielder,3621,Eden Hazard,0.4363
65726,Themba Zwane,Attacking Midfielder,5692,Juan Fernando Quintero Paniagua,0.3148
65726,Themba Zwane,Attacking Midfielder,5519,Christian Alberto Cueva Bravo,0.1851
162132,Kamory Doumbia,Attacking Midfielder,3436,Idrissa Gana Gueye,0.4821
162132,Kamory Doumbia,Attacking Midfielder,16026,Djibril Sow,0.4263
162132,Kamory Doumbia,Attacking Midfielder,39167,Xavi Simons,0.4155
162132,Kamory Doumbia,Attacking Midfielder,39559,Aguibou Camara,0.3981
162132,Kamory Doumbia,Attacking Midfielder,50436,Fabian Rieder,0.3378
2989,Alexander Djiku,Centre Back,26875,Marcus Andreas Danielsson,0.7834
2989,Alexander Djiku,Centre Back,264954,Lamine Ba,0.7622
2989,Alexander Djiku,Centre Back,6328,Kendall Jamaal Waston Manley,0.7102
2989,Alexander Djiku,Centre Back,39615,Radu Drăgușin,0.7017
2989,Alexander Djiku,Centre Back,5492,Samuel Yves Umtiti,0.6421
2999,Presnel Kimpembe,Centre Back,5201,Sergio Ramos García,0.722
2999,Presnel Kimpembe,Centre Back,3244,John Stones,0.7167
2999,Presnel Kimpembe,Centre Back,3090,Nicolás Hernán Otamendi,0.6495
2999,Presnel Kimpembe,Centre Back,5549,Manuel Obafemi Akanji,0.6397
2999,Presnel Kimpembe,Centre Back,3959,Andreas Christensen,0.5961
3034,Kamil Glik,Centre Back,482851,Esteban Orozco Fernández,0.7979
3034,Kamil Glik,Centre Back,52324,Saúl Basilio Coco-Bassey Oubiña,0.7728
3034,Kamil Glik,Centre Back,70093,Gomolemo Grant Kekana,0.7254
3034,Kamil Glik,Centre Back,7839,Guram Kashia,0.6637
3034,Kamil Glik,Centre Back,7459,Jawad El Yamiq,0.6509
3044,Chancel Mbemba Mangulu,Centre Back,5607,Andreas Granqvist,0.7477
3044,Chancel Mbemba Mangulu,Centre Back,5455,William Troost-Ekong,0.703
3044,Chancel Mbemba Mangulu,Centre Back,5174,Sergei Ignashevich,0.6962
3044,Chancel Mbemba Mangulu,Centre Back,5213,Gerard Piqué Bernabéu,0.6111
3044,Chancel Mbemba Mangulu,Centre Back,383250,Moise Bombito,0.6066
3077,Jan Vertonghen,Centre Back,6322,Niklas Süle,0.7391
3077,Jan Vertonghen,Centre Back,6765,Rodrigo Hernández Cascante,0.6464
3077,Jan Vertonghen,Centre Back,7480,Alessandro Bastoni,0.6387
3077,Jan Vertonghen,Centre Back,5206,Rúben Santos Gato Alves Dias,0.6139
3077,Jan Vertonghen,Centre Back,17592,William Saliba,0.6076
3090,Nicolás Hernán Otamendi,Centre Back,6892,Pau Francisco Torres,0.8738
3090,Nicolás Hernán Otamendi,Centre Back,5201,Sergio Ramos García,0.7505
3090,Nicolás Hernán Otamendi,Centre Back,5549,Manuel Obafemi Akanji,0.7444
3090,Nicolás Hernán Otamendi,Centre Back,3295,Thiago Emiliano da Silva,0.7304
3090,Nicolás Hernán Otamendi,Centre Back,3244,John Stones,0.7296
3101,Vincent Kompany,Centre Back,3669,Virgil van Dijk,0.7558
3101,Vincent Kompany,Centre Back,7713,Obite Evan Ndicka,0.6903
3101,Vincent Kompany,Centre Back,3244,John Stones,0.6521
3101,Vincent Kompany,Centre Back,22128,Robin Aime Robert Le Normand,0.6353
3101,Vincent Kompany,Centre Back,5213,Gerard Piqué Bernabéu,0.6054
3167,Antonio Rüdiger,Centre Back,6765,Rodrigo Hernández Cascante,0.817
3167,Antonio Rüdiger,Centre Back,6322,Niklas Süle,0.794
3167,Antonio Rüdiger,Centre Back,5201,Sergio Ramos García,0.7444
3167,Antonio Rüdiger,Centre Back,6892,Pau Francisco Torres,0.7161
3167,Antonio Rüdiger,Centre Back,22128,Robin Aime Robert Le Normand,0.7103
3244,John Stones,Centre Back,22128,Robin Aime Robert Le Normand,0.9143
3244,John Stones,Centre Back,5206,Rúben Santos Gato Alves Dias,0.8604
3244,John Stones,Centre Back,4353,Aymeric Laporte,0.8592
3244,John Stones,Centre Back,4372,Marcos Aoás Corrêa,0.7391
3244,John Stones,Centre Back,3090,Nicolás Hernán Otamendi,0.7296
3295,Thiago Emiliano da Silva,Centre Back,6892,Pau Francisco Torres,0.7473
3295,Thiago Emiliano da Silva,Centre Back,3336,Harry Maguire,0.7347
3295,Thiago Emiliano da Silva,Centre Back,3090,Nicolás Hernán Otamendi,0.7304
3295,Thiago Emiliano da Silva,Centre Back,5201,Sergio Ramos García,0.6159
3295,Thiago Emiliano da Silva,Centre Back,5213,Gerard Piqué Bernabéu,0.5978
3300,Maya Yoshida,Centre Back,12524,Walker Zimmerman,0.6592
3300,Maya Yoshida,Centre Back,37148,Josip Šutalo,0.5867
3300,Maya Yoshida,Centre Back,103208,Kialonda Gaspar,0.5603
3300,Maya Yoshida,Centre Back,26875,Marcus Andreas Danielsson,0.5199
3300,Maya Yoshida,Centre Back,23331,Boubakar Kouyate,0.5115
3306,Nathan Aké,Centre Back,12293,Kaan Ayhan,0.6126
3306,Nathan Aké,Centre Back,34526,Marc Guehi,0.5982
3306,Nathan Aké,Centre Back,20005,Toby Alderweireld,0.5207
3306,Nathan Aké,Centre Back,4063,Ahmed Elsayed Ali Elsayed Hegazy,0.485
3306,Nathan Aké,Centre Back,3295,Thiago Emiliano da Silva,0.4401
3336,Harry Maguire,Centre Back,3295,Thiago Emiliano da Silva,0.7347
3336,Harry Maguire,Centre Back,5213,Gerard Piqué Bernabéu,0.7257
3336,Harry Maguire,Centre Back,3090,Nicolás Hernán Otamendi,0.7015
3336,Harry Maguire,Centre Back,6892,Pau Francisco Torres,0.6745
3336,Harry Maguire,Centre Back,5201,Sergio Ramos García,0.6041
3471,Dejan Lovren,Centre Back,23331,Boubakar Kouyate,0.7229
3471,Dejan Lovren,Centre Back,16298,Denis Vavro,0.6092
3471,Dejan Lovren,Centre Back,20005,Toby Alderweireld,0.5924
3471,Dejan Lovren,Centre Back,3101,Vincent Kompany,0.5865
3471,Dejan Lovren,Centre Back,7713,Obite Evan Ndicka,0.5339
3494,Davinson Sánchez Mina,Centre Back,10337,Yordan Hernando Osorio Paredes,0.5191
3494,Davinson Sánchez Mina,Centre Back,383250,Moise Bombito,0.4977
3494,Davinson Sánchez Mina,Centre Back,30606,Edmond Fayçal Tapsoba,0.4973
3494,Davinson Sánchez Mina,Centre Back,260212,Edgardo Isaac Fariña Wynter,0.4955
3494,Davinson Sánchez Mina,Centre Back,5675,Kalidou Koulibaly,0.4889
3620,Scott McTominay,Centre Back,16469,Tomáš Holeš,0.6883
3620,Scott McTominay,Centre Back,7104,Mathías Olivera Miramontes,0.6382
3620,Scott McTominay,Centre Back,264381,Kennedy Amutenya,0.5974
3620,Scott McTominay,Centre Back,27719,Strahinja Pavlović,0.5843
3620,Scott McTominay,Centre Back,260212,Edgardo Isaac Fariña Wynter,0.5559
3669,Virgil van Dijk,Centre Back,3101,Vincent Kompany,0.7558
3669,Virgil van Dijk,Centre Back,7360,Julian Jeanvier,0.7278
3669,Virgil van Dijk,Centre Back,7713,Obite Evan Ndicka,0.6192
3669,Virgil van Dijk,Centre Back,6954,Giorgio Chiellini,0.606
3669,Virgil van Dijk,Centre Back,22128,Robin Aime Robert Le Normand,0.5494
3702,Victor Nilsson Lindelöf,Centre Back,70093,Gomolemo Grant Kekana,0.7393
3702,Victor Nilsson Lindelöf,Centre Back,5492,Samuel Yves Umtiti,0.7285
3702,Victor Nilsson Lindelöf,Centre Back,24105,Dylan Batubinsika,0.6126
3702,Victor Nilsson Lindelöf,Centre Back,4267,Mouctar Diakhaby,0.6106
3702,Victor Nilsson Lindelöf,Centre Back,102800,Issoufou Dayo,0.6069
3709,Daniel Amartey,Centre Back,49587,Nahuel Adolfo Ferraresi Hernández,0.6492
3709,Daniel Amartey,Centre Back,5551,João Miranda de Souza Filho,0.5262
3709,Daniel Amartey,Centre Back,48383,Abdülkerim Bardakcı,0.5239
3709,Daniel Amartey,Centre Back,4767,Chris Mepham,0.5028
3709,Daniel Amartey,Centre Back,44166,Jakub Piotr Kiwior,0.4952
3923,Oluwasemilogo Adesewo Ibidapo Ajayi,Centre Back,135004,Lubeni Haukongo,0.7644
3923,Oluwasemilogo Adesewo Ibidapo Ajayi,Centre Back,5220,Morteza Pouraliganji,0.6858
3923,Oluwasemilogo Adesewo Ibidapo Ajayi,Centre Back,11116,Jack Hendry,0.6395
3923,Oluwasemilogo Adesewo Ibidapo Ajayi,Centre Back,5715,Ali Albulayhi,0.635
3923,Oluwasemilogo Adesewo Ibidapo Ajayi,Centre Back,5228,Seyed Majid Hosseini,0.6043
3959,Andreas Christensen,Centre Back,5639,Anga Dedryck Boyata,0.6859
3959,Andreas Christensen,Centre Back,2999,Presnel Kimpembe,0.5961
3959,Andreas Christensen,Centre Back,7787,Stefan de Vrij,0.5814
3959,Andreas Christensen,Centre Back,6990,Milan Škriniar,0.5584
3959,Andreas Christensen,Centre Back,3244,John Stones,0.5547
3960,José Miguel da Rocha Fonte,Centre Back,264381,Kennedy Amutenya,0.5926
3960,José Miguel da Rocha Fonte,Centre Back,48383,Abdülkerim Bardakcı,0.547
3960,José Miguel da Rocha Fonte,Centre Back,10573,Jonathan Buatu Mananga,0.5146
3960,José Miguel da Rocha Fonte,Centre Back,3620,Scott McTominay,0.4958
3960,José Miguel da Rocha Fonte,Centre Back,30606,Edmond Fayçal Tapsoba,0.4934
3969,Aleksandar Dragović,Centre Back,33018,Joško Gvardiol,0.7433
3969,Aleksandar Dragović,Centre Back,37148,Josip Šutalo,0.7195
3969,Aleksandar Dragović,Centre Back,20016,Kléper Laveran Lima Ferreira,0.6191
3969,Aleksandar Dragović,Centre Back,39136,Illia Zabarnyi,0.608
3969,Aleksandar Dragović,Centre Back,4626,Jan Bednarek,0.5522
4063,Ahmed Elsayed Ali Elsayed Hegazy,Centre Back,5830,Kenneth Josiah Omeruo,0.7599
4063,Ahmed Elsayed Ali Elsayed Hegazy,Centre Back,5175,Ilya Kutepov,0.672
4063,Ahmed Elsayed Ali Elsayed Hegazy,Centre Back,13197,Tomáš Kalas,0.6389
4063,Ahmed Elsayed Ali Elsayed Hegazy,Centre Back,5259,José María Giménez de Vargas,0.6158
4063,Ahmed Elsayed Ali Elsayed Hegazy,Centre Back,5468,Domagoj Vida,0.5894
4267,Mouctar Diakhaby,Centre Back,52324,Saúl Basilio Coco-Bassey Oubiña,0.6741
4267,Mouctar Diakhaby,Centre Back,70093,Gomolemo Grant Kekana,0.6495
4267,Mouctar Diakhaby,Centre Back,135004,Lubeni Haukongo,0.611
4267,Mouctar Diakhaby,Centre Back,3702,Victor Nilsson Lindelöf,0.6106
4267,Mouctar Diakhaby,Centre Back,16298,Denis Vavro,0.6047
4353,Aymeric Laporte,Centre Back,5206,Rúben Santos Gato Alves Dias,0.8775
4353,Aymeric Laporte,Centre Back,3244,John Stones,0.8592
4353,Aymeric Laporte,Centre Back,22128,Robin Aime Robert Le Normand,0.8283
4353,Aymeric Laporte,Centre Back,6892,Pau Francisco Torres,0.8
4353,Aymeric Laporte,Centre Back,8221,Jonathan Tah,0.7748
4372,Marcos Aoás Corrêa,Centre Back,8221,Jonathan Tah,0.8251
4372,Marcos Aoás Corrêa,Centre Back,22128,Robin Aime Robert Le Normand,0.8209
4372,Marcos Aoás Corrêa,Centre Back,6765,Rodrigo Hernández Cascante,0.7503
4372,Marcos Aoás Corrêa,Centre Back,3244,John Stones,0.7391
4372,Marcos Aoás Corrêa,Centre Back,5201,Sergio Ramos García,0.7336
4626,Jan Bednarek,Centre Back,7459,Jawad El Yamiq,0.5557
4626,Jan Bednarek,Centre Back,3969,Aleksandar Dragović,0.5522
4626,Jan Bednarek,Centre Back,37148,Josip Šutalo,0.5237
4626,Jan Bednarek,Centre Back,133305,Samet Akaydin,0.5033
4626,Jan Bednarek,Centre Back,27163,Juan Pablo Vargas Campos,0.4881
4767,Chris Mepham,Centre Back,16047,Jaka Bijol,0.8554
4767,Chris Mepham,Centre Back,22293,Harry Souttar,0.8131
4767,Chris Mepham,Centre Back,205932,Vanja Drkušić,0.7503
4767,Chris Mepham,Centre Back,7655,Lasha Dvali,0.74
4767,Chris Mepham,Centre Back,36271,Roberto Lopes,0.7354
5174,Sergei Ignashevich,Centre Back,5455,William Troost-Ekong,0.8332
5174,Sergei Ignashevich,Centre Back,5607,Andreas Granqvist,0.7887
5174,Sergei Ignashevich,Centre Back,3044,Chancel Mbemba Mangulu,0.6962
5174,Sergei Ignashevich,Centre Back,5219,Romain Saïss,0.6576
5174,Sergei Ignashevich,Centre Back,5604,Young-Gwon Kim,0.6454
5175,Ilya Kutepov,Centre Back,13197,Tomáš Kalas,0.7599
5175,Ilya Kutepov,Centre Back,5220,Morteza Pouraliganji,0.6869
5175,Ilya Kutepov,Centre Back,5468,Domagoj Vida,0.6757
5175,Ilya Kutepov,Centre Back,4063,Ahmed Elsayed Ali Elsayed Hegazy,0.672
5175,Ilya Kutepov,Centre Back,41593,Willian Joel Pacho Tenorio,0.61
5201,Sergio Ramos García,Centre Back,6765,Rodrigo Hernández Cascante,0.8906
5201,Sergio Ramos García,Centre Back,7480,Alessandro Bastoni,0.8235
5201,Sergio Ramos García,Centre Back,5213,Gerard Piqué Bernabéu,0.7589
5201,Sergio Ramos García,Centre Back,3090,Nicolás Hernán Otamendi,0.7505
5201,Sergio Ramos García,Centre Back,3167,Antonio Rüdiger,0.7444
5202,José Ignacio Fernández Iglesias,Centre Back,44166,Jakub Piotr Kiwior,0.7367
5202,José Ignacio Fernández Iglesias,Centre Back,17592,William Saliba,0.5409
5202,José Ignacio Fernández Iglesias,Centre Back,8808,Matthias Ginter,0.5163
5202,José Ignacio Fernández Iglesias,Centre Back,5600,Francisco Javier Calvo Quesada,0.4676
5202,José Ignacio Fernández Iglesias,Centre Back,3709,Daniel Amartey,0.4588
5206,Rúben Santos Gato Alves Dias,Centre Back,4353,Aymeric Laporte,0.8775
5206,Rúben Santos Gato Alves Dias,Centre Back,3244,John Stones,0.8604
5206,Rúben Santos Gato Alves Dias,Centre Back,22128,Robin Aime Robert Le Normand,0.8403
5206,Rúben Santos Gato Alves Dias,Centre Back,6322,Niklas Süle,0.8011
5206,Rúben Santos Gato Alves Dias,Centre Back,6892,Pau Francisco Torres,0.7382
5213,Gerard Piqué Bernabéu,Centre Back,5549,Manuel Obafemi Akanji,0.7925
5213,Gerard Piqué Bernabéu,Centre Back,5201,Sergio Ramos García,0.7589
5213,Gerard Piqué Bernabéu,Centre Back,3336,Harry Maguire,0.7257
5213,Gerard Piqué Bernabéu,Centre Back,3090,Nicolás Hernán Otamendi,0.7106
5213,Gerard Piqué Bernabéu,Centre Back,69563,Mohamed Abdelmonem,0.7049
5219,Romain Saïss,Centre Back,5675,Kalidou Koulibaly,0.7011
5219,Romain Saïss,Centre Back,5174,Sergei Ignashevich,0.6576
5219,Romain Saïss,Centre Back,65732,Mothobi Mvala,0.6412
5219,Romain Saïss,Centre Back,5455,William Troost-Ekong,0.5418
5219,Romain Saïss,Centre Back,6196,Yerry Fernando Mina González,0.5339
5220,Morteza Pouraliganji,Centre Back,23760,Derek Cornelius,0.7364
5220,Morteza Pouraliganji,Centre Back,5598,Óscar Esau Duarte Gaitán,0.7213
5220,Morteza Pouraliganji,Centre Back,5175,Ilya Kutepov,0.6869
5220,Morteza Pouraliganji,Centre Back,3923,Oluwasemilogo Adesewo Ibidapo Ajayi,0.6858
5220,Morteza Pouraliganji,Centre Back,135004,Lubeni Haukongo,0.6755
5228,Seyed Majid Hosseini,Centre Back,135004,Lubeni Haukongo,0.8865
5228,Seyed Majid Hosseini,Centre Back,5715,Ali Albulayhi,0.8134
5228,Seyed Majid Hosseini,Centre Back,5220,Morteza Pouraliganji,0.6332
5228,Seyed Majid Hosseini,Centre Back,3923,Oluwasemilogo Adesewo Ibidapo Ajayi,0.6043
5228,Seyed Majid Hosseini,Centre Back,52324,Saúl Basilio Coco-Bassey Oubiña,0.5718
5249,Diego Roberto Godín Leal,Centre Back,23828,Kamal Miller,0.6336
5249,Diego Roberto Godín Leal,Centre Back,8814,Nico Elvedi,0.5163
5249,Diego Roberto Godín Leal,Centre Back,9481,Grant Campbell Hanley,0.5115
5249,Diego Roberto Godín Leal,Centre Back,39615,Radu Drăgușin,0.4781
5249,Diego Roberto Godín Leal,Centre Back,3494,Davinson Sánchez Mina,0.4642
5259,José María Giménez de Vargas,Centre Back,6328,Kendall Jamaal Waston Manley,0.6305
5259,José María Giménez de Vargas,Centre Back,264381,Kennedy Amutenya,0.6243
5259,José María Giménez de Vargas,Centre Back,4063,Ahmed Elsayed Ali Elsayed Hegazy,0.6158
5259,José María Giménez de Vargas,Centre Back,5175,Ilya Kutepov,0.568
5259,José María Giménez de Vargas,Centre Back,16469,Tomáš Holeš,0.533
5455,William Troost-Ekong,Centre Back,5607,Andreas Granqvist,0.8526
5455,William Troost-Ekong,Centre Back,5604,Young-Gwon Kim,0.839
5455,William Troost-Ekong,Centre Back,5174,Sergei Ignashevich,0.8332
5455,William Troost-Ekong,Centre Back,383250,Moise Bombito,0.7814
5455,William Troost-Ekong,Centre Back,3044,Chancel Mbemba Mangulu,0.703
5468,Domagoj Vida,Centre Back,5175,Ilya Kutepov,0.6757
5468,Domagoj Vida,Centre Back,5830,Kenneth Josiah Omeruo,0.6571
5468,Domagoj Vida,Centre Back,4063,Ahmed Elsayed Ali Elsayed Hegazy,0.5894
5468,Domagoj Vida,Centre Back,6328,Kendall Jamaal Waston Manley,0.5513
5468,Domagoj Vida,Centre Back,5492,Samuel Yves Umtiti,0.5511
5485,Raphaël Varane,Centre Back,24105,Dylan Batubinsika,0.7504
5485,Raphaël Varane,Centre Back,18242,Tim Ream,0.7269
5485,Raphaël Varane,Centre Back,27133,Odilon Kossonou,0.7181
5485,Raphaël Varane,Centre Back,3244,John Stones,0.6494
5485,Raphaël Varane,Centre Back,223971,José Ángel Córdoba Chambers,0.6315
5492,Samuel Yves Umtiti,Centre Back,3702,Victor Nilsson Lindelöf,0.7285
5492,Samuel Yves Umtiti,Centre Back,102800,Issoufou Dayo,0.6461
5492,Samuel Yves Umtiti,Centre Back,2989,Alexander Djiku,0.6421
5492,Samuel Yves Umtiti,Centre Back,70093,Gomolemo Grant Kekana,0.6364
5492,Samuel Yves Umtiti,Centre Back,3923,Oluwasemilogo Adesewo Ibidapo Ajayi,0.5753
5534,Simon Thorup Kjær,Centre Back,23331,Boubakar Kouyate,0.5494
5534,Simon Thorup Kjær,Centre Back,5219,Romain Saïss,0.4886
5534,Simon Thorup Kjær,Centre Back,8509,Willi Orban,0.4676
5534,Simon Thorup Kjær,Centre Back,65732,Mothobi Mvala,0.4405
5534,Simon Thorup Kjær,Centre Back,4767,Chris Mepham,0.4199
5537,Fabian Lukas Schär,Centre Back,5213,Gerard Piqué Bernabéu,0.5894
5537,Fabian Lukas Schär,Centre Back,5572,Mats Hummels,0.5878
5537,Fabian Lukas Schär,Centre Back,3044,Chancel Mbemba Mangulu,0.5782
5537,Fabian Lukas Schär,Centre Back,13620,Éder Gabriel Militão,0.5754
5537,Fabian Lukas Schär,Centre Back,23558,Merih Demiral,0.5667
5549,Manuel Obafemi Akanji,Centre Back,5213,Gerard Piqué Bernabéu,0.7925
5549,Manuel Obafemi Akanji,Centre Back,3090,Nicolás Hernán Otamendi,0.7444
5549,Manuel Obafemi Akanji,Centre Back,5201,Sergio Ramos García,0.6962
5549,Manuel Obafemi Akanji,Centre Back,69563,Mohamed Abdelmonem,0.6795
5549,Manuel Obafemi Akanji,Centre Back,5572,Mats Hummels,0.6749
5551,João Miranda de Souza Filho,Centre Back,17592,William Saliba,0.6668
5551,João Miranda de Souza Filho,Centre Back,20572,Cristian Gabriel Romero,0.6539
5551,João Miranda de Souza Filho,Centre Back,6332,Thomas Vermaelen,0.6065
5551,João Miranda de Souza Filho,Centre Back,5603,Nikola Milenković,0.5682
5551,João Miranda de Souza Filho,Centre Back,8854,Wout Faes,0.5491
5564,Carlos Joel Salcedo Hernández,Centre Back,260212,Edgardo Isaac Fariña Wynter,0.5422
5564,Carlos Joel Salcedo Hernández,Centre Back,33018,Joško Gvardiol,0.4817
5564,Carlos Joel Salcedo Hernández,Centre Back,3620,Scott McTominay,0.4731
5564,Carlos Joel Salcedo Hernández,Centre Back,8247,Joachim Andersen,0.4219
5564,Carlos Joel Salcedo Hernández,Centre Back,7104,Mathías Olivera Miramontes,0.4206
5572,Mats Hummels,Centre Back,13620,Éder Gabriel Militão,0.8041
5572,Mats Hummels,Centre Back,69563,Mohamed Abdelmonem,0.7082
5572,Mats Hummels,Centre Back,5549,Manuel Obafemi Akanji,0.6749
5572,Mats Hummels,Centre Back,5213,Gerard Piqué Bernabéu,0.6619
5572,Mats Hummels,Centre Back,5201,Sergio Ramos García,0.6217
5573,Héctor Alfredo Moreno Herrera,Centre Back,4372,Marcos Aoás Corrêa,0.7153
5573,Héctor Alfredo Moreno Herrera,Centre Back,8553,Abdou Diallo,0.6629
5573,Héctor Alfredo Moreno Herrera,Centre Back,22128,Robin Aime Robert Le Normand,0.6621
5573,Héctor Alfredo Moreno Herrera,Centre Back,12149,Nayef Aguerd,0.5794
5573,Héctor Alfredo Moreno Herrera,Centre Back,8221,Jonathan Tah,0.566
5598,Óscar Esau Duarte Gaitán,Centre Back,5220,Morteza Pouraliganji,0.7213
5598,Óscar Esau Duarte Gaitán,Centre Back,23760,Derek Cornelius,0.5949
5598,Óscar Esau Duarte Gaitán,Centre Back,45557,Logan Costa,0.5894
5598,Óscar Esau Duarte Gaitán,Centre Back,3923,Oluwasemilogo Adesewo Ibidapo Ajayi,0.5607
5598,Óscar Esau Duarte Gaitán,Centre Back,41593,Willian Joel Pacho Tenorio,0.5254
5600,Francisco Javier Calvo Quesada,Centre Back,27719,Strahinja Pavlović,0.7698
5600,Francisco Javier Calvo Quesada,Centre Back,260212,Edgardo Isaac Fariña Wynter,0.6679
5600,Francisco Javier Calvo Quesada,Centre Back,31887,Endre Botka,0.6126
5600,Francisco Javier Calvo Quesada,Centre Back,21809,Jurriën David Norman Timber,0.5833
5600,Francisco Javier Calvo Quesada,Centre Back,44166,Jakub Piotr Kiwior,0.5537
5603,Nikola Milenković,Centre Back,6332,Thomas Vermaelen,0.7076
5603,Nikola Milenković,Centre Back,223971,José Ángel Córdoba Chambers,0.6121
5603,Nikola Milenković,Centre Back,20572,Cristian Gabriel Romero,0.5966
5603,Nikola Milenković,Centre Back,7459,Jawad El Yamiq,0.5881
5603,Nikola Milenković,Centre Back,5551,João Miranda de Souza Filho,0.5682
5604,Young-Gwon Kim,Centre Back,5455,William Troost-Ekong,0.839
5604,Young-Gwon Kim,Centre Back,5607,Andreas Granqvist,0.6946
5604,Young-Gwon Kim,Centre Back,102722,Siyanda Xulu,0.6679
5604,Young-Gwon Kim,Centre Back,5174,Sergei Ignashevich,0.6454
5604,Young-Gwon Kim,Centre Back,3044,Chancel Mbemba Mangulu,0.581
5607,Andreas Granqvist,Centre Back,5455,William Troost-Ekong,0.8526
5607,Andreas Granqvist,Centre Back,5174,Sergei Ignashevich,0.7887
5607,Andreas Granqvist,Centre Back,3044,Chancel Mbemba Mangulu,0.7477
5607,Andreas Granqvist,Centre Back,383250,Moise Bombito,0.7085
5607,Andreas Granqvist,Centre Back,5604,Young-Gwon Kim,0.6946
5639,Anga Dedryck Boyata,Centre Back,8221,Jonathan Tah,0.7447
5639,Anga Dedryck Boyata,Centre Back,5206,Rúben Santos Gato Alves Dias,0.7366
5639,Anga Dedryck Boyata,Centre Back,3959,Andreas Christensen,0.6859
5639,Anga Dedryck Boyata,Centre Back,4353,Aymeric Laporte,0.6818
5639,Anga Dedryck Boyata,Centre Back,37148,Josip Šutalo,0.6729
5651,Yassine Meriah,Centre Back,21809,Jurriën David Norman Timber,0.6655
5651,Yassine Meriah,Centre Back,27719,Strahinja Pavlović,0.5272
5651,Yassine Meriah,Centre Back,260212,Edgardo Isaac Fariña Wynter,0.5187
5651,Yassine Meriah,Centre Back,30328,Ondrej Celustka,0.5123
5651,Yassine Meriah,Centre Back,7787,Stefan de Vrij,0.4934
5675,Kalidou Koulibaly,Centre Back,5219,Romain Saïss,0.7011
5675,Kalidou Koulibaly,Centre Back,5174,Sergei Ignashevich,0.5395
5675,Kalidou Koulibaly,Centre Back,3044,Chancel Mbemba Mangulu,0.5029
5675,Kalidou Koulibaly,Centre Back,3494,Davinson Sánchez Mina,0.4889
5675,Kalidou Koulibaly,Centre Back,5598,Óscar Esau Duarte Gaitán,0.4819
5715,Ali Albulayhi,Centre Back,5228,Seyed Majid Hosseini,0.8134
5715,Ali Albulayhi,Centre Back,135004,Lubeni Haukongo,0.7851
5715,Ali Albulayhi,Centre Back,3923,Oluwasemilogo Adesewo Ibidapo Ajayi,0.635
5715,Ali Albulayhi,Centre Back,23760,Derek Cornelius,0.6165
5715,Ali Albulayhi,Centre Back,223971,José Ángel Córdoba Chambers,0.6106
5830,Kenneth Josiah Omeruo,Centre Back,4063,Ahmed Elsayed Ali Elsayed Hegazy,0.7599
5830,Kenneth Josiah Omeruo,Centre Back,5468,Domagoj Vida,0.6571
5830,Kenneth Josiah Omeruo,Centre Back,5175,Ilya Kutepov,0.6015
5830,Kenneth Josiah Omeruo,Centre Back,16469,Tomáš Holeš,0.5515
5830,Kenneth Josiah Omeruo,Centre Back,26368,César Jasib Montes Castro,0.5422
6196,Yerry Fernando Mina González,Centre Back,65732,Mothobi Mvala,0.726
6196,Yerry Fernando Mina González,Centre Back,5455,William Troost-Ekong,0.6511
6196,Yerry Fernando Mina González,Centre Back,74588,Christopher Wooh,0.6222
6196,Yerry Fernando Mina González,Centre Back,383250,Moise Bombito,0.6057
6196,Yerry Fernando Mina González,Centre Back,133305,Samet Akaydin,0.5892
6307,Duje Ćaleta-Car,Centre Back,30328,Ondrej Celustka,0.6554
6307,Duje Ćaleta-Car,Centre Back,11250,Joe Rodon,0.6408
6307,Duje Ćaleta-Car,Centre Back,46376,Attila Szalai,0.5993
6307,Duje Ćaleta-Car,Centre Back,8814,Nico Elvedi,0.4942
6307,Duje Ćaleta-Car,Centre Back,482851,Esteban Orozco Fernández,0.4832
6321,Milos Veljkovic,Centre Back,28567,Carlos Eccehomo Cuesta Figueroa,0.6707
6321,Milos Veljkovic,Centre Back,12149,Nayef Aguerd,0.6253
6321,Milos Veljkovic,Centre Back,6332,Thomas Vermaelen,0.6191
6321,Milos Veljkovic,Centre Back,223971,José Ángel Córdoba Chambers,0.6141
6321,Milos Veljkovic,Centre Back,22128,Robin Aime Robert Le Normand,0.6106
6322,Niklas Süle,Centre Back,5206,Rúben Santos Gato Alves Dias,0.8011
6322,Niklas Süle,Centre Back,6765,Rodrigo Hernández Cascante,0.8006
6322,Niklas Süle,Centre Back,3167,Antonio Rüdiger,0.794
6322,Niklas Süle,Centre Back,6892,Pau Francisco Torres,0.7393
6322,Niklas Süle,Centre Back,3077,Jan Vertonghen,0.7391
6328,Kendall Jamaal Waston Manley,Centre Back,2989,Alexander Djiku,0.7102
6328,Kendall Jamaal Waston Manley,Centre Back,65732,Mothobi Mvala,0.6811
6328,Kendall Jamaal Waston Manley,Centre Back,39615,Radu Drăgușin,0.6382
6328,Kendall Jamaal Waston Manley,Centre Back,5259,José María Giménez de Vargas,0.6305
6328,Kendall Jamaal Waston Manley,Centre Back,11250,Joe Rodon,0.5918
6332,Thomas Vermaelen,Centre Back,20572,Cristian Gabriel Romero,0.8572
6332,Thomas Vermaelen,Centre Back,5603,Nikola Milenković,0.7076
6332,Thomas Vermaelen,Centre Back,8854,Wout Faes,0.69
6332,Thomas Vermaelen,Centre Back,8519,Dayotchanculle Upamecano,0.681
6332,Thomas Vermaelen,Centre Back,7787,Stefan de Vrij,0.6696
6765,Rodrigo Hernández Cascante,Centre Back,7480,Alessandro Bastoni,0.8947
6765,Rodrigo Hernández Cascante,Centre Back,5201,Sergio Ramos García,0.8906
6765,Rodrigo Hernández Cascante,Centre Back,3167,Antonio Rüdiger,0.817
6765,Rodrigo Hernández Cascante,Centre Back,6322,Niklas Süle,0.8006
6765,Rodrigo Hernández Cascante,Centre Back,4372,Marcos Aoás Corrêa,0.7503
6892,Pau Francisco Torres,Centre Back,3090,Nicolás Hernán Otamendi,0.8738
6892,Pau Francisco Torres,Centre Back,20005,Toby Alderweireld,0.8243
6892,Pau Francisco Torres,Centre Back,4353,Aymeric Laporte,0.8
6892,Pau Francisco Torres,Centre Back,3295,Thiago Emiliano da Silva,0.7473
6892,Pau Francisco Torres,Centre Back,5201,Sergio Ramos García,0.7432
6954,Giorgio Chiellini,Centre Back,12524,Walker Zimmerman,0.82
6954,Giorgio Chiellini,Centre Back,23331,Boubakar Kouyate,0.7391
6954,Giorgio Chiellini,Centre Back,6990,Milan Škriniar,0.6442
6954,Giorgio Chiellini,Centre Back,5206,Rúben Santos Gato Alves Dias,0.6405
6954,Giorgio Chiellini,Centre Back,3669,Virgil van Dijk,0.606
6990,Milan Škriniar,Centre Back,12524,Walker Zimmerman,0.7017
6990,Milan Škriniar,Centre Back,6954,Giorgio Chiellini,0.6442
6990,Milan Škriniar,Centre Back,4353,Aymeric Laporte,0.573
6990,Milan Škriniar,Centre Back,20016,Kléper Laveran Lima Ferreira,0.5714
6990,Milan Škriniar,Centre Back,3959,Andreas Christensen,0.5584
7104,Mathías Olivera Miramontes,Centre Back,3620,Scott McTominay,0.6382
7104,Mathías Olivera Miramontes,Centre Back,48383,Abdülkerim Bardakcı,0.6345
7104,Mathías Olivera Miramontes,Centre Back,16469,Tomáš Holeš,0.5686
7104,Mathías Olivera Miramontes,Centre Back,7480,Alessandro Bastoni,0.4964
7104,Mathías Olivera Miramontes,Centre Back,13620,Éder Gabriel Militão,0.4815
7173,Leonardo Bonucci,Centre Back,8815,Jannik Vestergaard,0.6139
7173,Leonardo Bonucci,Centre Back,20016,Kléper Laveran Lima Ferreira,0.596
7173,Leonardo Bonucci,Centre Back,5537,Fabian Lukas Schär,0.5358
7173,Leonardo Bonucci,Centre Back,27768,Lisandro Martínez,0.5109
7173,Leonardo Bonucci,Centre Back,3044,Chancel Mbemba Mangulu,0.476
7295,Sikou Niakate,Centre Back,3702,Victor Nilsson Lindelöf,0.5952
7295,Sikou Niakate,Centre Back,5206,Rúben Santos Gato Alves Dias,0.5486
7295,Sikou Niakate,Centre Back,18242,Tim Ream,0.5325
7295,Sikou Niakate,Centre Back,4353,Aymeric Laporte,0.5053
7295,Sikou Niakate,Centre Back,12524,Walker Zimmerman,0.478
7360,Julian Jeanvier,Centre Back,3669,Virgil van Dijk,0.7278
7360,Julian Jeanvier,Centre Back,102800,Issoufou Dayo,0.6477
7360,Julian Jeanvier,Centre Back,3034,Kamil Glik,0.5604
7360,Julian Jeanvier,Centre Back,8553,Abdou Diallo,0.5427
7360,Julian Jeanvier,Centre Back,11116,Jack Hendry,0.5133
7426,Jean-Charles Castelletto,Centre Back,16469,Tomáš Holeš,0.6155
7426,Jean-Charles Castelletto,Centre Back,5537,Fabian Lukas Schär,0.5445
7426,Jean-Charles Castelletto,Centre Back,10540,Kieran Tierney,0.5427
7426,Jean-Charles Castelletto,Centre Back,5830,Kenneth Josiah Omeruo,0.4988
7426,Jean-Charles Castelletto,Centre Back,105946,Henoc Inonga Baka,0.4533
7459,Jawad El Yamiq,Centre Back,264954,Lamine Ba,0.7138
7459,Jawad El Yamiq,Centre Back,7839,Guram Kashia,0.6974
7459,Jawad El Yamiq,Centre Back,3034,Kamil Glik,0.6509
7459,Jawad El Yamiq,Centre Back,70093,Gomolemo Grant Kekana,0.6462
7459,Jawad El Yamiq,Centre Back,5603,Nikola Milenković,0.5881
7480,Alessandro Bastoni,Centre Back,6765,Rodrigo Hernández Cascante,0.8947
7480,Alessandro Bastoni,Centre Back,5201,Sergio Ramos García,0.8235
7480,Alessandro Bastoni,Centre Back,4372,Marcos Aoás Corrêa,0.7152
7480,Alessandro Bastoni,Centre Back,8221,Jonathan Tah,0.6964
7480,Alessandro Bastoni,Centre Back,6322,Niklas Süle,0.6828
7655,Lasha Dvali,Centre Back,36271,Roberto Lopes,0.8962
7655,Lasha Dvali,Centre Back,22293,Harry Souttar,0.8899
7655,Lasha Dvali,Centre Back,7839,Guram Kashia,0.8563
7655,Lasha Dvali,Centre Back,31908,Andrei Burcă Andonie,0.8336
7655,Lasha Dvali,Centre Back,4767,Chris Mepham,0.74
7713,Obite Evan Ndicka,Centre Back,22128,Robin Aime Robert Le Normand,0.7772
7713,Obite Evan Ndicka,Centre Back,3101,Vincent Kompany,0.6903
7713,Obite Evan Ndicka,Centre Back,3669,Virgil van Dijk,0.6192
7713,Obite Evan Ndicka,Centre Back,3167,Antonio Rüdiger,0.6134
7713,Obite Evan Ndicka,Centre Back,3244,John Stones,0.5685
7787,Stefan de Vrij,Centre Back,6332,Thomas Vermaelen,0.6696
7787,Stefan de Vrij,Centre Back,21809,Jurriën David Norman Timber,0.6665
7787,Stefan de Vrij,Centre Back,20572,Cristian Gabriel Romero,0.6633
7787,Stefan de Vrij,Centre Back,13620,Éder Gabriel Militão,0.6311
7787,Stefan de Vrij,Centre Back,8519,Dayotchanculle Upamecano,0.5861
7839,Guram Kashia,Centre Back,22293,Harry Souttar,0.8956
7839,Guram Kashia,Centre Back,7655,Lasha Dvali,0.8563
7839,Guram Kashia,Centre Back,36271,Roberto Lopes,0.8555
7839,Guram Kashia,Centre Back,27163,Juan Pablo Vargas Campos,0.7611
7839,Guram Kashia,Centre Back,41593,Willian Joel Pacho Tenorio,0.7209
8069,Matthijs de Ligt,Centre Back,10573,Jonathan Buatu Mananga,0.5707
8069,Matthijs de Ligt,Centre Back,28567,Carlos Eccehomo Cuesta Figueroa,0.5142
8069,Matthijs de Ligt,Centre Back,69563,Mohamed Abdelmonem,0.4778
8069,Matthijs de Ligt,Centre Back,10337,Yordan Hernando Osorio Paredes,0.4412
8069,Matthijs de Ligt,Centre Back,5572,Mats Hummels,0.4318
8221,Jonathan Tah,Centre Back,4372,Marcos Aoás Corrêa,0.8251
8221,Jonathan Tah,Centre Back,4353,Aymeric Laporte,0.7748
8221,Jonathan Tah,Centre Back,6765,Rodrigo Hernández Cascante,0.7479
8221,Jonathan Tah,Centre Back,5639,Anga Dedryck Boyata,0.7447
8221,Jonathan Tah,Centre Back,22128,Robin Aime Robert Le Normand,0.7344
8247,Joachim Andersen,Centre Back,3167,Antonio Rüdiger,0.6951
8247,Joachim Andersen,Centre Back,6765,Rodrigo Hernández Cascante,0.6892
8247,Joachim Andersen,Centre Back,6322,Niklas Süle,0.6796
8247,Joachim Andersen,Centre Back,7480,Alessandro Bastoni,0.6097
8247,Joachim Andersen,Centre Back,5572,Mats Hummels,0.6048
8307,Martin Hinteregger,Centre Back,13620,Éder Gabriel Militão,0.6147
8307,Martin Hinteregger,Centre Back,7787,Stefan de Vrij,0.5537
8307,Martin Hinteregger,Centre Back,20572,Cristian Gabriel Romero,0.536
8307,Martin Hinteregger,Centre Back,6332,Thomas Vermaelen,0.5265
8307,Martin Hinteregger,Centre Back,8808,Matthias Ginter,0.4574
8509,Willi Orban,Centre Back,22293,Harry Souttar,0.761
8509,Willi Orban,Centre Back,16047,Jaka Bijol,0.7417
8509,Willi Orban,Centre Back,10573,Jonathan Buatu Mananga,0.7128
8509,Willi Orban,Centre Back,4767,Chris Mepham,0.6976
8509,Willi Orban,Centre Back,7655,Lasha Dvali,0.6922
8519,Dayotchanculle Upamecano,Centre Back,20572,Cristian Gabriel Romero,0.7555
8519,Dayotchanculle Upamecano,Centre Back,8221,Jonathan Tah,0.7211
8519,Dayotchanculle Upamecano,Centre Back,18617,Mykola Matviyenko,0.6827
8519,Dayotchanculle Upamecano,Centre Back,6332,Thomas Vermaelen,0.681
8519,Dayotchanculle Upamecano,Centre Back,11135,Ibrahima Konaté,0.6527
8553,Abdou Diallo,Centre Back,5573,Héctor Alfredo Moreno Herrera,0.6629
8553,Abdou Diallo,Centre Back,3923,Oluwasemilogo Adesewo Ibidapo Ajayi,0.5965
8553,Abdou Diallo,Centre Back,7360,Julian Jeanvier,0.5427
8553,Abdou Diallo,Centre Back,44166,Jakub Piotr Kiwior,0.5233
8553,Abdou Diallo,Centre Back,12149,Nayef Aguerd,0.5204
8808,Matthias Ginter,Centre Back,10540,Kieran Tierney,0.6759
8808,Matthias Ginter,Centre Back,6322,Niklas Süle,0.529
8808,Matthias Ginter,Centre Back,3077,Jan Vertonghen,0.5215
8808,Matthias Ginter,Centre Back,5202,José Ignacio Fernández Iglesias,0.5163
8808,Matthias Ginter,Centre Back,7480,Alessandro Bastoni,0.4966
8814,Nico Elvedi,Centre Back,26875,Marcus Andreas Danielsson,0.581
8814,Nico Elvedi,Centre Back,23828,Kamal Miller,0.5724
8814,Nico Elvedi,Centre Back,9481,Grant Campbell Hanley,0.5374
8814,Nico Elvedi,Centre Back,5249,Diego Roberto Godín Leal,0.5163
8814,Nico Elvedi,Centre Back,7787,Stefan de Vrij,0.5032
8815,Jannik Vestergaard,Centre Back,7173,Leonardo Bonucci,0.6139
8815,Jannik Vestergaard,Centre Back,5572,Mats Hummels,0.5706
8815,Jannik Vestergaard,Centre Back,7713,Obite Evan Ndicka,0.5641
8815,Jannik Vestergaard,Centre Back,3101,Vincent Kompany,0.5363
8815,Jannik Vestergaard,Centre Back,6990,Milan Škriniar,0.4915
8854,Wout Faes,Centre Back,20572,Cristian Gabriel Romero,0.7494
8854,Wout Faes,Centre Back,6332,Thomas Vermaelen,0.69
8854,Wout Faes,Centre Back,21809,Jurriën David Norman Timber,0.6467
8854,Wout Faes,Centre Back,6322,Niklas Süle,0.6132
8854,Wout Faes,Centre Back,8519,Dayotchanculle Upamecano,0.5763
9481,Grant Campbell Hanley,Centre Back,264954,Lamine Ba,0.5416
9481,Grant Campbell Hanley,Centre Back,8814,Nico Elvedi,0.5374
9481,Grant Campbell Hanley,Centre Back,26875,Marcus Andreas Danielsson,0.5326
9481,Grant Campbell Hanley,Centre Back,5249,Diego Roberto Godín Leal,0.5115
9481,Grant Campbell Hanley,Centre Back,27163,Juan Pablo Vargas Campos,0.5077
10337,Yordan Hernando Osorio Paredes,Centre Back,5213,Gerard Piqué Bernabéu,0.6072
10337,Yordan Hernando Osorio Paredes,Centre Back,3494,Davinson Sánchez Mina,0.5191
10337,Yordan Hernando Osorio Paredes,Centre Back,48383,Abdülkerim Bardakcı,0.5152
10337,Yordan Hernando Osorio Paredes,Centre Back,69563,Mohamed Abdelmonem,0.484
10337,Yordan Hernando Osorio Paredes,Centre Back,8069,Matthijs de Ligt,0.4412
10540,Kieran Tierney,Centre Back,8808,Matthias Ginter,0.6759
10540,Kieran Tierney,Centre Back,7426,Jean-Charles Castelletto,0.5427
10540,Kieran Tierney,Centre Back,8307,Martin Hinteregger,0.4531
10540,Kieran Tierney,Centre Back,3620,Scott McTominay,0.429
10540,Kieran Tierney,Centre Back,45557,Logan Costa,0.4213
10573,Jonathan Buatu Mananga,Centre Back,8509,Willi Orban,0.7128
10573,Jonathan Buatu Mananga,Centre Back,31908,Andrei Burcă Andonie,0.6935
10573,Jonathan Buatu Mananga,Centre Back,52324,Saúl Basilio Coco-Bassey Oubiña,0.6844
10573,Jonathan Buatu Mananga,Centre Back,35690,Sebastián Enzo Cáceres Ramos,0.6789
10573,Jonathan Buatu Mananga,Centre Back,36271,Roberto Lopes,0.6662
11116,Jack Hendry,Centre Back,52324,Saúl Basilio Coco-Bassey Oubiña,0.7271
11116,Jack Hendry,Centre Back,30111,Felix Eduardo Torres Caicedo,0.6813
11116,Jack Hendry,Centre Back,3923,Oluwasemilogo Adesewo Ibidapo Ajayi,0.6395
11116,Jack Hendry,Centre Back,264381,Kennedy Amutenya,0.6362
11116,Jack Hendry,Centre Back,10573,Jonathan Buatu Mananga,0.5407
11135,Ibrahima Konaté,Centre Back,8519,Dayotchanculle Upamecano,0.6527
11135,Ibrahima Konaté,Centre Back,7787,Stefan de Vrij,0.5535
11135,Ibrahima Konaté,Centre Back,13620,Éder Gabriel Militão,0.5171
11135,Ibrahima Konaté,Centre Back,5572,Mats Hummels,0.5107
11135,Ibrahima Konaté,Centre Back,20016,Kléper Laveran Lima Ferreira,0.4961
11250,Joe Rodon,Centre Back,26875,Marcus Andreas Danielsson,0.6895
11250,Joe Rodon,Centre Back,33495,Kye Rowles,0.6659
11250,Joe Rodon,Centre Back,23760,Derek Cornelius,0.6499
11250,Joe Rodon,Centre Back,6307,Duje Ćaleta-Car,0.6408
11250,Joe Rodon,Centre Back,39615,Radu Drăgușin,0.6236
12149,Nayef Aguerd,Centre Back,223971,José Ángel Córdoba Chambers,0.7115
12149,Nayef Aguerd,Centre Back,28567,Carlos Eccehomo Cuesta Figueroa,0.6645
12149,Nayef Aguerd,Centre Back,27133,Odilon Kossonou,0.63
12149,Nayef Aguerd,Centre Back,6321,Milos Veljkovic,0.6253
12149,Nayef Aguerd,Centre Back,482851,Esteban Orozco Fernández,0.5816
12293,Kaan Ayhan,Centre Back,3306,Nathan Aké,0.6126
12293,Kaan Ayhan,Centre Back,26368,César Jasib Montes Castro,0.5435
12293,Kaan Ayhan,Centre Back,16469,Tomáš Holeš,0.5133
12293,Kaan Ayhan,Centre Back,3295,Thiago Emiliano da Silva,0.4674
12293,Kaan Ayhan,Centre Back,7426,Jean-Charles Castelletto,0.4492
12524,Walker Zimmerman,Centre Back,6954,Giorgio Chiellini,0.82
12524,Walker Zimmerman,Centre Back,6990,Milan Škriniar,0.7017
12524,Walker Zimmerman,Centre Back,23331,Boubakar Kouyate,0.6863
12524,Walker Zimmerman,Centre Back,5206,Rúben Santos Gato Alves Dias,0.6805
12524,Walker Zimmerman,Centre Back,5639,Anga Dedryck Boyata,0.6695
13197,Tomáš Kalas,Centre Back,5175,Ilya Kutepov,0.7599
13197,Tomáš Kalas,Centre Back,4063,Ahmed Elsayed Ali Elsayed Hegazy,0.6389
13197,Tomáš Kalas,Centre Back,103208,Kialonda Gaspar,0.6106
13197,Tomáš Kalas,Centre Back,264954,Lamine Ba,0.592
13197,Tomáš Kalas,Centre Back,26875,Marcus Andreas Danielsson,0.5398
13620,Éder Gabriel Militão,Centre Back,5572,Mats Hummels,0.8041
13620,Éder Gabriel Militão,Centre Back,7787,Stefan de Vrij,0.6311
13620,Éder Gabriel Militão,Centre Back,8307,Martin Hinteregger,0.6147
13620,Éder Gabriel Militão,Centre Back,5549,Manuel Obafemi Akanji,0.6021
13620,Éder Gabriel Militão,Centre Back,33018,Joško Gvardiol,0.5901
16047,Jaka Bijol,Centre Back,4767,Chris Mepham,0.8554
16047,Jaka Bijol,Centre Back,27163,Juan Pablo Vargas Campos,0.8045
16047,Jaka Bijol,Centre Back,22293,Harry Souttar,0.7823
16047,Jaka Bijol,Centre Back,36271,Roberto Lopes,0.7721
16047,Jaka Bijol,Centre Back,8509,Willi Orban,0.7417
16298,Denis Vavro,Centre Back,3471,Dejan Lovren,0.6092
16298,Denis Vavro,Centre Back,4267,Mouctar Diakhaby,0.6047
16298,Denis Vavro,Centre Back,52324,Saúl Basilio Coco-Bassey Oubiña,0.5551
16298,Denis Vavro,Centre Back,7713,Obite Evan Ndicka,0.5158
16298,Denis Vavro,Centre Back,27133,Odilon Kossonou,0.5019
16469,Tomáš Holeš,Centre Back,43779,Calvin Bassey Ughelumba,0.6958
16469,Tomáš Holeš,Centre Back,3620,Scott McTominay,0.6883
16469,Tomáš Holeš,Centre Back,7426,Jean-Charles Castelletto,0.6155
16469,Tomáš Holeš,Centre Back,7104,Mathías Olivera Miramontes,0.5686
16469,Tomáš Holeš,Centre Back,5830,Kenneth Josiah Omeruo,0.5515
17592,William Saliba,Centre Back,5551,João Miranda de Souza Filho,0.6668
17592,William Saliba,Centre Back,3077,Jan Vertonghen,0.6076
17592,William Saliba,Centre Back,8221,Jonathan Tah,0.6027
17592,William Saliba,Centre Back,5639,Anga Dedryck Boyata,0.5855
17592,William Saliba,Centre Back,6321,Milos Veljkovic,0.5611
18242,Tim Ream,Centre Back,5485,Raphaël Varane,0.7269
18242,Tim Ream,Centre Back,223971,José Ángel Córdoba Chambers,0.6295
18242,Tim Ream,Centre Back,24105,Dylan Batubinsika,0.6281
18242,Tim Ream,Centre Back,23828,Kamal Miller,0.5845
18242,Tim Ream,Centre Back,5639,Anga Dedryck Boyata,0.5831
18617,Mykola Matviyenko,Centre Back,39136,Illia Zabarnyi,0.7793
18617,Mykola Matviyenko,Centre Back,8221,Jonathan Tah,0.7242
18617,Mykola Matviyenko,Centre Back,8519,Dayotchanculle Upamecano,0.6827
18617,Mykola Matviyenko,Centre Back,4353,Aymeric Laporte,0.6714
18617,Mykola Matviyenko,Centre Back,5639,Anga Dedryck Boyata,0.6585
20005,Toby Alderweireld,Centre Back,6892,Pau Francisco Torres,0.8243
20005,Toby Alderweireld,Centre Back,34526,Marc Guehi,0.8229
20005,Toby Alderweireld,Centre Back,4353,Aymeric Laporte,0.6648
20005,Toby Alderweireld,Centre Back,3090,Nicolás Hernán Otamendi,0.6568
20005,Toby Alderweireld,Centre Back,5206,Rúben Santos Gato Alves Dias,0.6555
20016,Kléper Laveran Lima Ferreira,Centre Back,6892,Pau Francisco Torres,0.632
20016,Kléper Laveran Lima Ferreira,Centre Back,6322,Niklas Süle,0.6256
20016,Kléper Laveran Lima Ferreira,Centre Back,3969,Aleksandar Dragović,0.6191
20016,Kléper Laveran Lima Ferreira,Centre Back,7173,Leonardo Bonucci,0.596
20016,Kléper Laveran Lima Ferreira,Centre Back,3167,Antonio Rüdiger,0.5852
20572,Cristian Gabriel Romero,Centre Back,6332,Thomas Vermaelen,0.8572
20572,Cristian Gabriel Romero,Centre Back,8519,Dayotchanculle Upamecano,0.7555
20572,Cristian Gabriel Romero,Centre Back,8854,Wout Faes,0.7494
20572,Cristian Gabriel Romero,Centre Back,7787,Stefan de Vrij,0.6633
20572,Cristian Gabriel Romero,Centre Back,5551,João Miranda de Souza Filho,0.6539
21809,Jurriën David Norman Timber,Centre Back,27719,Strahinja Pavlović,0.7557
21809,Jurriën David Norman Timber,Centre Back,33018,Joško Gvardiol,0.7414
21809,Jurriën David Norman Timber,Centre Back,7787,Stefan de Vrij,0.6665
21809,Jurriën David Norman Timber,Centre Back,5651,Yassine Meriah,0.6655
21809,Jurriën David Norman Timber,Centre Back,8854,Wout Faes,0.6467
22128,Robin Aime Robert Le Normand,Centre Back,3244,John Stones,0.9143
22128,Robin Aime Robert Le Normand,Centre Back,5206,Rúben Santos Gato Alves Dias,0.8403
22128,Robin Aime Robert Le Normand,Centre Back,4353,Aymeric Laporte,0.8283
22128,Robin Aime Robert Le Normand,Centre Back,4372,Marcos Aoás Corrêa,0.8209
22128,Robin Aime Robert Le Normand,Centre Back,7713,Obite Evan Ndicka,0.7772
22293,Harry Souttar,Centre Back,7839,Guram Kashia,0.8956
22293,Harry Souttar,Centre Back,7655,Lasha Dvali,0.8899
22293,Harry Souttar,Centre Back,36271,Roberto Lopes,0.8806
22293,Harry Souttar,Centre Back,4767,Chris Mepham,0.8131
22293,Harry Souttar,Centre Back,41593,Willian Joel Pacho Tenorio,0.8117
23331,Boubakar Kouyate,Centre Back,6954,Giorgio Chiellini,0.7391
23331,Boubakar Kouyate,Centre Back,3471,Dejan Lovren,0.7229
23331,Boubakar Kouyate,Centre Back,12524,Walker Zimmerman,0.6863
23331,Boubakar Kouyate,Centre Back,3034,Kamil Glik,0.578
23331,Boubakar Kouyate,Centre Back,5534,Simon Thorup Kjær,0.5494
23558,Merih Demiral,Centre Back,5537,Fabian Lukas Schär,0.5667
23558,Merih Demiral,Centre Back,105946,Henoc Inonga Baka,0.5241
23558,Merih Demiral,Centre Back,6328,Kendall Jamaal Waston Manley,0.5142
23558,Merih Demiral,Centre Back,9481,Grant Campbell Hanley,0.5022
23558,Merih Demiral,Centre Back,5259,José María Giménez de Vargas,0.4871
23760,Derek Cornelius,Centre Back,41593,Willian Joel Pacho Tenorio,0.8363
23760,Derek Cornelius,Centre Back,22293,Harry Souttar,0.803
23760,Derek Cornelius,Centre Back,5220,Morteza Pouraliganji,0.7364
23760,Derek Cornelius,Centre Back,264954,Lamine Ba,0.7142
23760,Derek Cornelius,Centre Back,205932,Vanja Drkušić,0.6645
23828,Kamal Miller,Centre Back,5639,Anga Dedryck Boyata,0.6441
23828,Kamal Miller,Centre Back,5249,Diego Roberto Godín Leal,0.6336
23828,Kamal Miller,Centre Back,18242,Tim Ream,0.5845
23828,Kamal Miller,Centre Back,8814,Nico Elvedi,0.5724
23828,Kamal Miller,Centre Back,20572,Cristian Gabriel Romero,0.5375
24105,Dylan Batubinsika,Centre Back,5485,Raphaël Varane,0.7504
24105,Dylan Batubinsika,Centre Back,18242,Tim Ream,0.6281
24105,Dylan Batubinsika,Centre Back,3702,Victor Nilsson Lindelöf,0.6126
24105,Dylan Batubinsika,Centre Back,70093,Gomolemo Grant Kekana,0.5997
24105,Dylan Batubinsika,Centre Back,4267,Mouctar Diakhaby,0.5755
26368,César Jasib Montes Castro,Centre Back,20005,Toby Alderweireld,0.5992
26368,César Jasib Montes Castro,Centre Back,3336,Harry Maguire,0.5984
26368,César Jasib Montes Castro,Centre Back,6892,Pau Francisco Torres,0.5624
26368,César Jasib Montes Castro,Centre Back,3295,Thiago Emiliano da Silva,0.5534
26368,César Jasib Montes Castro,Centre Back,12293,Kaan Ayhan,0.5435
26875,Marcus Andreas Danielsson,Centre Back,264954,Lamine Ba,0.8121
26875,Marcus Andreas Danielsson,Centre Back,2989,Alexander Djiku,0.7834
26875,Marcus Andreas Danielsson,Centre Back,39615,Radu Drăgușin,0.7623
26875,Marcus Andreas Danielsson,Centre Back,103208,Kialonda Gaspar,0.7609
26875,Marcus Andreas Danielsson,Centre Back,30328,Ondrej Celustka,0.7025
27133,Odilon Kossonou,Centre Back,223971,José Ángel Córdoba Chambers,0.8433
27133,Odilon Kossonou,Centre Back,5485,Raphaël Varane,0.7181
27133,Odilon Kossonou,Centre Back,12149,Nayef Aguerd,0.63
27133,Odilon Kossonou,Centre Back,28567,Carlos Eccehomo Cuesta Figueroa,0.6169
27133,Odilon Kossonou,Centre Back,102800,Issoufou Dayo,0.5767
27163,Juan Pablo Vargas Campos,Centre Back,16047,Jaka Bijol,0.8045
27163,Juan Pablo Vargas Campos,Centre Back,7839,Guram Kashia,0.7611
27163,Juan Pablo Vargas Campos,Centre Back,22293,Harry Souttar,0.7449
27163,Juan Pablo Vargas Campos,Centre Back,36271,Roberto Lopes,0.7336
27163,Juan Pablo Vargas Campos,Centre Back,31908,Andrei Burcă Andonie,0.7258
27719,Strahinja Pavlović,Centre Back,5600,Francisco Javier Calvo Quesada,0.7698
27719,Strahinja Pavlović,Centre Back,21809,Jurriën David Norman Timber,0.7557
27719,Strahinja Pavlović,Centre Back,33018,Joško Gvardiol,0.7215
27719,Strahinja Pavlović,Centre Back,3620,Scott McTominay,0.5843
27719,Strahinja Pavlović,Centre Back,260212,Edgardo Isaac Fariña Wynter,0.5781
27768,Lisandro Martínez,Centre Back,5201,Sergio Ramos García,0.5773
27768,Lisandro Martínez,Centre Back,69563,Mohamed Abdelmonem,0.5755
27768,Lisandro Martínez,Centre Back,22128,Robin Aime Robert Le Normand,0.5672
27768,Lisandro Martínez,Centre Back,4372,Marcos Aoás Corrêa,0.5615
27768,Lisandro Martínez,Centre Back,3669,Virgil van Dijk,0.5194
28567,Carlos Eccehomo Cuesta Figueroa,Centre Back,6321,Milos Veljkovic,0.6707
28567,Carlos Eccehomo Cuesta Figueroa,Centre Back,12149,Nayef Aguerd,0.6645
28567,Carlos Eccehomo Cuesta Figueroa,Centre Back,27133,Odilon Kossonou,0.6169
28567,Carlos Eccehomo Cuesta Figueroa,Centre Back,6332,Thomas Vermaelen,0.6009
28567,Carlos Eccehomo Cuesta Figueroa,Centre Back,223971,José Ángel Córdoba Chambers,0.5524
30111,Felix Eduardo Torres Caicedo,Centre Back,52324,Saúl Basilio Coco-Bassey Oubiña,0.6944
30111,Felix Eduardo Torres Caicedo,Centre Back,11116,Jack Hendry,0.6813
30111,Felix Eduardo Torres Caicedo,Centre Back,264381,Kennedy Amutenya,0.6223
30111,Felix Eduardo Torres Caicedo,Centre Back,5174,Sergei Ignashevich,0.6114
30111,Felix Eduardo Torres Caicedo,Centre Back,3923,Oluwasemilogo Adesewo Ibidapo Ajayi,0.5581
30328,Ondrej Celustka,Centre Back,264954,Lamine Ba,0.7119
30328,Ondrej Celustka,Centre Back,26875,Marcus Andreas Danielsson,0.7025
30328,Ondrej Celustka,Centre Back,6307,Duje Ćaleta-Car,0.6554
30328,Ondrej Celustka,Centre Back,11250,Joe Rodon,0.6032
30328,Ondrej Celustka,Centre Back,482851,Esteban Orozco Fernández,0.5612
30519,Mohamed Salisu,Centre Back,32450,Montassar Omar Talbi,0.6736
30519,Mohamed Salisu,Centre Back,46376,Attila Szalai,0.5633
30519,Mohamed Salisu,Centre Back,39615,Radu Drăgușin,0.5362
30519,Mohamed Salisu,Centre Back,5219,Romain Saïss,0.5062
30519,Mohamed Salisu,Centre Back,27163,Juan Pablo Vargas Campos,0.5049
30606,Edmond Fayçal Tapsoba,Centre Back,260212,Edgardo Isaac Fariña Wynter,0.5263
30606,Edmond Fayçal Tapsoba,Centre Back,3494,Davinson Sánchez Mina,0.4973
30606,Edmond Fayçal Tapsoba,Centre Back,3960,José Miguel da Rocha Fonte,0.4934
30606,Edmond Fayçal Tapsoba,Centre Back,5485,Raphaël Varane,0.4683
30606,Edmond Fayçal Tapsoba,Centre Back,5213,Gerard Piqué Bernabéu,0.4547
31887,Endre Botka,Centre Back,205932,Vanja Drkušić,0.7748
31887,Endre Botka,Centre Back,16047,Jaka Bijol,0.6674
31887,Endre Botka,Centre Back,5600,Francisco Javier Calvo Quesada,0.6126
31887,Endre Botka,Centre Back,27163,Juan Pablo Vargas Campos,0.6012
31887,Endre Botka,Centre Back,46376,Attila Szalai,0.5559
31908,Andrei Burcă Andonie,Centre Back,36271,Roberto Lopes,0.8494
31908,Andrei Burcă Andonie,Centre Back,7655,Lasha Dvali,0.8336
31908,Andrei Burcă Andonie,Centre Back,35690,Sebastián Enzo Cáceres Ramos,0.7935
31908,Andrei Burcă Andonie,Centre Back,22293,Harry Souttar,0.789
31908,Andrei Burcă Andonie,Centre Back,27163,Juan Pablo Vargas Campos,0.7258
32450,Montassar Omar Talbi,Centre Back,7839,Guram Kashia,0.6825
32450,Montassar Omar Talbi,Centre Back,30519,Mohamed Salisu,0.6736
32450,Montassar Omar Talbi,Centre Back,103208,Kialonda Gaspar,0.6648
32450,Montassar Omar Talbi,Centre Back,36271,Roberto Lopes,0.5745
32450,Montassar Omar Talbi,Centre Back,4267,Mouctar Diakhaby,0.5554
33018,Joško Gvardiol,Centre Back,3969,Aleksandar Dragović,0.7433
33018,Joško Gvardiol,Centre Back,21809,Jurriën David Norman Timber,0.7414
33018,Joško Gvardiol,Centre Back,27719,Strahinja Pavlović,0.7215
33018,Joško Gvardiol,Centre Back,13620,Éder Gabriel Militão,0.5901
33018,Joško Gvardiol,Centre Back,3620,Scott McTominay,0.5533
33495,Kye Rowles,Centre Back,7655,Lasha Dvali,0.724
33495,Kye Rowles,Centre Back,11250,Joe Rodon,0.6659
33495,Kye Rowles,Centre Back,36271,Roberto Lopes,0.6548
33495,Kye Rowles,Centre Back,22293,Harry Souttar,0.6103
33495,Kye Rowles,Centre Back,7839,Guram Kashia,0.5885
34526,Marc Guehi,Centre Back,20005,Toby Alderweireld,0.8229
34526,Marc Guehi,Centre Back,6892,Pau Francisco Torres,0.6291
34526,Marc Guehi,Centre Back,3306,Nathan Aké,0.5982
34526,Marc Guehi,Centre Back,3471,Dejan Lovren,0.5338
34526,Marc Guehi,Centre Back,3167,Antonio Rüdiger,0.5218
35690,Sebastián Enzo Cáceres Ramos,Centre Back,205932,Vanja Drkušić,0.8599
35690,Sebastián Enzo Cáceres Ramos,Centre Back,31908,Andrei Burcă Andonie,0.7935
35690,Sebastián Enzo Cáceres Ramos,Centre Back,4767,Chris Mepham,0.715
35690,Sebastián Enzo Cáceres Ramos,Centre Back,10573,Jonathan Buatu Mananga,0.6789
35690,Sebastián Enzo Cáceres Ramos,Centre Back,16047,Jaka Bijol,0.6431
36271,Roberto Lopes,Centre Back,7655,Lasha Dvali,0.8962
36271,Roberto Lopes,Centre Back,22293,Harry Souttar,0.8806
36271,Roberto Lopes,Centre Back,7839,Guram Kashia,0.8555
36271,Roberto Lopes,Centre Back,31908,Andrei Burcă Andonie,0.8494
36271,Roberto Lopes,Centre Back,41593,Willian Joel Pacho Tenorio,0.7932
37148,Josip Šutalo,Centre Back,3969,Aleksandar Dragović,0.7195
37148,Josip Šutalo,Centre Back,5639,Anga Dedryck Boyata,0.6729
37148,Josip Šutalo,Centre Back,3300,Maya Yoshida,0.5867
37148,Josip Šutalo,Centre Back,39136,Illia Zabarnyi,0.5796
37148,Josip Šutalo,Centre Back,4626,Jan Bednarek,0.5237
39136,Illia Zabarnyi,Centre Back,18617,Mykola Matviyenko,0.7793
39136,Illia Zabarnyi,Centre Back,8519,Dayotchanculle Upamecano,0.6229
39136,Illia Zabarnyi,Centre Back,3969,Aleksandar Dragović,0.608
39136,Illia Zabarnyi,Centre Back,37148,Josip Šutalo,0.5796
39136,Illia Zabarnyi,Centre Back,4353,Aymeric Laporte,0.579
39615,Radu Drăgușin,Centre Back,26875,Marcus Andreas Danielsson,0.7623
39615,Radu Drăgușin,Centre Back,264954,Lamine Ba,0.7348
39615,Radu Drăgușin,Centre Back,2989,Alexander Djiku,0.7017
39615,Radu Drăgușin,Centre Back,103208,Kialonda Gaspar,0.6697
39615,Radu Drăgușin,Centre Back,6328,Kendall Jamaal Waston Manley,0.6382
41593,Willian Joel Pacho Tenorio,Centre Back,23760,Derek Cornelius,0.8363
41593,Willian Joel Pacho Tenorio,Centre Back,22293,Harry Souttar,0.8117
41593,Willian Joel Pacho Tenorio,Centre Back,36271,Roberto Lopes,0.7932
41593,Willian Joel Pacho Tenorio,Centre Back,7655,Lasha Dvali,0.7377
41593,Willian Joel Pacho Tenorio,Centre Back,7839,Guram Kashia,0.7209
43779,Calvin Bassey Ughelumba,Centre Back,16469,Tomáš Holeš,0.6958
43779,Calvin Bassey Ughelumba,Centre Back,27163,Juan Pablo Vargas Campos,0.5367
43779,Calvin Bassey Ughelumba,Centre Back,35690,Sebastián Enzo Cáceres Ramos,0.5316
43779,Calvin Bassey Ughelumba,Centre Back,31908,Andrei Burcă Andonie,0.5196
43779,Calvin Bassey Ughelumba,Centre Back,16047,Jaka Bijol,0.5068
44166,Jakub Piotr Kiwior,Centre Back,5202,José Ignacio Fernández Iglesias,0.7367
44166,Jakub Piotr Kiwior,Centre Back,49587,Nahuel Adolfo Ferraresi Hernández,0.5943
44166,Jakub Piotr Kiwior,Centre Back,5600,Francisco Javier Calvo Quesada,0.5537
44166,Jakub Piotr Kiwior,Centre Back,8553,Abdou Diallo,0.5233
44166,Jakub Piotr Kiwior,Centre Back,31887,Endre Botka,0.5174
45557,Logan Costa,Centre Back,5598,Óscar Esau Duarte Gaitán,0.5894
45557,Logan Costa,Centre Back,41593,Willian Joel Pacho Tenorio,0.4522
45557,Logan Costa,Centre Back,10540,Kieran Tierney,0.4213
45557,Logan Costa,Centre Back,18617,Mykola Matviyenko,0.4193
45557,Logan Costa,Centre Back,7295,Sikou Niakate,0.3646
46376,Attila Szalai,Centre Back,6307,Duje Ćaleta-Car,0.5993
46376,Attila Szalai,Centre Back,30519,Mohamed Salisu,0.5633
46376,Attila Szalai,Centre Back,31887,Endre Botka,0.5559
46376,Attila Szalai,Centre Back,205932,Vanja Drkušić,0.5203
46376,Attila Szalai,Centre Back,35690,Sebastián Enzo Cáceres Ramos,0.4629
48383,Abdülkerim Bardakcı,Centre Back,7104,Mathías Olivera Miramontes,0.6345
48383,Abdülkerim Bardakcı,Centre Back,3167,Antonio Rüdiger,0.5471
48383,Abdülkerim Bardakcı,Centre Back,3960,José Miguel da Rocha Fonte,0.547
48383,Abdülkerim Bardakcı,Centre Back,3709,Daniel Amartey,0.5239
48383,Abdülkerim Bardakcı,Centre Back,10337,Yordan Hernando Osorio Paredes,0.5152
49587,Nahuel Adolfo Ferraresi Hernández,Centre Back,3709,Daniel Amartey,0.6492
49587,Nahuel Adolfo Ferraresi Hernández,Centre Back,23760,Derek Cornelius,0.6053
49587,Nahuel Adolfo Ferraresi Hernández,Centre Back,44166,Jakub Piotr Kiwior,0.5943
49587,Nahuel Adolfo Ferraresi Hernández,Centre Back,4767,Chris Mepham,0.5741
49587,Nahuel Adolfo Ferraresi Hernández,Centre Back,11250,Joe Rodon,0.4961
52324,Saúl Basilio Coco-Bassey Oubiña,Centre Back,3034,Kamil Glik,0.7728
52324,Saúl Basilio Coco-Bassey Oubiña,Centre Back,70093,Gomolemo Grant Kekana,0.7495
52324,Saúl Basilio Coco-Bassey Oubiña,Centre Back,135004,Lubeni Haukongo,0.7454
52324,Saúl Basilio Coco-Bassey Oubiña,Centre Back,11116,Jack Hendry,0.7271
52324,Saúl Basilio Coco-Bassey Oubiña,Centre Back,7655,Lasha Dvali,0.7018
65732,Mothobi Mvala,Centre Back,6196,Yerry Fernando Mina González,0.726
65732,Mothobi Mvala,Centre Back,6328,Kendall Jamaal Waston Manley,0.6811
65732,Mothobi Mvala,Centre Back,133305,Samet Akaydin,0.6693
65732,Mothobi Mvala,Centre Back,5455,William Troost-Ekong,0.6424
65732,Mothobi Mvala,Centre Back,5219,Romain Saïss,0.6412
69563,Mohamed Abdelmonem,Centre Back,5572,Mats Hummels,0.7082
69563,Mohamed Abdelmonem,Centre Back,5213,Gerard Piqué Bernabéu,0.7049
69563,Mohamed Abdelmonem,Centre Back,5549,Manuel Obafemi Akanji,0.6795
69563,Mohamed Abdelmonem,Centre Back,5201,Sergio Ramos García,0.6617
69563,Mohamed Abdelmonem,Centre Back,3336,Harry Maguire,0.5879
70093,Gomolemo Grant Kekana,Centre Back,482851,Esteban Orozco Fernández,0.7863
70093,Gomolemo Grant Kekana,Centre Back,52324,Saúl Basilio Coco-Bassey Oubiña,0.7495
70093,Gomolemo Grant Kekana,Centre Back,3702,Victor Nilsson Lindelöf,0.7393
70093,Gomolemo Grant Kekana,Centre Back,135004,Lubeni Haukongo,0.7337
70093,Gomolemo Grant Kekana,Centre Back,3034,Kamil Glik,0.7254
74588,Christopher Wooh,Centre Back,6196,Yerry Fernando Mina González,0.6222
74588,Christopher Wooh,Centre Back,10573,Jonathan Buatu Mananga,0.5389
74588,Christopher Wooh,Centre Back,133305,Samet Akaydin,0.5012
74588,Christopher Wooh,Centre Back,65732,Mothobi Mvala,0.4993
74588,Christopher Wooh,Centre Back,35690,Sebastián Enzo Cáceres Ramos,0.4935
102722,Siyanda Xulu,Centre Back,5604,Young-Gwon Kim,0.6679
102722,Siyanda Xulu,Centre Back,5455,William Troost-Ekong,0.5401
102722,Siyanda Xulu,Centre Back,5607,Andreas Granqvist,0.5191
102722,Siyanda Xulu,Centre Back,65732,Mothobi Mvala,0.4911
102722,Siyanda Xulu,Centre Back,3044,Chancel Mbemba Mangulu,0.4779
102800,Issoufou Dayo,Centre Back,7360,Julian Jeanvier,0.6477
102800,Issoufou Dayo,Centre Back,5492,Samuel Yves Umtiti,0.6461
102800,Issoufou Dayo,Centre Back,5220,Morteza Pouraliganji,0.6077
102800,Issoufou Dayo,Centre Back,3702,Victor Nilsson Lindelöf,0.6069
102800,Issoufou Dayo,Centre Back,70093,Gomolemo Grant Kekana,0.6066
103208,Kialonda Gaspar,Centre Back,26875,Marcus Andreas Danielsson,0.7609
103208,Kialonda Gaspar,Centre Back,264954,Lamine Ba,0.7448
103208,Kialonda Gaspar,Centre Back,7839,Guram Kashia,0.7119
103208,Kialonda Gaspar,Centre Back,39615,Radu Drăgușin,0.6697
103208,Kialonda Gaspar,Centre Back,32450,Montassar Omar Talbi,0.6648
105946,Henoc Inonga Baka,Centre Back,5607,Andreas Granqvist,0.5454
105946,Henoc Inonga Baka,Centre Back,3044,Chancel Mbemba Mangulu,0.543
105946,Henoc Inonga Baka,Centre Back,23558,Merih Demiral,0.5241
105946,Henoc Inonga Baka,Centre Back,5537,Fabian Lukas Schär,0.5236
105946,Henoc Inonga Baka,Centre Back,5213,Gerard Piqué Bernabéu,0.5164
133305,Samet Akaydin,Centre Back,65732,Mothobi Mvala,0.6693
133305,Samet Akaydin,Centre Back,6196,Yerry Fernando Mina González,0.5892
133305,Samet Akaydin,Centre Back,6328,Kendall Jamaal Waston Manley,0.5254
133305,Samet Akaydin,Centre Back,4626,Jan Bednarek,0.5033
133305,Samet Akaydin,Centre Back,74588,Christopher Wooh,0.5012
135004,Lubeni Haukongo,Centre Back,5228,Seyed Majid Hosseini,0.8865
135004,Lubeni Haukongo,Centre Back,5715,Ali Albulayhi,0.7851
135004,Lubeni Haukongo,Centre Back,3923,Oluwasemilogo Adesewo Ibidapo Ajayi,0.7644
135004,Lubeni Haukongo,Centre Back,52324,Saúl Basilio Coco-Bassey Oubiña,0.7454
135004,Lubeni Haukongo,Centre Back,70093,Gomolemo Grant Kekana,0.7337
205932,Vanja Drkušić,Centre Back,35690,Sebastián Enzo Cáceres Ramos,0.8599
205932,Vanja Drkušić,Centre Back,31887,Endre Botka,0.7748
205932,Vanja Drkušić,Centre Back,4767,Chris Mepham,0.7503
205932,Vanja Drkušić,Centre Back,16047,Jaka Bijol,0.7087
205932,Vanja Drkušić,Centre Back,23760,Derek Cornelius,0.6645
223971,José Ángel Córdoba Chambers,Centre Back,27133,Odilon Kossonou,0.8433
223971,José Ángel Córdoba Chambers,Centre Back,12149,Nayef Aguerd,0.7115
223971,José Ángel Córdoba Chambers,Centre Back,5485,Raphaël Varane,0.6315
223971,José Ángel Córdoba Chambers,Centre Back,18242,Tim Ream,0.6295
223971,José Ángel Córdoba Chambers,Centre Back,6321,Milos Veljkovic,0.6141
260212,Edgardo Isaac Fariña Wynter,Centre Back,5600,Francisco Javier Calvo Quesada,0.6679
260212,Edgardo Isaac Fariña Wynter,Centre Back,27719,Strahinja Pavlović,0.5781
260212,Edgardo Isaac Fariña Wynter,Centre Back,264381,Kennedy Amutenya,0.5607
260212,Edgardo Isaac Fariña Wynter,Centre Back,3620,Scott McTominay,0.5559
260212,Edgardo Isaac Fariña Wynter,Centre Back,5564,Carlos Joel Salcedo Hernández,0.5422
264381,Kennedy Amutenya,Centre Back,11116,Jack Hendry,0.6362
264381,Kennedy Amutenya,Centre Back,5259,José María Giménez de Vargas,0.6243
264381,Kennedy Amutenya,Centre Back,30111,Felix Eduardo Torres Caicedo,0.6223
264381,Kennedy Amutenya,Centre Back,10573,Jonathan Buatu Mananga,0.6123
264381,Kennedy Amutenya,Centre Back,3620,Scott McTominay,0.5974
264954,Lamine Ba,Centre Back,26875,Marcus Andreas Danielsson,0.8121
264954,Lamine Ba,Centre Back,2989,Alexander Djiku,0.7622
264954,Lamine Ba,Centre Back,103208,Kialonda Gaspar,0.7448
264954,Lamine Ba,Centre Back,39615,Radu Drăgușin,0.7348
264954,Lamine Ba,Centre Back,23760,Derek Cornelius,0.7142
383250,Moise Bombito,Centre Back,5455,William Troost-Ekong,0.7814
383250,Moise Bombito,Centre Back,5607,Andreas Granqvist,0.7085
383250,Moise Bombito,Centre Back,3044,Chancel Mbemba Mangulu,0.6066
383250,Moise Bombito,Centre Back,6196,Yerry Fernando Mina González,0.6057
383250,Moise Bombito,Centre Back,69563,Mohamed Abdelmonem,0.5676
482851,Esteban Orozco Fernández,Centre Back,3034,Kamil Glik,0.7979
482851,Esteban Orozco Fernández,Centre Back,70093,Gomolemo Grant Kekana,0.7863
482851,Esteban Orozco Fernández,Centre Back,7655,Lasha Dvali,0.7139
482851,Esteban Orozco Fernández,Centre Back,52324,Saúl Basilio Coco-Bassey Oubiña,0.6911
482851,Esteban Orozco Fernández,Centre Back,23760,Derek Cornelius,0.6387
2954,Youri Tielemans,Defensive Midfielder,7039,Hakan Çalhanoğlu,0.4948
2954,Youri Tielemans,Defensive Midfielder,6655,Fabián Ruiz Peña,0.4823
2954,Youri Tielemans,Defensive Midfielder,8118,Frenkie de Jong,0.4102
2954,Youri Tielemans,Defensive Midfielder,3532,Jordan Brian Henderson,0.4013
2954,Youri Tielemans,Defensive Midfielder,5574,Toni Kroos,0.3899
3017,Ibrahim Sangaré,Defensive Midfielder,6994,Marten de Roon,0.8018
3017,Ibrahim Sangaré,Defensive Midfielder,12770,Jonathan Osorio,0.62
3017,Ibrahim Sangaré,Defensive Midfielder,31968,Adam Gnezda Čerin,0.606
3017,Ibrahim Sangaré,Defensive Midfielder,5722,Saeid Ezatolahi Afagh,0.5519
3017,Ibrahim Sangaré,Defensive Midfielder,30913,Marius Mihai Marin,0.5495
3026,Adrien Rabiot,Defensive Midfielder,5574,Toni Kroos,0.6036
3026,Adrien Rabiot,Defensive Midfielder,7039,Hakan Çalhanoğlu,0.5421
3026,Adrien Rabiot,Defensive Midfielder,5693,Gaku Shibasaki,0.431
3026,Adrien Rabiot,Defensive Midfielder,3943,Declan Rice,0.4202
3026,Adrien Rabiot,Defensive Midfielder,11396,Florian Grillitsch,0.4166
3141,André-Frank Zambo Anguissa,Defensive Midfielder,16514,Serhii Sydorchuk,0.7779
3141,André-Frank Zambo Anguissa,Defensive Midfielder,23444,Kristoffer Olsson,0.7645
3141,André-Frank Zambo Anguissa,Defensive Midfielder,7162,Ádám Nagy,0.6393
3141,André-Frank Zambo Anguissa,Defensive Midfielder,42527,Sphephelo S''Miso Sithole,0.5683
3141,André-Frank Zambo Anguissa,Defensive Midfielder,31029,Salis Abdul Samed,0.5573
3281,Aaron Mooy,Defensive Midfielder,23763,In-Beom Hwang,0.6256
3281,Aaron Mooy,Defensive Midfielder,5693,Gaku Shibasaki,0.6113
3281,Aaron Mooy,Defensive Midfielder,37726,Moisés Isaac Caicedo Corozo,0.4514
3281,Aaron Mooy,Defensive Midfielder,5266,Lucas Torreira Di Pascua,0.4312
3281,Aaron Mooy,Defensive Midfielder,7039,Hakan Çalhanoğlu,0.418
3359,Jean Michaël Seri,Defensive Midfielder,15503,Jerdy Schouten,0.6952
3359,Jean Michaël Seri,Defensive Midfielder,6798,Stanislav Lobotka,0.6782
3359,Jean Michaël Seri,Defensive Midfielder,6383,Thomas Teye Partey,0.5376
3359,Jean Michaël Seri,Defensive Midfielder,48347,Amadou Onana,0.4531
3359,Jean Michaël Seri,Defensive Midfielder,13621,Danilo Luís Hélio Pereira,0.4459
3500,Granit Xhaka,Defensive Midfielder,9927,Rúben Diogo Da Silva Neves,0.8101
3500,Granit Xhaka,Defensive Midfielder,10481,Aurélien Djani Tchouaméni,0.7664
3500,Granit Xhaka,Defensive Midfielder,7024,Jorge Luiz Frello Filho,0.7342
3500,Granit Xhaka,Defensive Midfielder,5469,Marcelo Brozović,0.715
3500,Granit Xhaka,Defensive Midfielder,34639,Vitor Machado Ferreira,0.7012
3532,Jordan Brian Henderson,Defensive Midfielder,7039,Hakan Çalhanoğlu,0.4875
3532,Jordan Brian Henderson,Defensive Midfielder,66716,Teboho Mokoena,0.4544
3532,Jordan Brian Henderson,Defensive Midfielder,12770,Jonathan Osorio,0.4058
3532,Jordan Brian Henderson,Defensive Midfielder,5693,Gaku Shibasaki,0.4042
3532,Jordan Brian Henderson,Defensive Midfielder,2954,Youri Tielemans,0.4013
3570,Pierre-Emile Højbjerg,Defensive Midfielder,11396,Florian Grillitsch,0.7575
3570,Pierre-Emile Højbjerg,Defensive Midfielder,6655,Fabián Ruiz Peña,0.6397
3570,Pierre-Emile Højbjerg,Defensive Midfielder,34639,Vitor Machado Ferreira,0.6242
3570,Pierre-Emile Højbjerg,Defensive Midfielder,5574,Toni Kroos,0.6217
3570,Pierre-Emile Højbjerg,Defensive Midfielder,3943,Declan Rice,0.5166
3637,Grzegorz Krychowiak,Defensive Midfielder,136406,Aprocious Petrus,0.7162
3637,Grzegorz Krychowiak,Defensive Midfielder,10931,Joe Allen,0.6837
3637,Grzegorz Krychowiak,Defensive Midfielder,7162,Ádám Nagy,0.6487
3637,Grzegorz Krychowiak,Defensive Midfielder,5527,Thomas Delaney,0.5733
3637,Grzegorz Krychowiak,Defensive Midfielder,5722,Saeid Ezatolahi Afagh,0.5389
3647,Alex Iwobi,Defensive Midfielder,21026,Pape Gueye,0.6443
3647,Alex Iwobi,Defensive Midfielder,136406,Aprocious Petrus,0.5709
3647,Alex Iwobi,Defensive Midfielder,34845,Federico Bikoro Akieme Nchama,0.5221
3647,Alex Iwobi,Defensive Midfielder,23763,In-Beom Hwang,0.515
3647,Alex Iwobi,Defensive Midfielder,10530,Jules Olivier Ntcham,0.4998
3767,Ellyes Joris Skhiri,Defensive Midfielder,48720,João Victor Gomes da Silva,0.716
3767,Ellyes Joris Skhiri,Defensive Midfielder,30913,Marius Mihai Marin,0.6044
3767,Ellyes Joris Skhiri,Defensive Midfielder,31016,Manuel Luís da Silva Cafumana,0.5858
3767,Ellyes Joris Skhiri,Defensive Midfielder,24467,Frank Onyeka,0.5824
3767,Ellyes Joris Skhiri,Defensive Midfielder,31968,Adam Gnezda Čerin,0.5435
3943,Declan Rice,Defensive Midfielder,13621,Danilo Luís Hélio Pereira,0.8041
3943,Declan Rice,Defensive Midfielder,6331,Leander Dendoncker,0.6666
3943,Declan Rice,Defensive Midfielder,5506,Javier Alejandro Mascherano,0.6506
3943,Declan Rice,Defensive Midfielder,10481,Aurélien Djani Tchouaméni,0.6322
3943,Declan Rice,Defensive Midfielder,15503,Jerdy Schouten,0.6056
4412,Samuel Moutoussamy,Defensive Midfielder,11990,Youssouf Fofana,0.6171
4412,Samuel Moutoussamy,Defensive Midfielder,28415,Charles Pickel,0.5769
4412,Samuel Moutoussamy,Defensive Midfielder,6324,Leon Goretzka,0.5079
4412,Samuel Moutoussamy,Defensive Midfielder,5839,Yeltsin Ignacio Tejeda Valverde,0.4894
4412,Samuel Moutoussamy,Defensive Midfielder,105942,Pablo Ganet Cómitre,0.4692
4506,Nampalys Mendy,Defensive Midfielder,42527,Sphephelo S''Miso Sithole,0.6754
4506,Nampalys Mendy,Defensive Midfielder,5642,Axel Witsel,0.5116
4506,Nampalys Mendy,Defensive Midfielder,34845,Federico Bikoro Akieme Nchama,0.4961
4506,Nampalys Mendy,Defensive Midfielder,3647,Alex Iwobi,0.4931
4506,Nampalys Mendy,Defensive Midfielder,15503,Jerdy Schouten,0.4665
4706,Kalvin Phillips,Defensive Midfielder,6983,Remo Freuler,0.5621
4706,Kalvin Phillips,Defensive Midfielder,3017,Ibrahim Sangaré,0.5225
4706,Kalvin Phillips,Defensive Midfielder,6994,Marten de Roon,0.5143
4706,Kalvin Phillips,Defensive Midfielder,31968,Adam Gnezda Čerin,0.5009
4706,Kalvin Phillips,Defensive Midfielder,31016,Manuel Luís da Silva Cafumana,0.4438
4934,Ethan Ampadu,Defensive Midfielder,5722,Saeid Ezatolahi Afagh,0.6221
4934,Ethan Ampadu,Defensive Midfielder,37945,Alan Steven Franco Palma,0.6051
4934,Ethan Ampadu,Defensive Midfielder,30913,Marius Mihai Marin,0.5255
4934,Ethan Ampadu,Defensive Midfielder,7162,Ádám Nagy,0.5209
4934,Ethan Ampadu,Defensive Midfielder,44955,Aïssa Bilal Laïdouni,0.4883
5171,Roman Zobnin,Defensive Midfielder,15896,Timi Elšnik,0.8008
5171,Roman Zobnin,Defensive Midfielder,341163,Omaré Gassama,0.7672
5171,Roman Zobnin,Defensive Midfielder,5266,Lucas Torreira Di Pascua,0.6421
5171,Roman Zobnin,Defensive Midfielder,31968,Adam Gnezda Čerin,0.5717
5171,Roman Zobnin,Defensive Midfielder,136406,Aprocious Petrus,0.5225
5203,Sergio Busquets i Burgos,Defensive Midfielder,7024,Jorge Luiz Frello Filho,0.686
5203,Sergio Busquets i Burgos,Defensive Midfielder,3500,Granit Xhaka,0.6743
5203,Sergio Busquets i Burgos,Defensive Midfielder,10481,Aurélien Djani Tchouaméni,0.6504
5203,Sergio Busquets i Burgos,Defensive Midfielder,3943,Declan Rice,0.5676
5203,Sergio Busquets i Burgos,Defensive Midfielder,5469,Marcelo Brozović,0.5674
5234,Sofyan Amrabat,Defensive Midfielder,34845,Federico Bikoro Akieme Nchama,0.6288
5234,Sofyan Amrabat,Defensive Midfielder,28415,Charles Pickel,0.579
5234,Sofyan Amrabat,Defensive Midfielder,6687,Saša Lukić,0.5761
5234,Sofyan Amrabat,Defensive Midfielder,10931,Joe Allen,0.5526
5234,Sofyan Amrabat,Defensive Midfielder,30913,Marius Mihai Marin,0.4829
5260,Rodrigo Bentancur Colmán,Defensive Midfielder,133229,Ismael Koné,0.5731
5260,Rodrigo Bentancur Colmán,Defensive Midfielder,11990,Youssouf Fofana,0.5588
5260,Rodrigo Bentancur Colmán,Defensive Midfielder,20004,Paul Pogba,0.4798
5260,Rodrigo Bentancur Colmán,Defensive Midfielder,66716,Teboho Mokoena,0.4434
5260,Rodrigo Bentancur Colmán,Defensive Midfielder,22600,Lucas Tolentino Coelho de Lima,0.3409
5266,Lucas Torreira Di Pascua,Defensive Midfielder,31968,Adam Gnezda Čerin,0.8177
5266,Lucas Torreira Di Pascua,Defensive Midfielder,5171,Roman Zobnin,0.6421
5266,Lucas Torreira Di Pascua,Defensive Midfielder,5722,Saeid Ezatolahi Afagh,0.6405
5266,Lucas Torreira Di Pascua,Defensive Midfielder,136406,Aprocious Petrus,0.5933
5266,Lucas Torreira Di Pascua,Defensive Midfielder,39460,Nicolas Seiwald,0.5822
5469,Marcelo Brozović,Defensive Midfielder,5506,Javier Alejandro Mascherano,0.7966
5469,Marcelo Brozović,Defensive Midfielder,9927,Rúben Diogo Da Silva Neves,0.7447
5469,Marcelo Brozović,Defensive Midfielder,5574,Toni Kroos,0.7219
5469,Marcelo Brozović,Defensive Midfielder,3500,Granit Xhaka,0.715
5469,Marcelo Brozović,Defensive Midfielder,7024,Jorge Luiz Frello Filho,0.6532
5506,Javier Alejandro Mascherano,Defensive Midfielder,5469,Marcelo Brozović,0.7966
5506,Javier Alejandro Mascherano,Defensive Midfielder,7024,Jorge Luiz Frello Filho,0.697
5506,Javier Alejandro Mascherano,Defensive Midfielder,3500,Granit Xhaka,0.6911
5506,Javier Alejandro Mascherano,Defensive Midfielder,5574,Toni Kroos,0.6611
5506,Javier Alejandro Mascherano,Defensive Midfielder,9927,Rúben Diogo Da Silva Neves,0.6518
5527,Thomas Delaney,Defensive Midfielder,136406,Aprocious Petrus,0.6002
5527,Thomas Delaney,Defensive Midfielder,5722,Saeid Ezatolahi Afagh,0.5781
5527,Thomas Delaney,Defensive Midfielder,3637,Grzegorz Krychowiak,0.5733
5527,Thomas Delaney,Defensive Midfielder,5693,Gaku Shibasaki,0.5468
5527,Thomas Delaney,Defensive Midfielder,105942,Pablo Ganet Cómitre,0.5111
5539,Carlos Henrique Casimiro,Defensive Midfielder,16308,Leandro Daniel Paredes,0.4838
5539,Carlos Henrique Casimiro,Defensive Midfielder,22600,Lucas Tolentino Coelho de Lima,0.4821
5539,Carlos Henrique Casimiro,Defensive Midfielder,12169,João Maria Lobo Alves Palhinha Gonçalves,0.4596
5539,Carlos Henrique Casimiro,Defensive Midfielder,37726,Moisés Isaac Caicedo Corozo,0.4468
5539,Carlos Henrique Casimiro,Defensive Midfielder,36917,José Andrés Martínez Torres,0.3902
5563,José Andrés Guardado Hernández,Defensive Midfielder,8769,Xaver Schlager,0.6546
5563,José Andrés Guardado Hernández,Defensive Midfielder,25142,Bruno Guimarães Rodriguez Moura,0.4852
5563,José Andrés Guardado Hernández,Defensive Midfielder,3647,Alex Iwobi,0.4745
5563,José Andrés Guardado Hernández,Defensive Midfielder,11990,Youssouf Fofana,0.4435
5563,José Andrés Guardado Hernández,Defensive Midfielder,6193,Andrés Mateus Uribe Villa,0.3909
5574,Toni Kroos,Defensive Midfielder,5469,Marcelo Brozović,0.7219
5574,Toni Kroos,Defensive Midfielder,34639,Vitor Machado Ferreira,0.717
5574,Toni Kroos,Defensive Midfielder,9927,Rúben Diogo Da Silva Neves,0.6837
5574,Toni Kroos,Defensive Midfielder,3500,Granit Xhaka,0.6645
5574,Toni Kroos,Defensive Midfielder,5506,Javier Alejandro Mascherano,0.6611
5575,Héctor Miguel Herrera López,Defensive Midfielder,48720,João Victor Gomes da Silva,0.6289
5575,Héctor Miguel Herrera López,Defensive Midfielder,8118,Frenkie de Jong,0.5144
5575,Héctor Miguel Herrera López,Defensive Midfielder,341163,Omaré Gassama,0.4427
5575,Héctor Miguel Herrera López,Defensive Midfielder,5171,Roman Zobnin,0.4272
5575,Héctor Miguel Herrera López,Defensive Midfielder,15896,Timi Elšnik,0.4076
5642,Axel Witsel,Defensive Midfielder,6687,Saša Lukić,0.6924
5642,Axel Witsel,Defensive Midfielder,6331,Leander Dendoncker,0.6701
5642,Axel Witsel,Defensive Midfielder,6798,Stanislav Lobotka,0.6595
5642,Axel Witsel,Defensive Midfielder,15503,Jerdy Schouten,0.5844
5642,Axel Witsel,Defensive Midfielder,5506,Javier Alejandro Mascherano,0.5487
5678,Jefferson Andrés Lerma Solís,Defensive Midfielder,5839,Yeltsin Ignacio Tejeda Valverde,0.5834
5678,Jefferson Andrés Lerma Solís,Defensive Midfielder,11990,Youssouf Fofana,0.5591
5678,Jefferson Andrés Lerma Solís,Defensive Midfielder,3637,Grzegorz Krychowiak,0.5221
5678,Jefferson Andrés Lerma Solís,Defensive Midfielder,7162,Ádám Nagy,0.4355
5678,Jefferson Andrés Lerma Solís,Defensive Midfielder,4412,Samuel Moutoussamy,0.4119
5693,Gaku Shibasaki,Defensive Midfielder,7039,Hakan Çalhanoğlu,0.7341
5693,Gaku Shibasaki,Defensive Midfielder,3281,Aaron Mooy,0.6113
5693,Gaku Shibasaki,Defensive Midfielder,5527,Thomas Delaney,0.5468
5693,Gaku Shibasaki,Defensive Midfielder,5574,Toni Kroos,0.4851
5693,Gaku Shibasaki,Defensive Midfielder,10844,Alfredo Kulembe Ribeiro,0.4715
5722,Saeid Ezatolahi Afagh,Defensive Midfielder,136406,Aprocious Petrus,0.7431
5722,Saeid Ezatolahi Afagh,Defensive Midfielder,30913,Marius Mihai Marin,0.7294
5722,Saeid Ezatolahi Afagh,Defensive Midfielder,37945,Alan Steven Franco Palma,0.7231
5722,Saeid Ezatolahi Afagh,Defensive Midfielder,31968,Adam Gnezda Čerin,0.6865
5722,Saeid Ezatolahi Afagh,Defensive Midfielder,5266,Lucas Torreira Di Pascua,0.6405
5839,Yeltsin Ignacio Tejeda Valverde,Defensive Midfielder,105942,Pablo Ganet Cómitre,0.6986
5839,Yeltsin Ignacio Tejeda Valverde,Defensive Midfielder,6983,Remo Freuler,0.6948
5839,Yeltsin Ignacio Tejeda Valverde,Defensive Midfielder,37945,Alan Steven Franco Palma,0.6142
5839,Yeltsin Ignacio Tejeda Valverde,Defensive Midfielder,5678,Jefferson Andrés Lerma Solís,0.5834
5839,Yeltsin Ignacio Tejeda Valverde,Defensive Midfielder,5722,Saeid Ezatolahi Afagh,0.5653
6193,Andrés Mateus Uribe Villa,Defensive Midfielder,12770,Jonathan Osorio,0.5501
6193,Andrés Mateus Uribe Villa,Defensive Midfielder,11990,Youssouf Fofana,0.5409
6193,Andrés Mateus Uribe Villa,Defensive Midfielder,4412,Samuel Moutoussamy,0.455
6193,Andrés Mateus Uribe Villa,Defensive Midfielder,12169,João Maria Lobo Alves Palhinha Gonçalves,0.4452
6193,Andrés Mateus Uribe Villa,Defensive Midfielder,5563,José Andrés Guardado Hernández,0.3909
6324,Leon Goretzka,Defensive Midfielder,6773,Federico Santiago Valverde Dipetta,0.8137
6324,Leon Goretzka,Defensive Midfielder,66716,Teboho Mokoena,0.6706
6324,Leon Goretzka,Defensive Midfielder,22600,Lucas Tolentino Coelho de Lima,0.6334
6324,Leon Goretzka,Defensive Midfielder,11990,Youssouf Fofana,0.5284
6324,Leon Goretzka,Defensive Midfielder,4412,Samuel Moutoussamy,0.5079
6331,Leander Dendoncker,Defensive Midfielder,5642,Axel Witsel,0.6701
6331,Leander Dendoncker,Defensive Midfielder,3943,Declan Rice,0.6666
6331,Leander Dendoncker,Defensive Midfielder,9927,Rúben Diogo Da Silva Neves,0.6257
6331,Leander Dendoncker,Defensive Midfielder,5469,Marcelo Brozović,0.5541
6331,Leander Dendoncker,Defensive Midfielder,6687,Saša Lukić,0.5426
6383,Thomas Teye Partey,Defensive Midfielder,48347,Amadou Onana,0.5417
6383,Thomas Teye Partey,Defensive Midfielder,3359,Jean Michaël Seri,0.5376
6383,Thomas Teye Partey,Defensive Midfielder,12169,João Maria Lobo Alves Palhinha Gonçalves,0.462
6383,Thomas Teye Partey,Defensive Midfielder,48720,João Victor Gomes da Silva,0.4589
6383,Thomas Teye Partey,Defensive Midfielder,36917,José Andrés Martínez Torres,0.4485
6655,Fabián Ruiz Peña,Defensive Midfielder,34639,Vitor Machado Ferreira,0.7405
6655,Fabián Ruiz Peña,Defensive Midfielder,20004,Paul Pogba,0.6943
6655,Fabián Ruiz Peña,Defensive Midfielder,38718,Enzo Fernandez,0.6488
6655,Fabián Ruiz Peña,Defensive Midfielder,3570,Pierre-Emile Højbjerg,0.6397
6655,Fabián Ruiz Peña,Defensive Midfielder,6773,Federico Santiago Valverde Dipetta,0.6299
6687,Saša Lukić,Defensive Midfielder,5642,Axel Witsel,0.6924
6687,Saša Lukić,Defensive Midfielder,5506,Javier Alejandro Mascherano,0.6023
6687,Saša Lukić,Defensive Midfielder,5234,Sofyan Amrabat,0.5761
6687,Saša Lukić,Defensive Midfielder,13621,Danilo Luís Hélio Pereira,0.5432
6687,Saša Lukić,Defensive Midfielder,6331,Leander Dendoncker,0.5426
6773,Federico Santiago Valverde Dipetta,Defensive Midfielder,6324,Leon Goretzka,0.8137
6773,Federico Santiago Valverde Dipetta,Defensive Midfielder,66716,Teboho Mokoena,0.7898
6773,Federico Santiago Valverde Dipetta,Defensive Midfielder,22600,Lucas Tolentino Coelho de Lima,0.6757
6773,Federico Santiago Valverde Dipetta,Defensive Midfielder,6655,Fabián Ruiz Peña,0.6299
6773,Federico Santiago Valverde Dipetta,Defensive Midfielder,20004,Paul Pogba,0.5966
6798,Stanislav Lobotka,Defensive Midfielder,15503,Jerdy Schouten,0.8019
6798,Stanislav Lobotka,Defensive Midfielder,13621,Danilo Luís Hélio Pereira,0.7331
6798,Stanislav Lobotka,Defensive Midfielder,3359,Jean Michaël Seri,0.6782
6798,Stanislav Lobotka,Defensive Midfielder,5642,Axel Witsel,0.6595
6798,Stanislav Lobotka,Defensive Midfielder,3500,Granit Xhaka,0.5742
6983,Remo Freuler,Defensive Midfielder,10534,Callum McGregor,0.7274
6983,Remo Freuler,Defensive Midfielder,5839,Yeltsin Ignacio Tejeda Valverde,0.6948
6983,Remo Freuler,Defensive Midfielder,105942,Pablo Ganet Cómitre,0.6516
6983,Remo Freuler,Defensive Midfielder,4706,Kalvin Phillips,0.5621
6983,Remo Freuler,Defensive Midfielder,28415,Charles Pickel,0.5412
6994,Marten de Roon,Defensive Midfielder,3017,Ibrahim Sangaré,0.8018
6994,Marten de Roon,Defensive Midfielder,4706,Kalvin Phillips,0.5143
6994,Marten de Roon,Defensive Midfielder,30913,Marius Mihai Marin,0.5013
6994,Marten de Roon,Defensive Midfielder,12770,Jonathan Osorio,0.4472
6994,Marten de Roon,Defensive Midfielder,5722,Saeid Ezatolahi Afagh,0.4427
7024,Jorge Luiz Frello Filho,Defensive Midfielder,3500,Granit Xhaka,0.7342
7024,Jorge Luiz Frello Filho,Defensive Midfielder,5506,Javier Alejandro Mascherano,0.697
7024,Jorge Luiz Frello Filho,Defensive Midfielder,5203,Sergio Busquets i Burgos,0.686
7024,Jorge Luiz Frello Filho,Defensive Midfielder,5469,Marcelo Brozović,0.6532
7024,Jorge Luiz Frello Filho,Defensive Midfielder,8118,Frenkie de Jong,0.6398
7039,Hakan Çalhanoğlu,Defensive Midfielder,5693,Gaku Shibasaki,0.7341
7039,Hakan Çalhanoğlu,Defensive Midfielder,5574,Toni Kroos,0.6409
7039,Hakan Çalhanoğlu,Defensive Midfielder,6655,Fabián Ruiz Peña,0.562
7039,Hakan Çalhanoğlu,Defensive Midfielder,3026,Adrien Rabiot,0.5421
7039,Hakan Çalhanoğlu,Defensive Midfielder,2954,Youri Tielemans,0.4948
7162,Ádám Nagy,Defensive Midfielder,23444,Kristoffer Olsson,0.8035
7162,Ádám Nagy,Defensive Midfielder,31016,Manuel Luís da Silva Cafumana,0.7584
7162,Ádám Nagy,Defensive Midfielder,3637,Grzegorz Krychowiak,0.6487
7162,Ádám Nagy,Defensive Midfielder,3141,André-Frank Zambo Anguissa,0.6393
7162,Ádám Nagy,Defensive Midfielder,16514,Serhii Sydorchuk,0.6081
8118,Frenkie de Jong,Defensive Midfielder,7024,Jorge Luiz Frello Filho,0.6398
8118,Frenkie de Jong,Defensive Midfielder,20004,Paul Pogba,0.623
8118,Frenkie de Jong,Defensive Midfielder,5506,Javier Alejandro Mascherano,0.5438
8118,Frenkie de Jong,Defensive Midfielder,6655,Fabián Ruiz Peña,0.5399
8118,Frenkie de Jong,Defensive Midfielder,3500,Granit Xhaka,0.5273
8769,Xaver Schlager,Defensive Midfielder,5563,José Andrés Guardado Hernández,0.6546
8769,Xaver Schlager,Defensive Midfielder,3767,Ellyes Joris Skhiri,0.5364
8769,Xaver Schlager,Defensive Midfielder,24467,Frank Onyeka,0.4755
8769,Xaver Schlager,Defensive Midfielder,5171,Roman Zobnin,0.4717
8769,Xaver Schlager,Defensive Midfielder,15896,Timi Elšnik,0.4065
9195,Robert Andrich,Defensive Midfielder,38718,Enzo Fernandez,0.5378
9195,Robert Andrich,Defensive Midfielder,6994,Marten de Roon,0.4421
9195,Robert Andrich,Defensive Midfielder,5574,Toni Kroos,0.4339
9195,Robert Andrich,Defensive Midfielder,16308,Leandro Daniel Paredes,0.4204
9195,Robert Andrich,Defensive Midfielder,3500,Granit Xhaka,0.4093
9927,Rúben Diogo Da Silva Neves,Defensive Midfielder,3500,Granit Xhaka,0.8101
9927,Rúben Diogo Da Silva Neves,Defensive Midfielder,34639,Vitor Machado Ferreira,0.7697
9927,Rúben Diogo Da Silva Neves,Defensive Midfielder,5469,Marcelo Brozović,0.7447
9927,Rúben Diogo Da Silva Neves,Defensive Midfielder,5574,Toni Kroos,0.6837
9927,Rúben Diogo Da Silva Neves,Defensive Midfielder,10481,Aurélien Djani Tchouaméni,0.6647
10481,Aurélien Djani Tchouaméni,Defensive Midfielder,3500,Granit Xhaka,0.7664
10481,Aurélien Djani Tchouaméni,Defensive Midfielder,9927,Rúben Diogo Da Silva Neves,0.6647
10481,Aurélien Djani Tchouaméni,Defensive Midfielder,99174,Kobbie Mainoo,0.6596
10481,Aurélien Djani Tchouaméni,Defensive Midfielder,5203,Sergio Busquets i Burgos,0.6504
10481,Aurélien Djani Tchouaméni,Defensive Midfielder,5574,Toni Kroos,0.6464
10530,Jules Olivier Ntcham,Defensive Midfielder,3647,Alex Iwobi,0.4998
10530,Jules Olivier Ntcham,Defensive Midfielder,10844,Alfredo Kulembe Ribeiro,0.4445
10530,Jules Olivier Ntcham,Defensive Midfielder,6655,Fabián Ruiz Peña,0.4429
10530,Jules Olivier Ntcham,Defensive Midfielder,7039,Hakan Çalhanoğlu,0.4409
10530,Jules Olivier Ntcham,Defensive Midfielder,105942,Pablo Ganet Cómitre,0.4069
10534,Callum McGregor,Defensive Midfielder,6983,Remo Freuler,0.7274
10534,Callum McGregor,Defensive Midfielder,105942,Pablo Ganet Cómitre,0.5666
10534,Callum McGregor,Defensive Midfielder,5839,Yeltsin Ignacio Tejeda Valverde,0.5051
10534,Callum McGregor,Defensive Midfielder,28415,Charles Pickel,0.493
10534,Callum McGregor,Defensive Midfielder,37945,Alan Steven Franco Palma,0.4304
10844,Alfredo Kulembe Ribeiro,Defensive Midfielder,15896,Timi Elšnik,0.5065
10844,Alfredo Kulembe Ribeiro,Defensive Midfielder,5693,Gaku Shibasaki,0.4715
10844,Alfredo Kulembe Ribeiro,Defensive Midfielder,10530,Jules Olivier Ntcham,0.4445
10844,Alfredo Kulembe Ribeiro,Defensive Midfielder,44955,Aïssa Bilal Laïdouni,0.3876
10844,Alfredo Kulembe Ribeiro,Defensive Midfielder,7039,Hakan Çalhanoğlu,0.3715
10931,Joe Allen,Defensive Midfielder,37945,Alan Steven Franco Palma,0.7155
10931,Joe Allen,Defensive Midfielder,3637,Grzegorz Krychowiak,0.6837
10931,Joe Allen,Defensive Midfielder,24467,Frank Onyeka,0.6836
10931,Joe Allen,Defensive Midfielder,34845,Federico Bikoro Akieme Nchama,0.6403
10931,Joe Allen,Defensive Midfielder,28415,Charles Pickel,0.5854
10956,Eric Dier,Defensive Midfielder,16308,Leandro Daniel Paredes,0.7332
10956,Eric Dier,Defensive Midfielder,133229,Ismael Koné,0.6852
10956,Eric Dier,Defensive Midfielder,5469,Marcelo Brozović,0.4936
10956,Eric Dier,Defensive Midfielder,10481,Aurélien Djani Tchouaméni,0.4888
10956,Eric Dier,Defensive Midfielder,11990,Youssouf Fofana,0.4809
11187,Stephen Antunes Eustáquio,Defensive Midfielder,5527,Thomas Delaney,0.438
11187,Stephen Antunes Eustáquio,Defensive Midfielder,37945,Alan Steven Franco Palma,0.3976
11187,Stephen Antunes Eustáquio,Defensive Midfielder,23721,Wataru Endo,0.3747
11187,Stephen Antunes Eustáquio,Defensive Midfielder,9195,Robert Andrich,0.3639
11187,Stephen Antunes Eustáquio,Defensive Midfielder,5722,Saeid Ezatolahi Afagh,0.362
11396,Florian Grillitsch,Defensive Midfielder,3570,Pierre-Emile Højbjerg,0.7575
11396,Florian Grillitsch,Defensive Midfielder,34639,Vitor Machado Ferreira,0.5431
11396,Florian Grillitsch,Defensive Midfielder,5469,Marcelo Brozović,0.5234
11396,Florian Grillitsch,Defensive Midfielder,3943,Declan Rice,0.511
11396,Florian Grillitsch,Defensive Midfielder,5506,Javier Alejandro Mascherano,0.5036
11990,Youssouf Fofana,Defensive Midfielder,4412,Samuel Moutoussamy,0.6171
11990,Youssouf Fofana,Defensive Midfielder,5678,Jefferson Andrés Lerma Solís,0.5591
11990,Youssouf Fofana,Defensive Midfielder,5260,Rodrigo Bentancur Colmán,0.5588
11990,Youssouf Fofana,Defensive Midfielder,133229,Ismael Koné,0.5569
11990,Youssouf Fofana,Defensive Midfielder,6193,Andrés Mateus Uribe Villa,0.5409
12169,João Maria Lobo Alves Palhinha Gonçalves,Defensive Midfielder,48720,João Victor Gomes da Silva,0.6282
12169,João Maria Lobo Alves Palhinha Gonçalves,Defensive Midfielder,36659,Manuel Ugarte Ribeiro,0.5687
12169,João Maria Lobo Alves Palhinha Gonçalves,Defensive Midfielder,36917,José Andrés Martínez Torres,0.5217
12169,João Maria Lobo Alves Palhinha Gonçalves,Defensive Midfielder,3767,Ellyes Joris Skhiri,0.4629
12169,João Maria Lobo Alves Palhinha Gonçalves,Defensive Midfielder,6383,Thomas Teye Partey,0.462
12751,Tyler Adams,Defensive Midfielder,48720,João Victor Gomes da Silva,0.6244
12751,Tyler Adams,Defensive Midfielder,44955,Aïssa Bilal Laïdouni,0.579
12751,Tyler Adams,Defensive Midfielder,36917,José Andrés Martínez Torres,0.5604
12751,Tyler Adams,Defensive Midfielder,3767,Ellyes Joris Skhiri,0.5371
12751,Tyler Adams,Defensive Midfielder,39460,Nicolas Seiwald,0.4781
12770,Jonathan Osorio,Defensive Midfielder,28415,Charles Pickel,0.7062
12770,Jonathan Osorio,Defensive Midfielder,3017,Ibrahim Sangaré,0.62
12770,Jonathan Osorio,Defensive Midfielder,42527,Sphephelo S''Miso Sithole,0.6084
12770,Jonathan Osorio,Defensive Midfielder,30913,Marius Mihai Marin,0.5895
12770,Jonathan Osorio,Defensive Midfielder,6193,Andrés Mateus Uribe Villa,0.5501
13621,Danilo Luís Hélio Pereira,Defensive Midfielder,3943,Declan Rice,0.8041
13621,Danilo Luís Hélio Pereira,Defensive Midfielder,15503,Jerdy Schouten,0.7531
13621,Danilo Luís Hélio Pereira,Defensive Midfielder,6798,Stanislav Lobotka,0.7331
13621,Danilo Luís Hélio Pereira,Defensive Midfielder,10481,Aurélien Djani Tchouaméni,0.6284
13621,Danilo Luís Hélio Pereira,Defensive Midfielder,6687,Saša Lukić,0.5432
15503,Jerdy Schouten,Defensive Midfielder,6798,Stanislav Lobotka,0.8019
15503,Jerdy Schouten,Defensive Midfielder,13621,Danilo Luís Hélio Pereira,0.7531
15503,Jerdy Schouten,Defensive Midfielder,3359,Jean Michaël Seri,0.6952
15503,Jerdy Schouten,Defensive Midfielder,3943,Declan Rice,0.6056
15503,Jerdy Schouten,Defensive Midfielder,5642,Axel Witsel,0.5844
15896,Timi Elšnik,Defensive Midfielder,341163,Omaré Gassama,0.8071
15896,Timi Elšnik,Defensive Midfielder,5171,Roman Zobnin,0.8008
15896,Timi Elšnik,Defensive Midfielder,24467,Frank Onyeka,0.6039
15896,Timi Elšnik,Defensive Midfielder,31968,Adam Gnezda Čerin,0.5143
15896,Timi Elšnik,Defensive Midfielder,10844,Alfredo Kulembe Ribeiro,0.5065
16308,Leandro Daniel Paredes,Defensive Midfielder,10956,Eric Dier,0.7332
16308,Leandro Daniel Paredes,Defensive Midfielder,5469,Marcelo Brozović,0.626
16308,Leandro Daniel Paredes,Defensive Midfielder,133229,Ismael Koné,0.5489
16308,Leandro Daniel Paredes,Defensive Midfielder,10481,Aurélien Djani Tchouaméni,0.5207
16308,Leandro Daniel Paredes,Defensive Midfielder,7024,Jorge Luiz Frello Filho,0.4862
16514,Serhii Sydorchuk,Defensive Midfielder,23444,Kristoffer Olsson,0.8162
16514,Serhii Sydorchuk,Defensive Midfielder,3141,André-Frank Zambo Anguissa,0.7779
16514,Serhii Sydorchuk,Defensive Midfielder,7162,Ádám Nagy,0.6081
16514,Serhii Sydorchuk,Defensive Midfielder,3767,Ellyes Joris Skhiri,0.4803
16514,Serhii Sydorchuk,Defensive Midfielder,15503,Jerdy Schouten,0.4709
20004,Paul Pogba,Defensive Midfielder,6655,Fabián Ruiz Peña,0.6943
20004,Paul Pogba,Defensive Midfielder,8118,Frenkie de Jong,0.623
20004,Paul Pogba,Defensive Midfielder,38718,Enzo Fernandez,0.61
20004,Paul Pogba,Defensive Midfielder,6773,Federico Santiago Valverde Dipetta,0.5966
20004,Paul Pogba,Defensive Midfielder,22600,Lucas Tolentino Coelho de Lima,0.5686
21026,Pape Gueye,Defensive Midfielder,3647,Alex Iwobi,0.6443
21026,Pape Gueye,Defensive Midfielder,6773,Federico Santiago Valverde Dipetta,0.5206
21026,Pape Gueye,Defensive Midfielder,23763,In-Beom Hwang,0.499
21026,Pape Gueye,Defensive Midfielder,3637,Grzegorz Krychowiak,0.4346
21026,Pape Gueye,Defensive Midfielder,34845,Federico Bikoro Akieme Nchama,0.3713
21582,Tijjani Reijnders,Defensive Midfielder,99174,Kobbie Mainoo,0.6828
21582,Tijjani Reijnders,Defensive Midfielder,10481,Aurélien Djani Tchouaméni,0.597
21582,Tijjani Reijnders,Defensive Midfielder,34639,Vitor Machado Ferreira,0.568
21582,Tijjani Reijnders,Defensive Midfielder,6773,Federico Santiago Valverde Dipetta,0.4999
21582,Tijjani Reijnders,Defensive Midfielder,6324,Leon Goretzka,0.4961
22600,Lucas Tolentino Coelho de Lima,Defensive Midfielder,66716,Teboho Mokoena,0.7704
22600,Lucas Tolentino Coelho de Lima,Defensive Midfielder,6773,Federico Santiago Valverde Dipetta,0.6757
22600,Lucas Tolentino Coelho de Lima,Defensive Midfielder,6324,Leon Goretzka,0.6334
22600,Lucas Tolentino Coelho de Lima,Defensive Midfielder,38718,Enzo Fernandez,0.5902
22600,Lucas Tolentino Coelho de Lima,Defensive Midfielder,20004,Paul Pogba,0.5686
23444,Kristoffer Olsson,Defensive Midfielder,16514,Serhii Sydorchuk,0.8162
23444,Kristoffer Olsson,Defensive Midfielder,7162,Ádám Nagy,0.8035
23444,Kristoffer Olsson,Defensive Midfielder,3141,André-Frank Zambo Anguissa,0.7645
23444,Kristoffer Olsson,Defensive Midfielder,31016,Manuel Luís da Silva Cafumana,0.6292
23444,Kristoffer Olsson,Defensive Midfielder,31029,Salis Abdul Samed,0.598
23721,Wataru Endo,Defensive Midfielder,36917,José Andrés Martínez Torres,0.5125
23721,Wataru Endo,Defensive Midfielder,5266,Lucas Torreira Di Pascua,0.5087
23721,Wataru Endo,Defensive Midfielder,44955,Aïssa Bilal Laïdouni,0.4632
23721,Wataru Endo,Defensive Midfielder,5539,Carlos Henrique Casimiro,0.3838
23721,Wataru Endo,Defensive Midfielder,11187,Stephen Antunes Eustáquio,0.3747
23763,In-Beom Hwang,Defensive Midfielder,34639,Vitor Machado Ferreira,0.6368
23763,In-Beom Hwang,Defensive Midfielder,3281,Aaron Mooy,0.6256
23763,In-Beom Hwang,Defensive Midfielder,9927,Rúben Diogo Da Silva Neves,0.6029
23763,In-Beom Hwang,Defensive Midfielder,3647,Alex Iwobi,0.515
23763,In-Beom Hwang,Defensive Midfielder,21026,Pape Gueye,0.499
24467,Frank Onyeka,Defensive Midfielder,30913,Marius Mihai Marin,0.7124
24467,Frank Onyeka,Defensive Midfielder,31968,Adam Gnezda Čerin,0.6953
24467,Frank Onyeka,Defensive Midfielder,10931,Joe Allen,0.6836
24467,Frank Onyeka,Defensive Midfielder,136406,Aprocious Petrus,0.6304
24467,Frank Onyeka,Defensive Midfielder,15896,Timi Elšnik,0.6039
25142,Bruno Guimarães Rodriguez Moura,Defensive Midfielder,34639,Vitor Machado Ferreira,0.759
25142,Bruno Guimarães Rodriguez Moura,Defensive Midfielder,38718,Enzo Fernandez,0.6236
25142,Bruno Guimarães Rodriguez Moura,Defensive Midfielder,6655,Fabián Ruiz Peña,0.6034
25142,Bruno Guimarães Rodriguez Moura,Defensive Midfielder,5563,José Andrés Guardado Hernández,0.4852
25142,Bruno Guimarães Rodriguez Moura,Defensive Midfielder,21582,Tijjani Reijnders,0.4771
28415,Charles Pickel,Defensive Midfielder,34845,Federico Bikoro Akieme Nchama,0.748
28415,Charles Pickel,Defensive Midfielder,42527,Sphephelo S''Miso Sithole,0.7476
28415,Charles Pickel,Defensive Midfielder,37945,Alan Steven Franco Palma,0.7457
28415,Charles Pickel,Defensive Midfielder,12770,Jonathan Osorio,0.7062
28415,Charles Pickel,Defensive Midfielder,30913,Marius Mihai Marin,0.6968
30913,Marius Mihai Marin,Defensive Midfielder,31968,Adam Gnezda Čerin,0.7366
30913,Marius Mihai Marin,Defensive Midfielder,5722,Saeid Ezatolahi Afagh,0.7294
30913,Marius Mihai Marin,Defensive Midfielder,24467,Frank Onyeka,0.7124
30913,Marius Mihai Marin,Defensive Midfielder,28415,Charles Pickel,0.6968
30913,Marius Mihai Marin,Defensive Midfielder,34845,Federico Bikoro Akieme Nchama,0.6899
31016,Manuel Luís da Silva Cafumana,Defensive Midfielder,7162,Ádám Nagy,0.7584
31016,Manuel Luís da Silva Cafumana,Defensive Midfielder,23444,Kristoffer Olsson,0.6292
31016,Manuel Luís da Silva Cafumana,Defensive Midfielder,3767,Ellyes Joris Skhiri,0.5858
31016,Manuel Luís da Silva Cafumana,Defensive Midfielder,24467,Frank Onyeka,0.5032
31016,Manuel Luís da Silva Cafumana,Defensive Midfielder,39460,Nicolas Seiwald,0.4815
31029,Salis Abdul Samed,Defensive Midfielder,23444,Kristoffer Olsson,0.598
31029,Salis Abdul Samed,Defensive Midfielder,3141,André-Frank Zambo Anguissa,0.5573
31029,Salis Abdul Samed,Defensive Midfielder,44955,Aïssa Bilal Laïdouni,0.5534
31029,Salis Abdul Samed,Defensive Midfielder,7162,Ádám Nagy,0.5471
31029,Salis Abdul Samed,Defensive Midfielder,341163,Omaré Gassama,0.4711
31968,Adam Gnezda Čerin,Defensive Midfielder,5266,Lucas Torreira Di Pascua,0.8177
31968,Adam Gnezda Čerin,Defensive Midfielder,30913,Marius Mihai Marin,0.7366
31968,Adam Gnezda Čerin,Defensive Midfielder,24467,Frank Onyeka,0.6953
31968,Adam Gnezda Čerin,Defensive Midfielder,5722,Saeid Ezatolahi Afagh,0.6865
31968,Adam Gnezda Čerin,Defensive Midfielder,3017,Ibrahim Sangaré,0.606
34639,Vitor Machado Ferreira,Defensive Midfielder,9927,Rúben Diogo Da Silva Neves,0.7697
34639,Vitor Machado Ferreira,Defensive Midfielder,25142,Bruno Guimarães Rodriguez Moura,0.759
34639,Vitor Machado Ferreira,Defensive Midfielder,6655,Fabián Ruiz Peña,0.7405
34639,Vitor Machado Ferreira,Defensive Midfielder,5574,Toni Kroos,0.717
34639,Vitor Machado Ferreira,Defensive Midfielder,3500,Granit Xhaka,0.7012
34845,Federico Bikoro Akieme Nchama,Defensive Midfielder,42527,Sphephelo S''Miso Sithole,0.7597
34845,Federico Bikoro Akieme Nchama,Defensive Midfielder,28415,Charles Pickel,0.748
34845,Federico Bikoro Akieme Nchama,Defensive Midfielder,37945,Alan Steven Franco Palma,0.7472
34845,Federico Bikoro Akieme Nchama,Defensive Midfielder,30913,Marius Mihai Marin,0.6899
34845,Federico Bikoro Akieme Nchama,Defensive Midfielder,10931,Joe Allen,0.6403
36659,Manuel Ugarte Ribeiro,Defensive Midfielder,36917,José Andrés Martínez Torres,0.7192
36659,Manuel Ugarte Ribeiro,Defensive Midfielder,12169,João Maria Lobo Alves Palhinha Gonçalves,0.5687
36659,Manuel Ugarte Ribeiro,Defensive Midfielder,44955,Aïssa Bilal Laïdouni,0.5295
36659,Manuel Ugarte Ribeiro,Defensive Midfielder,132800,Kevin Lenini Gonçalves Pereira de Pina,0.4892
36659,Manuel Ugarte Ribeiro,Defensive Midfielder,24467,Frank Onyeka,0.4741
36917,José Andrés Martínez Torres,Defensive Midfielder,36659,Manuel Ugarte Ribeiro,0.7192
36917,José Andrés Martínez Torres,Defensive Midfielder,44955,Aïssa Bilal Laïdouni,0.6648
36917,José Andrés Martínez Torres,Defensive Midfielder,12751,Tyler Adams,0.5604
36917,José Andrés Martínez Torres,Defensive Midfielder,37726,Moisés Isaac Caicedo Corozo,0.5539
36917,José Andrés Martínez Torres,Defensive Midfielder,12169,João Maria Lobo Alves Palhinha Gonçalves,0.5217
37726,Moisés Isaac Caicedo Corozo,Defensive Midfielder,36917,José Andrés Martínez Torres,0.5539
37726,Moisés Isaac Caicedo Corozo,Defensive Midfielder,5266,Lucas Torreira Di Pascua,0.4558
37726,Moisés Isaac Caicedo Corozo,Defensive Midfielder,3281,Aaron Mooy,0.4514
37726,Moisés Isaac Caicedo Corozo,Defensive Midfielder,5171,Roman Zobnin,0.4495
37726,Moisés Isaac Caicedo Corozo,Defensive Midfielder,5539,Carlos Henrique Casimiro,0.4468
37945,Alan Steven Franco Palma,Defensive Midfielder,34845,Federico Bikoro Akieme Nchama,0.7472
37945,Alan Steven Franco Palma,Defensive Midfielder,28415,Charles Pickel,0.7457
37945,Alan Steven Franco Palma,Defensive Midfielder,5722,Saeid Ezatolahi Afagh,0.7231
37945,Alan Steven Franco Palma,Defensive Midfielder,10931,Joe Allen,0.7155
37945,Alan Steven Franco Palma,Defensive Midfielder,30913,Marius Mihai Marin,0.6409
38718,Enzo Fernandez,Defensive Midfielder,3500,Granit Xhaka,0.6726
38718,Enzo Fernandez,Defensive Midfielder,6655,Fabián Ruiz Peña,0.6488
38718,Enzo Fernandez,Defensive Midfielder,34639,Vitor Machado Ferreira,0.6321
38718,Enzo Fernandez,Defensive Midfielder,25142,Bruno Guimarães Rodriguez Moura,0.6236
38718,Enzo Fernandez,Defensive Midfielder,20004,Paul Pogba,0.61
39460,Nicolas Seiwald,Defensive Midfielder,5266,Lucas Torreira Di Pascua,0.5822
39460,Nicolas Seiwald,Defensive Midfielder,3767,Ellyes Joris Skhiri,0.5135
39460,Nicolas Seiwald,Defensive Midfielder,31016,Manuel Luís da Silva Cafumana,0.4815
39460,Nicolas Seiwald,Defensive Midfielder,12751,Tyler Adams,0.4781
39460,Nicolas Seiwald,Defensive Midfielder,48720,João Victor Gomes da Silva,0.4286
42527,Sphephelo S''Miso Sithole,Defensive Midfielder,34845,Federico Bikoro Akieme Nchama,0.7597
42527,Sphephelo S''Miso Sithole,Defensive Midfielder,28415,Charles Pickel,0.7476
42527,Sphephelo S''Miso Sithole,Defensive Midfielder,4506,Nampalys Mendy,0.6754
42527,Sphephelo S''Miso Sithole,Defensive Midfielder,12770,Jonathan Osorio,0.6084
42527,Sphephelo S''Miso Sithole,Defensive Midfielder,3141,André-Frank Zambo Anguissa,0.5683
44955,Aïssa Bilal Laïdouni,Defensive Midfielder,36917,José Andrés Martínez Torres,0.6648
44955,Aïssa Bilal Laïdouni,Defensive Midfielder,12751,Tyler Adams,0.579
44955,Aïssa Bilal Laïdouni,Defensive Midfielder,30913,Marius Mihai Marin,0.5675
44955,Aïssa Bilal Laïdouni,Defensive Midfielder,5266,Lucas Torreira Di Pascua,0.5668
44955,Aïssa Bilal Laïdouni,Defensive Midfielder,31029,Salis Abdul Samed,0.5534
48347,Amadou Onana,Defensive Midfielder,6383,Thomas Teye Partey,0.5417
48347,Amadou Onana,Defensive Midfielder,5642,Axel Witsel,0.4775
48347,Amadou Onana,Defensive Midfielder,8118,Frenkie de Jong,0.4549
48347,Amadou Onana,Defensive Midfielder,3359,Jean Michaël Seri,0.4531
48347,Amadou Onana,Defensive Midfielder,21582,Tijjani Reijnders,0.4464
48720,João Victor Gomes da Silva,Defensive Midfielder,3767,Ellyes Joris Skhiri,0.716
48720,João Victor Gomes da Silva,Defensive Midfielder,5575,Héctor Miguel Herrera López,0.6289
48720,João Victor Gomes da Silva,Defensive Midfielder,12169,João Maria Lobo Alves Palhinha Gonçalves,0.6282
48720,João Victor Gomes da Silva,Defensive Midfielder,12751,Tyler Adams,0.6244
48720,João Victor Gomes da Silva,Defensive Midfielder,36917,José Andrés Martínez Torres,0.4711
66716,Teboho Mokoena,Defensive Midfielder,6773,Federico Santiago Valverde Dipetta,0.7898
66716,Teboho Mokoena,Defensive Midfielder,22600,Lucas Tolentino Coelho de Lima,0.7704
66716,Teboho Mokoena,Defensive Midfielder,6324,Leon Goretzka,0.6706
66716,Teboho Mokoena,Defensive Midfielder,20004,Paul Pogba,0.5642
66716,Teboho Mokoena,Defensive Midfielder,6655,Fabián Ruiz Peña,0.5633
99174,Kobbie Mainoo,Defensive Midfielder,21582,Tijjani Reijnders,0.6828
99174,Kobbie Mainoo,Defensive Midfielder,10481,Aurélien Djani Tchouaméni,0.6596
99174,Kobbie Mainoo,Defensive Midfielder,6798,Stanislav Lobotka,0.4698
99174,Kobbie Mainoo,Defensive Midfielder,15503,Jerdy Schouten,0.4625
99174,Kobbie Mainoo,Defensive Midfielder,6773,Federico Santiago Valverde Dipetta,0.4369
105942,Pablo Ganet Cómitre,Defensive Midfielder,5839,Yeltsin Ignacio Tejeda Valverde,0.6986
105942,Pablo Ganet Cómitre,Defensive Midfielder,6983,Remo Freuler,0.6516
105942,Pablo Ganet Cómitre,Defensive Midfielder,10534,Callum McGregor,0.5666
105942,Pablo Ganet Cómitre,Defensive Midfielder,37945,Alan Steven Franco Palma,0.5472
105942,Pablo Ganet Cómitre,Defensive Midfielder,28415,Charles Pickel,0.5162
132800,Kevin Lenini Gonçalves Pereira de Pina,Defensive Midfielder,37945,Alan Steven Franco Palma,0.5646
132800,Kevin Lenini Gonçalves Pereira de Pina,Defensive Midfielder,36659,Manuel Ugarte Ribeiro,0.4892
132800,Kevin Lenini Gonçalves Pereira de Pina,Defensive Midfielder,44955,Aïssa Bilal Laïdouni,0.4835
132800,Kevin Lenini Gonçalves Pereira de Pina,Defensive Midfielder,5839,Yeltsin Ignacio Tejeda Valverde,0.4598
132800,Kevin Lenini Gonçalves Pereira de Pina,Defensive Midfielder,4934,Ethan Ampadu,0.4275
133229,Ismael Koné,Defensive Midfielder,10956,Eric Dier,0.6852
133229,Ismael Koné,Defensive Midfielder,5260,Rodrigo Bentancur Colmán,0.5731
133229,Ismael Koné,Defensive Midfielder,11990,Youssouf Fofana,0.5569
133229,Ismael Koné,Defensive Midfielder,16308,Leandro Daniel Paredes,0.5489
133229,Ismael Koné,Defensive Midfielder,6773,Federico Santiago Valverde Dipetta,0.4238
136406,Aprocious Petrus,Defensive Midfielder,5722,Saeid Ezatolahi Afagh,0.7431
136406,Aprocious Petrus,Defensive Midfielder,3637,Grzegorz Krychowiak,0.7162
136406,Aprocious Petrus,Defensive Midfielder,24467,Frank Onyeka,0.6304
136406,Aprocious Petrus,Defensive Midfielder,5527,Thomas Delaney,0.6002
136406,Aprocious Petrus,Defensive Midfielder,5266,Lucas Torreira Di Pascua,0.5933
341163,Omaré Gassama,Defensive Midfielder,15896,Timi Elšnik,0.8071
341163,Omaré Gassama,Defensive Midfielder,5171,Roman Zobnin,0.7672
341163,Omaré Gassama,Defensive Midfielder,7162,Ádám Nagy,0.552
341163,Omaré Gassama,Defensive Midfielder,31029,Salis Abdul Samed,0.4711
341163,Omaré Gassama,Defensive Midfielder,3767,Ellyes Joris Skhiri,0.4491
2972,Marcus Thuram,Forward,8819,Alexander Isak,0.7004
2972,Marcus Thuram,Forward,5195,Artem Dzyuba,0.4332
2972,Marcus Thuram,Forward,3058,Javier Hernández Balcázar,0.3749
2972,Marcus Thuram,Forward,25104,Rodrygo Silva de Goes,0.3464
2972,Marcus Thuram,Forward,5490,Jackson Irvine,0.3332
2988,Memphis Depay,Forward,5503,Lionel Andrés Messi Cuccittini,0.8344
2988,Memphis Depay,Forward,25104,Rodrygo Silva de Goes,0.6324
2988,Memphis Depay,Forward,5719,Marco Asensio Willemsen,0.6265
2988,Memphis Depay,Forward,5460,Andrej Kramarić,0.5908
2988,Memphis Depay,Forward,5689,Juan Guillermo Cuadrado Bello,0.5405
3058,Javier Hernández Balcázar,Forward,8819,Alexander Isak,0.5534
3058,Javier Hernández Balcázar,Forward,16459,Cyle Larin,0.3984
3058,Javier Hernández Balcázar,Forward,5732,Andreas Evald Cornelius,0.3962
3058,Javier Hernández Balcázar,Forward,6393,Iñaki Williams Arthuer,0.3798
3058,Javier Hernández Balcázar,Forward,2972,Marcus Thuram,0.3749
3196,Wahbi Khazri,Forward,3477,Álvaro Borja Morata Martín,0.4379
3196,Wahbi Khazri,Forward,19316,Roland Sallai,0.396
3196,Wahbi Khazri,Forward,4041,José Salomón Rondón Giménez,0.3842
3196,Wahbi Khazri,Forward,6685,Mikel Oyarzabal Ugarte,0.3507
3196,Wahbi Khazri,Forward,5834,Mario Gavranović,0.2991
3202,Gabriel Fernando de Jesus,Forward,5490,Jackson Irvine,0.5993
3202,Gabriel Fernando de Jesus,Forward,25104,Rodrygo Silva de Goes,0.4924
3202,Gabriel Fernando de Jesus,Forward,5525,Édison Michael Flores Peralta,0.4908
3202,Gabriel Fernando de Jesus,Forward,8400,Serge Gnabry,0.4836
3202,Gabriel Fernando de Jesus,Forward,11098,Marcus Berg,0.4518
3280,Richarlison de Andrade,Forward,66886,Mostafa Mohamed Ahmed Abdallah,0.6076
3280,Richarlison de Andrade,Forward,8817,Jhon Andrés Córdoba Copete,0.5438
3280,Richarlison de Andrade,Forward,28559,Enner Remberto Valencia Lastra,0.5311
3280,Richarlison de Andrade,Forward,6302,Kasper Dolberg,0.4659
3280,Richarlison de Andrade,Forward,7829,Wout Weghorst,0.3679
3289,Romelu Lukaku Menama,Forward,10955,Harry Kane,0.7205
3289,Romelu Lukaku Menama,Forward,11277,Victor James Osimhen,0.6977
3289,Romelu Lukaku Menama,Forward,20611,Boulaye Dia,0.6721
3289,Romelu Lukaku Menama,Forward,8454,Mohamed Bayo,0.6113
3289,Romelu Lukaku Menama,Forward,13581,Emilio Nsue López,0.5483
3318,Marcus Rashford,Forward,19677,Karim Benzema,0.6487
3318,Marcus Rashford,Forward,5689,Juan Guillermo Cuadrado Bello,0.6185
3318,Marcus Rashford,Forward,5719,Marco Asensio Willemsen,0.5893
3318,Marcus Rashford,Forward,5503,Lionel Andrés Messi Cuccittini,0.5638
3318,Marcus Rashford,Forward,5581,Joel Nathaniel Campbell Samuels,0.5331
3325,Marko Arnautović,Forward,33234,Georges Mikautadze,0.4623
3325,Marko Arnautović,Forward,5246,Luis Alberto Suárez Díaz,0.4459
3325,Marko Arnautović,Forward,5732,Andreas Evald Cornelius,0.4406
3325,Marko Arnautović,Forward,5195,Artem Dzyuba,0.3657
3325,Marko Arnautović,Forward,5834,Mario Gavranović,0.2884
3445,Radamel Falcao García Zárate,Forward,22097,Randal Kolo Muani,0.4776
3445,Radamel Falcao García Zárate,Forward,23649,Roman Yaremchuk,0.4619
3445,Radamel Falcao García Zárate,Forward,4269,Aleksandar Mitrović,0.4279
3445,Radamel Falcao García Zárate,Forward,5198,Diego da Silva Costa,0.3967
3445,Radamel Falcao García Zárate,Forward,4417,Ola Toivonen,0.3658
3477,Álvaro Borja Morata Martín,Forward,22097,Randal Kolo Muani,0.5909
3477,Álvaro Borja Morata Martín,Forward,29560,Julián Álvarez,0.5244
3477,Álvaro Borja Morata Martín,Forward,11456,Lautaro Javier Martínez,0.5069
3477,Álvaro Borja Morata Martín,Forward,7044,Patrik Schick,0.4997
3477,Álvaro Borja Morata Martín,Forward,7829,Wout Weghorst,0.443
3604,Olivier Giroud,Forward,6301,Youssef En-Nesyri,0.7827
3604,Olivier Giroud,Forward,4269,Aleksandar Mitrović,0.7391
3604,Olivier Giroud,Forward,6862,Cédric Bakambu,0.7101
3604,Olivier Giroud,Forward,5224,Sardar Azmoun,0.6836
3604,Olivier Giroud,Forward,5535,José Paolo Guerrero Gonzáles,0.6562
3853,Kieffer Roberto Francisco Moore,Forward,6301,Youssef En-Nesyri,0.7789
3853,Kieffer Roberto Francisco Moore,Forward,5224,Sardar Azmoun,0.7465
3853,Kieffer Roberto Francisco Moore,Forward,16459,Cyle Larin,0.694
3853,Kieffer Roberto Francisco Moore,Forward,5472,Mario Mandžukić,0.6439
3853,Kieffer Roberto Francisco Moore,Forward,3604,Olivier Giroud,0.5939
4041,José Salomón Rondón Giménez,Forward,5207,Cristiano Ronaldo dos Santos Aveiro,0.5445
4041,José Salomón Rondón Giménez,Forward,5668,Robert Lewandowski,0.5321
4041,José Salomón Rondón Giménez,Forward,8673,Sébastien Haller,0.5065
4041,José Salomón Rondón Giménez,Forward,7044,Patrik Schick,0.489
4041,José Salomón Rondón Giménez,Forward,10955,Harry Kane,0.4665
4269,Aleksandar Mitrović,Forward,3604,Olivier Giroud,0.7391
4269,Aleksandar Mitrović,Forward,128881,Cristóvão Paciência Mabululo,0.6092
4269,Aleksandar Mitrović,Forward,8673,Sébastien Haller,0.5754
4269,Aleksandar Mitrović,Forward,11456,Lautaro Javier Martínez,0.5667
4269,Aleksandar Mitrović,Forward,6301,Youssef En-Nesyri,0.5348
4319,Edinson Roberto Cavani Gómez,Forward,19677,Karim Benzema,0.4308
4319,Edinson Roberto Cavani Gómez,Forward,5198,Diego da Silva Costa,0.4202
4319,Edinson Roberto Cavani Gómez,Forward,3318,Marcus Rashford,0.3969
4319,Edinson Roberto Cavani Gómez,Forward,5207,Cristiano Ronaldo dos Santos Aveiro,0.3572
4319,Edinson Roberto Cavani Gómez,Forward,6685,Mikel Oyarzabal Ugarte,0.3541
4417,Ola Toivonen,Forward,7829,Wout Weghorst,0.6417
4417,Ola Toivonen,Forward,5472,Mario Mandžukić,0.6205
4417,Ola Toivonen,Forward,11098,Marcus Berg,0.5927
4417,Ola Toivonen,Forward,6301,Youssef En-Nesyri,0.5404
4417,Ola Toivonen,Forward,5224,Sardar Azmoun,0.5192
5195,Artem Dzyuba,Forward,5246,Luis Alberto Suárez Díaz,0.5813
5195,Artem Dzyuba,Forward,7829,Wout Weghorst,0.4817
5195,Artem Dzyuba,Forward,5535,José Paolo Guerrero Gonzáles,0.4738
5195,Artem Dzyuba,Forward,4417,Ola Toivonen,0.4477
5195,Artem Dzyuba,Forward,2972,Marcus Thuram,0.4332
5198,Diego da Silva Costa,Forward,13581,Emilio Nsue López,0.6892
5198,Diego da Silva Costa,Forward,8673,Sébastien Haller,0.5996
5198,Diego da Silva Costa,Forward,4269,Aleksandar Mitrović,0.5145
5198,Diego da Silva Costa,Forward,5834,Mario Gavranović,0.5093
5198,Diego da Silva Costa,Forward,5207,Cristiano Ronaldo dos Santos Aveiro,0.5002
5207,Cristiano Ronaldo dos Santos Aveiro,Forward,11456,Lautaro Javier Martínez,0.6424
5207,Cristiano Ronaldo dos Santos Aveiro,Forward,8966,Kai Havertz,0.6037
5207,Cristiano Ronaldo dos Santos Aveiro,Forward,19677,Karim Benzema,0.5748
5207,Cristiano Ronaldo dos Santos Aveiro,Forward,4041,José Salomón Rondón Giménez,0.5445
5207,Cristiano Ronaldo dos Santos Aveiro,Forward,13581,Emilio Nsue López,0.5402
5224,Sardar Azmoun,Forward,3853,Kieffer Roberto Francisco Moore,0.7465
5224,Sardar Azmoun,Forward,3604,Olivier Giroud,0.6836
5224,Sardar Azmoun,Forward,5535,José Paolo Guerrero Gonzáles,0.6805
5224,Sardar Azmoun,Forward,6301,Youssef En-Nesyri,0.6765
5224,Sardar Azmoun,Forward,31866,Andraž Šporar,0.6541
5246,Luis Alberto Suárez Díaz,Forward,5195,Artem Dzyuba,0.5813
5246,Luis Alberto Suárez Díaz,Forward,4041,José Salomón Rondón Giménez,0.4525
5246,Luis Alberto Suárez Díaz,Forward,3325,Marko Arnautović,0.4459
5246,Luis Alberto Suárez Díaz,Forward,5535,José Paolo Guerrero Gonzáles,0.4331
5246,Luis Alberto Suárez Díaz,Forward,10955,Harry Kane,0.4329
5460,Andrej Kramarić,Forward,5719,Marco Asensio Willemsen,0.8344
5460,Andrej Kramarić,Forward,5689,Juan Guillermo Cuadrado Bello,0.7617
5460,Andrej Kramarić,Forward,6685,Mikel Oyarzabal Ugarte,0.7246
5460,Andrej Kramarić,Forward,27158,Luis Fernando Díaz Marulanda,0.711
5460,Andrej Kramarić,Forward,5557,Timo Werner,0.6296
5472,Mario Mandžukić,Forward,3853,Kieffer Roberto Francisco Moore,0.6439
5472,Mario Mandžukić,Forward,4417,Ola Toivonen,0.6205
5472,Mario Mandžukić,Forward,22097,Randal Kolo Muani,0.6005
5472,Mario Mandžukić,Forward,7829,Wout Weghorst,0.5554
5472,Mario Mandžukić,Forward,3604,Olivier Giroud,0.5462
5490,Jackson Irvine,Forward,3202,Gabriel Fernando de Jesus,0.5993
5490,Jackson Irvine,Forward,5472,Mario Mandžukić,0.5052
5490,Jackson Irvine,Forward,5525,Édison Michael Flores Peralta,0.4749
5490,Jackson Irvine,Forward,3853,Kieffer Roberto Francisco Moore,0.4522
5490,Jackson Irvine,Forward,8400,Serge Gnabry,0.4361
5503,Lionel Andrés Messi Cuccittini,Forward,2988,Memphis Depay,0.8344
5503,Lionel Andrés Messi Cuccittini,Forward,6685,Mikel Oyarzabal Ugarte,0.6146
5503,Lionel Andrés Messi Cuccittini,Forward,8966,Kai Havertz,0.6065
5503,Lionel Andrés Messi Cuccittini,Forward,25104,Rodrygo Silva de Goes,0.6015
5503,Lionel Andrés Messi Cuccittini,Forward,5689,Juan Guillermo Cuadrado Bello,0.5985
5525,Édison Michael Flores Peralta,Forward,7693,Bruno Petković,0.6834
5525,Édison Michael Flores Peralta,Forward,8400,Serge Gnabry,0.6084
5525,Édison Michael Flores Peralta,Forward,5581,Joel Nathaniel Campbell Samuels,0.496
5525,Édison Michael Flores Peralta,Forward,3202,Gabriel Fernando de Jesus,0.4908
5525,Édison Michael Flores Peralta,Forward,25104,Rodrygo Silva de Goes,0.487
5535,José Paolo Guerrero Gonzáles,Forward,5224,Sardar Azmoun,0.6805
5535,José Paolo Guerrero Gonzáles,Forward,3604,Olivier Giroud,0.6562
5535,José Paolo Guerrero Gonzáles,Forward,6862,Cédric Bakambu,0.6374
5535,José Paolo Guerrero Gonzáles,Forward,8454,Mohamed Bayo,0.5538
5535,José Paolo Guerrero Gonzáles,Forward,6301,Youssef En-Nesyri,0.5478
5543,Haris Seferović,Forward,20611,Boulaye Dia,0.6283
5543,Haris Seferović,Forward,8454,Mohamed Bayo,0.5818
5543,Haris Seferović,Forward,3289,Romelu Lukaku Menama,0.5286
5543,Haris Seferović,Forward,3604,Olivier Giroud,0.5077
5543,Haris Seferović,Forward,11277,Victor James Osimhen,0.4895
5545,Breel-Donald Embolo,Forward,23649,Roman Yaremchuk,0.4016
5545,Breel-Donald Embolo,Forward,5525,Édison Michael Flores Peralta,0.3818
5545,Breel-Donald Embolo,Forward,9466,Che Adams,0.3812
5545,Breel-Donald Embolo,Forward,3202,Gabriel Fernando de Jesus,0.3613
5545,Breel-Donald Embolo,Forward,5503,Lionel Andrés Messi Cuccittini,0.36
5557,Timo Werner,Forward,5460,Andrej Kramarić,0.6296
5557,Timo Werner,Forward,5719,Marco Asensio Willemsen,0.6166
5557,Timo Werner,Forward,5689,Juan Guillermo Cuadrado Bello,0.4986
5557,Timo Werner,Forward,27158,Luis Fernando Díaz Marulanda,0.44
5557,Timo Werner,Forward,65723,Peter Shalulile,0.4388
5581,Joel Nathaniel Campbell Samuels,Forward,27158,Luis Fernando Díaz Marulanda,0.6183
5581,Joel Nathaniel Campbell Samuels,Forward,8259,Steven Bergwijn,0.6109
5581,Joel Nathaniel Campbell Samuels,Forward,5689,Juan Guillermo Cuadrado Bello,0.6074
5581,Joel Nathaniel Campbell Samuels,Forward,38229,Khvicha Kvaratskhelia,0.5641
5581,Joel Nathaniel Campbell Samuels,Forward,3318,Marcus Rashford,0.5331
5668,Robert Lewandowski,Forward,7044,Patrik Schick,0.7193
5668,Robert Lewandowski,Forward,4041,José Salomón Rondón Giménez,0.5321
5668,Robert Lewandowski,Forward,8966,Kai Havertz,0.5311
5668,Robert Lewandowski,Forward,5207,Cristiano Ronaldo dos Santos Aveiro,0.4998
5668,Robert Lewandowski,Forward,11456,Lautaro Javier Martínez,0.4985
5679,Yūya Ōsako,Forward,5732,Andreas Evald Cornelius,0.4414
5679,Yūya Ōsako,Forward,8836,Karol Świderski,0.4276
5679,Yūya Ōsako,Forward,7693,Bruno Petković,0.4059
5679,Yūya Ōsako,Forward,31866,Andraž Šporar,0.3524
5679,Yūya Ōsako,Forward,4417,Ola Toivonen,0.3446
5689,Juan Guillermo Cuadrado Bello,Forward,5460,Andrej Kramarić,0.7617
5689,Juan Guillermo Cuadrado Bello,Forward,5719,Marco Asensio Willemsen,0.6764
5689,Juan Guillermo Cuadrado Bello,Forward,6685,Mikel Oyarzabal Ugarte,0.6261
5689,Juan Guillermo Cuadrado Bello,Forward,3318,Marcus Rashford,0.6185
5689,Juan Guillermo Cuadrado Bello,Forward,27158,Luis Fernando Díaz Marulanda,0.6153
5719,Marco Asensio Willemsen,Forward,5460,Andrej Kramarić,0.8344
5719,Marco Asensio Willemsen,Forward,5689,Juan Guillermo Cuadrado Bello,0.6764
5719,Marco Asensio Willemsen,Forward,2988,Memphis Depay,0.6265
5719,Marco Asensio Willemsen,Forward,5557,Timo Werner,0.6166
5719,Marco Asensio Willemsen,Forward,3318,Marcus Rashford,0.5893
5732,Andreas Evald Cornelius,Forward,5679,Yūya Ōsako,0.4414
5732,Andreas Evald Cornelius,Forward,3325,Marko Arnautović,0.4406
5732,Andreas Evald Cornelius,Forward,5557,Timo Werner,0.431
5732,Andreas Evald Cornelius,Forward,31866,Andraž Šporar,0.4055
5732,Andreas Evald Cornelius,Forward,19316,Roland Sallai,0.4051
5834,Mario Gavranović,Forward,7829,Wout Weghorst,0.5998
5834,Mario Gavranović,Forward,13581,Emilio Nsue López,0.5651
5834,Mario Gavranović,Forward,5198,Diego da Silva Costa,0.5093
5834,Mario Gavranović,Forward,10955,Harry Kane,0.4748
5834,Mario Gavranović,Forward,128881,Cristóvão Paciência Mabululo,0.4671
6301,Youssef En-Nesyri,Forward,3604,Olivier Giroud,0.7827
6301,Youssef En-Nesyri,Forward,3853,Kieffer Roberto Francisco Moore,0.7789
6301,Youssef En-Nesyri,Forward,5224,Sardar Azmoun,0.6765
6301,Youssef En-Nesyri,Forward,65853,Evidence Makgopa,0.6638
6301,Youssef En-Nesyri,Forward,6862,Cédric Bakambu,0.6475
6302,Kasper Dolberg,Forward,23640,Jonathan David,0.6481
6302,Kasper Dolberg,Forward,66886,Mostafa Mohamed Ahmed Abdallah,0.4669
6302,Kasper Dolberg,Forward,5198,Diego da Silva Costa,0.4666
6302,Kasper Dolberg,Forward,3280,Richarlison de Andrade,0.4659
6302,Kasper Dolberg,Forward,128881,Cristóvão Paciência Mabululo,0.4062
6393,Iñaki Williams Arthuer,Forward,65853,Evidence Makgopa,0.7084
6393,Iñaki Williams Arthuer,Forward,16459,Cyle Larin,0.646
6393,Iñaki Williams Arthuer,Forward,38759,Benjamin Šeško,0.6449
6393,Iñaki Williams Arthuer,Forward,20611,Boulaye Dia,0.5784
6393,Iñaki Williams Arthuer,Forward,6301,Youssef En-Nesyri,0.5292
6685,Mikel Oyarzabal Ugarte,Forward,5460,Andrej Kramarić,0.7246
6685,Mikel Oyarzabal Ugarte,Forward,5689,Juan Guillermo Cuadrado Bello,0.6261
6685,Mikel Oyarzabal Ugarte,Forward,5503,Lionel Andrés Messi Cuccittini,0.6146
6685,Mikel Oyarzabal Ugarte,Forward,5719,Marco Asensio Willemsen,0.5475
6685,Mikel Oyarzabal Ugarte,Forward,19677,Karim Benzema,0.5461
6862,Cédric Bakambu,Forward,8454,Mohamed Bayo,0.7409
6862,Cédric Bakambu,Forward,3604,Olivier Giroud,0.7101
6862,Cédric Bakambu,Forward,128881,Cristóvão Paciência Mabululo,0.6807
6862,Cédric Bakambu,Forward,11277,Victor James Osimhen,0.664
6862,Cédric Bakambu,Forward,6301,Youssef En-Nesyri,0.6475
7044,Patrik Schick,Forward,5668,Robert Lewandowski,0.7193
7044,Patrik Schick,Forward,11456,Lautaro Javier Martínez,0.5681
7044,Patrik Schick,Forward,3477,Álvaro Borja Morata Martín,0.4997
7044,Patrik Schick,Forward,4041,José Salomón Rondón Giménez,0.489
7044,Patrik Schick,Forward,5198,Diego da Silva Costa,0.4833
7693,Bruno Petković,Forward,5525,Édison Michael Flores Peralta,0.6834
7693,Bruno Petković,Forward,38759,Benjamin Šeško,0.512
7693,Bruno Petković,Forward,5581,Joel Nathaniel Campbell Samuels,0.4771
7693,Bruno Petković,Forward,16459,Cyle Larin,0.4136
7693,Bruno Petković,Forward,6393,Iñaki Williams Arthuer,0.4087
7788,Ciro Immobile,Forward,8966,Kai Havertz,0.5402
7788,Ciro Immobile,Forward,23640,Jonathan David,0.4284
7788,Ciro Immobile,Forward,23649,Roman Yaremchuk,0.4049
7788,Ciro Immobile,Forward,2988,Memphis Depay,0.3955
7788,Ciro Immobile,Forward,5503,Lionel Andrés Messi Cuccittini,0.3332
7829,Wout Weghorst,Forward,4417,Ola Toivonen,0.6417
7829,Wout Weghorst,Forward,29560,Julián Álvarez,0.619
7829,Wout Weghorst,Forward,5834,Mario Gavranović,0.5998
7829,Wout Weghorst,Forward,105182,Lassine Sinayoko,0.5907
7829,Wout Weghorst,Forward,5472,Mario Mandžukić,0.5554
8259,Steven Bergwijn,Forward,5581,Joel Nathaniel Campbell Samuels,0.6109
8259,Steven Bergwijn,Forward,5460,Andrej Kramarić,0.5528
8259,Steven Bergwijn,Forward,5719,Marco Asensio Willemsen,0.5297
8259,Steven Bergwijn,Forward,19677,Karim Benzema,0.4541
8259,Steven Bergwijn,Forward,27158,Luis Fernando Díaz Marulanda,0.4512
8400,Serge Gnabry,Forward,25104,Rodrygo Silva de Goes,0.7531
8400,Serge Gnabry,Forward,5525,Édison Michael Flores Peralta,0.6084
8400,Serge Gnabry,Forward,19316,Roland Sallai,0.6031
8400,Serge Gnabry,Forward,5689,Juan Guillermo Cuadrado Bello,0.4941
8400,Serge Gnabry,Forward,2988,Memphis Depay,0.4866
8454,Mohamed Bayo,Forward,6862,Cédric Bakambu,0.7409
8454,Mohamed Bayo,Forward,10955,Harry Kane,0.6987
8454,Mohamed Bayo,Forward,3604,Olivier Giroud,0.6444
8454,Mohamed Bayo,Forward,6301,Youssef En-Nesyri,0.6308
8454,Mohamed Bayo,Forward,5224,Sardar Azmoun,0.6168
8673,Sébastien Haller,Forward,13581,Emilio Nsue López,0.772
8673,Sébastien Haller,Forward,128881,Cristóvão Paciência Mabululo,0.7308
8673,Sébastien Haller,Forward,3604,Olivier Giroud,0.6236
8673,Sébastien Haller,Forward,5198,Diego da Silva Costa,0.5996
8673,Sébastien Haller,Forward,4269,Aleksandar Mitrović,0.5754
8817,Jhon Andrés Córdoba Copete,Forward,6301,Youssef En-Nesyri,0.5954
8817,Jhon Andrés Córdoba Copete,Forward,3853,Kieffer Roberto Francisco Moore,0.5934
8817,Jhon Andrés Córdoba Copete,Forward,3280,Richarlison de Andrade,0.5438
8817,Jhon Andrés Córdoba Copete,Forward,66886,Mostafa Mohamed Ahmed Abdallah,0.4763
8817,Jhon Andrés Córdoba Copete,Forward,38759,Benjamin Šeško,0.4702
8819,Alexander Isak,Forward,2972,Marcus Thuram,0.7004
8819,Alexander Isak,Forward,3058,Javier Hernández Balcázar,0.5534
8819,Alexander Isak,Forward,19316,Roland Sallai,0.4024
8819,Alexander Isak,Forward,5246,Luis Alberto Suárez Díaz,0.3293
8819,Alexander Isak,Forward,5732,Andreas Evald Cornelius,0.3128
8836,Karol Świderski,Forward,6862,Cédric Bakambu,0.5029
8836,Karol Świderski,Forward,11277,Victor James Osimhen,0.4985
8836,Karol Świderski,Forward,5525,Édison Michael Flores Peralta,0.4356
8836,Karol Świderski,Forward,5679,Yūya Ōsako,0.4276
8836,Karol Świderski,Forward,38759,Benjamin Šeško,0.4233
8966,Kai Havertz,Forward,19677,Karim Benzema,0.6154
8966,Kai Havertz,Forward,5503,Lionel Andrés Messi Cuccittini,0.6065
8966,Kai Havertz,Forward,5207,Cristiano Ronaldo dos Santos Aveiro,0.6037
8966,Kai Havertz,Forward,66886,Mostafa Mohamed Ahmed Abdallah,0.5501
8966,Kai Havertz,Forward,7788,Ciro Immobile,0.5402
9466,Che Adams,Forward,5525,Édison Michael Flores Peralta,0.4567
9466,Che Adams,Forward,6393,Iñaki Williams Arthuer,0.4438
9466,Che Adams,Forward,3202,Gabriel Fernando de Jesus,0.4168
9466,Che Adams,Forward,5545,Breel-Donald Embolo,0.3812
9466,Che Adams,Forward,8400,Serge Gnabry,0.3444
10955,Harry Kane,Forward,3289,Romelu Lukaku Menama,0.7205
10955,Harry Kane,Forward,8454,Mohamed Bayo,0.6987
10955,Harry Kane,Forward,13581,Emilio Nsue López,0.5974
10955,Harry Kane,Forward,11456,Lautaro Javier Martínez,0.5159
10955,Harry Kane,Forward,6862,Cédric Bakambu,0.5055
11098,Marcus Berg,Forward,29560,Julián Álvarez,0.6262
11098,Marcus Berg,Forward,4417,Ola Toivonen,0.5927
11098,Marcus Berg,Forward,22097,Randal Kolo Muani,0.5862
11098,Marcus Berg,Forward,3604,Olivier Giroud,0.5844
11098,Marcus Berg,Forward,5224,Sardar Azmoun,0.5218
11277,Victor James Osimhen,Forward,3289,Romelu Lukaku Menama,0.6977
11277,Victor James Osimhen,Forward,6862,Cédric Bakambu,0.664
11277,Victor James Osimhen,Forward,20611,Boulaye Dia,0.6041
11277,Victor James Osimhen,Forward,8454,Mohamed Bayo,0.5208
11277,Victor James Osimhen,Forward,3604,Olivier Giroud,0.5161
11456,Lautaro Javier Martínez,Forward,66886,Mostafa Mohamed Ahmed Abdallah,0.6615
11456,Lautaro Javier Martínez,Forward,13581,Emilio Nsue López,0.6435
11456,Lautaro Javier Martínez,Forward,5207,Cristiano Ronaldo dos Santos Aveiro,0.6424
11456,Lautaro Javier Martínez,Forward,7044,Patrik Schick,0.5681
11456,Lautaro Javier Martínez,Forward,4269,Aleksandar Mitrović,0.5667
13581,Emilio Nsue López,Forward,8673,Sébastien Haller,0.772
13581,Emilio Nsue López,Forward,5198,Diego da Silva Costa,0.6892
13581,Emilio Nsue López,Forward,11456,Lautaro Javier Martínez,0.6435
13581,Emilio Nsue López,Forward,10955,Harry Kane,0.5974
13581,Emilio Nsue López,Forward,128881,Cristóvão Paciência Mabululo,0.5915
16459,Cyle Larin,Forward,31866,Andraž Šporar,0.7579
16459,Cyle Larin,Forward,3853,Kieffer Roberto Francisco Moore,0.694
16459,Cyle Larin,Forward,6393,Iñaki Williams Arthuer,0.646
16459,Cyle Larin,Forward,6301,Youssef En-Nesyri,0.5765
16459,Cyle Larin,Forward,5224,Sardar Azmoun,0.5692
19316,Roland Sallai,Forward,8400,Serge Gnabry,0.6031
19316,Roland Sallai,Forward,2988,Memphis Depay,0.5094
19316,Roland Sallai,Forward,5503,Lionel Andrés Messi Cuccittini,0.503
19316,Roland Sallai,Forward,33234,Georges Mikautadze,0.4751
19316,Roland Sallai,Forward,38229,Khvicha Kvaratskhelia,0.4663
19677,Karim Benzema,Forward,3318,Marcus Rashford,0.6487
19677,Karim Benzema,Forward,8966,Kai Havertz,0.6154
19677,Karim Benzema,Forward,5460,Andrej Kramarić,0.5769
19677,Karim Benzema,Forward,5207,Cristiano Ronaldo dos Santos Aveiro,0.5748
19677,Karim Benzema,Forward,6685,Mikel Oyarzabal Ugarte,0.5461
20611,Boulaye Dia,Forward,3289,Romelu Lukaku Menama,0.6721
20611,Boulaye Dia,Forward,5543,Haris Seferović,0.6283
20611,Boulaye Dia,Forward,11277,Victor James Osimhen,0.6041
20611,Boulaye Dia,Forward,6393,Iñaki Williams Arthuer,0.5784
20611,Boulaye Dia,Forward,8454,Mohamed Bayo,0.5422
22097,Randal Kolo Muani,Forward,5472,Mario Mandžukić,0.6005
22097,Randal Kolo Muani,Forward,3477,Álvaro Borja Morata Martín,0.5909
22097,Randal Kolo Muani,Forward,11098,Marcus Berg,0.5862
22097,Randal Kolo Muani,Forward,29560,Julián Álvarez,0.5607
22097,Randal Kolo Muani,Forward,3445,Radamel Falcao García Zárate,0.4776
23640,Jonathan David,Forward,6302,Kasper Dolberg,0.6481
23640,Jonathan David,Forward,7788,Ciro Immobile,0.4284
23640,Jonathan David,Forward,3477,Álvaro Borja Morata Martín,0.4267
23640,Jonathan David,Forward,33234,Georges Mikautadze,0.418
23640,Jonathan David,Forward,8966,Kai Havertz,0.3894
23649,Roman Yaremchuk,Forward,8673,Sébastien Haller,0.5466
23649,Roman Yaremchuk,Forward,3445,Radamel Falcao García Zárate,0.4619
23649,Roman Yaremchuk,Forward,7788,Ciro Immobile,0.4049
23649,Roman Yaremchuk,Forward,5545,Breel-Donald Embolo,0.4016
23649,Roman Yaremchuk,Forward,8259,Steven Bergwijn,0.3744
25104,Rodrygo Silva de Goes,Forward,8400,Serge Gnabry,0.7531
25104,Rodrygo Silva de Goes,Forward,2988,Memphis Depay,0.6324
25104,Rodrygo Silva de Goes,Forward,5503,Lionel Andrés Messi Cuccittini,0.6015
25104,Rodrygo Silva de Goes,Forward,5460,Andrej Kramarić,0.5563
25104,Rodrygo Silva de Goes,Forward,5689,Juan Guillermo Cuadrado Bello,0.548
27158,Luis Fernando Díaz Marulanda,Forward,38229,Khvicha Kvaratskhelia,0.8899
27158,Luis Fernando Díaz Marulanda,Forward,5460,Andrej Kramarić,0.711
27158,Luis Fernando Díaz Marulanda,Forward,5581,Joel Nathaniel Campbell Samuels,0.6183
27158,Luis Fernando Díaz Marulanda,Forward,5689,Juan Guillermo Cuadrado Bello,0.6153
27158,Luis Fernando Díaz Marulanda,Forward,3318,Marcus Rashford,0.5177
28559,Enner Remberto Valencia Lastra,Forward,65723,Peter Shalulile,0.5759
28559,Enner Remberto Valencia Lastra,Forward,66886,Mostafa Mohamed Ahmed Abdallah,0.5427
28559,Enner Remberto Valencia Lastra,Forward,3280,Richarlison de Andrade,0.5311
28559,Enner Remberto Valencia Lastra,Forward,189348,Frank Magri,0.4566
28559,Enner Remberto Valencia Lastra,Forward,8817,Jhon Andrés Córdoba Copete,0.4043
29560,Julián Álvarez,Forward,105182,Lassine Sinayoko,0.7
29560,Julián Álvarez,Forward,11098,Marcus Berg,0.6262
29560,Julián Álvarez,Forward,7829,Wout Weghorst,0.619
29560,Julián Álvarez,Forward,189348,Frank Magri,0.6129
29560,Julián Álvarez,Forward,22097,Randal Kolo Muani,0.5607
31866,Andraž Šporar,Forward,16459,Cyle Larin,0.7579
31866,Andraž Šporar,Forward,5224,Sardar Azmoun,0.6541
31866,Andraž Šporar,Forward,3853,Kieffer Roberto Francisco Moore,0.579
31866,Andraž Šporar,Forward,6301,Youssef En-Nesyri,0.4947
31866,Andraž Šporar,Forward,6862,Cédric Bakambu,0.4757
32478,Darwin Gabriel Núñez Ribeiro,Forward,65723,Peter Shalulile,0.4555
32478,Darwin Gabriel Núñez Ribeiro,Forward,38759,Benjamin Šeško,0.3657
32478,Darwin Gabriel Núñez Ribeiro,Forward,6393,Iñaki Williams Arthuer,0.3393
32478,Darwin Gabriel Núñez Ribeiro,Forward,6301,Youssef En-Nesyri,0.3204
32478,Darwin Gabriel Núñez Ribeiro,Forward,65853,Evidence Makgopa,0.3124
33234,Georges Mikautadze,Forward,27158,Luis Fernando Díaz Marulanda,0.4954
33234,Georges Mikautadze,Forward,19316,Roland Sallai,0.4751
33234,Georges Mikautadze,Forward,3325,Marko Arnautović,0.4623
33234,Georges Mikautadze,Forward,38229,Khvicha Kvaratskhelia,0.4511
33234,Georges Mikautadze,Forward,5503,Lionel Andrés Messi Cuccittini,0.4464
38229,Khvicha Kvaratskhelia,Forward,27158,Luis Fernando Díaz Marulanda,0.8899
38229,Khvicha Kvaratskhelia,Forward,5689,Juan Guillermo Cuadrado Bello,0.6135
38229,Khvicha Kvaratskhelia,Forward,5460,Andrej Kramarić,0.6048
38229,Khvicha Kvaratskhelia,Forward,5503,Lionel Andrés Messi Cuccittini,0.575
38229,Khvicha Kvaratskhelia,Forward,5581,Joel Nathaniel Campbell Samuels,0.5641
38759,Benjamin Šeško,Forward,6393,Iñaki Williams Arthuer,0.6449
38759,Benjamin Šeško,Forward,6301,Youssef En-Nesyri,0.5775
38759,Benjamin Šeško,Forward,3853,Kieffer Roberto Francisco Moore,0.5458
38759,Benjamin Šeško,Forward,16459,Cyle Larin,0.539
38759,Benjamin Šeško,Forward,7693,Bruno Petković,0.512
65723,Peter Shalulile,Forward,28559,Enner Remberto Valencia Lastra,0.5759
65723,Peter Shalulile,Forward,6393,Iñaki Williams Arthuer,0.5043
65723,Peter Shalulile,Forward,189348,Frank Magri,0.4717
65723,Peter Shalulile,Forward,32478,Darwin Gabriel Núñez Ribeiro,0.4555
65723,Peter Shalulile,Forward,5557,Timo Werner,0.4388
65853,Evidence Makgopa,Forward,6393,Iñaki Williams Arthuer,0.7084
65853,Evidence Makgopa,Forward,6301,Youssef En-Nesyri,0.6638
65853,Evidence Makgopa,Forward,6862,Cédric Bakambu,0.5743
65853,Evidence Makgopa,Forward,3853,Kieffer Roberto Francisco Moore,0.5716
65853,Evidence Makgopa,Forward,16459,Cyle Larin,0.5542
66886,Mostafa Mohamed Ahmed Abdallah,Forward,11456,Lautaro Javier Martínez,0.6615
66886,Mostafa Mohamed Ahmed Abdallah,Forward,3280,Richarlison de Andrade,0.6076
66886,Mostafa Mohamed Ahmed Abdallah,Forward,8966,Kai Havertz,0.5501
66886,Mostafa Mohamed Ahmed Abdallah,Forward,28559,Enner Remberto Valencia Lastra,0.5427
66886,Mostafa Mohamed Ahmed Abdallah,Forward,8817,Jhon Andrés Córdoba Copete,0.4763
105182,Lassine Sinayoko,Forward,29560,Julián Álvarez,0.7
105182,Lassine Sinayoko,Forward,7829,Wout Weghorst,0.5907
105182,Lassine Sinayoko,Forward,22097,Randal Kolo Muani,0.4559
105182,Lassine Sinayoko,Forward,4417,Ola Toivonen,0.4455
105182,Lassine Sinayoko,Forward,11098,Marcus Berg,0.4145
128881,Cristóvão Paciência Mabululo,Forward,8673,Sébastien Haller,0.7308
128881,Cristóvão Paciência Mabululo,Forward,6862,Cédric Bakambu,0.6807
128881,Cristóvão Paciência Mabululo,Forward,4269,Aleksandar Mitrović,0.6092
128881,Cristóvão Paciência Mabululo,Forward,13581,Emilio Nsue López,0.5915
128881,Cristóvão Paciência Mabululo,Forward,8454,Mohamed Bayo,0.5603
189348,Frank Magri,Forward,29560,Julián Álvarez,0.6129
189348,Frank Magri,Forward,11098,Marcus Berg,0.5114
189348,Frank Magri,Forward,4417,Ola Toivonen,0.5057
189348,Frank Magri,Forward,8454,Mohamed Bayo,0.4783
189348,Frank Magri,Forward,65723,Peter Shalulile,0.4717
3063,Danilo Luiz da Silva,Full Back,3205,Kyle Walker,0.8748
3063,Danilo Luiz da Silva,Full Back,6989,Timothy Castagne,0.7064
3063,Danilo Luiz da Silva,Full Back,29163,Josip Juranović,0.6926
3063,Danilo Luiz da Silva,Full Back,4445,Jules Koundé,0.6572
3063,Danilo Luiz da Silva,Full Back,3382,Luke Shaw,0.635
3086,Ben Davies,Full Back,4352,Issiaga Sylla,0.5621
3086,Ben Davies,Full Back,5612,Mikael Lustig,0.5508
3086,Ben Davies,Full Back,13454,Nouhou Tolo,0.5019
3086,Ben Davies,Full Back,15890,Noussair Mazraoui,0.4912
3086,Ben Davies,Full Back,36520,Miguel Ángel Navarro Zárate,0.4765
3176,Thomas Meunier,Full Back,6985,Robin Gosens,0.6808
3176,Thomas Meunier,Full Back,8220,David Olatukunbo Alaba,0.5717
3176,Thomas Meunier,Full Back,4831,Nacer Chadli,0.5245
3176,Thomas Meunier,Full Back,16570,Vladimír Coufal,0.5208
3176,Thomas Meunier,Full Back,5632,Thorgan Hazard,0.5105
3205,Kyle Walker,Full Back,3063,Danilo Luiz da Silva,0.8748
3205,Kyle Walker,Full Back,29163,Josip Juranović,0.627
3205,Kyle Walker,Full Back,5211,Jordi Alba Ramos,0.618
3205,Kyle Walker,Full Back,3957,César Azpilicueta Tanco,0.6142
3205,Kyle Walker,Full Back,6989,Timothy Castagne,0.6133
3248,Hamari Traoré,Full Back,6985,Robin Gosens,0.7524
3248,Hamari Traoré,Full Back,3382,Luke Shaw,0.5889
3248,Hamari Traoré,Full Back,5579,Joshua Kimmich,0.5574
3248,Hamari Traoré,Full Back,3957,César Azpilicueta Tanco,0.5355
3248,Hamari Traoré,Full Back,3311,Daley Blind,0.5194
3308,Kieran Trippier,Full Back,5647,Ali Maâloul,0.6619
3308,Kieran Trippier,Full Back,5579,Joshua Kimmich,0.6367
3308,Kieran Trippier,Full Back,12034,David Raum,0.618
3308,Kieran Trippier,Full Back,3655,Andrew Robertson,0.551
3308,Kieran Trippier,Full Back,5211,Jordi Alba Ramos,0.5408
3311,Daley Blind,Full Back,5211,Jordi Alba Ramos,0.7992
3311,Daley Blind,Full Back,3957,César Azpilicueta Tanco,0.786
3311,Daley Blind,Full Back,11514,Giovanni Di Lorenzo,0.6952
3311,Daley Blind,Full Back,5191,Mohammed Al Burayk,0.665
3311,Daley Blind,Full Back,5721,Daniel Carvajal Ramos,0.6494
3321,Patrick van Aanholt,Full Back,10349,Mehmet Zeki Çelik,0.615
3321,Patrick van Aanholt,Full Back,6985,Robin Gosens,0.5833
3321,Patrick van Aanholt,Full Back,5579,Joshua Kimmich,0.5288
3321,Patrick van Aanholt,Full Back,20758,Krépin Diatta,0.4591
3321,Patrick van Aanholt,Full Back,5524,Jens Stryger Larsen,0.4555
3382,Luke Shaw,Full Back,5211,Jordi Alba Ramos,0.746
3382,Luke Shaw,Full Back,5579,Joshua Kimmich,0.696
3382,Luke Shaw,Full Back,3957,César Azpilicueta Tanco,0.6881
3382,Luke Shaw,Full Back,5209,Raphaël Adelino José Guerreiro,0.6849
3382,Luke Shaw,Full Back,29163,Josip Juranović,0.6678
3404,Youssouf Sabaly,Full Back,12557,Falaye Sacko,0.6154
3404,Youssouf Sabaly,Full Back,4614,Antonee Robinson,0.5782
3404,Youssouf Sabaly,Full Back,7005,João Pedro Cavaco Cancelo,0.5053
3404,Youssouf Sabaly,Full Back,5691,Johan Andrés Mojica Palacio,0.496
3404,Youssouf Sabaly,Full Back,5457,Ivan Strinić,0.4892
3481,Serge Aurier,Full Back,28263,Gonzalo Ariel Montiel,0.7432
3481,Serge Aurier,Full Back,8125,Denzel Dumfries,0.5164
3481,Serge Aurier,Full Back,10826,Mert Müldür,0.5125
3481,Serge Aurier,Full Back,65733,Aubrey Maphosa Modiba,0.4997
3481,Serge Aurier,Full Back,27423,Daniel Muñoz Mejía,0.4866
3530,Hiroki Sakai,Full Back,30193,Gedeon Kalulu Kyatengwa,0.7195
3530,Hiroki Sakai,Full Back,32915,Ismail Jakobs,0.7089
3530,Hiroki Sakai,Full Back,4352,Issiaga Sylla,0.6731
3530,Hiroki Sakai,Full Back,4763,Henrik Dalsgaard,0.64
3530,Hiroki Sakai,Full Back,5621,Ludwig Augustinsson,0.6295
3587,Arthur Masuaku,Full Back,66892,Mohamed Hany Gamal Eldemerdash,0.6399
3587,Arthur Masuaku,Full Back,65733,Aubrey Maphosa Modiba,0.627
3587,Arthur Masuaku,Full Back,5245,Achraf Hakimi Mouh,0.5288
3587,Arthur Masuaku,Full Back,6840,Marcos Llorente Moreno,0.4929
3587,Arthur Masuaku,Full Back,12407,Maximilian Mittelstädt,0.4739
3655,Andrew Robertson,Full Back,5524,Jens Stryger Larsen,0.6934
3655,Andrew Robertson,Full Back,35471,Issa Kabore,0.5969
3655,Andrew Robertson,Full Back,11492,Temitayo Olufisayo Olaoluwa Aina,0.5523
3655,Andrew Robertson,Full Back,3308,Kieran Trippier,0.551
3655,Andrew Robertson,Full Back,20758,Krépin Diatta,0.5267
3957,César Azpilicueta Tanco,Full Back,5211,Jordi Alba Ramos,0.8163
3957,César Azpilicueta Tanco,Full Back,3311,Daley Blind,0.786
3957,César Azpilicueta Tanco,Full Back,41092,Nuno Mendes,0.764
3957,César Azpilicueta Tanco,Full Back,5721,Daniel Carvajal Ramos,0.7609
3957,César Azpilicueta Tanco,Full Back,3382,Luke Shaw,0.6881
4352,Issiaga Sylla,Full Back,105944,Wajdi Kechrida,0.7307
4352,Issiaga Sylla,Full Back,3530,Hiroki Sakai,0.6731
4352,Issiaga Sylla,Full Back,15890,Noussair Mazraoui,0.6485
4352,Issiaga Sylla,Full Back,4734,Matty Cash,0.6108
4352,Issiaga Sylla,Full Back,4763,Henrik Dalsgaard,0.5921
4355,Emerson Palmieri dos Santos,Full Back,5507,Nicolás Alejandro Tagliafico,0.6253
4355,Emerson Palmieri dos Santos,Full Back,5633,Yannick Ferreira Carrasco,0.5412
4355,Emerson Palmieri dos Santos,Full Back,3063,Danilo Luiz da Silva,0.5364
4355,Emerson Palmieri dos Santos,Full Back,6374,Nélson Cabral Semedo,0.5186
4355,Emerson Palmieri dos Santos,Full Back,5521,Luis Jan Piers Advíncula Castrillón,0.4165
4445,Jules Koundé,Full Back,3063,Danilo Luiz da Silva,0.6572
4445,Jules Koundé,Full Back,3957,César Azpilicueta Tanco,0.6112
4445,Jules Koundé,Full Back,5476,Benjamin Pavard,0.5648
4445,Jules Koundé,Full Back,6989,Timothy Castagne,0.5637
4445,Jules Koundé,Full Back,5507,Nicolás Alejandro Tagliafico,0.4782
4614,Antonee Robinson,Full Back,16570,Vladimír Coufal,0.7214
4614,Antonee Robinson,Full Back,5691,Johan Andrés Mojica Palacio,0.6354
4614,Antonee Robinson,Full Back,3404,Youssouf Sabaly,0.5782
4614,Antonee Robinson,Full Back,8220,David Olatukunbo Alaba,0.4771
4614,Antonee Robinson,Full Back,12407,Maximilian Mittelstädt,0.4762
4734,Matty Cash,Full Back,105944,Wajdi Kechrida,0.8233
4734,Matty Cash,Full Back,15890,Noussair Mazraoui,0.7443
4734,Matty Cash,Full Back,5612,Mikael Lustig,0.7318
4734,Matty Cash,Full Back,5264,Guillermo Varela Olivera,0.7019
4734,Matty Cash,Full Back,24861,Andrei Florin Ratiu,0.6962
4763,Henrik Dalsgaard,Full Back,5836,Bryan Oviedo,0.7638
4763,Henrik Dalsgaard,Full Back,36520,Miguel Ángel Navarro Zárate,0.7292
4763,Henrik Dalsgaard,Full Back,5677,Fedor Kudryashov,0.6955
4763,Henrik Dalsgaard,Full Back,145058,Eddie Marcos Melo Afonso,0.6675
4763,Henrik Dalsgaard,Full Back,25036,Otar Kakabadze,0.6571
4774,Connor Roberts,Full Back,4734,Matty Cash,0.6403
4774,Connor Roberts,Full Back,5677,Fedor Kudryashov,0.5384
4774,Connor Roberts,Full Back,36520,Miguel Ángel Navarro Zárate,0.5356
4774,Connor Roberts,Full Back,29201,Nahuel Molina Lucero,0.5229
4774,Connor Roberts,Full Back,24861,Andrei Florin Ratiu,0.5193
4831,Nacer Chadli,Full Back,5209,Raphaël Adelino José Guerreiro,0.601
4831,Nacer Chadli,Full Back,5632,Thorgan Hazard,0.5911
4831,Nacer Chadli,Full Back,21881,Sergino Dest,0.5552
4831,Nacer Chadli,Full Back,3176,Thomas Meunier,0.5245
4831,Nacer Chadli,Full Back,5245,Achraf Hakimi Mouh,0.515
4875,Jan Bořil,Full Back,20827,Vitalii Mykolenko,0.6895
4875,Jan Bořil,Full Back,23615,Gideon Mensah,0.586
4875,Jan Bořil,Full Back,26406,Jorge Eduardo Sánchez Ramos,0.5704
4875,Jan Bořil,Full Back,13454,Nouhou Tolo,0.5605
4875,Jan Bořil,Full Back,36520,Miguel Ángel Navarro Zárate,0.5551
5170,Mário Figueira Fernandes,Full Back,105764,Basilio Ndong Owono Nchamaaa,0.5806
5170,Mário Figueira Fernandes,Full Back,11268,Attila Fiola,0.5566
5170,Mário Figueira Fernandes,Full Back,31295,Yahia Attiyat allah,0.5544
5170,Mário Figueira Fernandes,Full Back,5677,Fedor Kudryashov,0.5075
5170,Mário Figueira Fernandes,Full Back,37737,Angelo Smit Preciado Quiñónez,0.4814
5183,Yasir Gharsan Al Shahrani,Full Back,4875,Jan Bořil,0.5547
5183,Yasir Gharsan Al Shahrani,Full Back,5191,Mohammed Al Burayk,0.5329
5183,Yasir Gharsan Al Shahrani,Full Back,36539,Wilfried Stephane Singo,0.4759
5183,Yasir Gharsan Al Shahrani,Full Back,31900,Oleksandr Karavaev,0.4478
5183,Yasir Gharsan Al Shahrani,Full Back,5476,Benjamin Pavard,0.4072
5191,Mohammed Al Burayk,Full Back,41092,Nuno Mendes,0.7483
5191,Mohammed Al Burayk,Full Back,3311,Daley Blind,0.665
5191,Mohammed Al Burayk,Full Back,5211,Jordi Alba Ramos,0.662
5191,Mohammed Al Burayk,Full Back,6840,Marcos Llorente Moreno,0.6203
5191,Mohammed Al Burayk,Full Back,3957,César Azpilicueta Tanco,0.6185
5209,Raphaël Adelino José Guerreiro,Full Back,6704,Theo Bernard François Hernández,0.7836
5209,Raphaël Adelino José Guerreiro,Full Back,3382,Luke Shaw,0.6849
5209,Raphaël Adelino José Guerreiro,Full Back,5721,Daniel Carvajal Ramos,0.6754
5209,Raphaël Adelino José Guerreiro,Full Back,12407,Maximilian Mittelstädt,0.6612
5209,Raphaël Adelino José Guerreiro,Full Back,3957,César Azpilicueta Tanco,0.6591
5211,Jordi Alba Ramos,Full Back,3957,César Azpilicueta Tanco,0.8163
5211,Jordi Alba Ramos,Full Back,3311,Daley Blind,0.7992
5211,Jordi Alba Ramos,Full Back,6840,Marcos Llorente Moreno,0.772
5211,Jordi Alba Ramos,Full Back,3382,Luke Shaw,0.746
5211,Jordi Alba Ramos,Full Back,5579,Joshua Kimmich,0.7431
5230,Ehsan Hajsafi,Full Back,11492,Temitayo Olufisayo Olaoluwa Aina,0.7006
5230,Ehsan Hajsafi,Full Back,5621,Ludwig Augustinsson,0.6704
5230,Ehsan Hajsafi,Full Back,5235,Ramin Rezaeian,0.6427
5230,Ehsan Hajsafi,Full Back,31949,Zaidu Sanusi,0.6177
5230,Ehsan Hajsafi,Full Back,25036,Otar Kakabadze,0.6156
5235,Ramin Rezaeian,Full Back,5230,Ehsan Hajsafi,0.6427
5235,Ramin Rezaeian,Full Back,5621,Ludwig Augustinsson,0.6258
5235,Ramin Rezaeian,Full Back,11492,Temitayo Olufisayo Olaoluwa Aina,0.5573
5235,Ramin Rezaeian,Full Back,37737,Angelo Smit Preciado Quiñónez,0.5572
5235,Ramin Rezaeian,Full Back,16120,Richie Laryea,0.5222
5245,Achraf Hakimi Mouh,Full Back,5632,Thorgan Hazard,0.6294
5245,Achraf Hakimi Mouh,Full Back,6704,Theo Bernard François Hernández,0.6208
5245,Achraf Hakimi Mouh,Full Back,65733,Aubrey Maphosa Modiba,0.5427
5245,Achraf Hakimi Mouh,Full Back,3587,Arthur Masuaku,0.5288
5245,Achraf Hakimi Mouh,Full Back,4831,Nacer Chadli,0.515
5247,Nahitan Michel Nández Acosta,Full Back,5717,Diego Sebastián Laxalt Suárez,0.7623
5247,Nahitan Michel Nández Acosta,Full Back,264956,Ibrahima Keita,0.7128
5247,Nahitan Michel Nández Acosta,Full Back,7979,Przemysław Frankowski,0.6848
5247,Nahitan Michel Nández Acosta,Full Back,5591,Filip Kostić,0.6707
5247,Nahitan Michel Nández Acosta,Full Back,5230,Ehsan Hajsafi,0.5975
5248,José Martín Cáceres Silva,Full Back,5641,Michael Amir Murillo Bermudez,0.4822
5248,José Martín Cáceres Silva,Full Back,3481,Serge Aurier,0.4548
5248,José Martín Cáceres Silva,Full Back,12365,Alphonso Davies,0.4375
5248,José Martín Cáceres Silva,Full Back,16879,Dávid Hancko,0.4359
5248,José Martín Cáceres Silva,Full Back,28263,Gonzalo Ariel Montiel,0.3891
5264,Guillermo Varela Olivera,Full Back,4734,Matty Cash,0.7019
5264,Guillermo Varela Olivera,Full Back,5677,Fedor Kudryashov,0.633
5264,Guillermo Varela Olivera,Full Back,5696,Santiago Arias Naranjo,0.6074
5264,Guillermo Varela Olivera,Full Back,38004,Piero Martín Hincapié Reyna,0.5864
5264,Guillermo Varela Olivera,Full Back,15890,Noussair Mazraoui,0.5721
5457,Ivan Strinić,Full Back,12557,Falaye Sacko,0.6222
5457,Ivan Strinić,Full Back,5691,Johan Andrés Mojica Palacio,0.5425
5457,Ivan Strinić,Full Back,176683,Ibrahim Diakité,0.516
5457,Ivan Strinić,Full Back,31295,Yahia Attiyat allah,0.5026
5457,Ivan Strinić,Full Back,10039,Ghislain Konan,0.4953
5461,Šime Vrsaljko,Full Back,5634,Erick Javier Davis Grajales,0.7597
5461,Šime Vrsaljko,Full Back,70835,Mohamed Hamdy Sharaf,0.7036
5461,Šime Vrsaljko,Full Back,12625,Borna Sosa,0.6664
5461,Šime Vrsaljko,Full Back,29163,Josip Juranović,0.5524
5461,Šime Vrsaljko,Full Back,40538,Jin-Su Kim,0.5006
5476,Benjamin Pavard,Full Back,29201,Nahuel Molina Lucero,0.6642
5476,Benjamin Pavard,Full Back,38004,Piero Martín Hincapié Reyna,0.6485
5476,Benjamin Pavard,Full Back,17620,Marc Cucurella Saseta,0.6469
5476,Benjamin Pavard,Full Back,20827,Vitalii Mykolenko,0.6206
5476,Benjamin Pavard,Full Back,6989,Timothy Castagne,0.6181
5479,Aziz Eraltay Behich,Full Back,5691,Johan Andrés Mojica Palacio,0.6853
5479,Aziz Eraltay Behich,Full Back,50502,Nicola Zalewski,0.6695
5479,Aziz Eraltay Behich,Full Back,5567,Edson Omar Álvarez Velázquez,0.5822
5479,Aziz Eraltay Behich,Full Back,7005,João Pedro Cavaco Cancelo,0.5646
5479,Aziz Eraltay Behich,Full Back,34794,Neco Williams,0.5321
5484,Lucas Hernández Pi,Full Back,105764,Basilio Ndong Owono Nchamaaa,0.6294
5484,Lucas Hernández Pi,Full Back,17618,Carlos Akapo Martínez,0.6016
5484,Lucas Hernández Pi,Full Back,5690,Yuto Nagatomo,0.6003
5484,Lucas Hernández Pi,Full Back,7796,Silvan Widmer,0.5324
5484,Lucas Hernández Pi,Full Back,16016,Michel Aebischer,0.4976
5507,Nicolás Alejandro Tagliafico,Full Back,9722,Peter Pekarík,0.7206
5507,Nicolás Alejandro Tagliafico,Full Back,7197,Steven Moreira,0.628
5507,Nicolás Alejandro Tagliafico,Full Back,4355,Emerson Palmieri dos Santos,0.6253
5507,Nicolás Alejandro Tagliafico,Full Back,29201,Nahuel Molina Lucero,0.5805
5507,Nicolás Alejandro Tagliafico,Full Back,6989,Timothy Castagne,0.5485
5521,Luis Jan Piers Advíncula Castrillón,Full Back,6374,Nélson Cabral Semedo,0.6327
5521,Luis Jan Piers Advíncula Castrillón,Full Back,24547,Alexander Hartmann Bah,0.5792
5521,Luis Jan Piers Advíncula Castrillón,Full Back,5633,Yannick Ferreira Carrasco,0.4259
5521,Luis Jan Piers Advíncula Castrillón,Full Back,4355,Emerson Palmieri dos Santos,0.4165
5521,Luis Jan Piers Advíncula Castrillón,Full Back,16554,Joakim Mæhle,0.3894
5524,Jens Stryger Larsen,Full Back,3655,Andrew Robertson,0.6934
5524,Jens Stryger Larsen,Full Back,65555,Riaan Hanamub,0.5855
5524,Jens Stryger Larsen,Full Back,20758,Krépin Diatta,0.547
5524,Jens Stryger Larsen,Full Back,10349,Mehmet Zeki Çelik,0.4895
5524,Jens Stryger Larsen,Full Back,3321,Patrick van Aanholt,0.4555
5544,Ricardo Iván Rodríguez Araya,Full Back,12625,Borna Sosa,0.6764
5544,Ricardo Iván Rodríguez Araya,Full Back,5634,Erick Javier Davis Grajales,0.5732
5544,Ricardo Iván Rodríguez Araya,Full Back,5647,Ali Maâloul,0.5171
5544,Ricardo Iván Rodríguez Araya,Full Back,70835,Mohamed Hamdy Sharaf,0.5074
5544,Ricardo Iván Rodríguez Araya,Full Back,4445,Jules Koundé,0.4595
5567,Edson Omar Álvarez Velázquez,Full Back,5673,Bartosz Bereszyński,0.6012
5567,Edson Omar Álvarez Velázquez,Full Back,5479,Aziz Eraltay Behich,0.5822
5567,Edson Omar Álvarez Velázquez,Full Back,12557,Falaye Sacko,0.541
5567,Edson Omar Álvarez Velázquez,Full Back,5576,Jesús Daniel Gallardo Vasconcelos,0.4843
5567,Edson Omar Álvarez Velázquez,Full Back,24778,Eduardo Camavinga,0.4348
5576,Jesús Daniel Gallardo Vasconcelos,Full Back,264956,Ibrahima Keita,0.826
5576,Jesús Daniel Gallardo Vasconcelos,Full Back,5673,Bartosz Bereszyński,0.8087
5576,Jesús Daniel Gallardo Vasconcelos,Full Back,44703,Alistair Johnston,0.6131
5576,Jesús Daniel Gallardo Vasconcelos,Full Back,8779,Stefan Lainer,0.5976
5576,Jesús Daniel Gallardo Vasconcelos,Full Back,5247,Nahitan Michel Nández Acosta,0.5638
5579,Joshua Kimmich,Full Back,8220,David Olatukunbo Alaba,0.7576
5579,Joshua Kimmich,Full Back,5211,Jordi Alba Ramos,0.7431
5579,Joshua Kimmich,Full Back,6840,Marcos Llorente Moreno,0.7068
5579,Joshua Kimmich,Full Back,3382,Luke Shaw,0.696
5579,Joshua Kimmich,Full Back,3308,Kieran Trippier,0.6367
5591,Filip Kostić,Full Back,5247,Nahitan Michel Nández Acosta,0.6707
5591,Filip Kostić,Full Back,5230,Ehsan Hajsafi,0.458
5591,Filip Kostić,Full Back,31949,Zaidu Sanusi,0.4477
5591,Filip Kostić,Full Back,16879,Dávid Hancko,0.4459
5591,Filip Kostić,Full Back,11492,Temitayo Olufisayo Olaoluwa Aina,0.4437
5612,Mikael Lustig,Full Back,4734,Matty Cash,0.7318
5612,Mikael Lustig,Full Back,32915,Ismail Jakobs,0.7121
5612,Mikael Lustig,Full Back,36520,Miguel Ángel Navarro Zárate,0.7067
5612,Mikael Lustig,Full Back,105944,Wajdi Kechrida,0.686
5612,Mikael Lustig,Full Back,5621,Ludwig Augustinsson,0.6581
5621,Ludwig Augustinsson,Full Back,32915,Ismail Jakobs,0.7828
5621,Ludwig Augustinsson,Full Back,31949,Zaidu Sanusi,0.735
5621,Ludwig Augustinsson,Full Back,105944,Wajdi Kechrida,0.6779
5621,Ludwig Augustinsson,Full Back,5230,Ehsan Hajsafi,0.6704
5621,Ludwig Augustinsson,Full Back,5612,Mikael Lustig,0.6581
5632,Thorgan Hazard,Full Back,5245,Achraf Hakimi Mouh,0.6294
5632,Thorgan Hazard,Full Back,4831,Nacer Chadli,0.5911
5632,Thorgan Hazard,Full Back,3311,Daley Blind,0.5168
5632,Thorgan Hazard,Full Back,3176,Thomas Meunier,0.5105
5632,Thorgan Hazard,Full Back,3308,Kieran Trippier,0.4907
5633,Yannick Ferreira Carrasco,Full Back,45190,Dan Ndoye,0.8844
5633,Yannick Ferreira Carrasco,Full Back,5641,Michael Amir Murillo Bermudez,0.5947
5633,Yannick Ferreira Carrasco,Full Back,12365,Alphonso Davies,0.5878
5633,Yannick Ferreira Carrasco,Full Back,4355,Emerson Palmieri dos Santos,0.5412
5633,Yannick Ferreira Carrasco,Full Back,8286,Leonardo Spinazzola,0.5311
5634,Erick Javier Davis Grajales,Full Back,70835,Mohamed Hamdy Sharaf,0.7992
5634,Erick Javier Davis Grajales,Full Back,5461,Šime Vrsaljko,0.7597
5634,Erick Javier Davis Grajales,Full Back,5544,Ricardo Iván Rodríguez Araya,0.5732
5634,Erick Javier Davis Grajales,Full Back,5647,Ali Maâloul,0.569
5634,Erick Javier Davis Grajales,Full Back,12625,Borna Sosa,0.5579
5641,Michael Amir Murillo Bermudez,Full Back,45190,Dan Ndoye,0.7867
5641,Michael Amir Murillo Bermudez,Full Back,16554,Joakim Mæhle,0.63
5641,Michael Amir Murillo Bermudez,Full Back,12365,Alphonso Davies,0.6267
5641,Michael Amir Murillo Bermudez,Full Back,5633,Yannick Ferreira Carrasco,0.5947
5641,Michael Amir Murillo Bermudez,Full Back,50502,Nicola Zalewski,0.5489
5647,Ali Maâloul,Full Back,3308,Kieran Trippier,0.6619
5647,Ali Maâloul,Full Back,5634,Erick Javier Davis Grajales,0.569
5647,Ali Maâloul,Full Back,5838,Fágner Conserva Lemos,0.5541
5647,Ali Maâloul,Full Back,5544,Ricardo Iván Rodríguez Araya,0.5171
5647,Ali Maâloul,Full Back,3655,Andrew Robertson,0.4532
5673,Bartosz Bereszyński,Full Back,5576,Jesús Daniel Gallardo Vasconcelos,0.8087
5673,Bartosz Bereszyński,Full Back,44703,Alistair Johnston,0.6317
5673,Bartosz Bereszyński,Full Back,65719,Khuliso Johnson Mudau,0.6012
5673,Bartosz Bereszyński,Full Back,5567,Edson Omar Álvarez Velázquez,0.6012
5673,Bartosz Bereszyński,Full Back,8779,Stefan Lainer,0.5894
5677,Fedor Kudryashov,Full Back,5696,Santiago Arias Naranjo,0.89
5677,Fedor Kudryashov,Full Back,36520,Miguel Ángel Navarro Zárate,0.777
5677,Fedor Kudryashov,Full Back,5836,Bryan Oviedo,0.7156
5677,Fedor Kudryashov,Full Back,17618,Carlos Akapo Martínez,0.7107
5677,Fedor Kudryashov,Full Back,24861,Andrei Florin Ratiu,0.7007
5690,Yuto Nagatomo,Full Back,176683,Ibrahim Diakité,0.7008
5690,Yuto Nagatomo,Full Back,5484,Lucas Hernández Pi,0.6003
5690,Yuto Nagatomo,Full Back,17618,Carlos Akapo Martínez,0.5518
5690,Yuto Nagatomo,Full Back,105764,Basilio Ndong Owono Nchamaaa,0.4616
5690,Yuto Nagatomo,Full Back,5696,Santiago Arias Naranjo,0.4585
5691,Johan Andrés Mojica Palacio,Full Back,50502,Nicola Zalewski,0.757
5691,Johan Andrés Mojica Palacio,Full Back,5479,Aziz Eraltay Behich,0.6853
5691,Johan Andrés Mojica Palacio,Full Back,10039,Ghislain Konan,0.6493
5691,Johan Andrés Mojica Palacio,Full Back,4614,Antonee Robinson,0.6354
5691,Johan Andrés Mojica Palacio,Full Back,19597,Marcos Javier Acuña,0.5889
5696,Santiago Arias Naranjo,Full Back,5677,Fedor Kudryashov,0.89
5696,Santiago Arias Naranjo,Full Back,7197,Steven Moreira,0.6965
5696,Santiago Arias Naranjo,Full Back,25036,Otar Kakabadze,0.6786
5696,Santiago Arias Naranjo,Full Back,36520,Miguel Ángel Navarro Zárate,0.6574
5696,Santiago Arias Naranjo,Full Back,4763,Henrik Dalsgaard,0.6188
5717,Diego Sebastián Laxalt Suárez,Full Back,264956,Ibrahima Keita,0.8278
5717,Diego Sebastián Laxalt Suárez,Full Back,5247,Nahitan Michel Nández Acosta,0.7623
5717,Diego Sebastián Laxalt Suárez,Full Back,7979,Przemysław Frankowski,0.7005
5717,Diego Sebastián Laxalt Suárez,Full Back,5836,Bryan Oviedo,0.616
5717,Diego Sebastián Laxalt Suárez,Full Back,17618,Carlos Akapo Martínez,0.5992
5721,Daniel Carvajal Ramos,Full Back,6840,Marcos Llorente Moreno,0.7946
5721,Daniel Carvajal Ramos,Full Back,3957,César Azpilicueta Tanco,0.7609
5721,Daniel Carvajal Ramos,Full Back,5211,Jordi Alba Ramos,0.736
5721,Daniel Carvajal Ramos,Full Back,6704,Theo Bernard François Hernández,0.704
5721,Daniel Carvajal Ramos,Full Back,5209,Raphaël Adelino José Guerreiro,0.6754
5836,Bryan Oviedo,Full Back,24861,Andrei Florin Ratiu,0.8648
5836,Bryan Oviedo,Full Back,13454,Nouhou Tolo,0.7679
5836,Bryan Oviedo,Full Back,145058,Eddie Marcos Melo Afonso,0.7678
5836,Bryan Oviedo,Full Back,4763,Henrik Dalsgaard,0.7638
5836,Bryan Oviedo,Full Back,5677,Fedor Kudryashov,0.7156
5838,Fágner Conserva Lemos,Full Back,17620,Marc Cucurella Saseta,0.7043
5838,Fágner Conserva Lemos,Full Back,44703,Alistair Johnston,0.6495
5838,Fágner Conserva Lemos,Full Back,5647,Ali Maâloul,0.5541
5838,Fágner Conserva Lemos,Full Back,5476,Benjamin Pavard,0.5386
5838,Fágner Conserva Lemos,Full Back,3311,Daley Blind,0.4874
6318,Andrija Živković,Full Back,12034,David Raum,0.7843
6318,Andrija Živković,Full Back,8220,David Olatukunbo Alaba,0.5503
6318,Andrija Živković,Full Back,12407,Maximilian Mittelstädt,0.5177
6318,Andrija Živković,Full Back,5209,Raphaël Adelino José Guerreiro,0.5051
6318,Andrija Živković,Full Back,5579,Joshua Kimmich,0.5029
6374,Nélson Cabral Semedo,Full Back,5521,Luis Jan Piers Advíncula Castrillón,0.6327
6374,Nélson Cabral Semedo,Full Back,35471,Issa Kabore,0.5782
6374,Nélson Cabral Semedo,Full Back,30438,Ferdi Erenay Kadıoğlu,0.5577
6374,Nélson Cabral Semedo,Full Back,7005,João Pedro Cavaco Cancelo,0.5473
6374,Nélson Cabral Semedo,Full Back,50502,Nicola Zalewski,0.5422
6704,Theo Bernard François Hernández,Full Back,5209,Raphaël Adelino José Guerreiro,0.7836
6704,Theo Bernard François Hernández,Full Back,16554,Joakim Mæhle,0.7369
6704,Theo Bernard François Hernández,Full Back,41092,Nuno Mendes,0.7229
6704,Theo Bernard François Hernández,Full Back,5721,Daniel Carvajal Ramos,0.704
6704,Theo Bernard François Hernández,Full Back,3957,César Azpilicueta Tanco,0.6837
6840,Marcos Llorente Moreno,Full Back,5721,Daniel Carvajal Ramos,0.7946
6840,Marcos Llorente Moreno,Full Back,5211,Jordi Alba Ramos,0.772
6840,Marcos Llorente Moreno,Full Back,12407,Maximilian Mittelstädt,0.7308
6840,Marcos Llorente Moreno,Full Back,5579,Joshua Kimmich,0.7068
6840,Marcos Llorente Moreno,Full Back,7005,João Pedro Cavaco Cancelo,0.6741
6985,Robin Gosens,Full Back,3248,Hamari Traoré,0.7524
6985,Robin Gosens,Full Back,3176,Thomas Meunier,0.6808
6985,Robin Gosens,Full Back,3321,Patrick van Aanholt,0.5833
6985,Robin Gosens,Full Back,10349,Mehmet Zeki Çelik,0.4639
6985,Robin Gosens,Full Back,5632,Thorgan Hazard,0.4462
6989,Timothy Castagne,Full Back,3063,Danilo Luiz da Silva,0.7064
6989,Timothy Castagne,Full Back,38004,Piero Martín Hincapié Reyna,0.6392
6989,Timothy Castagne,Full Back,5476,Benjamin Pavard,0.6181
6989,Timothy Castagne,Full Back,3205,Kyle Walker,0.6133
6989,Timothy Castagne,Full Back,4445,Jules Koundé,0.5637
7005,João Pedro Cavaco Cancelo,Full Back,41092,Nuno Mendes,0.6963
7005,João Pedro Cavaco Cancelo,Full Back,6840,Marcos Llorente Moreno,0.6741
7005,João Pedro Cavaco Cancelo,Full Back,5211,Jordi Alba Ramos,0.6049
7005,João Pedro Cavaco Cancelo,Full Back,16554,Joakim Mæhle,0.593
7005,João Pedro Cavaco Cancelo,Full Back,10039,Ghislain Konan,0.5912
7197,Steven Moreira,Full Back,5696,Santiago Arias Naranjo,0.6965
7197,Steven Moreira,Full Back,12557,Falaye Sacko,0.6412
7197,Steven Moreira,Full Back,5507,Nicolás Alejandro Tagliafico,0.628
7197,Steven Moreira,Full Back,9722,Peter Pekarík,0.5471
7197,Steven Moreira,Full Back,5677,Fedor Kudryashov,0.5366
7796,Silvan Widmer,Full Back,44703,Alistair Johnston,0.7036
7796,Silvan Widmer,Full Back,145058,Eddie Marcos Melo Afonso,0.7027
7796,Silvan Widmer,Full Back,38004,Piero Martín Hincapié Reyna,0.6875
7796,Silvan Widmer,Full Back,5836,Bryan Oviedo,0.6778
7796,Silvan Widmer,Full Back,17618,Carlos Akapo Martínez,0.6727
7979,Przemysław Frankowski,Full Back,5717,Diego Sebastián Laxalt Suárez,0.7005
7979,Przemysław Frankowski,Full Back,5247,Nahitan Michel Nández Acosta,0.6848
7979,Przemysław Frankowski,Full Back,105764,Basilio Ndong Owono Nchamaaa,0.6515
7979,Przemysław Frankowski,Full Back,16120,Richie Laryea,0.6247
7979,Przemysław Frankowski,Full Back,23527,Junya Ito,0.5955
8125,Denzel Dumfries,Full Back,28263,Gonzalo Ariel Montiel,0.712
8125,Denzel Dumfries,Full Back,3481,Serge Aurier,0.5164
8125,Denzel Dumfries,Full Back,5170,Mário Figueira Fernandes,0.4482
8125,Denzel Dumfries,Full Back,5641,Michael Amir Murillo Bermudez,0.4449
8125,Denzel Dumfries,Full Back,5621,Ludwig Augustinsson,0.4424
8220,David Olatukunbo Alaba,Full Back,5579,Joshua Kimmich,0.7576
8220,David Olatukunbo Alaba,Full Back,5211,Jordi Alba Ramos,0.6966
8220,David Olatukunbo Alaba,Full Back,3382,Luke Shaw,0.6673
8220,David Olatukunbo Alaba,Full Back,21881,Sergino Dest,0.5998
8220,David Olatukunbo Alaba,Full Back,16570,Vladimír Coufal,0.5874
8286,Leonardo Spinazzola,Full Back,21881,Sergino Dest,0.7161
8286,Leonardo Spinazzola,Full Back,5209,Raphaël Adelino José Guerreiro,0.6063
8286,Leonardo Spinazzola,Full Back,45190,Dan Ndoye,0.6008
8286,Leonardo Spinazzola,Full Back,16554,Joakim Mæhle,0.5838
8286,Leonardo Spinazzola,Full Back,12365,Alphonso Davies,0.5505
8779,Stefan Lainer,Full Back,5576,Jesús Daniel Gallardo Vasconcelos,0.5976
8779,Stefan Lainer,Full Back,5673,Bartosz Bereszyński,0.5894
8779,Stefan Lainer,Full Back,264956,Ibrahima Keita,0.5338
8779,Stefan Lainer,Full Back,11268,Attila Fiola,0.487
8779,Stefan Lainer,Full Back,34794,Neco Williams,0.4731
9722,Peter Pekarík,Full Back,5507,Nicolás Alejandro Tagliafico,0.7206
9722,Peter Pekarík,Full Back,5677,Fedor Kudryashov,0.654
9722,Peter Pekarík,Full Back,24861,Andrei Florin Ratiu,0.6405
9722,Peter Pekarík,Full Back,36520,Miguel Ángel Navarro Zárate,0.5801
9722,Peter Pekarík,Full Back,5696,Santiago Arias Naranjo,0.5723
10039,Ghislain Konan,Full Back,5691,Johan Andrés Mojica Palacio,0.6493
10039,Ghislain Konan,Full Back,7005,João Pedro Cavaco Cancelo,0.5912
10039,Ghislain Konan,Full Back,12557,Falaye Sacko,0.5562
10039,Ghislain Konan,Full Back,29163,Josip Juranović,0.533
10039,Ghislain Konan,Full Back,40672,Moon-Hwan Kim,0.5108
10349,Mehmet Zeki Çelik,Full Back,3321,Patrick van Aanholt,0.615
10349,Mehmet Zeki Çelik,Full Back,65555,Riaan Hanamub,0.5674
10349,Mehmet Zeki Çelik,Full Back,26406,Jorge Eduardo Sánchez Ramos,0.532
10349,Mehmet Zeki Çelik,Full Back,5524,Jens Stryger Larsen,0.4895
10349,Mehmet Zeki Çelik,Full Back,6985,Robin Gosens,0.4639
10826,Mert Müldür,Full Back,16554,Joakim Mæhle,0.5846
10826,Mert Müldür,Full Back,12365,Alphonso Davies,0.5506
10826,Mert Müldür,Full Back,45190,Dan Ndoye,0.5203
10826,Mert Müldür,Full Back,3481,Serge Aurier,0.5125
10826,Mert Müldür,Full Back,28263,Gonzalo Ariel Montiel,0.4963
11268,Attila Fiola,Full Back,137487,Žan Karničnik,0.5894
11268,Attila Fiola,Full Back,4734,Matty Cash,0.5751
11268,Attila Fiola,Full Back,5170,Mário Figueira Fernandes,0.5566
11268,Attila Fiola,Full Back,17618,Carlos Akapo Martínez,0.522
11268,Attila Fiola,Full Back,264956,Ibrahima Keita,0.5139
11492,Temitayo Olufisayo Olaoluwa Aina,Full Back,5230,Ehsan Hajsafi,0.7006
11492,Temitayo Olufisayo Olaoluwa Aina,Full Back,31949,Zaidu Sanusi,0.7004
11492,Temitayo Olufisayo Olaoluwa Aina,Full Back,5621,Ludwig Augustinsson,0.6281
11492,Temitayo Olufisayo Olaoluwa Aina,Full Back,5235,Ramin Rezaeian,0.5573
11492,Temitayo Olufisayo Olaoluwa Aina,Full Back,3655,Andrew Robertson,0.5523
11514,Giovanni Di Lorenzo,Full Back,3311,Daley Blind,0.6952
11514,Giovanni Di Lorenzo,Full Back,5476,Benjamin Pavard,0.5452
11514,Giovanni Di Lorenzo,Full Back,17620,Marc Cucurella Saseta,0.5195
11514,Giovanni Di Lorenzo,Full Back,3063,Danilo Luiz da Silva,0.4669
11514,Giovanni Di Lorenzo,Full Back,24778,Eduardo Camavinga,0.4648
11821,Stefan Posch,Full Back,24778,Eduardo Camavinga,0.6599
11821,Stefan Posch,Full Back,8779,Stefan Lainer,0.4566
11821,Stefan Posch,Full Back,16879,Dávid Hancko,0.3873
11821,Stefan Posch,Full Back,11268,Attila Fiola,0.3556
11821,Stefan Posch,Full Back,65555,Riaan Hanamub,0.3535
12034,David Raum,Full Back,6318,Andrija Živković,0.7843
12034,David Raum,Full Back,16570,Vladimír Coufal,0.6305
12034,David Raum,Full Back,5579,Joshua Kimmich,0.6223
12034,David Raum,Full Back,3308,Kieran Trippier,0.618
12034,David Raum,Full Back,8220,David Olatukunbo Alaba,0.5742
12365,Alphonso Davies,Full Back,45190,Dan Ndoye,0.7643
12365,Alphonso Davies,Full Back,5641,Michael Amir Murillo Bermudez,0.6267
12365,Alphonso Davies,Full Back,5633,Yannick Ferreira Carrasco,0.5878
12365,Alphonso Davies,Full Back,16554,Joakim Mæhle,0.5876
12365,Alphonso Davies,Full Back,10826,Mert Müldür,0.5506
12407,Maximilian Mittelstädt,Full Back,6840,Marcos Llorente Moreno,0.7308
12407,Maximilian Mittelstädt,Full Back,21881,Sergino Dest,0.6662
12407,Maximilian Mittelstädt,Full Back,5209,Raphaël Adelino José Guerreiro,0.6612
12407,Maximilian Mittelstädt,Full Back,5579,Joshua Kimmich,0.5896
12407,Maximilian Mittelstädt,Full Back,5211,Jordi Alba Ramos,0.5403
12557,Falaye Sacko,Full Back,7197,Steven Moreira,0.6412
12557,Falaye Sacko,Full Back,5457,Ivan Strinić,0.6222
12557,Falaye Sacko,Full Back,3404,Youssouf Sabaly,0.6154
12557,Falaye Sacko,Full Back,10039,Ghislain Konan,0.5562
12557,Falaye Sacko,Full Back,5567,Edson Omar Álvarez Velázquez,0.541
12625,Borna Sosa,Full Back,5544,Ricardo Iván Rodríguez Araya,0.6764
12625,Borna Sosa,Full Back,5461,Šime Vrsaljko,0.6664
12625,Borna Sosa,Full Back,70835,Mohamed Hamdy Sharaf,0.5763
12625,Borna Sosa,Full Back,29163,Josip Juranović,0.5646
12625,Borna Sosa,Full Back,5634,Erick Javier Davis Grajales,0.5579
13454,Nouhou Tolo,Full Back,65719,Khuliso Johnson Mudau,0.7873
13454,Nouhou Tolo,Full Back,36520,Miguel Ángel Navarro Zárate,0.7768
13454,Nouhou Tolo,Full Back,5836,Bryan Oviedo,0.7679
13454,Nouhou Tolo,Full Back,5677,Fedor Kudryashov,0.6697
13454,Nouhou Tolo,Full Back,24861,Andrei Florin Ratiu,0.6525
15890,Noussair Mazraoui,Full Back,4734,Matty Cash,0.7443
15890,Noussair Mazraoui,Full Back,5836,Bryan Oviedo,0.6611
15890,Noussair Mazraoui,Full Back,4352,Issiaga Sylla,0.6485
15890,Noussair Mazraoui,Full Back,24861,Andrei Florin Ratiu,0.6194
15890,Noussair Mazraoui,Full Back,7796,Silvan Widmer,0.5728
16016,Michel Aebischer,Full Back,5484,Lucas Hernández Pi,0.4976
16016,Michel Aebischer,Full Back,20758,Krépin Diatta,0.445
16016,Michel Aebischer,Full Back,29201,Nahuel Molina Lucero,0.4062
16016,Michel Aebischer,Full Back,6318,Andrija Živković,0.4028
16016,Michel Aebischer,Full Back,105764,Basilio Ndong Owono Nchamaaa,0.3958
16028,José Diogo Dalot Teixeira,Full Back,6704,Theo Bernard François Hernández,0.6004
16028,José Diogo Dalot Teixeira,Full Back,5721,Daniel Carvajal Ramos,0.5722
16028,José Diogo Dalot Teixeira,Full Back,17620,Marc Cucurella Saseta,0.5539
16028,José Diogo Dalot Teixeira,Full Back,3957,César Azpilicueta Tanco,0.5344
16028,José Diogo Dalot Teixeira,Full Back,5209,Raphaël Adelino José Guerreiro,0.5312
16120,Richie Laryea,Full Back,105764,Basilio Ndong Owono Nchamaaa,0.6428
16120,Richie Laryea,Full Back,7979,Przemysław Frankowski,0.6247
16120,Richie Laryea,Full Back,37737,Angelo Smit Preciado Quiñónez,0.5781
16120,Richie Laryea,Full Back,23527,Junya Ito,0.5633
16120,Richie Laryea,Full Back,25036,Otar Kakabadze,0.5577
16554,Joakim Mæhle,Full Back,6704,Theo Bernard François Hernández,0.7369
16554,Joakim Mæhle,Full Back,41092,Nuno Mendes,0.6829
16554,Joakim Mæhle,Full Back,5641,Michael Amir Murillo Bermudez,0.63
16554,Joakim Mæhle,Full Back,21881,Sergino Dest,0.6254
16554,Joakim Mæhle,Full Back,7005,João Pedro Cavaco Cancelo,0.593
16570,Vladimír Coufal,Full Back,4614,Antonee Robinson,0.7214
16570,Vladimír Coufal,Full Back,12034,David Raum,0.6305
16570,Vladimír Coufal,Full Back,8220,David Olatukunbo Alaba,0.5874
16570,Vladimír Coufal,Full Back,3176,Thomas Meunier,0.5208
16570,Vladimír Coufal,Full Back,30681,Ali Abdi,0.5007
16879,Dávid Hancko,Full Back,31949,Zaidu Sanusi,0.6336
16879,Dávid Hancko,Full Back,15890,Noussair Mazraoui,0.468
16879,Dávid Hancko,Full Back,5591,Filip Kostić,0.4459
16879,Dávid Hancko,Full Back,5248,José Martín Cáceres Silva,0.4359
16879,Dávid Hancko,Full Back,5836,Bryan Oviedo,0.4147
17618,Carlos Akapo Martínez,Full Back,105764,Basilio Ndong Owono Nchamaaa,0.7235
17618,Carlos Akapo Martínez,Full Back,5677,Fedor Kudryashov,0.7107
17618,Carlos Akapo Martínez,Full Back,7796,Silvan Widmer,0.6727
17618,Carlos Akapo Martínez,Full Back,4734,Matty Cash,0.6424
17618,Carlos Akapo Martínez,Full Back,13454,Nouhou Tolo,0.6421
17620,Marc Cucurella Saseta,Full Back,5838,Fágner Conserva Lemos,0.7043
17620,Marc Cucurella Saseta,Full Back,5476,Benjamin Pavard,0.6469
17620,Marc Cucurella Saseta,Full Back,3311,Daley Blind,0.6241
17620,Marc Cucurella Saseta,Full Back,20827,Vitalii Mykolenko,0.5802
17620,Marc Cucurella Saseta,Full Back,31900,Oleksandr Karavaev,0.5555
19597,Marcos Javier Acuña,Full Back,5691,Johan Andrés Mojica Palacio,0.5889
19597,Marcos Javier Acuña,Full Back,12407,Maximilian Mittelstädt,0.4776
19597,Marcos Javier Acuña,Full Back,35471,Issa Kabore,0.4658
19597,Marcos Javier Acuña,Full Back,5591,Filip Kostić,0.4325
19597,Marcos Javier Acuña,Full Back,50502,Nicola Zalewski,0.4275
20758,Krépin Diatta,Full Back,5524,Jens Stryger Larsen,0.547
20758,Krépin Diatta,Full Back,35471,Issa Kabore,0.5444
20758,Krépin Diatta,Full Back,3655,Andrew Robertson,0.5267
20758,Krépin Diatta,Full Back,5230,Ehsan Hajsafi,0.4793
20758,Krépin Diatta,Full Back,3321,Patrick van Aanholt,0.4591
20827,Vitalii Mykolenko,Full Back,4875,Jan Bořil,0.6895
20827,Vitalii Mykolenko,Full Back,40672,Moon-Hwan Kim,0.6672
20827,Vitalii Mykolenko,Full Back,145058,Eddie Marcos Melo Afonso,0.6362
20827,Vitalii Mykolenko,Full Back,5476,Benjamin Pavard,0.6206
20827,Vitalii Mykolenko,Full Back,17620,Marc Cucurella Saseta,0.5802
21881,Sergino Dest,Full Back,8286,Leonardo Spinazzola,0.7161
21881,Sergino Dest,Full Back,12407,Maximilian Mittelstädt,0.6662
21881,Sergino Dest,Full Back,6840,Marcos Llorente Moreno,0.6493
21881,Sergino Dest,Full Back,16554,Joakim Mæhle,0.6254
21881,Sergino Dest,Full Back,8220,David Olatukunbo Alaba,0.5998
23527,Junya Ito,Full Back,31295,Yahia Attiyat allah,0.648
23527,Junya Ito,Full Back,17618,Carlos Akapo Martínez,0.6303
23527,Junya Ito,Full Back,105764,Basilio Ndong Owono Nchamaaa,0.6091
23527,Junya Ito,Full Back,7979,Przemysław Frankowski,0.5955
23527,Junya Ito,Full Back,5230,Ehsan Hajsafi,0.5919
23615,Gideon Mensah,Full Back,30681,Ali Abdi,0.7255
23615,Gideon Mensah,Full Back,36520,Miguel Ángel Navarro Zárate,0.6853
23615,Gideon Mensah,Full Back,5612,Mikael Lustig,0.6231
23615,Gideon Mensah,Full Back,32915,Ismail Jakobs,0.6144
23615,Gideon Mensah,Full Back,4763,Henrik Dalsgaard,0.6027
24547,Alexander Hartmann Bah,Full Back,5521,Luis Jan Piers Advíncula Castrillón,0.5792
24547,Alexander Hartmann Bah,Full Back,3530,Hiroki Sakai,0.4587
24547,Alexander Hartmann Bah,Full Back,3587,Arthur Masuaku,0.4021
24547,Alexander Hartmann Bah,Full Back,16879,Dávid Hancko,0.3754
24547,Alexander Hartmann Bah,Full Back,6374,Nélson Cabral Semedo,0.3427
24778,Eduardo Camavinga,Full Back,11821,Stefan Posch,0.6599
24778,Eduardo Camavinga,Full Back,5673,Bartosz Bereszyński,0.5643
24778,Eduardo Camavinga,Full Back,5576,Jesús Daniel Gallardo Vasconcelos,0.556
24778,Eduardo Camavinga,Full Back,44703,Alistair Johnston,0.5323
24778,Eduardo Camavinga,Full Back,133038,João Paulo Moreira Fernandes,0.4791
24861,Andrei Florin Ratiu,Full Back,5836,Bryan Oviedo,0.8648
24861,Andrei Florin Ratiu,Full Back,5677,Fedor Kudryashov,0.7007
24861,Andrei Florin Ratiu,Full Back,4734,Matty Cash,0.6962
24861,Andrei Florin Ratiu,Full Back,13454,Nouhou Tolo,0.6525
24861,Andrei Florin Ratiu,Full Back,9722,Peter Pekarík,0.6405
25036,Otar Kakabadze,Full Back,5696,Santiago Arias Naranjo,0.6786
25036,Otar Kakabadze,Full Back,145058,Eddie Marcos Melo Afonso,0.6733
25036,Otar Kakabadze,Full Back,4763,Henrik Dalsgaard,0.6571
25036,Otar Kakabadze,Full Back,5230,Ehsan Hajsafi,0.6156
25036,Otar Kakabadze,Full Back,5836,Bryan Oviedo,0.5828
26406,Jorge Eduardo Sánchez Ramos,Full Back,4875,Jan Bořil,0.5704
26406,Jorge Eduardo Sánchez Ramos,Full Back,133038,João Paulo Moreira Fernandes,0.5677
26406,Jorge Eduardo Sánchez Ramos,Full Back,65719,Khuliso Johnson Mudau,0.554
26406,Jorge Eduardo Sánchez Ramos,Full Back,34794,Neco Williams,0.5466
26406,Jorge Eduardo Sánchez Ramos,Full Back,31900,Oleksandr Karavaev,0.5397
27423,Daniel Muñoz Mejía,Full Back,28263,Gonzalo Ariel Montiel,0.6435
27423,Daniel Muñoz Mejía,Full Back,15890,Noussair Mazraoui,0.4879
27423,Daniel Muñoz Mejía,Full Back,3481,Serge Aurier,0.4866
27423,Daniel Muñoz Mejía,Full Back,30193,Gedeon Kalulu Kyatengwa,0.4828
27423,Daniel Muñoz Mejía,Full Back,10826,Mert Müldür,0.4737
28263,Gonzalo Ariel Montiel,Full Back,3481,Serge Aurier,0.7432
28263,Gonzalo Ariel Montiel,Full Back,8125,Denzel Dumfries,0.712
28263,Gonzalo Ariel Montiel,Full Back,27423,Daniel Muñoz Mejía,0.6435
28263,Gonzalo Ariel Montiel,Full Back,66892,Mohamed Hany Gamal Eldemerdash,0.563
28263,Gonzalo Ariel Montiel,Full Back,10826,Mert Müldür,0.4963
29163,Josip Juranović,Full Back,3063,Danilo Luiz da Silva,0.6926
29163,Josip Juranović,Full Back,3382,Luke Shaw,0.6678
29163,Josip Juranović,Full Back,3205,Kyle Walker,0.627
29163,Josip Juranović,Full Back,5211,Jordi Alba Ramos,0.5931
29163,Josip Juranović,Full Back,12625,Borna Sosa,0.5646
29201,Nahuel Molina Lucero,Full Back,5476,Benjamin Pavard,0.6642
29201,Nahuel Molina Lucero,Full Back,5507,Nicolás Alejandro Tagliafico,0.5805
29201,Nahuel Molina Lucero,Full Back,6989,Timothy Castagne,0.5543
29201,Nahuel Molina Lucero,Full Back,9722,Peter Pekarík,0.535
29201,Nahuel Molina Lucero,Full Back,17620,Marc Cucurella Saseta,0.5306
30193,Gedeon Kalulu Kyatengwa,Full Back,3530,Hiroki Sakai,0.7195
30193,Gedeon Kalulu Kyatengwa,Full Back,5621,Ludwig Augustinsson,0.6325
30193,Gedeon Kalulu Kyatengwa,Full Back,32915,Ismail Jakobs,0.6083
30193,Gedeon Kalulu Kyatengwa,Full Back,23615,Gideon Mensah,0.5715
30193,Gedeon Kalulu Kyatengwa,Full Back,11492,Temitayo Olufisayo Olaoluwa Aina,0.5292
30438,Ferdi Erenay Kadıoğlu,Full Back,5579,Joshua Kimmich,0.5743
30438,Ferdi Erenay Kadıoğlu,Full Back,6374,Nélson Cabral Semedo,0.5577
30438,Ferdi Erenay Kadıoğlu,Full Back,5245,Achraf Hakimi Mouh,0.5044
30438,Ferdi Erenay Kadıoğlu,Full Back,7005,João Pedro Cavaco Cancelo,0.4904
30438,Ferdi Erenay Kadıoğlu,Full Back,3404,Youssouf Sabaly,0.4789
30681,Ali Abdi,Full Back,32915,Ismail Jakobs,0.786
30681,Ali Abdi,Full Back,23615,Gideon Mensah,0.7255
30681,Ali Abdi,Full Back,37737,Angelo Smit Preciado Quiñónez,0.6492
30681,Ali Abdi,Full Back,5612,Mikael Lustig,0.5984
30681,Ali Abdi,Full Back,3530,Hiroki Sakai,0.5747
31295,Yahia Attiyat allah,Full Back,23527,Junya Ito,0.648
31295,Yahia Attiyat allah,Full Back,37737,Angelo Smit Preciado Quiñónez,0.5869
31295,Yahia Attiyat allah,Full Back,5621,Ludwig Augustinsson,0.5824
31295,Yahia Attiyat allah,Full Back,105764,Basilio Ndong Owono Nchamaaa,0.5652
31295,Yahia Attiyat allah,Full Back,5612,Mikael Lustig,0.5594
31900,Oleksandr Karavaev,Full Back,20827,Vitalii Mykolenko,0.5592
31900,Oleksandr Karavaev,Full Back,17620,Marc Cucurella Saseta,0.5555
31900,Oleksandr Karavaev,Full Back,26406,Jorge Eduardo Sánchez Ramos,0.5397
31900,Oleksandr Karavaev,Full Back,9722,Peter Pekarík,0.4538
31900,Oleksandr Karavaev,Full Back,5183,Yasir Gharsan Al Shahrani,0.4478
31949,Zaidu Sanusi,Full Back,5621,Ludwig Augustinsson,0.735
31949,Zaidu Sanusi,Full Back,11492,Temitayo Olufisayo Olaoluwa Aina,0.7004
31949,Zaidu Sanusi,Full Back,16879,Dávid Hancko,0.6336
31949,Zaidu Sanusi,Full Back,32915,Ismail Jakobs,0.632
31949,Zaidu Sanusi,Full Back,5230,Ehsan Hajsafi,0.6177
32915,Ismail Jakobs,Full Back,30681,Ali Abdi,0.786
32915,Ismail Jakobs,Full Back,5621,Ludwig Augustinsson,0.7828
32915,Ismail Jakobs,Full Back,5612,Mikael Lustig,0.7121
32915,Ismail Jakobs,Full Back,3530,Hiroki Sakai,0.7089
32915,Ismail Jakobs,Full Back,31949,Zaidu Sanusi,0.632
34476,Matías Nicolás Viña Susperreguy,Full Back,5235,Ramin Rezaeian,0.4879
34476,Matías Nicolás Viña Susperreguy,Full Back,27423,Daniel Muñoz Mejía,0.4317
34476,Matías Nicolás Viña Susperreguy,Full Back,30438,Ferdi Erenay Kadıoğlu,0.426
34476,Matías Nicolás Viña Susperreguy,Full Back,6374,Nélson Cabral Semedo,0.4026
34476,Matías Nicolás Viña Susperreguy,Full Back,5230,Ehsan Hajsafi,0.3589
34794,Neco Williams,Full Back,5673,Bartosz Bereszyński,0.5785
34794,Neco Williams,Full Back,26406,Jorge Eduardo Sánchez Ramos,0.5466
34794,Neco Williams,Full Back,5479,Aziz Eraltay Behich,0.5321
34794,Neco Williams,Full Back,5576,Jesús Daniel Gallardo Vasconcelos,0.5257
34794,Neco Williams,Full Back,8779,Stefan Lainer,0.4731
35471,Issa Kabore,Full Back,3655,Andrew Robertson,0.5969
35471,Issa Kabore,Full Back,6374,Nélson Cabral Semedo,0.5782
35471,Issa Kabore,Full Back,20758,Krépin Diatta,0.5444
35471,Issa Kabore,Full Back,50502,Nicola Zalewski,0.5218
35471,Issa Kabore,Full Back,30438,Ferdi Erenay Kadıoğlu,0.4783
36520,Miguel Ángel Navarro Zárate,Full Back,5677,Fedor Kudryashov,0.777
36520,Miguel Ángel Navarro Zárate,Full Back,13454,Nouhou Tolo,0.7768
36520,Miguel Ángel Navarro Zárate,Full Back,4763,Henrik Dalsgaard,0.7292
36520,Miguel Ángel Navarro Zárate,Full Back,5612,Mikael Lustig,0.7067
36520,Miguel Ángel Navarro Zárate,Full Back,145058,Eddie Marcos Melo Afonso,0.6894
36539,Wilfried Stephane Singo,Full Back,5183,Yasir Gharsan Al Shahrani,0.4759
36539,Wilfried Stephane Singo,Full Back,4352,Issiaga Sylla,0.4625
36539,Wilfried Stephane Singo,Full Back,3086,Ben Davies,0.458
36539,Wilfried Stephane Singo,Full Back,4875,Jan Bořil,0.4482
36539,Wilfried Stephane Singo,Full Back,37737,Angelo Smit Preciado Quiñónez,0.4119
37737,Angelo Smit Preciado Quiñónez,Full Back,30681,Ali Abdi,0.6492
37737,Angelo Smit Preciado Quiñónez,Full Back,31295,Yahia Attiyat allah,0.5869
37737,Angelo Smit Preciado Quiñónez,Full Back,40538,Jin-Su Kim,0.5844
37737,Angelo Smit Preciado Quiñónez,Full Back,16120,Richie Laryea,0.5781
37737,Angelo Smit Preciado Quiñónez,Full Back,32915,Ismail Jakobs,0.5631
38004,Piero Martín Hincapié Reyna,Full Back,4734,Matty Cash,0.6887
38004,Piero Martín Hincapié Reyna,Full Back,7796,Silvan Widmer,0.6875
38004,Piero Martín Hincapié Reyna,Full Back,5476,Benjamin Pavard,0.6485
38004,Piero Martín Hincapié Reyna,Full Back,6989,Timothy Castagne,0.6392
38004,Piero Martín Hincapié Reyna,Full Back,5836,Bryan Oviedo,0.6155
40538,Jin-Su Kim,Full Back,37737,Angelo Smit Preciado Quiñónez,0.5844
40538,Jin-Su Kim,Full Back,5621,Ludwig Augustinsson,0.5525
40538,Jin-Su Kim,Full Back,23527,Junya Ito,0.5508
40538,Jin-Su Kim,Full Back,5634,Erick Javier Davis Grajales,0.5327
40538,Jin-Su Kim,Full Back,70835,Mohamed Hamdy Sharaf,0.5241
40672,Moon-Hwan Kim,Full Back,20827,Vitalii Mykolenko,0.6672
40672,Moon-Hwan Kim,Full Back,70835,Mohamed Hamdy Sharaf,0.5749
40672,Moon-Hwan Kim,Full Back,23615,Gideon Mensah,0.5716
40672,Moon-Hwan Kim,Full Back,12625,Borna Sosa,0.5488
40672,Moon-Hwan Kim,Full Back,10039,Ghislain Konan,0.5108
41092,Nuno Mendes,Full Back,3957,César Azpilicueta Tanco,0.764
41092,Nuno Mendes,Full Back,5191,Mohammed Al Burayk,0.7483
41092,Nuno Mendes,Full Back,6704,Theo Bernard François Hernández,0.7229
41092,Nuno Mendes,Full Back,7005,João Pedro Cavaco Cancelo,0.6963
41092,Nuno Mendes,Full Back,16554,Joakim Mæhle,0.6829
44703,Alistair Johnston,Full Back,7796,Silvan Widmer,0.7036
44703,Alistair Johnston,Full Back,5838,Fágner Conserva Lemos,0.6495
44703,Alistair Johnston,Full Back,145058,Eddie Marcos Melo Afonso,0.6346
44703,Alistair Johnston,Full Back,5673,Bartosz Bereszyński,0.6317
44703,Alistair Johnston,Full Back,5576,Jesús Daniel Gallardo Vasconcelos,0.6131
45190,Dan Ndoye,Full Back,5633,Yannick Ferreira Carrasco,0.8844
45190,Dan Ndoye,Full Back,5641,Michael Amir Murillo Bermudez,0.7867
45190,Dan Ndoye,Full Back,12365,Alphonso Davies,0.7643
45190,Dan Ndoye,Full Back,8286,Leonardo Spinazzola,0.6008
45190,Dan Ndoye,Full Back,16554,Joakim Mæhle,0.5583
50502,Nicola Zalewski,Full Back,5691,Johan Andrés Mojica Palacio,0.757
50502,Nicola Zalewski,Full Back,5479,Aziz Eraltay Behich,0.6695
50502,Nicola Zalewski,Full Back,176683,Ibrahim Diakité,0.6315
50502,Nicola Zalewski,Full Back,5641,Michael Amir Murillo Bermudez,0.5489
50502,Nicola Zalewski,Full Back,6374,Nélson Cabral Semedo,0.5422
65555,Riaan Hanamub,Full Back,5524,Jens Stryger Larsen,0.5855
65555,Riaan Hanamub,Full Back,5247,Nahitan Michel Nández Acosta,0.5847
65555,Riaan Hanamub,Full Back,10349,Mehmet Zeki Çelik,0.5674
65555,Riaan Hanamub,Full Back,5230,Ehsan Hajsafi,0.5402
65555,Riaan Hanamub,Full Back,264956,Ibrahima Keita,0.5196
65719,Khuliso Johnson Mudau,Full Back,13454,Nouhou Tolo,0.7873
65719,Khuliso Johnson Mudau,Full Back,145058,Eddie Marcos Melo Afonso,0.6886
65719,Khuliso Johnson Mudau,Full Back,5836,Bryan Oviedo,0.627
65719,Khuliso Johnson Mudau,Full Back,36520,Miguel Ángel Navarro Zárate,0.6047
65719,Khuliso Johnson Mudau,Full Back,5673,Bartosz Bereszyński,0.6012
65733,Aubrey Maphosa Modiba,Full Back,3587,Arthur Masuaku,0.627
65733,Aubrey Maphosa Modiba,Full Back,5245,Achraf Hakimi Mouh,0.5427
65733,Aubrey Maphosa Modiba,Full Back,12365,Alphonso Davies,0.5191
65733,Aubrey Maphosa Modiba,Full Back,3481,Serge Aurier,0.4997
65733,Aubrey Maphosa Modiba,Full Back,24778,Eduardo Camavinga,0.4632
66892,Mohamed Hany Gamal Eldemerdash,Full Back,3587,Arthur Masuaku,0.6399
66892,Mohamed Hany Gamal Eldemerdash,Full Back,28263,Gonzalo Ariel Montiel,0.563
66892,Mohamed Hany Gamal Eldemerdash,Full Back,3308,Kieran Trippier,0.474
66892,Mohamed Hany Gamal Eldemerdash,Full Back,5245,Achraf Hakimi Mouh,0.4624
66892,Mohamed Hany Gamal Eldemerdash,Full Back,6704,Theo Bernard François Hernández,0.4574
70835,Mohamed Hamdy Sharaf,Full Back,5634,Erick Javier Davis Grajales,0.7992
70835,Mohamed Hamdy Sharaf,Full Back,5461,Šime Vrsaljko,0.7036
70835,Mohamed Hamdy Sharaf,Full Back,12625,Borna Sosa,0.5763
70835,Mohamed Hamdy Sharaf,Full Back,40672,Moon-Hwan Kim,0.5749
70835,Mohamed Hamdy Sharaf,Full Back,23615,Gideon Mensah,0.5489
105764,Basilio Ndong Owono Nchamaaa,Full Back,17618,Carlos Akapo Martínez,0.7235
105764,Basilio Ndong Owono Nchamaaa,Full Back,7979,Przemysław Frankowski,0.6515
105764,Basilio Ndong Owono Nchamaaa,Full Back,16120,Richie Laryea,0.6428
105764,Basilio Ndong Owono Nchamaaa,Full Back,5677,Fedor Kudryashov,0.637
105764,Basilio Ndong Owono Nchamaaa,Full Back,5484,Lucas Hernández Pi,0.6294
105944,Wajdi Kechrida,Full Back,4734,Matty Cash,0.8233
105944,Wajdi Kechrida,Full Back,4352,Issiaga Sylla,0.7307
105944,Wajdi Kechrida,Full Back,5612,Mikael Lustig,0.686
105944,Wajdi Kechrida,Full Back,5621,Ludwig Augustinsson,0.6779
105944,Wajdi Kechrida,Full Back,4763,Henrik Dalsgaard,0.6447
113450,Jon Mikel Aramburu Mejías,Full Back,105764,Basilio Ndong Owono Nchamaaa,0.5667
113450,Jon Mikel Aramburu Mejías,Full Back,7796,Silvan Widmer,0.5535
113450,Jon Mikel Aramburu Mejías,Full Back,17618,Carlos Akapo Martínez,0.536
113450,Jon Mikel Aramburu Mejías,Full Back,264956,Ibrahima Keita,0.4613
113450,Jon Mikel Aramburu Mejías,Full Back,7979,Przemysław Frankowski,0.4402
133038,João Paulo Moreira Fernandes,Full Back,65719,Khuliso Johnson Mudau,0.5853
133038,João Paulo Moreira Fernandes,Full Back,26406,Jorge Eduardo Sánchez Ramos,0.5677
133038,João Paulo Moreira Fernandes,Full Back,24778,Eduardo Camavinga,0.4791
133038,João Paulo Moreira Fernandes,Full Back,5673,Bartosz Bereszyński,0.459
133038,João Paulo Moreira Fernandes,Full Back,3404,Youssouf Sabaly,0.4528
137487,Žan Karničnik,Full Back,11268,Attila Fiola,0.5894
137487,Žan Karničnik,Full Back,65555,Riaan Hanamub,0.4836
137487,Žan Karničnik,Full Back,8779,Stefan Lainer,0.4674
137487,Žan Karničnik,Full Back,10349,Mehmet Zeki Çelik,0.4478
137487,Žan Karničnik,Full Back,3086,Ben Davies,0.4442
145058,Eddie Marcos Melo Afonso,Full Back,5836,Bryan Oviedo,0.7678
145058,Eddie Marcos Melo Afonso,Full Back,7796,Silvan Widmer,0.7027
145058,Eddie Marcos Melo Afonso,Full Back,36520,Miguel Ángel Navarro Zárate,0.6894
145058,Eddie Marcos Melo Afonso,Full Back,65719,Khuliso Johnson Mudau,0.6886
145058,Eddie Marcos Melo Afonso,Full Back,25036,Otar Kakabadze,0.6733
176683,Ibrahim Diakité,Full Back,5690,Yuto Nagatomo,0.7008
176683,Ibrahim Diakité,Full Back,50502,Nicola Zalewski,0.6315
176683,Ibrahim Diakité,Full Back,23527,Junya Ito,0.5361
176683,Ibrahim Diakité,Full Back,5457,Ivan Strinić,0.516
176683,Ibrahim Diakité,Full Back,31295,Yahia Attiyat allah,0.4879
264956,Ibrahima Keita,Full Back,5717,Diego Sebastián Laxalt Suárez,0.8278
264956,Ibrahima Keita,Full Back,5576,Jesús Daniel Gallardo Vasconcelos,0.826
264956,Ibrahima Keita,Full Back,5247,Nahitan Michel Nández Acosta,0.7128
264956,Ibrahima Keita,Full Back,17618,Carlos Akapo Martínez,0.5978
264956,Ibrahima Keita,Full Back,145058,Eddie Marcos Melo Afonso,0.5911
3099,Hugo Lloris,Goalkeeper,5233,Munir Mohand Mohamedi,0.6984
3099,Hugo Lloris,Goalkeeper,8108,Lawrence Ati-Zigi,0.683
3099,Hugo Lloris,Goalkeeper,5227,Alireza Safar Beiranvand,0.6779
3099,Hugo Lloris,Goalkeeper,102992,Djigui Diarra,0.6707
3099,Hugo Lloris,Goalkeeper,36629,Yahia Fofana,0.6371
3175,Eiji Kawashima,Goalkeeper,5454,Francis Odinaka Uzoho,0.8725
3175,Eiji Kawashima,Goalkeeper,36629,Yahia Fofana,0.8456
3175,Eiji Kawashima,Goalkeeper,358410,Stanley Bobo Nwabali,0.8421
3175,Eiji Kawashima,Goalkeeper,5267,Néstor Fernando Muslera Micol,0.8418
3175,Eiji Kawashima,Goalkeeper,5265,Mohamed El Sayed Mohamed El Shenawy Gomaa,0.8358
3240,Mathew Ryan,Goalkeeper,3509,Thibaut Courtois,0.8456
3240,Mathew Ryan,Goalkeeper,21532,Daniel Bachmann,0.7936
3240,Mathew Ryan,Goalkeeper,105932,Josimar José Évora Dias,0.7793
3240,Mathew Ryan,Goalkeeper,5570,Manuel Neuer,0.7133
3240,Mathew Ryan,Goalkeeper,3468,Jordan Pickford,0.6782
3333,David de Gea Quintana,Goalkeeper,5265,Mohamed El Sayed Mohamed El Shenawy Gomaa,0.981
3333,David de Gea Quintana,Goalkeeper,36629,Yahia Fofana,0.9459
3333,David de Gea Quintana,Goalkeeper,5233,Munir Mohand Mohamedi,0.8277
3333,David de Gea Quintana,Goalkeeper,8108,Lawrence Ati-Zigi,0.8252
3333,David de Gea Quintana,Goalkeeper,5547,Alisson Ramsés Becker,0.8239
3444,Danijel Subašić,Goalkeeper,5267,Néstor Fernando Muslera Micol,0.8532
3444,Danijel Subašić,Goalkeeper,4276,David Ospina Ramírez,0.8112
3444,Danijel Subašić,Goalkeeper,5528,Pedro David Gallese Quiróz,0.7808
3444,Danijel Subašić,Goalkeeper,358410,Stanley Bobo Nwabali,0.7542
3444,Danijel Subašić,Goalkeeper,5577,Francisco Guillermo Ochoa Magaña,0.6612
3468,Jordan Pickford,Goalkeeper,182573,Ibrahim Kone,0.8232
3468,Jordan Pickford,Goalkeeper,28242,Florin Constantin Niţă,0.7559
3468,Jordan Pickford,Goalkeeper,3240,Mathew Ryan,0.6782
3468,Jordan Pickford,Goalkeeper,8240,Koen Casteels,0.6525
3468,Jordan Pickford,Goalkeeper,20201,Maarten Stekelenburg,0.6519
3509,Thibaut Courtois,Goalkeeper,3240,Mathew Ryan,0.8456
3509,Thibaut Courtois,Goalkeeper,21532,Daniel Bachmann,0.8046
3509,Thibaut Courtois,Goalkeeper,105932,Josimar José Évora Dias,0.7276
3509,Thibaut Courtois,Goalkeeper,7036,Gianluigi Donnarumma,0.6568
3509,Thibaut Courtois,Goalkeeper,5570,Manuel Neuer,0.6146
3711,Martin Dúbravka,Goalkeeper,9731,Patrick Pentz,0.8256
3711,Martin Dúbravka,Goalkeeper,11541,Tomáš Vaclík,0.6623
3711,Martin Dúbravka,Goalkeeper,6785,Yassine Bounou,0.6488
3711,Martin Dúbravka,Goalkeeper,16531,Dominik Livaković,0.567
3711,Martin Dúbravka,Goalkeeper,32012,Rafael Enrique Romo Pérez,0.5211
3761,Mike Maignan,Goalkeeper,22243,Heorhii Bushchan,0.6924
3761,Mike Maignan,Goalkeeper,37641,Seung-Gyu Kim,0.6547
3761,Mike Maignan,Goalkeeper,7036,Gianluigi Donnarumma,0.6193
3761,Mike Maignan,Goalkeeper,16531,Dominik Livaković,0.5952
3761,Mike Maignan,Goalkeeper,32012,Rafael Enrique Romo Pérez,0.4579
3815,Kasper Schmeichel,Goalkeeper,12352,Matthew Charles Turner,0.6613
3815,Kasper Schmeichel,Goalkeeper,32677,Alexander Domínguez Carabalí,0.6204
3815,Kasper Schmeichel,Goalkeeper,3444,Danijel Subašić,0.5461
3815,Kasper Schmeichel,Goalkeeper,5577,Francisco Guillermo Ochoa Magaña,0.5071
3815,Kasper Schmeichel,Goalkeeper,104179,Orlando Mosquera,0.4985
4276,David Ospina Ramírez,Goalkeeper,5528,Pedro David Gallese Quiróz,0.9795
4276,David Ospina Ramírez,Goalkeeper,5267,Néstor Fernando Muslera Micol,0.9229
4276,David Ospina Ramírez,Goalkeeper,135849,Adilson Cipriano da Cruz,0.8654
4276,David Ospina Ramírez,Goalkeeper,358410,Stanley Bobo Nwabali,0.8599
4276,David Ospina Ramírez,Goalkeeper,3444,Danijel Subašić,0.8112
4388,Kouakou Herve Koffi,Goalkeeper,6909,Damián Emiliano Martínez,0.5926
4388,Kouakou Herve Koffi,Goalkeeper,105932,Josimar José Évora Dias,0.453
4388,Kouakou Herve Koffi,Goalkeeper,21532,Daniel Bachmann,0.3099
4388,Kouakou Herve Koffi,Goalkeeper,3509,Thibaut Courtois,0.2913
4388,Kouakou Herve Koffi,Goalkeeper,3468,Jordan Pickford,0.2904
5172,Igor Akinfeev,Goalkeeper,5227,Alireza Safar Beiranvand,0.4144
5172,Igor Akinfeev,Goalkeeper,5454,Francis Odinaka Uzoho,0.4069
5172,Igor Akinfeev,Goalkeeper,5233,Munir Mohand Mohamedi,0.3776
5172,Igor Akinfeev,Goalkeeper,3175,Eiji Kawashima,0.3107
5172,Igor Akinfeev,Goalkeeper,5622,Robin Olsen,0.2885
5205,Rui Pedro dos Santos Patrício,Goalkeeper,35413,Lionel Mpasi-Nzau,0.4982
5205,Rui Pedro dos Santos Patrício,Goalkeeper,3333,David de Gea Quintana,0.2456
5205,Rui Pedro dos Santos Patrício,Goalkeeper,5265,Mohamed El Sayed Mohamed El Shenawy Gomaa,0.2406
5205,Rui Pedro dos Santos Patrício,Goalkeeper,36629,Yahia Fofana,0.207
5205,Rui Pedro dos Santos Patrício,Goalkeeper,5547,Alisson Ramsés Becker,0.1894
5227,Alireza Safar Beiranvand,Goalkeeper,5233,Munir Mohand Mohamedi,0.9525
5227,Alireza Safar Beiranvand,Goalkeeper,5454,Francis Odinaka Uzoho,0.9355
5227,Alireza Safar Beiranvand,Goalkeeper,8108,Lawrence Ati-Zigi,0.8339
5227,Alireza Safar Beiranvand,Goalkeeper,102992,Djigui Diarra,0.8003
5227,Alireza Safar Beiranvand,Goalkeeper,3175,Eiji Kawashima,0.7877
5233,Munir Mohand Mohamedi,Goalkeeper,5227,Alireza Safar Beiranvand,0.9525
5233,Munir Mohand Mohamedi,Goalkeeper,5454,Francis Odinaka Uzoho,0.9416
5233,Munir Mohand Mohamedi,Goalkeeper,8108,Lawrence Ati-Zigi,0.9304
5233,Munir Mohand Mohamedi,Goalkeeper,36629,Yahia Fofana,0.9069
5233,Munir Mohand Mohamedi,Goalkeeper,5265,Mohamed El Sayed Mohamed El Shenawy Gomaa,0.8601
5265,Mohamed El Sayed Mohamed El Shenawy Gomaa,Goalkeeper,3333,David de Gea Quintana,0.981
5265,Mohamed El Sayed Mohamed El Shenawy Gomaa,Goalkeeper,36629,Yahia Fofana,0.9743
5265,Mohamed El Sayed Mohamed El Shenawy Gomaa,Goalkeeper,5233,Munir Mohand Mohamedi,0.8601
5265,Mohamed El Sayed Mohamed El Shenawy Gomaa,Goalkeeper,3175,Eiji Kawashima,0.8358
5265,Mohamed El Sayed Mohamed El Shenawy Gomaa,Goalkeeper,8108,Lawrence Ati-Zigi,0.8343
5267,Néstor Fernando Muslera Micol,Goalkeeper,4276,David Ospina Ramírez,0.9229
5267,Néstor Fernando Muslera Micol,Goalkeeper,358410,Stanley Bobo Nwabali,0.9092
5267,Néstor Fernando Muslera Micol,Goalkeeper,5528,Pedro David Gallese Quiróz,0.8541
5267,Néstor Fernando Muslera Micol,Goalkeeper,3444,Danijel Subašić,0.8532
5267,Néstor Fernando Muslera Micol,Goalkeeper,3175,Eiji Kawashima,0.8418
5454,Francis Odinaka Uzoho,Goalkeeper,5233,Munir Mohand Mohamedi,0.9416
5454,Francis Odinaka Uzoho,Goalkeeper,5227,Alireza Safar Beiranvand,0.9355
5454,Francis Odinaka Uzoho,Goalkeeper,3175,Eiji Kawashima,0.8725
5454,Francis Odinaka Uzoho,Goalkeeper,36629,Yahia Fofana,0.8052
5454,Francis Odinaka Uzoho,Goalkeeper,5265,Mohamed El Sayed Mohamed El Shenawy Gomaa,0.7739
5528,Pedro David Gallese Quiróz,Goalkeeper,4276,David Ospina Ramírez,0.9795
5528,Pedro David Gallese Quiróz,Goalkeeper,135849,Adilson Cipriano da Cruz,0.9014
5528,Pedro David Gallese Quiróz,Goalkeeper,5267,Néstor Fernando Muslera Micol,0.8541
5528,Pedro David Gallese Quiróz,Goalkeeper,358410,Stanley Bobo Nwabali,0.8514
5528,Pedro David Gallese Quiróz,Goalkeeper,3444,Danijel Subašić,0.7808
5547,Alisson Ramsés Becker,Goalkeeper,3333,David de Gea Quintana,0.8239
5547,Alisson Ramsés Becker,Goalkeeper,5265,Mohamed El Sayed Mohamed El Shenawy Gomaa,0.8056
5547,Alisson Ramsés Becker,Goalkeeper,36629,Yahia Fofana,0.7808
5547,Alisson Ramsés Becker,Goalkeeper,8108,Lawrence Ati-Zigi,0.6404
5547,Alisson Ramsés Becker,Goalkeeper,102992,Djigui Diarra,0.5727
5550,Yann Sommer,Goalkeeper,37274,Bart Verbruggen,0.9553
5550,Yann Sommer,Goalkeeper,8240,Koen Casteels,0.9545
5550,Yann Sommer,Goalkeeper,11748,Unai Simón Mendibil,0.8988
5550,Yann Sommer,Goalkeeper,9731,Patrick Pentz,0.8312
5550,Yann Sommer,Goalkeeper,8326,Andries Noppert,0.8006
5570,Manuel Neuer,Goalkeeper,11748,Unai Simón Mendibil,0.7708
5570,Manuel Neuer,Goalkeeper,3240,Mathew Ryan,0.7133
5570,Manuel Neuer,Goalkeeper,37274,Bart Verbruggen,0.7112
5570,Manuel Neuer,Goalkeeper,8240,Koen Casteels,0.69
5570,Manuel Neuer,Goalkeeper,5550,Yann Sommer,0.6812
5577,Francisco Guillermo Ochoa Magaña,Goalkeeper,3444,Danijel Subašić,0.6612
5577,Francisco Guillermo Ochoa Magaña,Goalkeeper,8326,Andries Noppert,0.6384
5577,Francisco Guillermo Ochoa Magaña,Goalkeeper,37274,Bart Verbruggen,0.6198
5577,Francisco Guillermo Ochoa Magaña,Goalkeeper,5550,Yann Sommer,0.5764
5577,Francisco Guillermo Ochoa Magaña,Goalkeeper,182573,Ibrahim Kone,0.5731
5597,Keylor Navas Gamboa,Goalkeeper,5528,Pedro David Gallese Quiróz,0.6358
5597,Keylor Navas Gamboa,Goalkeeper,125324,Lloyd Junior Kazapua,0.6151
5597,Keylor Navas Gamboa,Goalkeeper,4276,David Ospina Ramírez,0.5838
5597,Keylor Navas Gamboa,Goalkeeper,3444,Danijel Subašić,0.5337
5597,Keylor Navas Gamboa,Goalkeeper,3509,Thibaut Courtois,0.4231
5622,Robin Olsen,Goalkeeper,5454,Francis Odinaka Uzoho,0.7205
5622,Robin Olsen,Goalkeeper,102371,Giorgi Mamardashvili,0.629
5622,Robin Olsen,Goalkeeper,5227,Alireza Safar Beiranvand,0.6287
5622,Robin Olsen,Goalkeeper,5669,Wojciech Szczęsny,0.6025
5622,Robin Olsen,Goalkeeper,135849,Adilson Cipriano da Cruz,0.5998
5669,Wojciech Szczęsny,Goalkeeper,27225,Camilo Andrés Vargas Gil,0.7971
5669,Wojciech Szczęsny,Goalkeeper,5622,Robin Olsen,0.6025
5669,Wojciech Szczęsny,Goalkeeper,7379,Edouard Mendy,0.5
5669,Wojciech Szczęsny,Goalkeeper,8524,Péter Gulácsi,0.4713
5669,Wojciech Szczęsny,Goalkeeper,36710,Sergio Rochet Álvarez,0.4562
5714,Mohammed Khalil Al Owais,Goalkeeper,125324,Lloyd Junior Kazapua,0.8296
5714,Mohammed Khalil Al Owais,Goalkeeper,25719,Shūichi Gonda,0.8135
5714,Mohammed Khalil Al Owais,Goalkeeper,36951,Babacar Niasse,0.7759
5714,Mohammed Khalil Al Owais,Goalkeeper,23758,Maxime Crépeau,0.7696
5714,Mohammed Khalil Al Owais,Goalkeeper,5454,Francis Odinaka Uzoho,0.531
6378,Jan Oblak,Goalkeeper,30310,Fehmi Mert Günok,0.8902
6378,Jan Oblak,Goalkeeper,8108,Lawrence Ati-Zigi,0.8813
6378,Jan Oblak,Goalkeeper,9914,Daniel Ward,0.8324
6378,Jan Oblak,Goalkeeper,5233,Munir Mohand Mohamedi,0.8053
6378,Jan Oblak,Goalkeeper,102992,Djigui Diarra,0.7552
6785,Yassine Bounou,Goalkeeper,16531,Dominik Livaković,0.8139
6785,Yassine Bounou,Goalkeeper,32012,Rafael Enrique Romo Pérez,0.7139
6785,Yassine Bounou,Goalkeeper,9731,Patrick Pentz,0.6732
6785,Yassine Bounou,Goalkeeper,23758,Maxime Crépeau,0.6686
6785,Yassine Bounou,Goalkeeper,3711,Martin Dúbravka,0.6488
6909,Damián Emiliano Martínez,Goalkeeper,4388,Kouakou Herve Koffi,0.5926
6909,Damián Emiliano Martínez,Goalkeeper,12352,Matthew Charles Turner,0.5103
6909,Damián Emiliano Martínez,Goalkeeper,104179,Orlando Mosquera,0.4808
6909,Damián Emiliano Martínez,Goalkeeper,32677,Alexander Domínguez Carabalí,0.4439
6909,Damián Emiliano Martínez,Goalkeeper,32975,Diogo Meireles Costa,0.3836
7036,Gianluigi Donnarumma,Goalkeeper,37641,Seung-Gyu Kim,0.7777
7036,Gianluigi Donnarumma,Goalkeeper,3509,Thibaut Courtois,0.6568
7036,Gianluigi Donnarumma,Goalkeeper,3761,Mike Maignan,0.6193
7036,Gianluigi Donnarumma,Goalkeeper,16531,Dominik Livaković,0.608
7036,Gianluigi Donnarumma,Goalkeeper,11748,Unai Simón Mendibil,0.6054
7379,Edouard Mendy,Goalkeeper,27225,Camilo Andrés Vargas Gil,0.7217
7379,Edouard Mendy,Goalkeeper,8524,Péter Gulácsi,0.6914
7379,Edouard Mendy,Goalkeeper,5570,Manuel Neuer,0.5045
7379,Edouard Mendy,Goalkeeper,5669,Wojciech Szczęsny,0.5
7379,Edouard Mendy,Goalkeeper,36710,Sergio Rochet Álvarez,0.4899
8108,Lawrence Ati-Zigi,Goalkeeper,5233,Munir Mohand Mohamedi,0.9304
8108,Lawrence Ati-Zigi,Goalkeeper,102992,Djigui Diarra,0.9206
8108,Lawrence Ati-Zigi,Goalkeeper,36629,Yahia Fofana,0.9144
8108,Lawrence Ati-Zigi,Goalkeeper,6378,Jan Oblak,0.8813
8108,Lawrence Ati-Zigi,Goalkeeper,5265,Mohamed El Sayed Mohamed El Shenawy Gomaa,0.8343
8240,Koen Casteels,Goalkeeper,5550,Yann Sommer,0.9545
8240,Koen Casteels,Goalkeeper,37274,Bart Verbruggen,0.9093
8240,Koen Casteels,Goalkeeper,11748,Unai Simón Mendibil,0.8761
8240,Koen Casteels,Goalkeeper,9731,Patrick Pentz,0.7717
8240,Koen Casteels,Goalkeeper,8326,Andries Noppert,0.7006
8326,Andries Noppert,Goalkeeper,37274,Bart Verbruggen,0.9069
8326,Andries Noppert,Goalkeeper,11748,Unai Simón Mendibil,0.8389
8326,Andries Noppert,Goalkeeper,5550,Yann Sommer,0.8006
8326,Andries Noppert,Goalkeeper,8240,Koen Casteels,0.7006
8326,Andries Noppert,Goalkeeper,20201,Maarten Stekelenburg,0.674
8524,Péter Gulácsi,Goalkeeper,7379,Edouard Mendy,0.6914
8524,Péter Gulácsi,Goalkeeper,37641,Seung-Gyu Kim,0.6266
8524,Péter Gulácsi,Goalkeeper,7036,Gianluigi Donnarumma,0.5899
8524,Péter Gulácsi,Goalkeeper,27225,Camilo Andrés Vargas Gil,0.5099
8524,Péter Gulácsi,Goalkeeper,22243,Heorhii Bushchan,0.4985
9731,Patrick Pentz,Goalkeeper,5550,Yann Sommer,0.8312
9731,Patrick Pentz,Goalkeeper,3711,Martin Dúbravka,0.8256
9731,Patrick Pentz,Goalkeeper,11748,Unai Simón Mendibil,0.7921
9731,Patrick Pentz,Goalkeeper,37274,Bart Verbruggen,0.7773
9731,Patrick Pentz,Goalkeeper,8240,Koen Casteels,0.7717
9914,Daniel Ward,Goalkeeper,30310,Fehmi Mert Günok,0.9398
9914,Daniel Ward,Goalkeeper,102371,Giorgi Mamardashvili,0.8787
9914,Daniel Ward,Goalkeeper,6378,Jan Oblak,0.8324
9914,Daniel Ward,Goalkeeper,135849,Adilson Cipriano da Cruz,0.6378
9914,Daniel Ward,Goalkeeper,8108,Lawrence Ati-Zigi,0.5726
11541,Tomáš Vaclík,Goalkeeper,36951,Babacar Niasse,0.6844
11541,Tomáš Vaclík,Goalkeeper,3711,Martin Dúbravka,0.6623
11541,Tomáš Vaclík,Goalkeeper,28242,Florin Constantin Niţă,0.501
11541,Tomáš Vaclík,Goalkeeper,125324,Lloyd Junior Kazapua,0.4445
11541,Tomáš Vaclík,Goalkeeper,5714,Mohammed Khalil Al Owais,0.4369
11748,Unai Simón Mendibil,Goalkeeper,37274,Bart Verbruggen,0.9658
11748,Unai Simón Mendibil,Goalkeeper,5550,Yann Sommer,0.8988
11748,Unai Simón Mendibil,Goalkeeper,8240,Koen Casteels,0.8761
11748,Unai Simón Mendibil,Goalkeeper,8326,Andries Noppert,0.8389
11748,Unai Simón Mendibil,Goalkeeper,9731,Patrick Pentz,0.7921
12352,Matthew Charles Turner,Goalkeeper,104179,Orlando Mosquera,0.843
12352,Matthew Charles Turner,Goalkeeper,32677,Alexander Domínguez Carabalí,0.6751
12352,Matthew Charles Turner,Goalkeeper,3815,Kasper Schmeichel,0.6613
12352,Matthew Charles Turner,Goalkeeper,32975,Diogo Meireles Costa,0.6111
12352,Matthew Charles Turner,Goalkeeper,6909,Damián Emiliano Martínez,0.5103
16531,Dominik Livaković,Goalkeeper,6785,Yassine Bounou,0.8139
16531,Dominik Livaković,Goalkeeper,32012,Rafael Enrique Romo Pérez,0.7298
16531,Dominik Livaković,Goalkeeper,9731,Patrick Pentz,0.6834
16531,Dominik Livaković,Goalkeeper,7036,Gianluigi Donnarumma,0.608
16531,Dominik Livaković,Goalkeeper,22243,Heorhii Bushchan,0.6079
20201,Maarten Stekelenburg,Goalkeeper,182573,Ibrahim Kone,0.9192
20201,Maarten Stekelenburg,Goalkeeper,11748,Unai Simón Mendibil,0.7421
20201,Maarten Stekelenburg,Goalkeeper,37274,Bart Verbruggen,0.726
20201,Maarten Stekelenburg,Goalkeeper,8326,Andries Noppert,0.674
20201,Maarten Stekelenburg,Goalkeeper,3468,Jordan Pickford,0.6519
21532,Daniel Bachmann,Goalkeeper,3509,Thibaut Courtois,0.8046
21532,Daniel Bachmann,Goalkeeper,3240,Mathew Ryan,0.7936
21532,Daniel Bachmann,Goalkeeper,105932,Josimar José Évora Dias,0.6779
21532,Daniel Bachmann,Goalkeeper,5570,Manuel Neuer,0.6041
21532,Daniel Bachmann,Goalkeeper,7036,Gianluigi Donnarumma,0.4721
22243,Heorhii Bushchan,Goalkeeper,3761,Mike Maignan,0.6924
22243,Heorhii Bushchan,Goalkeeper,16531,Dominik Livaković,0.6079
22243,Heorhii Bushchan,Goalkeeper,3099,Hugo Lloris,0.5936
22243,Heorhii Bushchan,Goalkeeper,7036,Gianluigi Donnarumma,0.5462
22243,Heorhii Bushchan,Goalkeeper,37641,Seung-Gyu Kim,0.5277
23758,Maxime Crépeau,Goalkeeper,25719,Shūichi Gonda,0.8121
23758,Maxime Crépeau,Goalkeeper,5714,Mohammed Khalil Al Owais,0.7696
23758,Maxime Crépeau,Goalkeeper,32012,Rafael Enrique Romo Pérez,0.6841
23758,Maxime Crépeau,Goalkeeper,6785,Yassine Bounou,0.6686
23758,Maxime Crépeau,Goalkeeper,36951,Babacar Niasse,0.6244
25719,Shūichi Gonda,Goalkeeper,5714,Mohammed Khalil Al Owais,0.8135
25719,Shūichi Gonda,Goalkeeper,23758,Maxime Crépeau,0.8121
25719,Shūichi Gonda,Goalkeeper,36951,Babacar Niasse,0.8057
25719,Shūichi Gonda,Goalkeeper,5233,Munir Mohand Mohamedi,0.7008
25719,Shūichi Gonda,Goalkeeper,8108,Lawrence Ati-Zigi,0.6724
27225,Camilo Andrés Vargas Gil,Goalkeeper,5669,Wojciech Szczęsny,0.7971
27225,Camilo Andrés Vargas Gil,Goalkeeper,7379,Edouard Mendy,0.7217
27225,Camilo Andrés Vargas Gil,Goalkeeper,36710,Sergio Rochet Álvarez,0.5366
27225,Camilo Andrés Vargas Gil,Goalkeeper,8524,Péter Gulácsi,0.5099
27225,Camilo Andrés Vargas Gil,Goalkeeper,5622,Robin Olsen,0.4097
28242,Florin Constantin Niţă,Goalkeeper,182573,Ibrahim Kone,0.8
28242,Florin Constantin Niţă,Goalkeeper,3468,Jordan Pickford,0.7559
28242,Florin Constantin Niţă,Goalkeeper,3240,Mathew Ryan,0.5803
28242,Florin Constantin Niţă,Goalkeeper,20201,Maarten Stekelenburg,0.5719
28242,Florin Constantin Niţă,Goalkeeper,11541,Tomáš Vaclík,0.501
30310,Fehmi Mert Günok,Goalkeeper,9914,Daniel Ward,0.9398
30310,Fehmi Mert Günok,Goalkeeper,6378,Jan Oblak,0.8902
30310,Fehmi Mert Günok,Goalkeeper,102371,Giorgi Mamardashvili,0.7227
30310,Fehmi Mert Günok,Goalkeeper,8108,Lawrence Ati-Zigi,0.6544
30310,Fehmi Mert Günok,Goalkeeper,102992,Djigui Diarra,0.5697
32012,Rafael Enrique Romo Pérez,Goalkeeper,16531,Dominik Livaković,0.7298
32012,Rafael Enrique Romo Pérez,Goalkeeper,6785,Yassine Bounou,0.7139
32012,Rafael Enrique Romo Pérez,Goalkeeper,23758,Maxime Crépeau,0.6841
32012,Rafael Enrique Romo Pérez,Goalkeeper,25719,Shūichi Gonda,0.6267
32012,Rafael Enrique Romo Pérez,Goalkeeper,3711,Martin Dúbravka,0.5211
32677,Alexander Domínguez Carabalí,Goalkeeper,104179,Orlando Mosquera,0.7451
32677,Alexander Domínguez Carabalí,Goalkeeper,12352,Matthew Charles Turner,0.6751
32677,Alexander Domínguez Carabalí,Goalkeeper,3815,Kasper Schmeichel,0.6204
32677,Alexander Domínguez Carabalí,Goalkeeper,32975,Diogo Meireles Costa,0.6123
32677,Alexander Domínguez Carabalí,Goalkeeper,6909,Damián Emiliano Martínez,0.4439
32975,Diogo Meireles Costa,Goalkeeper,104179,Orlando Mosquera,0.6538
32975,Diogo Meireles Costa,Goalkeeper,32677,Alexander Domínguez Carabalí,0.6123
32975,Diogo Meireles Costa,Goalkeeper,12352,Matthew Charles Turner,0.6111
32975,Diogo Meireles Costa,Goalkeeper,3815,Kasper Schmeichel,0.4736
32975,Diogo Meireles Costa,Goalkeeper,32012,Rafael Enrique Romo Pérez,0.4571
35413,Lionel Mpasi-Nzau,Goalkeeper,5205,Rui Pedro dos Santos Patrício,0.4982
35413,Lionel Mpasi-Nzau,Goalkeeper,105932,Josimar José Évora Dias,0.081
35413,Lionel Mpasi-Nzau,Goalkeeper,21532,Daniel Bachmann,0.0774
35413,Lionel Mpasi-Nzau,Goalkeeper,4388,Kouakou Herve Koffi,0.0657
35413,Lionel Mpasi-Nzau,Goalkeeper,3240,Mathew Ryan,0.0382
36629,Yahia Fofana,Goalkeeper,5265,Mohamed El Sayed Mohamed El Shenawy Gomaa,0.9743
36629,Yahia Fofana,Goalkeeper,3333,David de Gea Quintana,0.9459
36629,Yahia Fofana,Goalkeeper,8108,Lawrence Ati-Zigi,0.9144
36629,Yahia Fofana,Goalkeeper,5233,Munir Mohand Mohamedi,0.9069
36629,Yahia Fofana,Goalkeeper,3175,Eiji Kawashima,0.8456
36710,Sergio Rochet Álvarez,Goalkeeper,36951,Babacar Niasse,0.6361
36710,Sergio Rochet Álvarez,Goalkeeper,25719,Shūichi Gonda,0.6091
36710,Sergio Rochet Álvarez,Goalkeeper,23758,Maxime Crépeau,0.5801
36710,Sergio Rochet Álvarez,Goalkeeper,27225,Camilo Andrés Vargas Gil,0.5366
36710,Sergio Rochet Álvarez,Goalkeeper,7379,Edouard Mendy,0.4899
36951,Babacar Niasse,Goalkeeper,25719,Shūichi Gonda,0.8057
36951,Babacar Niasse,Goalkeeper,5714,Mohammed Khalil Al Owais,0.7759
36951,Babacar Niasse,Goalkeeper,11541,Tomáš Vaclík,0.6844
36951,Babacar Niasse,Goalkeeper,36710,Sergio Rochet Álvarez,0.6361
36951,Babacar Niasse,Goalkeeper,23758,Maxime Crépeau,0.6244
37274,Bart Verbruggen,Goalkeeper,11748,Unai Simón Mendibil,0.9658
37274,Bart Verbruggen,Goalkeeper,5550,Yann Sommer,0.9553
37274,Bart Verbruggen,Goalkeeper,8240,Koen Casteels,0.9093
37274,Bart Verbruggen,Goalkeeper,8326,Andries Noppert,0.9069
37274,Bart Verbruggen,Goalkeeper,9731,Patrick Pentz,0.7773
37641,Seung-Gyu Kim,Goalkeeper,7036,Gianluigi Donnarumma,0.7777
37641,Seung-Gyu Kim,Goalkeeper,3761,Mike Maignan,0.6547
37641,Seung-Gyu Kim,Goalkeeper,8524,Péter Gulácsi,0.6266
37641,Seung-Gyu Kim,Goalkeeper,3509,Thibaut Courtois,0.5932
37641,Seung-Gyu Kim,Goalkeeper,22243,Heorhii Bushchan,0.5277
66721,Ronwen Williams,Goalkeeper,3468,Jordan Pickford,0.3163
66721,Ronwen Williams,Goalkeeper,4388,Kouakou Herve Koffi,0.2648
66721,Ronwen Williams,Goalkeeper,6909,Damián Emiliano Martínez,0.2486
66721,Ronwen Williams,Goalkeeper,9731,Patrick Pentz,0.2436
66721,Ronwen Williams,Goalkeeper,11748,Unai Simón Mendibil,0.2258
102371,Giorgi Mamardashvili,Goalkeeper,9914,Daniel Ward,0.8787
102371,Giorgi Mamardashvili,Goalkeeper,135849,Adilson Cipriano da Cruz,0.8258
102371,Giorgi Mamardashvili,Goalkeeper,6378,Jan Oblak,0.7457
102371,Giorgi Mamardashvili,Goalkeeper,30310,Fehmi Mert Günok,0.7227
102371,Giorgi Mamardashvili,Goalkeeper,5454,Francis Odinaka Uzoho,0.7219
102992,Djigui Diarra,Goalkeeper,8108,Lawrence Ati-Zigi,0.9206
102992,Djigui Diarra,Goalkeeper,5233,Munir Mohand Mohamedi,0.8578
102992,Djigui Diarra,Goalkeeper,3333,David de Gea Quintana,0.8052
102992,Djigui Diarra,Goalkeeper,5227,Alireza Safar Beiranvand,0.8003
102992,Djigui Diarra,Goalkeeper,36629,Yahia Fofana,0.7967
104179,Orlando Mosquera,Goalkeeper,12352,Matthew Charles Turner,0.843
104179,Orlando Mosquera,Goalkeeper,32677,Alexander Domínguez Carabalí,0.7451
104179,Orlando Mosquera,Goalkeeper,32975,Diogo Meireles Costa,0.6538
104179,Orlando Mosquera,Goalkeeper,3815,Kasper Schmeichel,0.4985
104179,Orlando Mosquera,Goalkeeper,6909,Damián Emiliano Martínez,0.4808
105765,Jesús Lázaro Owono Ngua Akeng,Goalkeeper,37641,Seung-Gyu Kim,0.2848
105765,Jesús Lázaro Owono Ngua Akeng,Goalkeeper,28242,Florin Constantin Niţă,0.2328
105765,Jesús Lázaro Owono Ngua Akeng,Goalkeeper,5597,Keylor Navas Gamboa,0.2231
105765,Jesús Lázaro Owono Ngua Akeng,Goalkeeper,3240,Mathew Ryan,0.1886
105765,Jesús Lázaro Owono Ngua Akeng,Goalkeeper,3509,Thibaut Courtois,0.175
105932,Josimar José Évora Dias,Goalkeeper,3240,Mathew Ryan,0.7793
105932,Josimar José Évora Dias,Goalkeeper,3509,Thibaut Courtois,0.7276
105932,Josimar José Évora Dias,Goalkeeper,21532,Daniel Bachmann,0.6779
105932,Josimar José Évora Dias,Goalkeeper,5570,Manuel Neuer,0.5073
105932,Josimar José Évora Dias,Goalkeeper,182573,Ibrahim Kone,0.4588
125324,Lloyd Junior Kazapua,Goalkeeper,5714,Mohammed Khalil Al Owais,0.8296
125324,Lloyd Junior Kazapua,Goalkeeper,5597,Keylor Navas Gamboa,0.6151
125324,Lloyd Junior Kazapua,Goalkeeper,23758,Maxime Crépeau,0.6089
125324,Lloyd Junior Kazapua,Goalkeeper,5528,Pedro David Gallese Quiróz,0.5338
125324,Lloyd Junior Kazapua,Goalkeeper,36951,Babacar Niasse,0.4932
135849,Adilson Cipriano da Cruz,Goalkeeper,358410,Stanley Bobo Nwabali,0.9272
135849,Adilson Cipriano da Cruz,Goalkeeper,5528,Pedro David Gallese Quiróz,0.9014
135849,Adilson Cipriano da Cruz,Goalkeeper,4276,David Ospina Ramírez,0.8654
135849,Adilson Cipriano da Cruz,Goalkeeper,102371,Giorgi Mamardashvili,0.8258
135849,Adilson Cipriano da Cruz,Goalkeeper,3175,Eiji Kawashima,0.7947
182573,Ibrahim Kone,Goalkeeper,20201,Maarten Stekelenburg,0.9192
182573,Ibrahim Kone,Goalkeeper,3468,Jordan Pickford,0.8232
182573,Ibrahim Kone,Goalkeeper,28242,Florin Constantin Niţă,0.8
182573,Ibrahim Kone,Goalkeeper,11748,Unai Simón Mendibil,0.6375
182573,Ibrahim Kone,Goalkeeper,37274,Bart Verbruggen,0.614
358410,Stanley Bobo Nwabali,Goalkeeper,135849,Adilson Cipriano da Cruz,0.9272
358410,Stanley Bobo Nwabali,Goalkeeper,5267,Néstor Fernando Muslera Micol,0.9092
358410,Stanley Bobo Nwabali,Goalkeeper,4276,David Ospina Ramírez,0.8599
358410,Stanley Bobo Nwabali,Goalkeeper,5528,Pedro David Gallese Quiróz,0.8514
358410,Stanley Bobo Nwabali,Goalkeeper,3175,Eiji Kawashima,0.8421
2995,Ángel Fabián Di María Hernández,Midfielder,5660,Piotr Zieliński,0.7447
2995,Ángel Fabián Di María Hernández,Midfielder,3557,Naïm Sliti,0.661
2995,Ángel Fabián Di María Hernández,Midfielder,24024,Tajon Buchanan,0.6495
2995,Ángel Fabián Di María Hernández,Midfielder,4926,Francisco Román Alarcón Suárez,0.6277
2995,Ángel Fabián Di María Hernández,Midfielder,5258,Giorgian Daniel De Arrascaeta Benedetti,0.4032
3094,Bamidele Alli,Midfielder,5613,Viktor Claesson,0.6679
3094,Bamidele Alli,Midfielder,5481,Mathew Leckie,0.6069
3094,Bamidele Alli,Midfielder,3296,Marouane Fellaini-Bakkioui,0.6042
3094,Bamidele Alli,Midfielder,8967,Ondrej Duda,0.4944
3094,Bamidele Alli,Midfielder,42822,András Schäfer,0.4928
3166,Marco Verratti,Midfielder,5456,Mateo Kovačić,0.7488
3166,Marco Verratti,Midfielder,30486,Pedro González López,0.6877
3166,Marco Verratti,Midfielder,8181,Nicolò Barella,0.6412
3166,Marco Verratti,Midfielder,7797,Rodrigo Javier De Paul,0.6395
3166,Marco Verratti,Midfielder,5199,Jorge Resurrección Merodio,0.6337
3168,João Filipe Iria Santos Moutinho,Midfielder,3166,Marco Verratti,0.4862
3168,João Filipe Iria Santos Moutinho,Midfielder,8181,Nicolò Barella,0.4834
3168,João Filipe Iria Santos Moutinho,Midfielder,21294,Mykola Shaparenko,0.4
3168,João Filipe Iria Santos Moutinho,Midfielder,3612,Ashley Young,0.3995
3168,João Filipe Iria Santos Moutinho,Midfielder,5623,Jae-Sung Lee,0.3945
3193,Bernardo Mota Veiga de Carvalho e Silva,Midfielder,5463,Luka Modrić,0.7622
3193,Bernardo Mota Veiga de Carvalho e Silva,Midfielder,5178,Salman Mohammed Al Faraj,0.629
3193,Bernardo Mota Veiga de Carvalho e Silva,Midfielder,4272,João Mário Naval da Costa Eduardo,0.6197
3193,Bernardo Mota Veiga de Carvalho e Silva,Midfielder,5187,Salem Mohammed Al Dawsari,0.6025
3193,Bernardo Mota Veiga de Carvalho e Silva,Midfielder,4926,Francisco Román Alarcón Suárez,0.5854
3293,Jesse Lingard,Midfielder,3501,Philippe Coutinho Correia,0.5686
3293,Jesse Lingard,Midfielder,5625,Emil Peter Forsberg,0.4723
3293,Jesse Lingard,Midfielder,7791,Seko Fofana,0.4307
3293,Jesse Lingard,Midfielder,5542,José Paulo Bezzera Maciel Júnior,0.4233
3293,Jesse Lingard,Midfielder,5470,Ivan Rakitić,0.358
3296,Marouane Fellaini-Bakkioui,Midfielder,8967,Ondrej Duda,0.7035
3296,Marouane Fellaini-Bakkioui,Midfielder,3094,Bamidele Alli,0.6042
3296,Marouane Fellaini-Bakkioui,Midfielder,42822,András Schäfer,0.6002
3296,Marouane Fellaini-Bakkioui,Midfielder,50498,Pape Matar Sarr,0.5839
3296,Marouane Fellaini-Bakkioui,Midfielder,5623,Jae-Sung Lee,0.5508
3501,Philippe Coutinho Correia,Midfielder,3293,Jesse Lingard,0.5686
3501,Philippe Coutinho Correia,Midfielder,5470,Ivan Rakitić,0.5609
3501,Philippe Coutinho Correia,Midfielder,5463,Luka Modrić,0.5461
3501,Philippe Coutinho Correia,Midfielder,5187,Salem Mohammed Al Dawsari,0.5265
3501,Philippe Coutinho Correia,Midfielder,5660,Piotr Zieliński,0.4862
3557,Naïm Sliti,Midfielder,24024,Tajon Buchanan,0.7248
3557,Naïm Sliti,Midfielder,149714,Abdessamad Ezzalzouli,0.6623
3557,Naïm Sliti,Midfielder,2995,Ángel Fabián Di María Hernández,0.661
3557,Naïm Sliti,Midfielder,5660,Piotr Zieliński,0.4879
3557,Naïm Sliti,Midfielder,9974,John McGinn,0.4352
3568,Mohamed Naser Elsayed Elneny,Midfielder,5214,William Silva de Carvalho,0.779
3568,Mohamed Naser Elsayed Elneny,Midfielder,66887,Hamdi Fathi,0.4753
3568,Mohamed Naser Elsayed Elneny,Midfielder,6993,Bryan Cristante,0.4252
3568,Mohamed Naser Elsayed Elneny,Midfielder,30486,Pedro González López,0.4243
3568,Mohamed Naser Elsayed Elneny,Midfielder,38792,Yunus Dimoara Musah,0.3919
3575,Oleksandr Zinchenko,Midfielder,3166,Marco Verratti,0.4646
3575,Oleksandr Zinchenko,Midfielder,41202,Giorgi Kochorashvili,0.4432
3575,Oleksandr Zinchenko,Midfielder,22074,Joseff Morrell,0.4265
3575,Oleksandr Zinchenko,Midfielder,27886,Alexis Mac Allister,0.4238
3575,Oleksandr Zinchenko,Midfielder,7797,Rodrigo Javier De Paul,0.4192
3612,Ashley Young,Midfielder,5617,Sebastian Larsson,0.4569
3612,Ashley Young,Midfielder,5660,Piotr Zieliński,0.4402
3612,Ashley Young,Midfielder,10916,Nicolae Claudiu Stanciu,0.4277
3612,Ashley Young,Midfielder,3168,João Filipe Iria Santos Moutinho,0.3995
3612,Ashley Young,Midfielder,38792,Yunus Dimoara Musah,0.3727
3961,N''Golo Kanté,Midfielder,5540,Valon Behrami,0.8215
3961,N''Golo Kanté,Midfielder,5255,Matías Vecino Falero,0.632
3961,N''Golo Kanté,Midfielder,5618,Woo-Young Jung,0.5632
3961,N''Golo Kanté,Midfielder,22074,Joseff Morrell,0.5141
3961,N''Golo Kanté,Midfielder,5456,Mateo Kovačić,0.5004
4272,João Mário Naval da Costa Eduardo,Midfielder,3193,Bernardo Mota Veiga de Carvalho e Silva,0.6197
4272,João Mário Naval da Costa Eduardo,Midfielder,46258,Azzedine Ounahi,0.458
4272,João Mário Naval da Costa Eduardo,Midfielder,7797,Rodrigo Javier De Paul,0.4567
4272,João Mário Naval da Costa Eduardo,Midfielder,38792,Yunus Dimoara Musah,0.4334
4272,João Mário Naval da Costa Eduardo,Midfielder,7753,Jamiro Gregory Monteiro Alvarenga,0.4276
4870,Tomáš Souček,Midfielder,5582,Celso Borges Mora,0.697
4870,Tomáš Souček,Midfielder,10919,Juraj Kucka,0.5706
4870,Tomáš Souček,Midfielder,5713,Mohammed Kanoo,0.5697
4870,Tomáš Souček,Midfielder,5624,Albin Ekdal,0.5215
4870,Tomáš Souček,Midfielder,5618,Woo-Young Jung,0.5143
4926,Francisco Román Alarcón Suárez,Midfielder,5463,Luka Modrić,0.6379
4926,Francisco Román Alarcón Suárez,Midfielder,2995,Ángel Fabián Di María Hernández,0.6277
4926,Francisco Román Alarcón Suárez,Midfielder,5178,Salman Mohammed Al Faraj,0.615
4926,Francisco Román Alarcón Suárez,Midfielder,3193,Bernardo Mota Veiga de Carvalho e Silva,0.5854
4926,Francisco Román Alarcón Suárez,Midfielder,5199,Jorge Resurrección Merodio,0.5621
5178,Salman Mohammed Al Faraj,Midfielder,5463,Luka Modrić,0.7059
5178,Salman Mohammed Al Faraj,Midfielder,3193,Bernardo Mota Veiga de Carvalho e Silva,0.629
5178,Salman Mohammed Al Faraj,Midfielder,4926,Francisco Román Alarcón Suárez,0.615
5178,Salman Mohammed Al Faraj,Midfielder,5456,Mateo Kovačić,0.439
5178,Salman Mohammed Al Faraj,Midfielder,3166,Marco Verratti,0.4313
5179,Daler Kuzyaev,Midfielder,5582,Celso Borges Mora,0.5764
5179,Daler Kuzyaev,Midfielder,9974,John McGinn,0.472
5179,Daler Kuzyaev,Midfielder,10916,Nicolae Claudiu Stanciu,0.4632
5179,Daler Kuzyaev,Midfielder,5624,Albin Ekdal,0.4325
5179,Daler Kuzyaev,Midfielder,5617,Sebastian Larsson,0.4276
5187,Salem Mohammed Al Dawsari,Midfielder,5470,Ivan Rakitić,0.6442
5187,Salem Mohammed Al Dawsari,Midfielder,3193,Bernardo Mota Veiga de Carvalho e Silva,0.6025
5187,Salem Mohammed Al Dawsari,Midfielder,5463,Luka Modrić,0.5715
5187,Salem Mohammed Al Dawsari,Midfielder,46258,Azzedine Ounahi,0.5271
5187,Salem Mohammed Al Dawsari,Midfielder,3501,Philippe Coutinho Correia,0.5265
5199,Jorge Resurrección Merodio,Midfielder,7797,Rodrigo Javier De Paul,0.7596
5199,Jorge Resurrección Merodio,Midfielder,30486,Pedro González López,0.7003
5199,Jorge Resurrección Merodio,Midfielder,3166,Marco Verratti,0.6337
5199,Jorge Resurrección Merodio,Midfielder,6993,Bryan Cristante,0.5686
5199,Jorge Resurrección Merodio,Midfielder,4926,Francisco Román Alarcón Suárez,0.5621
5214,William Silva de Carvalho,Midfielder,3568,Mohamed Naser Elsayed Elneny,0.779
5214,William Silva de Carvalho,Midfielder,5618,Woo-Young Jung,0.5499
5214,William Silva de Carvalho,Midfielder,5199,Jorge Resurrección Merodio,0.4579
5214,William Silva de Carvalho,Midfielder,30486,Pedro González López,0.4495
5214,William Silva de Carvalho,Midfielder,7797,Rodrigo Javier De Paul,0.3692
5255,Matías Vecino Falero,Midfielder,3961,N''Golo Kanté,0.632
5255,Matías Vecino Falero,Midfielder,27277,Jhon Adolfo Arias Andrade,0.6118
5255,Matías Vecino Falero,Midfielder,38792,Yunus Dimoara Musah,0.576
5255,Matías Vecino Falero,Midfielder,5540,Valon Behrami,0.5137
5255,Matías Vecino Falero,Midfielder,16528,Petar Stojanović,0.5062
5258,Giorgian Daniel De Arrascaeta Benedetti,Midfielder,16344,Răzvan Gabriel Marin,0.6613
5258,Giorgian Daniel De Arrascaeta Benedetti,Midfielder,7023,Franck Yannick Kessié,0.5772
5258,Giorgian Daniel De Arrascaeta Benedetti,Midfielder,5470,Ivan Rakitić,0.555
5258,Giorgian Daniel De Arrascaeta Benedetti,Midfielder,5542,José Paulo Bezzera Maciel Júnior,0.4432
5258,Giorgian Daniel De Arrascaeta Benedetti,Midfielder,2995,Ángel Fabián Di María Hernández,0.4032
5456,Mateo Kovačić,Midfielder,3166,Marco Verratti,0.7488
5456,Mateo Kovačić,Midfielder,5540,Valon Behrami,0.6645
5456,Mateo Kovačić,Midfielder,3193,Bernardo Mota Veiga de Carvalho e Silva,0.5481
5456,Mateo Kovačić,Midfielder,21294,Mykola Shaparenko,0.5411
5456,Mateo Kovačić,Midfielder,30486,Pedro González López,0.5353
5463,Luka Modrić,Midfielder,3193,Bernardo Mota Veiga de Carvalho e Silva,0.7622
5463,Luka Modrić,Midfielder,5178,Salman Mohammed Al Faraj,0.7059
5463,Luka Modrić,Midfielder,4926,Francisco Román Alarcón Suárez,0.6379
5463,Luka Modrić,Midfielder,5187,Salem Mohammed Al Dawsari,0.5715
5463,Luka Modrić,Midfielder,3501,Philippe Coutinho Correia,0.5461
5470,Ivan Rakitić,Midfielder,5542,José Paulo Bezzera Maciel Júnior,0.6968
5470,Ivan Rakitić,Midfielder,5187,Salem Mohammed Al Dawsari,0.6442
5470,Ivan Rakitić,Midfielder,3501,Philippe Coutinho Correia,0.5609
5470,Ivan Rakitić,Midfielder,5258,Giorgian Daniel De Arrascaeta Benedetti,0.555
5470,Ivan Rakitić,Midfielder,7023,Franck Yannick Kessié,0.4952
5481,Mathew Leckie,Midfielder,10919,Juraj Kucka,0.6589
5481,Mathew Leckie,Midfielder,5613,Viktor Claesson,0.6089
5481,Mathew Leckie,Midfielder,3094,Bamidele Alli,0.6069
5481,Mathew Leckie,Midfielder,149714,Abdessamad Ezzalzouli,0.477
5481,Mathew Leckie,Midfielder,5617,Sebastian Larsson,0.4702
5540,Valon Behrami,Midfielder,3961,N''Golo Kanté,0.8215
5540,Valon Behrami,Midfielder,5456,Mateo Kovačić,0.6645
5540,Valon Behrami,Midfielder,21294,Mykola Shaparenko,0.6442
5540,Valon Behrami,Midfielder,5255,Matías Vecino Falero,0.5137
5540,Valon Behrami,Midfielder,5618,Woo-Young Jung,0.4936
5542,José Paulo Bezzera Maciel Júnior,Midfielder,5470,Ivan Rakitić,0.6968
5542,José Paulo Bezzera Maciel Júnior,Midfielder,7023,Franck Yannick Kessié,0.5906
5542,José Paulo Bezzera Maciel Júnior,Midfielder,5625,Emil Peter Forsberg,0.5106
5542,José Paulo Bezzera Maciel Júnior,Midfielder,5187,Salem Mohammed Al Dawsari,0.4849
5542,José Paulo Bezzera Maciel Júnior,Midfielder,50498,Pape Matar Sarr,0.4723
5582,Celso Borges Mora,Midfielder,5617,Sebastian Larsson,0.785
5582,Celso Borges Mora,Midfielder,4870,Tomáš Souček,0.697
5582,Celso Borges Mora,Midfielder,5624,Albin Ekdal,0.6375
5582,Celso Borges Mora,Midfielder,5713,Mohammed Kanoo,0.6372
5582,Celso Borges Mora,Midfielder,5179,Daler Kuzyaev,0.5764
5613,Viktor Claesson,Midfielder,3094,Bamidele Alli,0.6679
5613,Viktor Claesson,Midfielder,5481,Mathew Leckie,0.6089
5613,Viktor Claesson,Midfielder,10919,Juraj Kucka,0.5605
5613,Viktor Claesson,Midfielder,23774,Selim Amallah,0.4434
5613,Viktor Claesson,Midfielder,22074,Joseff Morrell,0.412
5617,Sebastian Larsson,Midfielder,5582,Celso Borges Mora,0.785
5617,Sebastian Larsson,Midfielder,20687,Nicolás Iván González,0.614
5617,Sebastian Larsson,Midfielder,8967,Ondrej Duda,0.6078
5617,Sebastian Larsson,Midfielder,10919,Juraj Kucka,0.5477
5617,Sebastian Larsson,Midfielder,5624,Albin Ekdal,0.539
5618,Woo-Young Jung,Midfielder,5624,Albin Ekdal,0.6772
5618,Woo-Young Jung,Midfielder,5713,Mohammed Kanoo,0.6196
5618,Woo-Young Jung,Midfielder,22074,Joseff Morrell,0.6047
5618,Woo-Young Jung,Midfielder,3961,N''Golo Kanté,0.5632
5618,Woo-Young Jung,Midfielder,5582,Celso Borges Mora,0.5526
5623,Jae-Sung Lee,Midfielder,22074,Joseff Morrell,0.7092
5623,Jae-Sung Lee,Midfielder,3296,Marouane Fellaini-Bakkioui,0.5508
5623,Jae-Sung Lee,Midfielder,21294,Mykola Shaparenko,0.4764
5623,Jae-Sung Lee,Midfielder,23774,Selim Amallah,0.4546
5623,Jae-Sung Lee,Midfielder,8967,Ondrej Duda,0.4453
5624,Albin Ekdal,Midfielder,23774,Selim Amallah,0.765
5624,Albin Ekdal,Midfielder,16502,László Kleinheisler,0.6844
5624,Albin Ekdal,Midfielder,22074,Joseff Morrell,0.6774
5624,Albin Ekdal,Midfielder,5618,Woo-Young Jung,0.6772
5624,Albin Ekdal,Midfielder,42822,András Schäfer,0.6404
5625,Emil Peter Forsberg,Midfielder,7023,Franck Yannick Kessié,0.597
5625,Emil Peter Forsberg,Midfielder,5542,José Paulo Bezzera Maciel Júnior,0.5106
5625,Emil Peter Forsberg,Midfielder,5187,Salem Mohammed Al Dawsari,0.4923
5625,Emil Peter Forsberg,Midfielder,5470,Ivan Rakitić,0.4891
5625,Emil Peter Forsberg,Midfielder,3293,Jesse Lingard,0.4723
5660,Piotr Zieliński,Midfielder,2995,Ángel Fabián Di María Hernández,0.7447
5660,Piotr Zieliński,Midfielder,24024,Tajon Buchanan,0.511
5660,Piotr Zieliński,Midfielder,3557,Naïm Sliti,0.4879
5660,Piotr Zieliński,Midfielder,3501,Philippe Coutinho Correia,0.4862
5660,Piotr Zieliński,Midfielder,7791,Seko Fofana,0.447
5713,Mohammed Kanoo,Midfielder,5582,Celso Borges Mora,0.6372
5713,Mohammed Kanoo,Midfielder,5618,Woo-Young Jung,0.6196
5713,Mohammed Kanoo,Midfielder,4870,Tomáš Souček,0.5697
5713,Mohammed Kanoo,Midfielder,5624,Albin Ekdal,0.4635
5713,Mohammed Kanoo,Midfielder,10919,Juraj Kucka,0.4215
6993,Bryan Cristante,Midfielder,7797,Rodrigo Javier De Paul,0.6543
6993,Bryan Cristante,Midfielder,5199,Jorge Resurrección Merodio,0.5686
6993,Bryan Cristante,Midfielder,30486,Pedro González López,0.5492
6993,Bryan Cristante,Midfielder,8181,Nicolò Barella,0.4361
6993,Bryan Cristante,Midfielder,3568,Mohamed Naser Elsayed Elneny,0.4252
7023,Franck Yannick Kessié,Midfielder,5625,Emil Peter Forsberg,0.597
7023,Franck Yannick Kessié,Midfielder,5542,José Paulo Bezzera Maciel Júnior,0.5906
7023,Franck Yannick Kessié,Midfielder,5258,Giorgian Daniel De Arrascaeta Benedetti,0.5772
7023,Franck Yannick Kessié,Midfielder,16344,Răzvan Gabriel Marin,0.5772
7023,Franck Yannick Kessié,Midfielder,5470,Ivan Rakitić,0.4952
7753,Jamiro Gregory Monteiro Alvarenga,Midfielder,10916,Nicolae Claudiu Stanciu,0.5255
7753,Jamiro Gregory Monteiro Alvarenga,Midfielder,4272,João Mário Naval da Costa Eduardo,0.4276
7753,Jamiro Gregory Monteiro Alvarenga,Midfielder,5660,Piotr Zieliński,0.3398
7753,Jamiro Gregory Monteiro Alvarenga,Midfielder,3193,Bernardo Mota Veiga de Carvalho e Silva,0.3192
7753,Jamiro Gregory Monteiro Alvarenga,Midfielder,64612,Deon Hotto Kavendji,0.3024
7791,Seko Fofana,Midfielder,46258,Azzedine Ounahi,0.5187
7791,Seko Fofana,Midfielder,16344,Răzvan Gabriel Marin,0.4575
7791,Seko Fofana,Midfielder,5660,Piotr Zieliński,0.447
7791,Seko Fofana,Midfielder,8526,Weston McKennie,0.4379
7791,Seko Fofana,Midfielder,3293,Jesse Lingard,0.4307
7797,Rodrigo Javier De Paul,Midfielder,30486,Pedro González López,0.8679
7797,Rodrigo Javier De Paul,Midfielder,5199,Jorge Resurrección Merodio,0.7596
7797,Rodrigo Javier De Paul,Midfielder,6993,Bryan Cristante,0.6543
7797,Rodrigo Javier De Paul,Midfielder,8181,Nicolò Barella,0.6457
7797,Rodrigo Javier De Paul,Midfielder,3166,Marco Verratti,0.6395
8181,Nicolò Barella,Midfielder,30486,Pedro González López,0.7508
8181,Nicolò Barella,Midfielder,7797,Rodrigo Javier De Paul,0.6457
8181,Nicolò Barella,Midfielder,3166,Marco Verratti,0.6412
8181,Nicolò Barella,Midfielder,21294,Mykola Shaparenko,0.6301
8181,Nicolò Barella,Midfielder,3168,João Filipe Iria Santos Moutinho,0.4834
8526,Weston McKennie,Midfielder,4870,Tomáš Souček,0.5046
8526,Weston McKennie,Midfielder,16344,Răzvan Gabriel Marin,0.495
8526,Weston McKennie,Midfielder,5582,Celso Borges Mora,0.4617
8526,Weston McKennie,Midfielder,5481,Mathew Leckie,0.4442
8526,Weston McKennie,Midfielder,7791,Seko Fofana,0.4379
8967,Ondrej Duda,Midfielder,3296,Marouane Fellaini-Bakkioui,0.7035
8967,Ondrej Duda,Midfielder,42822,András Schäfer,0.6759
8967,Ondrej Duda,Midfielder,5617,Sebastian Larsson,0.6078
8967,Ondrej Duda,Midfielder,5624,Albin Ekdal,0.6027
8967,Ondrej Duda,Midfielder,5582,Celso Borges Mora,0.5356
9974,John McGinn,Midfielder,23774,Selim Amallah,0.7012
9974,John McGinn,Midfielder,16502,László Kleinheisler,0.6838
9974,John McGinn,Midfielder,10916,Nicolae Claudiu Stanciu,0.6469
9974,John McGinn,Midfielder,149714,Abdessamad Ezzalzouli,0.6416
9974,John McGinn,Midfielder,10919,Juraj Kucka,0.5429
10916,Nicolae Claudiu Stanciu,Midfielder,9974,John McGinn,0.6469
10916,Nicolae Claudiu Stanciu,Midfielder,5617,Sebastian Larsson,0.5386
10916,Nicolae Claudiu Stanciu,Midfielder,7753,Jamiro Gregory Monteiro Alvarenga,0.5255
10916,Nicolae Claudiu Stanciu,Midfielder,149714,Abdessamad Ezzalzouli,0.4913
10916,Nicolae Claudiu Stanciu,Midfielder,20687,Nicolás Iván González,0.4639
10919,Juraj Kucka,Midfielder,5481,Mathew Leckie,0.6589
10919,Juraj Kucka,Midfielder,5624,Albin Ekdal,0.6191
10919,Juraj Kucka,Midfielder,4870,Tomáš Souček,0.5706
10919,Juraj Kucka,Midfielder,22074,Joseff Morrell,0.5703
10919,Juraj Kucka,Midfielder,5582,Celso Borges Mora,0.5657
16249,Yangel Clemente Herrera Ravelo,Midfielder,27886,Alexis Mac Allister,0.4341
16249,Yangel Clemente Herrera Ravelo,Midfielder,41202,Giorgi Kochorashvili,0.3614
16249,Yangel Clemente Herrera Ravelo,Midfielder,24024,Tajon Buchanan,0.3486
16249,Yangel Clemente Herrera Ravelo,Midfielder,3501,Philippe Coutinho Correia,0.3405
16249,Yangel Clemente Herrera Ravelo,Midfielder,3293,Jesse Lingard,0.3277
16344,Răzvan Gabriel Marin,Midfielder,5258,Giorgian Daniel De Arrascaeta Benedetti,0.6613
16344,Răzvan Gabriel Marin,Midfielder,7023,Franck Yannick Kessié,0.5772
16344,Răzvan Gabriel Marin,Midfielder,8526,Weston McKennie,0.495
16344,Răzvan Gabriel Marin,Midfielder,7791,Seko Fofana,0.4575
16344,Răzvan Gabriel Marin,Midfielder,10916,Nicolae Claudiu Stanciu,0.4447
16502,László Kleinheisler,Midfielder,5624,Albin Ekdal,0.6844
16502,László Kleinheisler,Midfielder,9974,John McGinn,0.6838
16502,László Kleinheisler,Midfielder,49395,Richard Rios Montoya,0.6723
16502,László Kleinheisler,Midfielder,23774,Selim Amallah,0.6606
16502,László Kleinheisler,Midfielder,22074,Joseff Morrell,0.5188
16528,Petar Stojanović,Midfielder,5255,Matías Vecino Falero,0.5062
16528,Petar Stojanović,Midfielder,38792,Yunus Dimoara Musah,0.4888
16528,Petar Stojanović,Midfielder,64612,Deon Hotto Kavendji,0.4607
16528,Petar Stojanović,Midfielder,8526,Weston McKennie,0.4252
16528,Petar Stojanović,Midfielder,5481,Mathew Leckie,0.4251
20687,Nicolás Iván González,Midfielder,5617,Sebastian Larsson,0.614
20687,Nicolás Iván González,Midfielder,149714,Abdessamad Ezzalzouli,0.5864
20687,Nicolás Iván González,Midfielder,5582,Celso Borges Mora,0.5457
20687,Nicolás Iván González,Midfielder,10919,Juraj Kucka,0.4763
20687,Nicolás Iván González,Midfielder,9974,John McGinn,0.4726
21294,Mykola Shaparenko,Midfielder,5540,Valon Behrami,0.6442
21294,Mykola Shaparenko,Midfielder,8181,Nicolò Barella,0.6301
21294,Mykola Shaparenko,Midfielder,30486,Pedro González López,0.5477
21294,Mykola Shaparenko,Midfielder,5456,Mateo Kovačić,0.5411
21294,Mykola Shaparenko,Midfielder,3166,Marco Verratti,0.5223
22074,Joseff Morrell,Midfielder,5623,Jae-Sung Lee,0.7092
22074,Joseff Morrell,Midfielder,5624,Albin Ekdal,0.6774
22074,Joseff Morrell,Midfielder,5618,Woo-Young Jung,0.6047
22074,Joseff Morrell,Midfielder,10919,Juraj Kucka,0.5703
22074,Joseff Morrell,Midfielder,23774,Selim Amallah,0.5377
23774,Selim Amallah,Midfielder,5624,Albin Ekdal,0.765
23774,Selim Amallah,Midfielder,9974,John McGinn,0.7012
23774,Selim Amallah,Midfielder,16502,László Kleinheisler,0.6606
23774,Selim Amallah,Midfielder,42822,András Schäfer,0.5929
23774,Selim Amallah,Midfielder,149714,Abdessamad Ezzalzouli,0.5448
24024,Tajon Buchanan,Midfielder,3557,Naïm Sliti,0.7248
24024,Tajon Buchanan,Midfielder,2995,Ángel Fabián Di María Hernández,0.6495
24024,Tajon Buchanan,Midfielder,5660,Piotr Zieliński,0.511
24024,Tajon Buchanan,Midfielder,149714,Abdessamad Ezzalzouli,0.4682
24024,Tajon Buchanan,Midfielder,64612,Deon Hotto Kavendji,0.4235
27277,Jhon Adolfo Arias Andrade,Midfielder,5255,Matías Vecino Falero,0.6118
27277,Jhon Adolfo Arias Andrade,Midfielder,41202,Giorgi Kochorashvili,0.5692
27277,Jhon Adolfo Arias Andrade,Midfielder,27886,Alexis Mac Allister,0.4496
27277,Jhon Adolfo Arias Andrade,Midfielder,16528,Petar Stojanović,0.4214
27277,Jhon Adolfo Arias Andrade,Midfielder,3575,Oleksandr Zinchenko,0.3809
27886,Alexis Mac Allister,Midfielder,41202,Giorgi Kochorashvili,0.7307
27886,Alexis Mac Allister,Midfielder,27277,Jhon Adolfo Arias Andrade,0.4496
27886,Alexis Mac Allister,Midfielder,16249,Yangel Clemente Herrera Ravelo,0.4341
27886,Alexis Mac Allister,Midfielder,3575,Oleksandr Zinchenko,0.4238
27886,Alexis Mac Allister,Midfielder,7023,Franck Yannick Kessié,0.4006
28825,Luis Gerardo Chávez Magallón,Midfielder,64612,Deon Hotto Kavendji,0.6798
28825,Luis Gerardo Chávez Magallón,Midfielder,5660,Piotr Zieliński,0.4007
28825,Luis Gerardo Chávez Magallón,Midfielder,7791,Seko Fofana,0.3914
28825,Luis Gerardo Chávez Magallón,Midfielder,3557,Naïm Sliti,0.3797
28825,Luis Gerardo Chávez Magallón,Midfielder,5625,Emil Peter Forsberg,0.368
30486,Pedro González López,Midfielder,7797,Rodrigo Javier De Paul,0.8679
30486,Pedro González López,Midfielder,8181,Nicolò Barella,0.7508
30486,Pedro González López,Midfielder,5199,Jorge Resurrección Merodio,0.7003
30486,Pedro González López,Midfielder,3166,Marco Verratti,0.6877
30486,Pedro González López,Midfielder,6993,Bryan Cristante,0.5492
38792,Yunus Dimoara Musah,Midfielder,5255,Matías Vecino Falero,0.576
38792,Yunus Dimoara Musah,Midfielder,16528,Petar Stojanović,0.4888
38792,Yunus Dimoara Musah,Midfielder,42822,András Schäfer,0.4369
38792,Yunus Dimoara Musah,Midfielder,5540,Valon Behrami,0.4343
38792,Yunus Dimoara Musah,Midfielder,4272,João Mário Naval da Costa Eduardo,0.4334
41202,Giorgi Kochorashvili,Midfielder,27886,Alexis Mac Allister,0.7307
41202,Giorgi Kochorashvili,Midfielder,27277,Jhon Adolfo Arias Andrade,0.5692
41202,Giorgi Kochorashvili,Midfielder,22074,Joseff Morrell,0.5037
41202,Giorgi Kochorashvili,Midfielder,3575,Oleksandr Zinchenko,0.4432
41202,Giorgi Kochorashvili,Midfielder,5255,Matías Vecino Falero,0.3964
42822,András Schäfer,Midfielder,8967,Ondrej Duda,0.6759
42822,András Schäfer,Midfielder,5624,Albin Ekdal,0.6404
42822,András Schäfer,Midfielder,3296,Marouane Fellaini-Bakkioui,0.6002
42822,András Schäfer,Midfielder,23774,Selim Amallah,0.5929
42822,András Schäfer,Midfielder,5582,Celso Borges Mora,0.5164
46258,Azzedine Ounahi,Midfielder,3193,Bernardo Mota Veiga de Carvalho e Silva,0.5554
46258,Azzedine Ounahi,Midfielder,5187,Salem Mohammed Al Dawsari,0.5271
46258,Azzedine Ounahi,Midfielder,7791,Seko Fofana,0.5187
46258,Azzedine Ounahi,Midfielder,5463,Luka Modrić,0.5137
46258,Azzedine Ounahi,Midfielder,4926,Francisco Román Alarcón Suárez,0.4586
49395,Richard Rios Montoya,Midfielder,16502,László Kleinheisler,0.6723
49395,Richard Rios Montoya,Midfielder,5624,Albin Ekdal,0.4373
49395,Richard Rios Montoya,Midfielder,4870,Tomáš Souček,0.4155
49395,Richard Rios Montoya,Midfielder,5613,Viktor Claesson,0.3913
49395,Richard Rios Montoya,Midfielder,5618,Woo-Young Jung,0.3858
50498,Pape Matar Sarr,Midfielder,3296,Marouane Fellaini-Bakkioui,0.5839
50498,Pape Matar Sarr,Midfielder,5542,José Paulo Bezzera Maciel Júnior,0.4723
50498,Pape Matar Sarr,Midfielder,5540,Valon Behrami,0.4028
50498,Pape Matar Sarr,Midfielder,23774,Selim Amallah,0.3803
50498,Pape Matar Sarr,Midfielder,5624,Albin Ekdal,0.3583
64612,Deon Hotto Kavendji,Midfielder,28825,Luis Gerardo Chávez Magallón,0.6798
64612,Deon Hotto Kavendji,Midfielder,16528,Petar Stojanović,0.4607
64612,Deon Hotto Kavendji,Midfielder,24024,Tajon Buchanan,0.4235
64612,Deon Hotto Kavendji,Midfielder,20687,Nicolás Iván González,0.417
64612,Deon Hotto Kavendji,Midfielder,10916,Nicolae Claudiu Stanciu,0.4158
66887,Hamdi Fathi,Midfielder,9974,John McGinn,0.504
66887,Hamdi Fathi,Midfielder,3568,Mohamed Naser Elsayed Elneny,0.4753
66887,Hamdi Fathi,Midfielder,10916,Nicolae Claudiu Stanciu,0.4007
66887,Hamdi Fathi,Midfielder,3961,N''Golo Kanté,0.3362
66887,Hamdi Fathi,Midfielder,5623,Jae-Sung Lee,0.328
149714,Abdessamad Ezzalzouli,Midfielder,3557,Naïm Sliti,0.6623
149714,Abdessamad Ezzalzouli,Midfielder,9974,John McGinn,0.6416
149714,Abdessamad Ezzalzouli,Midfielder,20687,Nicolás Iván González,0.5864
149714,Abdessamad Ezzalzouli,Midfielder,23774,Selim Amallah,0.5448
149714,Abdessamad Ezzalzouli,Midfielder,10916,Nicolae Claudiu Stanciu,0.4913
2941,Ismaïla Sarr,Winger,35492,Maximiliano Javier Araújo Vilches,0.6653
2941,Ismaïla Sarr,Winger,6399,Gareth Frank Bale,0.6501
2941,Ismaïla Sarr,Winger,4447,Martin Braithwaite Christensen,0.6364
2941,Ismaïla Sarr,Winger,134209,Barış Alper Yılmaz,0.6303
2941,Ismaïla Sarr,Winger,3083,Heung-Min Son,0.5481
3009,Kylian Mbappé Lottin,Winger,4320,Neymar da Silva Santos Junior,0.705
3009,Kylian Mbappé Lottin,Winger,15582,Donyell Malen,0.6302
3009,Kylian Mbappé Lottin,Winger,3233,Raheem Sterling,0.5992
3009,Kylian Mbappé Lottin,Winger,18395,Vinícius José Paixão de Oliveira Júnior,0.5828
3009,Kylian Mbappé Lottin,Winger,3083,Heung-Min Son,0.5748
3053,Leroy Sané,Winger,12041,João Félix Sequeira,0.6095
3053,Leroy Sané,Winger,7037,Lorenzo Insigne,0.567
3053,Leroy Sané,Winger,68574,Nicholas Williams Arthuer,0.5231
3053,Leroy Sané,Winger,23650,Jeremy Doku,0.5228
3053,Leroy Sané,Winger,4354,Philip Foden,0.5063
3064,David Josué Jiménez Silva,Winger,4354,Philip Foden,0.8272
3064,David Josué Jiménez Silva,Winger,28914,Lovro Majer,0.5242
3064,David Josué Jiménez Silva,Winger,4320,Neymar da Silva Santos Junior,0.4591
3064,David Josué Jiménez Silva,Winger,12041,João Félix Sequeira,0.4582
3064,David Josué Jiménez Silva,Winger,5480,Corentin Tolisso,0.4577
3083,Heung-Min Son,Winger,15582,Donyell Malen,0.5933
3083,Heung-Min Son,Winger,3009,Kylian Mbappé Lottin,0.5748
3083,Heung-Min Son,Winger,2941,Ismaïla Sarr,0.5481
3083,Heung-Min Son,Winger,10577,Jacinto Muondo Dala,0.4675
3083,Heung-Min Son,Winger,6399,Gareth Frank Bale,0.435
3233,Raheem Sterling,Winger,151813,Kenan Yildiz,0.664
3233,Raheem Sterling,Winger,3009,Kylian Mbappé Lottin,0.5992
3233,Raheem Sterling,Winger,3441,Nikola Vlašić,0.5676
3233,Raheem Sterling,Winger,15582,Donyell Malen,0.4967
3233,Raheem Sterling,Winger,3053,Leroy Sané,0.4692
3377,Timothy Weah,Winger,4447,Martin Braithwaite Christensen,0.7241
3377,Timothy Weah,Winger,3551,Karl Brillant Toko Ekambi,0.6517
3377,Timothy Weah,Winger,11252,Daniel James,0.5319
3377,Timothy Weah,Winger,132711,Sekou Oumar Sylla,0.513
3377,Timothy Weah,Winger,3639,Georges-Kévin Nkoudou Mbida,0.4745
3441,Nikola Vlašić,Winger,9929,Diogo José Teixeira da Silva,0.6241
3441,Nikola Vlašić,Winger,3233,Raheem Sterling,0.5676
3441,Nikola Vlašić,Winger,28032,Ivan Schranz,0.5277
3441,Nikola Vlašić,Winger,7294,Yoane Wissa,0.5026
3441,Nikola Vlašić,Winger,2941,Ismaïla Sarr,0.4761
3447,Ademola Lookman,Winger,26152,Jacob Shaffelburg,0.688
3447,Ademola Lookman,Winger,11252,Daniel James,0.5619
3447,Ademola Lookman,Winger,5536,Yussuf Yurary Poulsen,0.5471
3447,Ademola Lookman,Winger,36288,Facundo Pellistri Rebollo,0.4858
3447,Ademola Lookman,Winger,35492,Maximiliano Javier Araújo Vilches,0.4795
3450,Jordan Ayew,Winger,2941,Ismaïla Sarr,0.514
3450,Jordan Ayew,Winger,5548,Steven Zuber,0.4475
3450,Jordan Ayew,Winger,36288,Facundo Pellistri Rebollo,0.412
3450,Jordan Ayew,Winger,3629,Sadio Mané,0.392
3450,Jordan Ayew,Winger,9929,Diogo José Teixeira da Silva,0.3652
3472,Willian Borges da Silva,Winger,68574,Nicholas Williams Arthuer,0.757
3472,Willian Borges da Silva,Winger,5477,Ousmane Dembélé,0.6903
3472,Willian Borges da Silva,Winger,23650,Jeremy Doku,0.5258
3472,Willian Borges da Silva,Winger,8217,Kingsley Coman,0.5254
3472,Willian Borges da Silva,Winger,16559,Leandro Trossard,0.5002
3531,Mohamed Salah,Winger,10577,Jacinto Muondo Dala,0.6501
3531,Mohamed Salah,Winger,7294,Yoane Wissa,0.6249
3531,Mohamed Salah,Winger,3009,Kylian Mbappé Lottin,0.4733
3531,Mohamed Salah,Winger,3441,Nikola Vlašić,0.4512
3531,Mohamed Salah,Winger,3083,Heung-Min Son,0.3874
3533,Xherdan Shaqiri,Winger,7037,Lorenzo Insigne,0.6789
3533,Xherdan Shaqiri,Winger,8246,Christian Pulisic,0.5939
3533,Xherdan Shaqiri,Winger,4320,Neymar da Silva Santos Junior,0.5768
3533,Xherdan Shaqiri,Winger,16532,Daniel Olmo Carvajal,0.5492
3533,Xherdan Shaqiri,Winger,12041,João Félix Sequeira,0.4961
3551,Karl Brillant Toko Ekambi,Winger,4447,Martin Braithwaite Christensen,0.8047
3551,Karl Brillant Toko Ekambi,Winger,3377,Timothy Weah,0.6517
3551,Karl Brillant Toko Ekambi,Winger,11252,Daniel James,0.5886
3551,Karl Brillant Toko Ekambi,Winger,5637,Edgar Yoel Bárcenas Herrera,0.5813
3551,Karl Brillant Toko Ekambi,Winger,65727,Thapelo James Morena,0.5314
3625,Sofiane Boufal,Winger,5592,Bryan Ruiz González,0.5095
3625,Sofiane Boufal,Winger,8217,Kingsley Coman,0.4978
3625,Sofiane Boufal,Winger,39565,Jamal Musiala,0.4744
3625,Sofiane Boufal,Winger,23650,Jeremy Doku,0.4629
3625,Sofiane Boufal,Winger,68574,Nicholas Williams Arthuer,0.4263
3629,Sadio Mané,Winger,5592,Bryan Ruiz González,0.5036
3629,Sadio Mané,Winger,5261,Mahmoud Ibrahim Hassan,0.4593
3629,Sadio Mané,Winger,5687,Takashi Inui,0.4573
3629,Sadio Mané,Winger,3450,Jordan Ayew,0.392
3629,Sadio Mané,Winger,15582,Donyell Malen,0.3338
3639,Georges-Kévin Nkoudou Mbida,Winger,8246,Christian Pulisic,0.6272
3639,Georges-Kévin Nkoudou Mbida,Winger,4416,Max-Alain Gradel,0.619
3639,Georges-Kévin Nkoudou Mbida,Winger,5548,Steven Zuber,0.6089
3639,Georges-Kévin Nkoudou Mbida,Winger,26152,Jacob Shaffelburg,0.4984
3639,Georges-Kévin Nkoudou Mbida,Winger,3377,Timothy Weah,0.4745
4320,Neymar da Silva Santos Junior,Winger,3009,Kylian Mbappé Lottin,0.705
4320,Neymar da Silva Santos Junior,Winger,39565,Jamal Musiala,0.6591
4320,Neymar da Silva Santos Junior,Winger,16532,Daniel Olmo Carvajal,0.6289
4320,Neymar da Silva Santos Junior,Winger,23650,Jeremy Doku,0.5856
4320,Neymar da Silva Santos Junior,Winger,5477,Ousmane Dembélé,0.5804
4354,Philip Foden,Winger,3064,David Josué Jiménez Silva,0.8272
4354,Philip Foden,Winger,16559,Leandro Trossard,0.5112
4354,Philip Foden,Winger,3053,Leroy Sané,0.5063
4354,Philip Foden,Winger,12041,João Félix Sequeira,0.4835
4354,Philip Foden,Winger,3472,Willian Borges da Silva,0.442
4375,Blaise Matuidi,Winger,8506,Konrad Laimer,0.7661
4375,Blaise Matuidi,Winger,16472,Lukáš Masopust,0.5989
4375,Blaise Matuidi,Winger,5182,Aleksandr Samedov,0.545
4375,Blaise Matuidi,Winger,5628,José Luis Rodríguez Francis,0.5075
4375,Blaise Matuidi,Winger,384888,Ray Kendry Páez Andrade,0.5043
4416,Max-Alain Gradel,Winger,3639,Georges-Kévin Nkoudou Mbida,0.619
4416,Max-Alain Gradel,Winger,40485,Ryan Isaac Mendes da Graça,0.5219
4416,Max-Alain Gradel,Winger,5548,Steven Zuber,0.4447
4416,Max-Alain Gradel,Winger,5474,Ivan Perišić,0.4088
4416,Max-Alain Gradel,Winger,5182,Aleksandr Samedov,0.3755
4447,Martin Braithwaite Christensen,Winger,3551,Karl Brillant Toko Ekambi,0.8047
4447,Martin Braithwaite Christensen,Winger,132711,Sekou Oumar Sylla,0.732
4447,Martin Braithwaite Christensen,Winger,3377,Timothy Weah,0.7241
4447,Martin Braithwaite Christensen,Winger,134209,Barış Alper Yılmaz,0.6602
4447,Martin Braithwaite Christensen,Winger,65727,Thapelo James Morena,0.6454
5182,Aleksandr Samedov,Winger,5637,Edgar Yoel Bárcenas Herrera,0.5855
5182,Aleksandr Samedov,Winger,4375,Blaise Matuidi,0.545
5182,Aleksandr Samedov,Winger,16472,Lukáš Masopust,0.5231
5182,Aleksandr Samedov,Winger,5237,Hakim Ziyech,0.4855
5182,Aleksandr Samedov,Winger,5556,Miguel Arturo Layún Prado,0.424
5186,Denis Cheryshev,Winger,5536,Yussuf Yurary Poulsen,0.6044
5186,Denis Cheryshev,Winger,7294,Yoane Wissa,0.5247
5186,Denis Cheryshev,Winger,5465,Ante Rebić,0.481
5186,Denis Cheryshev,Winger,6748,Ferrán Torres García,0.4707
5186,Denis Cheryshev,Winger,3447,Ademola Lookman,0.4635
5237,Hakim Ziyech,Winger,24443,Mikkel Damsgaard,0.7062
5237,Hakim Ziyech,Winger,5687,Takashi Inui,0.4941
5237,Hakim Ziyech,Winger,5182,Aleksandr Samedov,0.4855
5237,Hakim Ziyech,Winger,3472,Willian Borges da Silva,0.481
5237,Hakim Ziyech,Winger,5571,Hirving Rodrigo Lozano Bahena,0.4482
5261,Mahmoud Ibrahim Hassan,Winger,5687,Takashi Inui,0.7812
5261,Mahmoud Ibrahim Hassan,Winger,3629,Sadio Mané,0.4593
5261,Mahmoud Ibrahim Hassan,Winger,16532,Daniel Olmo Carvajal,0.4111
5261,Mahmoud Ibrahim Hassan,Winger,316046,Lamine Yamal Nasraoui Ebana,0.3841
5261,Mahmoud Ibrahim Hassan,Winger,16557,Ruslan Malinovskiy,0.3417
5465,Ante Rebić,Winger,26152,Jacob Shaffelburg,0.6339
5465,Ante Rebić,Winger,5536,Yussuf Yurary Poulsen,0.5789
5465,Ante Rebić,Winger,5620,Hee-Chan Hwang,0.5633
5465,Ante Rebić,Winger,35492,Maximiliano Javier Araújo Vilches,0.4913
5465,Ante Rebić,Winger,5186,Denis Cheryshev,0.481
5474,Ivan Perišić,Winger,20750,Cody Mathès Gakpo,0.625
5474,Ivan Perišić,Winger,7131,Domenico Berardi,0.4864
5474,Ivan Perišić,Winger,7975,Lukáš Haraslín,0.4751
5474,Ivan Perišić,Winger,26152,Jacob Shaffelburg,0.4376
5474,Ivan Perišić,Winger,6399,Gareth Frank Bale,0.4343
5477,Ousmane Dembélé,Winger,3472,Willian Borges da Silva,0.6903
5477,Ousmane Dembélé,Winger,68574,Nicholas Williams Arthuer,0.6701
5477,Ousmane Dembélé,Winger,23650,Jeremy Doku,0.6368
5477,Ousmane Dembélé,Winger,10595,Raphael Dias Belloli,0.5923
5477,Ousmane Dembélé,Winger,8217,Kingsley Coman,0.5837
5480,Corentin Tolisso,Winger,16559,Leandro Trossard,0.6998
5480,Corentin Tolisso,Winger,28914,Lovro Majer,0.5703
5480,Corentin Tolisso,Winger,24443,Mikkel Damsgaard,0.5255
5480,Corentin Tolisso,Winger,16472,Lukáš Masopust,0.497
5480,Corentin Tolisso,Winger,8506,Konrad Laimer,0.4633
5536,Yussuf Yurary Poulsen,Winger,30423,Ibán Salvador Edu,0.7008
5536,Yussuf Yurary Poulsen,Winger,5186,Denis Cheryshev,0.6044
5536,Yussuf Yurary Poulsen,Winger,5465,Ante Rebić,0.5789
5536,Yussuf Yurary Poulsen,Winger,3447,Ademola Lookman,0.5471
5536,Yussuf Yurary Poulsen,Winger,23363,Liam Millar,0.543
5548,Steven Zuber,Winger,3639,Georges-Kévin Nkoudou Mbida,0.6089
5548,Steven Zuber,Winger,116587,Arda Güler,0.5697
5548,Steven Zuber,Winger,316046,Lamine Yamal Nasraoui Ebana,0.5487
5548,Steven Zuber,Winger,12041,João Félix Sequeira,0.5256
5548,Steven Zuber,Winger,15582,Donyell Malen,0.462
5556,Miguel Arturo Layún Prado,Winger,5637,Edgar Yoel Bárcenas Herrera,0.7229
5556,Miguel Arturo Layún Prado,Winger,5182,Aleksandr Samedov,0.424
5556,Miguel Arturo Layún Prado,Winger,5628,José Luis Rodríguez Francis,0.4135
5556,Miguel Arturo Layún Prado,Winger,5237,Hakim Ziyech,0.3884
5556,Miguel Arturo Layún Prado,Winger,10595,Raphael Dias Belloli,0.3728
5562,Thomas Müller,Winger,3064,David Josué Jiménez Silva,0.4553
5562,Thomas Müller,Winger,29367,Percy Tau,0.4049
5562,Thomas Müller,Winger,4354,Philip Foden,0.4048
5562,Thomas Müller,Winger,26152,Jacob Shaffelburg,0.3965
5562,Thomas Müller,Winger,3447,Ademola Lookman,0.3681
5571,Hirving Rodrigo Lozano Bahena,Winger,5477,Ousmane Dembélé,0.5376
5571,Hirving Rodrigo Lozano Bahena,Winger,5620,Hee-Chan Hwang,0.5358
5571,Hirving Rodrigo Lozano Bahena,Winger,5237,Hakim Ziyech,0.4482
5571,Hirving Rodrigo Lozano Bahena,Winger,39565,Jamal Musiala,0.4475
5571,Hirving Rodrigo Lozano Bahena,Winger,23650,Jeremy Doku,0.4399
5592,Bryan Ruiz González,Winger,3625,Sofiane Boufal,0.5095
5592,Bryan Ruiz González,Winger,3629,Sadio Mané,0.5036
5592,Bryan Ruiz González,Winger,5480,Corentin Tolisso,0.4577
5592,Bryan Ruiz González,Winger,16559,Leandro Trossard,0.4457
5592,Bryan Ruiz González,Winger,39565,Jamal Musiala,0.4434
5620,Hee-Chan Hwang,Winger,384888,Ray Kendry Páez Andrade,0.7033
5620,Hee-Chan Hwang,Winger,40211,Jeremy Leonel Sarmiento Morante,0.6069
5620,Hee-Chan Hwang,Winger,5465,Ante Rebić,0.5633
5620,Hee-Chan Hwang,Winger,5571,Hirving Rodrigo Lozano Bahena,0.5358
5620,Hee-Chan Hwang,Winger,30423,Ibán Salvador Edu,0.4831
5628,José Luis Rodríguez Francis,Winger,65727,Thapelo James Morena,0.5849
5628,José Luis Rodríguez Francis,Winger,5637,Edgar Yoel Bárcenas Herrera,0.5677
5628,José Luis Rodríguez Francis,Winger,16472,Lukáš Masopust,0.5306
5628,José Luis Rodríguez Francis,Winger,3551,Karl Brillant Toko Ekambi,0.5233
5628,José Luis Rodríguez Francis,Winger,24443,Mikkel Damsgaard,0.5135
5637,Edgar Yoel Bárcenas Herrera,Winger,5556,Miguel Arturo Layún Prado,0.7229
5637,Edgar Yoel Bárcenas Herrera,Winger,5182,Aleksandr Samedov,0.5855
5637,Edgar Yoel Bárcenas Herrera,Winger,3551,Karl Brillant Toko Ekambi,0.5813
5637,Edgar Yoel Bárcenas Herrera,Winger,5628,José Luis Rodríguez Francis,0.5677
5637,Edgar Yoel Bárcenas Herrera,Winger,4375,Blaise Matuidi,0.3593
5687,Takashi Inui,Winger,5261,Mahmoud Ibrahim Hassan,0.7812
5687,Takashi Inui,Winger,5237,Hakim Ziyech,0.4941
5687,Takashi Inui,Winger,24443,Mikkel Damsgaard,0.4902
5687,Takashi Inui,Winger,3629,Sadio Mané,0.4573
5687,Takashi Inui,Winger,6748,Ferrán Torres García,0.4379
6399,Gareth Frank Bale,Winger,2941,Ismaïla Sarr,0.6501
6399,Gareth Frank Bale,Winger,8830,Andriy Yarmolenko,0.6018
6399,Gareth Frank Bale,Winger,35492,Maximiliano Javier Araújo Vilches,0.5866
6399,Gareth Frank Bale,Winger,7975,Lukáš Haraslín,0.5367
6399,Gareth Frank Bale,Winger,65727,Thapelo James Morena,0.5078
6748,Ferrán Torres García,Winger,5186,Denis Cheryshev,0.4707
6748,Ferrán Torres García,Winger,5687,Takashi Inui,0.4379
6748,Ferrán Torres García,Winger,8830,Andriy Yarmolenko,0.408
6748,Ferrán Torres García,Winger,3233,Raheem Sterling,0.32
6748,Ferrán Torres García,Winger,7294,Yoane Wissa,0.3104
7037,Lorenzo Insigne,Winger,3533,Xherdan Shaqiri,0.6789
7037,Lorenzo Insigne,Winger,3053,Leroy Sané,0.567
7037,Lorenzo Insigne,Winger,16557,Ruslan Malinovskiy,0.5295
7037,Lorenzo Insigne,Winger,16532,Daniel Olmo Carvajal,0.5098
7037,Lorenzo Insigne,Winger,12041,João Félix Sequeira,0.499
7131,Domenico Berardi,Winger,5474,Ivan Perišić,0.4864
7131,Domenico Berardi,Winger,16557,Ruslan Malinovskiy,0.454
7131,Domenico Berardi,Winger,16532,Daniel Olmo Carvajal,0.4047
7131,Domenico Berardi,Winger,23910,Youssef Msakni,0.3926
7131,Domenico Berardi,Winger,7975,Lukáš Haraslín,0.3638
7156,Federico Chiesa,Winger,16335,Samuel Chimerenka Chukwueze,0.4524
7156,Federico Chiesa,Winger,23650,Jeremy Doku,0.3988
7156,Federico Chiesa,Winger,18360,Rafael Alexandre Conceição Leão,0.3855
7156,Federico Chiesa,Winger,5465,Ante Rebić,0.3334
7156,Federico Chiesa,Winger,18395,Vinícius José Paixão de Oliveira Júnior,0.32
7294,Yoane Wissa,Winger,3531,Mohamed Salah,0.6249
7294,Yoane Wissa,Winger,5186,Denis Cheryshev,0.5247
7294,Yoane Wissa,Winger,3441,Nikola Vlašić,0.5026
7294,Yoane Wissa,Winger,23910,Youssef Msakni,0.4829
7294,Yoane Wissa,Winger,10577,Jacinto Muondo Dala,0.4537
7975,Lukáš Haraslín,Winger,20750,Cody Mathès Gakpo,0.5918
7975,Lukáš Haraslín,Winger,134209,Barış Alper Yılmaz,0.5655
7975,Lukáš Haraslín,Winger,6399,Gareth Frank Bale,0.5367
7975,Lukáš Haraslín,Winger,132711,Sekou Oumar Sylla,0.4872
7975,Lukáš Haraslín,Winger,5474,Ivan Perišić,0.4751
8217,Kingsley Coman,Winger,23650,Jeremy Doku,0.7956
8217,Kingsley Coman,Winger,68574,Nicholas Williams Arthuer,0.6233
8217,Kingsley Coman,Winger,39565,Jamal Musiala,0.6045
8217,Kingsley Coman,Winger,5477,Ousmane Dembélé,0.5837
8217,Kingsley Coman,Winger,10595,Raphael Dias Belloli,0.5554
8246,Christian Pulisic,Winger,18395,Vinícius José Paixão de Oliveira Júnior,0.6811
8246,Christian Pulisic,Winger,3639,Georges-Kévin Nkoudou Mbida,0.6272
8246,Christian Pulisic,Winger,3533,Xherdan Shaqiri,0.5939
8246,Christian Pulisic,Winger,316046,Lamine Yamal Nasraoui Ebana,0.5098
8246,Christian Pulisic,Winger,35684,Meschak Elia,0.4954
8506,Konrad Laimer,Winger,4375,Blaise Matuidi,0.7661
8506,Konrad Laimer,Winger,16472,Lukáš Masopust,0.7149
8506,Konrad Laimer,Winger,30423,Ibán Salvador Edu,0.571
8506,Konrad Laimer,Winger,9411,Daichi Kamada,0.5294
8506,Konrad Laimer,Winger,5480,Corentin Tolisso,0.4633
8830,Andriy Yarmolenko,Winger,12041,João Félix Sequeira,0.697
8830,Andriy Yarmolenko,Winger,6399,Gareth Frank Bale,0.6018
8830,Andriy Yarmolenko,Winger,3533,Xherdan Shaqiri,0.4432
8830,Andriy Yarmolenko,Winger,5548,Steven Zuber,0.4171
8830,Andriy Yarmolenko,Winger,16532,Daniel Olmo Carvajal,0.4094
9411,Daichi Kamada,Winger,23363,Liam Millar,0.7343
9411,Daichi Kamada,Winger,29367,Percy Tau,0.6401
9411,Daichi Kamada,Winger,132711,Sekou Oumar Sylla,0.6236
9411,Daichi Kamada,Winger,151813,Kenan Yildiz,0.588
9411,Daichi Kamada,Winger,30423,Ibán Salvador Edu,0.5635
9929,Diogo José Teixeira da Silva,Winger,29367,Percy Tau,0.6458
9929,Diogo José Teixeira da Silva,Winger,3441,Nikola Vlašić,0.6241
9929,Diogo José Teixeira da Silva,Winger,3233,Raheem Sterling,0.4487
9929,Diogo José Teixeira da Silva,Winger,2941,Ismaïla Sarr,0.4302
9929,Diogo José Teixeira da Silva,Winger,15582,Donyell Malen,0.4187
10577,Jacinto Muondo Dala,Winger,3531,Mohamed Salah,0.6501
10577,Jacinto Muondo Dala,Winger,18395,Vinícius José Paixão de Oliveira Júnior,0.4961
10577,Jacinto Muondo Dala,Winger,20750,Cody Mathès Gakpo,0.4779
10577,Jacinto Muondo Dala,Winger,3083,Heung-Min Son,0.4675
10577,Jacinto Muondo Dala,Winger,3447,Ademola Lookman,0.4671
10595,Raphael Dias Belloli,Winger,5477,Ousmane Dembélé,0.5923
10595,Raphael Dias Belloli,Winger,8217,Kingsley Coman,0.5554
10595,Raphael Dias Belloli,Winger,4320,Neymar da Silva Santos Junior,0.5392
10595,Raphael Dias Belloli,Winger,116587,Arda Güler,0.4584
10595,Raphael Dias Belloli,Winger,23650,Jeremy Doku,0.4259
10598,Jovane Eduardo Borges Cabral,Winger,384888,Ray Kendry Páez Andrade,0.6011
10598,Jovane Eduardo Borges Cabral,Winger,151813,Kenan Yildiz,0.538
10598,Jovane Eduardo Borges Cabral,Winger,4375,Blaise Matuidi,0.4981
10598,Jovane Eduardo Borges Cabral,Winger,40211,Jeremy Leonel Sarmiento Morante,0.481
10598,Jovane Eduardo Borges Cabral,Winger,5620,Hee-Chan Hwang,0.4521
11252,Daniel James,Winger,134209,Barış Alper Yılmaz,0.657
11252,Daniel James,Winger,132711,Sekou Oumar Sylla,0.6432
11252,Daniel James,Winger,16335,Samuel Chimerenka Chukwueze,0.6133
11252,Daniel James,Winger,3551,Karl Brillant Toko Ekambi,0.5886
11252,Daniel James,Winger,36288,Facundo Pellistri Rebollo,0.5844
11603,Mario Pašalić,Winger,30423,Ibán Salvador Edu,0.5484
11603,Mario Pašalić,Winger,9411,Daichi Kamada,0.5094
11603,Mario Pašalić,Winger,28032,Ivan Schranz,0.4764
11603,Mario Pašalić,Winger,16472,Lukáš Masopust,0.4664
11603,Mario Pašalić,Winger,40211,Jeremy Leonel Sarmiento Morante,0.4601
12041,João Félix Sequeira,Winger,8830,Andriy Yarmolenko,0.697
12041,João Félix Sequeira,Winger,16532,Daniel Olmo Carvajal,0.6577
12041,João Félix Sequeira,Winger,3053,Leroy Sané,0.6095
12041,João Félix Sequeira,Winger,5548,Steven Zuber,0.5256
12041,João Félix Sequeira,Winger,7037,Lorenzo Insigne,0.499
15582,Donyell Malen,Winger,3009,Kylian Mbappé Lottin,0.6302
15582,Donyell Malen,Winger,3083,Heung-Min Son,0.5933
15582,Donyell Malen,Winger,6399,Gareth Frank Bale,0.5036
15582,Donyell Malen,Winger,3233,Raheem Sterling,0.4967
15582,Donyell Malen,Winger,12041,João Félix Sequeira,0.4872
16335,Samuel Chimerenka Chukwueze,Winger,11252,Daniel James,0.6133
16335,Samuel Chimerenka Chukwueze,Winger,18163,Moses Daddy-Ajala Simon,0.5832
16335,Samuel Chimerenka Chukwueze,Winger,65727,Thapelo James Morena,0.5366
16335,Samuel Chimerenka Chukwueze,Winger,4447,Martin Braithwaite Christensen,0.4926
16335,Samuel Chimerenka Chukwueze,Winger,134209,Barış Alper Yılmaz,0.4895
16472,Lukáš Masopust,Winger,8506,Konrad Laimer,0.7149
16472,Lukáš Masopust,Winger,4375,Blaise Matuidi,0.5989
16472,Lukáš Masopust,Winger,30423,Ibán Salvador Edu,0.5457
16472,Lukáš Masopust,Winger,5628,José Luis Rodríguez Francis,0.5306
16472,Lukáš Masopust,Winger,5182,Aleksandr Samedov,0.5231
16532,Daniel Olmo Carvajal,Winger,12041,João Félix Sequeira,0.6577
16532,Daniel Olmo Carvajal,Winger,316046,Lamine Yamal Nasraoui Ebana,0.6394
16532,Daniel Olmo Carvajal,Winger,4320,Neymar da Silva Santos Junior,0.6289
16532,Daniel Olmo Carvajal,Winger,3533,Xherdan Shaqiri,0.5492
16532,Daniel Olmo Carvajal,Winger,7037,Lorenzo Insigne,0.5098
16557,Ruslan Malinovskiy,Winger,7037,Lorenzo Insigne,0.5295
16557,Ruslan Malinovskiy,Winger,316046,Lamine Yamal Nasraoui Ebana,0.4979
16557,Ruslan Malinovskiy,Winger,16532,Daniel Olmo Carvajal,0.4966
16557,Ruslan Malinovskiy,Winger,7131,Domenico Berardi,0.454
16557,Ruslan Malinovskiy,Winger,5480,Corentin Tolisso,0.3803
16559,Leandro Trossard,Winger,5480,Corentin Tolisso,0.6998
16559,Leandro Trossard,Winger,28914,Lovro Majer,0.6504
16559,Leandro Trossard,Winger,22084,Bukayo Saka,0.53
16559,Leandro Trossard,Winger,4354,Philip Foden,0.5112
16559,Leandro Trossard,Winger,3472,Willian Borges da Silva,0.5002
18163,Moses Daddy-Ajala Simon,Winger,26152,Jacob Shaffelburg,0.624
18163,Moses Daddy-Ajala Simon,Winger,16335,Samuel Chimerenka Chukwueze,0.5832
18163,Moses Daddy-Ajala Simon,Winger,132711,Sekou Oumar Sylla,0.5216
18163,Moses Daddy-Ajala Simon,Winger,134209,Barış Alper Yılmaz,0.509
18163,Moses Daddy-Ajala Simon,Winger,11252,Daniel James,0.5087
18360,Rafael Alexandre Conceição Leão,Winger,68574,Nicholas Williams Arthuer,0.5667
18360,Rafael Alexandre Conceição Leão,Winger,5477,Ousmane Dembélé,0.5561
18360,Rafael Alexandre Conceição Leão,Winger,23650,Jeremy Doku,0.5514
18360,Rafael Alexandre Conceição Leão,Winger,18395,Vinícius José Paixão de Oliveira Júnior,0.5344
18360,Rafael Alexandre Conceição Leão,Winger,3472,Willian Borges da Silva,0.4946
18395,Vinícius José Paixão de Oliveira Júnior,Winger,8246,Christian Pulisic,0.6811
18395,Vinícius José Paixão de Oliveira Júnior,Winger,3009,Kylian Mbappé Lottin,0.5828
18395,Vinícius José Paixão de Oliveira Júnior,Winger,23650,Jeremy Doku,0.5732
18395,Vinícius José Paixão de Oliveira Júnior,Winger,4320,Neymar da Silva Santos Junior,0.5606
18395,Vinícius José Paixão de Oliveira Júnior,Winger,68574,Nicholas Williams Arthuer,0.5479
20750,Cody Mathès Gakpo,Winger,5474,Ivan Perišić,0.625
20750,Cody Mathès Gakpo,Winger,7975,Lukáš Haraslín,0.5918
20750,Cody Mathès Gakpo,Winger,26152,Jacob Shaffelburg,0.5202
20750,Cody Mathès Gakpo,Winger,10577,Jacinto Muondo Dala,0.4779
20750,Cody Mathès Gakpo,Winger,28032,Ivan Schranz,0.4712
22084,Bukayo Saka,Winger,28914,Lovro Majer,0.54
22084,Bukayo Saka,Winger,16559,Leandro Trossard,0.53
22084,Bukayo Saka,Winger,18360,Rafael Alexandre Conceição Leão,0.4437
22084,Bukayo Saka,Winger,40485,Ryan Isaac Mendes da Graça,0.3867
22084,Bukayo Saka,Winger,11603,Mario Pašalić,0.3132
23363,Liam Millar,Winger,9411,Daichi Kamada,0.7343
23363,Liam Millar,Winger,132711,Sekou Oumar Sylla,0.6224
23363,Liam Millar,Winger,5536,Yussuf Yurary Poulsen,0.543
23363,Liam Millar,Winger,134209,Barış Alper Yılmaz,0.5346
23363,Liam Millar,Winger,4447,Martin Braithwaite Christensen,0.5232
23650,Jeremy Doku,Winger,8217,Kingsley Coman,0.7956
23650,Jeremy Doku,Winger,68574,Nicholas Williams Arthuer,0.7249
23650,Jeremy Doku,Winger,39565,Jamal Musiala,0.6894
23650,Jeremy Doku,Winger,5477,Ousmane Dembélé,0.6368
23650,Jeremy Doku,Winger,4320,Neymar da Silva Santos Junior,0.5856
23910,Youssef Msakni,Winger,7294,Yoane Wissa,0.4829
23910,Youssef Msakni,Winger,3083,Heung-Min Son,0.4205
23910,Youssef Msakni,Winger,7131,Domenico Berardi,0.3926
23910,Youssef Msakni,Winger,4447,Martin Braithwaite Christensen,0.3029
23910,Youssef Msakni,Winger,5465,Ante Rebić,0.2955
24443,Mikkel Damsgaard,Winger,5237,Hakim Ziyech,0.7062
24443,Mikkel Damsgaard,Winger,5480,Corentin Tolisso,0.5255
24443,Mikkel Damsgaard,Winger,5628,José Luis Rodríguez Francis,0.5135
24443,Mikkel Damsgaard,Winger,4375,Blaise Matuidi,0.498
24443,Mikkel Damsgaard,Winger,5687,Takashi Inui,0.4902
26152,Jacob Shaffelburg,Winger,3447,Ademola Lookman,0.688
26152,Jacob Shaffelburg,Winger,5465,Ante Rebić,0.6339
26152,Jacob Shaffelburg,Winger,18163,Moses Daddy-Ajala Simon,0.624
26152,Jacob Shaffelburg,Winger,35684,Meschak Elia,0.612
26152,Jacob Shaffelburg,Winger,11252,Daniel James,0.5492
28032,Ivan Schranz,Winger,35492,Maximiliano Javier Araújo Vilches,0.6946
28032,Ivan Schranz,Winger,3441,Nikola Vlašić,0.5277
28032,Ivan Schranz,Winger,4447,Martin Braithwaite Christensen,0.5184
28032,Ivan Schranz,Winger,132711,Sekou Oumar Sylla,0.5125
28032,Ivan Schranz,Winger,134209,Barış Alper Yılmaz,0.4912
28914,Lovro Majer,Winger,16559,Leandro Trossard,0.6504
28914,Lovro Majer,Winger,5480,Corentin Tolisso,0.5703
28914,Lovro Majer,Winger,22084,Bukayo Saka,0.54
28914,Lovro Majer,Winger,116587,Arda Güler,0.5386
28914,Lovro Majer,Winger,3064,David Josué Jiménez Silva,0.5242
29367,Percy Tau,Winger,9929,Diogo José Teixeira da Silva,0.6458
29367,Percy Tau,Winger,9411,Daichi Kamada,0.6401
29367,Percy Tau,Winger,4354,Philip Foden,0.4167
29367,Percy Tau,Winger,3441,Nikola Vlašić,0.4147
29367,Percy Tau,Winger,23363,Liam Millar,0.4066
30423,Ibán Salvador Edu,Winger,36288,Facundo Pellistri Rebollo,0.7883
30423,Ibán Salvador Edu,Winger,5536,Yussuf Yurary Poulsen,0.7008
30423,Ibán Salvador Edu,Winger,132711,Sekou Oumar Sylla,0.665
30423,Ibán Salvador Edu,Winger,40211,Jeremy Leonel Sarmiento Morante,0.6046
30423,Ibán Salvador Edu,Winger,8506,Konrad Laimer,0.571
35492,Maximiliano Javier Araújo Vilches,Winger,132711,Sekou Oumar Sylla,0.716
35492,Maximiliano Javier Araújo Vilches,Winger,28032,Ivan Schranz,0.6946
35492,Maximiliano Javier Araújo Vilches,Winger,2941,Ismaïla Sarr,0.6653
35492,Maximiliano Javier Araújo Vilches,Winger,65727,Thapelo James Morena,0.6552
35492,Maximiliano Javier Araújo Vilches,Winger,134209,Barış Alper Yılmaz,0.6
35684,Meschak Elia,Winger,26152,Jacob Shaffelburg,0.612
35684,Meschak Elia,Winger,8246,Christian Pulisic,0.4954
35684,Meschak Elia,Winger,3639,Georges-Kévin Nkoudou Mbida,0.4698
35684,Meschak Elia,Winger,3447,Ademola Lookman,0.4447
35684,Meschak Elia,Winger,18163,Moses Daddy-Ajala Simon,0.4377
36288,Facundo Pellistri Rebollo,Winger,30423,Ibán Salvador Edu,0.7883
36288,Facundo Pellistri Rebollo,Winger,132711,Sekou Oumar Sylla,0.7674
36288,Facundo Pellistri Rebollo,Winger,11252,Daniel James,0.5844
36288,Facundo Pellistri Rebollo,Winger,134209,Barış Alper Yılmaz,0.5805
36288,Facundo Pellistri Rebollo,Winger,35492,Maximiliano Javier Araújo Vilches,0.5787
39565,Jamal Musiala,Winger,23650,Jeremy Doku,0.6894
39565,Jamal Musiala,Winger,68574,Nicholas Williams Arthuer,0.6599
39565,Jamal Musiala,Winger,4320,Neymar da Silva Santos Junior,0.6591
39565,Jamal Musiala,Winger,8217,Kingsley Coman,0.6045
39565,Jamal Musiala,Winger,28914,Lovro Majer,0.4887
40211,Jeremy Leonel Sarmiento Morante,Winger,5620,Hee-Chan Hwang,0.6069
40211,Jeremy Leonel Sarmiento Morante,Winger,30423,Ibán Salvador Edu,0.6046
40211,Jeremy Leonel Sarmiento Morante,Winger,36288,Facundo Pellistri Rebollo,0.5588
40211,Jeremy Leonel Sarmiento Morante,Winger,384888,Ray Kendry Páez Andrade,0.5425
40211,Jeremy Leonel Sarmiento Morante,Winger,10598,Jovane Eduardo Borges Cabral,0.481
40485,Ryan Isaac Mendes da Graça,Winger,4416,Max-Alain Gradel,0.5219
40485,Ryan Isaac Mendes da Graça,Winger,22084,Bukayo Saka,0.3867
40485,Ryan Isaac Mendes da Graça,Winger,7975,Lukáš Haraslín,0.3754
40485,Ryan Isaac Mendes da Graça,Winger,20750,Cody Mathès Gakpo,0.3734
40485,Ryan Isaac Mendes da Graça,Winger,40211,Jeremy Leonel Sarmiento Morante,0.3711
65727,Thapelo James Morena,Winger,132711,Sekou Oumar Sylla,0.7249
65727,Thapelo James Morena,Winger,35492,Maximiliano Javier Araújo Vilches,0.6552
65727,Thapelo James Morena,Winger,4447,Martin Braithwaite Christensen,0.6454
65727,Thapelo James Morena,Winger,5628,José Luis Rodríguez Francis,0.5849
65727,Thapelo James Morena,Winger,36288,Facundo Pellistri Rebollo,0.5615
68574,Nicholas Williams Arthuer,Winger,3472,Willian Borges da Silva,0.757
68574,Nicholas Williams Arthuer,Winger,23650,Jeremy Doku,0.7249
68574,Nicholas Williams Arthuer,Winger,5477,Ousmane Dembélé,0.6701
68574,Nicholas Williams Arthuer,Winger,39565,Jamal Musiala,0.6599
68574,Nicholas Williams Arthuer,Winger,8217,Kingsley Coman,0.6233
116587,Arda Güler,Winger,316046,Lamine Yamal Nasraoui Ebana,0.6915
116587,Arda Güler,Winger,5548,Steven Zuber,0.5697
116587,Arda Güler,Winger,28914,Lovro Majer,0.5386
116587,Arda Güler,Winger,16532,Daniel Olmo Carvajal,0.5092
116587,Arda Güler,Winger,5477,Ousmane Dembélé,0.5067
132711,Sekou Oumar Sylla,Winger,36288,Facundo Pellistri Rebollo,0.7674
132711,Sekou Oumar Sylla,Winger,134209,Barış Alper Yılmaz,0.7546
132711,Sekou Oumar Sylla,Winger,4447,Martin Braithwaite Christensen,0.732
132711,Sekou Oumar Sylla,Winger,65727,Thapelo James Morena,0.7249
132711,Sekou Oumar Sylla,Winger,35492,Maximiliano Javier Araújo Vilches,0.716
134209,Barış Alper Yılmaz,Winger,132711,Sekou Oumar Sylla,0.7546
134209,Barış Alper Yılmaz,Winger,4447,Martin Braithwaite Christensen,0.6602
134209,Barış Alper Yılmaz,Winger,11252,Daniel James,0.657
134209,Barış Alper Yılmaz,Winger,2941,Ismaïla Sarr,0.6303
134209,Barış Alper Yılmaz,Winger,35492,Maximiliano Javier Araújo Vilches,0.6
151813,Kenan Yildiz,Winger,3233,Raheem Sterling,0.664
151813,Kenan Yildiz,Winger,9411,Daichi Kamada,0.588
151813,Kenan Yildiz,Winger,4447,Martin Braithwaite Christensen,0.5454
151813,Kenan Yildiz,Winger,10598,Jovane Eduardo Borges Cabral,0.538
151813,Kenan Yildiz,Winger,5628,José Luis Rodríguez Francis,0.4381
316046,Lamine Yamal Nasraoui Ebana,Winger,116587,Arda Güler,0.6915
316046,Lamine Yamal Nasraoui Ebana,Winger,16532,Daniel Olmo Carvajal,0.6394
316046,Lamine Yamal Nasraoui Ebana,Winger,5548,Steven Zuber,0.5487
316046,Lamine Yamal Nasraoui Ebana,Winger,4320,Neymar da Silva Santos Junior,0.5258
316046,Lamine Yamal Nasraoui Ebana,Winger,8246,Christian Pulisic,0.5098
384888,Ray Kendry Páez Andrade,Winger,5620,Hee-Chan Hwang,0.7033
384888,Ray Kendry Páez Andrade,Winger,10598,Jovane Eduardo Borges Cabral,0.6011
384888,Ray Kendry Páez Andrade,Winger,40211,Jeremy Leonel Sarmiento Morante,0.5425
384888,Ray Kendry Páez Andrade,Winger,4375,Blaise Matuidi,0.5043
384888,Ray Kendry Páez Andrade,Winger,30423,Ibán Salvador Edu,0.498
